function,model,acf,param,n_rep,seed,status,num_iter,path,tag
branin_hetero,separate_gp,lcb,,3,1,ok,50,/data/zhq7531/IDEAL/hetero_lvgp/benchmark/results/branin_hetero/separate_gp/lcb/nrep03/seed01.npz,branin_hetero/separate_gp/lcb/nrep03/seed01
branin_hetero,separate_gp,lcb,,3,2,ok,50,/data/zhq7531/IDEAL/hetero_lvgp/benchmark/results/branin_hetero/separate_gp/lcb/nrep03/seed02.npz,branin_hetero/separate_gp/lcb/nrep03/seed02
branin_hetero,separate_gp,lcb,,3,3,ok,50,/data/zhq7531/IDEAL/hetero_lvgp/benchmark/results/branin_hetero/separate_gp/lcb/nrep03/seed03.npz,branin_hetero/separate_gp/lcb/nrep03/seed03
branin_hetero,separate_gp,lcb,,3,4,ok,50,/data/zhq7531/IDEAL/hetero_lvgp/benchmark/results/branin_hetero/separate_gp/lcb/nrep03/seed04.npz,branin_hetero/separate_gp/lcb/nrep03/seed04
branin_hetero,separate_gp,lcb,,3,5,ok,50,/data/zhq7531/IDEAL/hetero_lvgp/benchmark/results/branin_hetero/separate_gp/lcb/nrep03/seed05.npz,branin_hetero/separate_gp/lcb/nrep03/seed05
branin_hetero,separate_gp,lcb,,3,6,ok,50,/data/zhq7531/IDEAL/hetero_lvgp/benchmark/results/branin_hetero/separate_gp/lcb/nrep03/seed06.npz,branin_hetero/separate_gp/lcb/nrep03/seed06
branin_hetero,separate_gp,lcb,,3,7,ok,50,/data/zhq7531/IDEAL/hetero_lvgp/benchmark/results/branin_hetero/separate_gp/lcb/nrep03/seed07.npz,branin_hetero/separate_gp/lcb/nrep03/seed07
branin_hetero,separate_gp,lcb,,3,8,ok,50,/data/zhq7531/IDEAL/hetero_lvgp/benchmark/results/branin_hetero/separate_gp/lcb/nrep03/seed08.npz,branin_hetero/separate_gp/lcb/nrep03/seed08
branin_hetero,separate_gp,lcb,,3,9,ok,50,/data/zhq7531/IDEAL/hetero_lvgp/benchmark/results/branin_hetero/separate_gp/lcb/nrep03/seed09.npz,branin_hetero/separate_gp/lcb/nrep03/seed09
branin_hetero,separate_gp,lcb,,3,10,ok,50,/data/zhq7531/IDEAL/hetero_lvgp/benchmark/results/branin_hetero/separate_gp/lcb/nrep03/seed10.npz,branin_hetero/separate_gp/lcb/nrep03/seed10
branin_hetero,separate_gp,lcb,,3,11,ok,50,/data/zhq7531/IDEAL/hetero_lvgp/benchmark/results/branin_hetero/separate_gp/lcb/nrep03/seed11.npz,branin_hetero/separate_gp/lcb/nrep03/seed11
branin_hetero,separate_gp,lcb,,3,12,ok,50,/data/zhq7531/IDEAL/hetero_lvgp/benchmark/results/branin_hetero/separate_gp/lcb/nrep03/seed12.npz,branin_hetero/separate_gp/lcb/nrep03/seed12
branin_hetero,separate_gp,lcb,,3,13,ok,50,/data/zhq7531/IDEAL/hetero_lvgp/benchmark/results/branin_hetero/separate_gp/lcb/nrep03/seed13.npz,branin_hetero/separate_gp/lcb/nrep03/seed13
branin_hetero,separate_gp,lcb,,3,14,ok,50,/data/zhq7531/IDEAL/hetero_lvgp/benchmark/results/branin_hetero/separate_gp/lcb/nrep03/seed14.npz,branin_hetero/separate_gp/lcb/nrep03/seed14
branin_hetero,separate_gp,lcb,,3,15,ok,50,/data/zhq7531/IDEAL/hetero_lvgp/benchmark/results/branin_hetero/separate_gp/lcb/nrep03/seed15.npz,branin_hetero/separate_gp/lcb/nrep03/seed15
branin_hetero,separate_gp,lcb,,3,16,ok,50,/data/zhq7531/IDEAL/hetero_lvgp/benchmark/results/branin_hetero/separate_gp/lcb/nrep03/seed16.npz,branin_hetero/separate_gp/lcb/nrep03/seed16
branin_hetero,separate_gp,lcb,,3,17,ok,50,/data/zhq7531/IDEAL/hetero_lvgp/benchmark/results/branin_hetero/separate_gp/lcb/nrep03/seed17.npz,branin_hetero/separate_gp/lcb/nrep03/seed17
branin_hetero,separate_gp,lcb,,3,18,ok,50,/data/zhq7531/IDEAL/hetero_lvgp/benchmark/results/branin_hetero/separate_gp/lcb/nrep03/seed18.npz,branin_hetero/separate_gp/lcb/nrep03/seed18
branin_hetero,separate_gp,lcb,,3,19,ok,50,/data/zhq7531/IDEAL/hetero_lvgp/benchmark/results/branin_hetero/separate_gp/lcb/nrep03/seed19.npz,branin_hetero/separate_gp/lcb/nrep03/seed19
branin_hetero,separate_gp,lcb,,3,20,ok,50,/data/zhq7531/IDEAL/hetero_lvgp/benchmark/results/branin_hetero/separate_gp/lcb/nrep03/seed20.npz,branin_hetero/separate_gp/lcb/nrep03/seed20
branin_hetero,separate_gp,lcb,,3,21,ok,50,/data/zhq7531/IDEAL/hetero_lvgp/benchmark/results/branin_hetero/separate_gp/lcb/nrep03/seed21.npz,branin_hetero/separate_gp/lcb/nrep03/seed21
branin_hetero,separate_gp,lcb,,3,22,ok,50,/data/zhq7531/IDEAL/hetero_lvgp/benchmark/results/branin_hetero/separate_gp/lcb/nrep03/seed22.npz,branin_hetero/separate_gp/lcb/nrep03/seed22
branin_hetero,separate_gp,lcb,,3,23,ok,50,/data/zhq7531/IDEAL/hetero_lvgp/benchmark/results/branin_hetero/separate_gp/lcb/nrep03/seed23.npz,branin_hetero/separate_gp/lcb/nrep03/seed23
branin_hetero,separate_gp,lcb,,3,24,ok,50,/data/zhq7531/IDEAL/hetero_lvgp/benchmark/results/branin_hetero/separate_gp/lcb/nrep03/seed24.npz,branin_hetero/separate_gp/lcb/nrep03/seed24
branin_hetero,separate_gp,lcb,,3,25,ok,50,/data/zhq7531/IDEAL/hetero_lvgp/benchmark/results/branin_hetero/separate_gp/lcb/nrep03/seed25.npz,branin_hetero/separate_gp/lcb/nrep03/seed25
branin_hetero,separate_gp,lcb,,3,26,ok,50,/data/zhq7531/IDEAL/hetero_lvgp/benchmark/results/branin_hetero/separate_gp/lcb/nrep03/seed26.npz,branin_hetero/separate_gp/lcb/nrep03/seed26
branin_hetero,separate_gp,lcb,,3,27,ok,50,/data/zhq7531/IDEAL/hetero_lvgp/benchmark/results/branin_hetero/separate_gp/lcb/nrep03/seed27.npz,branin_hetero/separate_gp/lcb/nrep03/seed27
branin_hetero,separate_gp,lcb,,3,28,ok,50,/data/zhq7531/IDEAL/hetero_lvgp/benchmark/results/branin_hetero/separate_gp/lcb/nrep03/seed28.npz,branin_hetero/separate_gp/lcb/nrep03/seed28
branin_hetero,separate_gp,lcb,,3,29,ok,50,/data/zhq7531/IDEAL/hetero_lvgp/benchmark/results/branin_hetero/separate_gp/lcb/nrep03/seed29.npz,branin_hetero/separate_gp/lcb/nrep03/seed29
branin_hetero,separate_gp,lcb,,3,30,ok,50,/data/zhq7531/IDEAL/hetero_lvgp/benchmark/results/branin_hetero/separate_gp/lcb/nrep03/seed30.npz,branin_hetero/separate_gp/lcb/nrep03/seed30
branin_hetero,separate_gp,lcb,,10,1,ok,50,/data/zhq7531/IDEAL/hetero_lvgp/benchmark/results/branin_hetero/separate_gp/lcb/nrep10/seed01.npz,branin_hetero/separate_gp/lcb/nrep10/seed01
branin_hetero,separate_gp,lcb,,10,2,ok,50,/data/zhq7531/IDEAL/hetero_lvgp/benchmark/results/branin_hetero/separate_gp/lcb/nrep10/seed02.npz,branin_hetero/separate_gp/lcb/nrep10/seed02
branin_hetero,separate_gp,lcb,,10,3,ok,50,/data/zhq7531/IDEAL/hetero_lvgp/benchmark/results/branin_hetero/separate_gp/lcb/nrep10/seed03.npz,branin_hetero/separate_gp/lcb/nrep10/seed03
branin_hetero,separate_gp,lcb,,10,4,ok,50,/data/zhq7531/IDEAL/hetero_lvgp/benchmark/results/branin_hetero/separate_gp/lcb/nrep10/seed04.npz,branin_hetero/separate_gp/lcb/nrep10/seed04
branin_hetero,separate_gp,lcb,,10,5,ok,50,/data/zhq7531/IDEAL/hetero_lvgp/benchmark/results/branin_hetero/separate_gp/lcb/nrep10/seed05.npz,branin_hetero/separate_gp/lcb/nrep10/seed05
branin_hetero,separate_gp,lcb,,10,6,ok,50,/data/zhq7531/IDEAL/hetero_lvgp/benchmark/results/branin_hetero/separate_gp/lcb/nrep10/seed06.npz,branin_hetero/separate_gp/lcb/nrep10/seed06
branin_hetero,separate_gp,lcb,,10,7,ok,50,/data/zhq7531/IDEAL/hetero_lvgp/benchmark/results/branin_hetero/separate_gp/lcb/nrep10/seed07.npz,branin_hetero/separate_gp/lcb/nrep10/seed07
branin_hetero,separate_gp,lcb,,10,8,ok,50,/data/zhq7531/IDEAL/hetero_lvgp/benchmark/results/branin_hetero/separate_gp/lcb/nrep10/seed08.npz,branin_hetero/separate_gp/lcb/nrep10/seed08
branin_hetero,separate_gp,lcb,,10,9,ok,50,/data/zhq7531/IDEAL/hetero_lvgp/benchmark/results/branin_hetero/separate_gp/lcb/nrep10/seed09.npz,branin_hetero/separate_gp/lcb/nrep10/seed09
branin_hetero,separate_gp,lcb,,10,10,ok,50,/data/zhq7531/IDEAL/hetero_lvgp/benchmark/results/branin_hetero/separate_gp/lcb/nrep10/seed10.npz,branin_hetero/separate_gp/lcb/nrep10/seed10
branin_hetero,separate_gp,lcb,,10,11,ok,50,/data/zhq7531/IDEAL/hetero_lvgp/benchmark/results/branin_hetero/separate_gp/lcb/nrep10/seed11.npz,branin_hetero/separate_gp/lcb/nrep10/seed11
branin_hetero,separate_gp,lcb,,10,12,ok,50,/data/zhq7531/IDEAL/hetero_lvgp/benchmark/results/branin_hetero/separate_gp/lcb/nrep10/seed12.npz,branin_hetero/separate_gp/lcb/nrep10/seed12
branin_hetero,separate_gp,lcb,,10,13,ok,50,/data/zhq7531/IDEAL/hetero_lvgp/benchmark/results/branin_hetero/separate_gp/lcb/nrep10/seed13.npz,branin_hetero/separate_gp/lcb/nrep10/seed13
branin_hetero,separate_gp,lcb,,10,14,ok,50,/data/zhq7531/IDEAL/hetero_lvgp/benchmark/results/branin_hetero/separate_gp/lcb/nrep10/seed14.npz,branin_hetero/separate_gp/lcb/nrep10/seed14
branin_hetero,separate_gp,lcb,,10,15,ok,50,/data/zhq7531/IDEAL/hetero_lvgp/benchmark/results/branin_hetero/separate_gp/lcb/nrep10/seed15.npz,branin_hetero/separate_gp/lcb/nrep10/seed15
branin_hetero,separate_gp,lcb,,10,16,ok,50,/data/zhq7531/IDEAL/hetero_lvgp/benchmark/results/branin_hetero/separate_gp/lcb/nrep10/seed16.npz,branin_hetero/separate_gp/lcb/nrep10/seed16
branin_hetero,separate_gp,lcb,,10,17,ok,50,/data/zhq7531/IDEAL/hetero_lvgp/benchmark/results/branin_hetero/separate_gp/lcb/nrep10/seed17.npz,branin_hetero/separate_gp/lcb/nrep10/seed17
branin_hetero,separate_gp,lcb,,10,18,ok,50,/data/zhq7531/IDEAL/hetero_lvgp/benchmark/results/branin_hetero/separate_gp/lcb/nrep10/seed18.npz,branin_hetero/separate_gp/lcb/nrep10/seed18
branin_hetero,separate_gp,lcb,,10,19,ok,50,/data/zhq7531/IDEAL/hetero_lvgp/benchmark/results/branin_hetero/separate_gp/lcb/nrep10/seed19.npz,branin_hetero/separate_gp/lcb/nrep10/seed19
branin_hetero,separate_gp,lcb,,10,20,ok,50,/data/zhq7531/IDEAL/hetero_lvgp/benchmark/results/branin_hetero/separate_gp/lcb/nrep10/seed20.npz,branin_hetero/separate_gp/lcb/nrep10/seed20
branin_hetero,separate_gp,lcb,,10,21,ok,50,/data/zhq7531/IDEAL/hetero_lvgp/benchmark/results/branin_hetero/separate_gp/lcb/nrep10/seed21.npz,branin_hetero/separate_gp/lcb/nrep10/seed21
branin_hetero,separate_gp,lcb,,10,22,ok,50,/data/zhq7531/IDEAL/hetero_lvgp/benchmark/results/branin_hetero/separate_gp/lcb/nrep10/seed22.npz,branin_hetero/separate_gp/lcb/nrep10/seed22
branin_hetero,separate_gp,lcb,,10,23,ok,50,/data/zhq7531/IDEAL/hetero_lvgp/benchmark/results/branin_hetero/separate_gp/lcb/nrep10/seed23.npz,branin_hetero/separate_gp/lcb/nrep10/seed23
branin_hetero,separate_gp,lcb,,10,24,ok,50,/data/zhq7531/IDEAL/hetero_lvgp/benchmark/results/branin_hetero/separate_gp/lcb/nrep10/seed24.npz,branin_hetero/separate_gp/lcb/nrep10/seed24
branin_hetero,separate_gp,lcb,,10,25,ok,50,/data/zhq7531/IDEAL/hetero_lvgp/benchmark/results/branin_hetero/separate_gp/lcb/nrep10/seed25.npz,branin_hetero/separate_gp/lcb/nrep10/seed25
branin_hetero,separate_gp,lcb,,10,26,ok,50,/data/zhq7531/IDEAL/hetero_lvgp/benchmark/results/branin_hetero/separate_gp/lcb/nrep10/seed26.npz,branin_hetero/separate_gp/lcb/nrep10/seed26
branin_hetero,separate_gp,lcb,,10,27,ok,50,/data/zhq7531/IDEAL/hetero_lvgp/benchmark/results/branin_hetero/separate_gp/lcb/nrep10/seed27.npz,branin_hetero/separate_gp/lcb/nrep10/seed27
branin_hetero,separate_gp,lcb,,10,28,ok,50,/data/zhq7531/IDEAL/hetero_lvgp/benchmark/results/branin_hetero/separate_gp/lcb/nrep10/seed28.npz,branin_hetero/separate_gp/lcb/nrep10/seed28
branin_hetero,separate_gp,lcb,,10,29,ok,50,/data/zhq7531/IDEAL/hetero_lvgp/benchmark/results/branin_hetero/separate_gp/lcb/nrep10/seed29.npz,branin_hetero/separate_gp/lcb/nrep10/seed29
branin_hetero,separate_gp,lcb,,10,30,ok,50,/data/zhq7531/IDEAL/hetero_lvgp/benchmark/results/branin_hetero/separate_gp/lcb/nrep10/seed30.npz,branin_hetero/separate_gp/lcb/nrep10/seed30
branin_hetero,separate_gp,pi,,3,1,ok,50,/data/zhq7531/IDEAL/hetero_lvgp/benchmark/results/branin_hetero/separate_gp/pi/nrep03/seed01.npz,branin_hetero/separate_gp/pi/nrep03/seed01
branin_hetero,separate_gp,pi,,3,2,ok,50,/data/zhq7531/IDEAL/hetero_lvgp/benchmark/results/branin_hetero/separate_gp/pi/nrep03/seed02.npz,branin_hetero/separate_gp/pi/nrep03/seed02
branin_hetero,separate_gp,pi,,3,3,ok,50,/data/zhq7531/IDEAL/hetero_lvgp/benchmark/results/branin_hetero/separate_gp/pi/nrep03/seed03.npz,branin_hetero/separate_gp/pi/nrep03/seed03
branin_hetero,separate_gp,pi,,3,4,ok,50,/data/zhq7531/IDEAL/hetero_lvgp/benchmark/results/branin_hetero/separate_gp/pi/nrep03/seed04.npz,branin_hetero/separate_gp/pi/nrep03/seed04
branin_hetero,separate_gp,pi,,3,5,ok,50,/data/zhq7531/IDEAL/hetero_lvgp/benchmark/results/branin_hetero/separate_gp/pi/nrep03/seed05.npz,branin_hetero/separate_gp/pi/nrep03/seed05
branin_hetero,separate_gp,pi,,3,6,ok,50,/data/zhq7531/IDEAL/hetero_lvgp/benchmark/results/branin_hetero/separate_gp/pi/nrep03/seed06.npz,branin_hetero/separate_gp/pi/nrep03/seed06
branin_hetero,separate_gp,pi,,3,7,ok,50,/data/zhq7531/IDEAL/hetero_lvgp/benchmark/results/branin_hetero/separate_gp/pi/nrep03/seed07.npz,branin_hetero/separate_gp/pi/nrep03/seed07
branin_hetero,separate_gp,pi,,3,8,ok,50,/data/zhq7531/IDEAL/hetero_lvgp/benchmark/results/branin_hetero/separate_gp/pi/nrep03/seed08.npz,branin_hetero/separate_gp/pi/nrep03/seed08
branin_hetero,separate_gp,pi,,3,9,ok,50,/data/zhq7531/IDEAL/hetero_lvgp/benchmark/results/branin_hetero/separate_gp/pi/nrep03/seed09.npz,branin_hetero/separate_gp/pi/nrep03/seed09
branin_hetero,separate_gp,pi,,3,10,ok,50,/data/zhq7531/IDEAL/hetero_lvgp/benchmark/results/branin_hetero/separate_gp/pi/nrep03/seed10.npz,branin_hetero/separate_gp/pi/nrep03/seed10
branin_hetero,separate_gp,pi,,3,11,ok,50,/data/zhq7531/IDEAL/hetero_lvgp/benchmark/results/branin_hetero/separate_gp/pi/nrep03/seed11.npz,branin_hetero/separate_gp/pi/nrep03/seed11
branin_hetero,separate_gp,pi,,3,12,ok,50,/data/zhq7531/IDEAL/hetero_lvgp/benchmark/results/branin_hetero/separate_gp/pi/nrep03/seed12.npz,branin_hetero/separate_gp/pi/nrep03/seed12
branin_hetero,separate_gp,pi,,3,13,ok,50,/data/zhq7531/IDEAL/hetero_lvgp/benchmark/results/branin_hetero/separate_gp/pi/nrep03/seed13.npz,branin_hetero/separate_gp/pi/nrep03/seed13
branin_hetero,separate_gp,pi,,3,14,ok,50,/data/zhq7531/IDEAL/hetero_lvgp/benchmark/results/branin_hetero/separate_gp/pi/nrep03/seed14.npz,branin_hetero/separate_gp/pi/nrep03/seed14
branin_hetero,separate_gp,pi,,3,15,ok,50,/data/zhq7531/IDEAL/hetero_lvgp/benchmark/results/branin_hetero/separate_gp/pi/nrep03/seed15.npz,branin_hetero/separate_gp/pi/nrep03/seed15
branin_hetero,separate_gp,pi,,3,16,ok,50,/data/zhq7531/IDEAL/hetero_lvgp/benchmark/results/branin_hetero/separate_gp/pi/nrep03/seed16.npz,branin_hetero/separate_gp/pi/nrep03/seed16
branin_hetero,separate_gp,pi,,3,17,ok,50,/data/zhq7531/IDEAL/hetero_lvgp/benchmark/results/branin_hetero/separate_gp/pi/nrep03/seed17.npz,branin_hetero/separate_gp/pi/nrep03/seed17
branin_hetero,separate_gp,pi,,3,18,ok,50,/data/zhq7531/IDEAL/hetero_lvgp/benchmark/results/branin_hetero/separate_gp/pi/nrep03/seed18.npz,branin_hetero/separate_gp/pi/nrep03/seed18
branin_hetero,separate_gp,pi,,3,19,ok,50,/data/zhq7531/IDEAL/hetero_lvgp/benchmark/results/branin_hetero/separate_gp/pi/nrep03/seed19.npz,branin_hetero/separate_gp/pi/nrep03/seed19
branin_hetero,separate_gp,pi,,3,20,ok,50,/data/zhq7531/IDEAL/hetero_lvgp/benchmark/results/branin_hetero/separate_gp/pi/nrep03/seed20.npz,branin_hetero/separate_gp/pi/nrep03/seed20
branin_hetero,separate_gp,pi,,3,21,ok,50,/data/zhq7531/IDEAL/hetero_lvgp/benchmark/results/branin_hetero/separate_gp/pi/nrep03/seed21.npz,branin_hetero/separate_gp/pi/nrep03/seed21
branin_hetero,separate_gp,pi,,3,22,ok,50,/data/zhq7531/IDEAL/hetero_lvgp/benchmark/results/branin_hetero/separate_gp/pi/nrep03/seed22.npz,branin_hetero/separate_gp/pi/nrep03/seed22
branin_hetero,separate_gp,pi,,3,23,ok,50,/data/zhq7531/IDEAL/hetero_lvgp/benchmark/results/branin_hetero/separate_gp/pi/nrep03/seed23.npz,branin_hetero/separate_gp/pi/nrep03/seed23
branin_hetero,separate_gp,pi,,3,24,ok,50,/data/zhq7531/IDEAL/hetero_lvgp/benchmark/results/branin_hetero/separate_gp/pi/nrep03/seed24.npz,branin_hetero/separate_gp/pi/nrep03/seed24
branin_hetero,separate_gp,pi,,3,25,ok,50,/data/zhq7531/IDEAL/hetero_lvgp/benchmark/results/branin_hetero/separate_gp/pi/nrep03/seed25.npz,branin_hetero/separate_gp/pi/nrep03/seed25
branin_hetero,separate_gp,pi,,3,26,ok,50,/data/zhq7531/IDEAL/hetero_lvgp/benchmark/results/branin_hetero/separate_gp/pi/nrep03/seed26.npz,branin_hetero/separate_gp/pi/nrep03/seed26
branin_hetero,separate_gp,pi,,3,27,ok,50,/data/zhq7531/IDEAL/hetero_lvgp/benchmark/results/branin_hetero/separate_gp/pi/nrep03/seed27.npz,branin_hetero/separate_gp/pi/nrep03/seed27
branin_hetero,separate_gp,pi,,3,28,ok,50,/data/zhq7531/IDEAL/hetero_lvgp/benchmark/results/branin_hetero/separate_gp/pi/nrep03/seed28.npz,branin_hetero/separate_gp/pi/nrep03/seed28
branin_hetero,separate_gp,pi,,3,29,ok,50,/data/zhq7531/IDEAL/hetero_lvgp/benchmark/results/branin_hetero/separate_gp/pi/nrep03/seed29.npz,branin_hetero/separate_gp/pi/nrep03/seed29
branin_hetero,separate_gp,pi,,3,30,ok,50,/data/zhq7531/IDEAL/hetero_lvgp/benchmark/results/branin_hetero/separate_gp/pi/nrep03/seed30.npz,branin_hetero/separate_gp/pi/nrep03/seed30
branin_hetero,separate_gp,pi,,10,1,ok,50,/data/zhq7531/IDEAL/hetero_lvgp/benchmark/results/branin_hetero/separate_gp/pi/nrep10/seed01.npz,branin_hetero/separate_gp/pi/nrep10/seed01
branin_hetero,separate_gp,pi,,10,2,ok,50,/data/zhq7531/IDEAL/hetero_lvgp/benchmark/results/branin_hetero/separate_gp/pi/nrep10/seed02.npz,branin_hetero/separate_gp/pi/nrep10/seed02
branin_hetero,separate_gp,pi,,10,3,ok,50,/data/zhq7531/IDEAL/hetero_lvgp/benchmark/results/branin_hetero/separate_gp/pi/nrep10/seed03.npz,branin_hetero/separate_gp/pi/nrep10/seed03
branin_hetero,separate_gp,pi,,10,4,ok,50,/data/zhq7531/IDEAL/hetero_lvgp/benchmark/results/branin_hetero/separate_gp/pi/nrep10/seed04.npz,branin_hetero/separate_gp/pi/nrep10/seed04
branin_hetero,separate_gp,pi,,10,5,ok,50,/data/zhq7531/IDEAL/hetero_lvgp/benchmark/results/branin_hetero/separate_gp/pi/nrep10/seed05.npz,branin_hetero/separate_gp/pi/nrep10/seed05
branin_hetero,separate_gp,pi,,10,6,ok,50,/data/zhq7531/IDEAL/hetero_lvgp/benchmark/results/branin_hetero/separate_gp/pi/nrep10/seed06.npz,branin_hetero/separate_gp/pi/nrep10/seed06
branin_hetero,separate_gp,pi,,10,7,ok,50,/data/zhq7531/IDEAL/hetero_lvgp/benchmark/results/branin_hetero/separate_gp/pi/nrep10/seed07.npz,branin_hetero/separate_gp/pi/nrep10/seed07
branin_hetero,separate_gp,pi,,10,8,ok,50,/data/zhq7531/IDEAL/hetero_lvgp/benchmark/results/branin_hetero/separate_gp/pi/nrep10/seed08.npz,branin_hetero/separate_gp/pi/nrep10/seed08
branin_hetero,separate_gp,pi,,10,9,ok,50,/data/zhq7531/IDEAL/hetero_lvgp/benchmark/results/branin_hetero/separate_gp/pi/nrep10/seed09.npz,branin_hetero/separate_gp/pi/nrep10/seed09
branin_hetero,separate_gp,pi,,10,10,ok,50,/data/zhq7531/IDEAL/hetero_lvgp/benchmark/results/branin_hetero/separate_gp/pi/nrep10/seed10.npz,branin_hetero/separate_gp/pi/nrep10/seed10
branin_hetero,separate_gp,pi,,10,11,ok,50,/data/zhq7531/IDEAL/hetero_lvgp/benchmark/results/branin_hetero/separate_gp/pi/nrep10/seed11.npz,branin_hetero/separate_gp/pi/nrep10/seed11
branin_hetero,separate_gp,pi,,10,12,ok,50,/data/zhq7531/IDEAL/hetero_lvgp/benchmark/results/branin_hetero/separate_gp/pi/nrep10/seed12.npz,branin_hetero/separate_gp/pi/nrep10/seed12
branin_hetero,separate_gp,pi,,10,13,ok,50,/data/zhq7531/IDEAL/hetero_lvgp/benchmark/results/branin_hetero/separate_gp/pi/nrep10/seed13.npz,branin_hetero/separate_gp/pi/nrep10/seed13
branin_hetero,separate_gp,pi,,10,14,ok,50,/data/zhq7531/IDEAL/hetero_lvgp/benchmark/results/branin_hetero/separate_gp/pi/nrep10/seed14.npz,branin_hetero/separate_gp/pi/nrep10/seed14
branin_hetero,separate_gp,pi,,10,15,ok,50,/data/zhq7531/IDEAL/hetero_lvgp/benchmark/results/branin_hetero/separate_gp/pi/nrep10/seed15.npz,branin_hetero/separate_gp/pi/nrep10/seed15
branin_hetero,separate_gp,pi,,10,16,ok,50,/data/zhq7531/IDEAL/hetero_lvgp/benchmark/results/branin_hetero/separate_gp/pi/nrep10/seed16.npz,branin_hetero/separate_gp/pi/nrep10/seed16
branin_hetero,separate_gp,pi,,10,17,ok,50,/data/zhq7531/IDEAL/hetero_lvgp/benchmark/results/branin_hetero/separate_gp/pi/nrep10/seed17.npz,branin_hetero/separate_gp/pi/nrep10/seed17
branin_hetero,separate_gp,pi,,10,18,ok,50,/data/zhq7531/IDEAL/hetero_lvgp/benchmark/results/branin_hetero/separate_gp/pi/nrep10/seed18.npz,branin_hetero/separate_gp/pi/nrep10/seed18
branin_hetero,separate_gp,pi,,10,19,ok,50,/data/zhq7531/IDEAL/hetero_lvgp/benchmark/results/branin_hetero/separate_gp/pi/nrep10/seed19.npz,branin_hetero/separate_gp/pi/nrep10/seed19
branin_hetero,separate_gp,pi,,10,20,ok,50,/data/zhq7531/IDEAL/hetero_lvgp/benchmark/results/branin_hetero/separate_gp/pi/nrep10/seed20.npz,branin_hetero/separate_gp/pi/nrep10/seed20
branin_hetero,separate_gp,pi,,10,21,ok,50,/data/zhq7531/IDEAL/hetero_lvgp/benchmark/results/branin_hetero/separate_gp/pi/nrep10/seed21.npz,branin_hetero/separate_gp/pi/nrep10/seed21
branin_hetero,separate_gp,pi,,10,22,ok,50,/data/zhq7531/IDEAL/hetero_lvgp/benchmark/results/branin_hetero/separate_gp/pi/nrep10/seed22.npz,branin_hetero/separate_gp/pi/nrep10/seed22
branin_hetero,separate_gp,pi,,10,23,ok,50,/data/zhq7531/IDEAL/hetero_lvgp/benchmark/results/branin_hetero/separate_gp/pi/nrep10/seed23.npz,branin_hetero/separate_gp/pi/nrep10/seed23
branin_hetero,separate_gp,pi,,10,24,ok,50,/data/zhq7531/IDEAL/hetero_lvgp/benchmark/results/branin_hetero/separate_gp/pi/nrep10/seed24.npz,branin_hetero/separate_gp/pi/nrep10/seed24
branin_hetero,separate_gp,pi,,10,25,ok,50,/data/zhq7531/IDEAL/hetero_lvgp/benchmark/results/branin_hetero/separate_gp/pi/nrep10/seed25.npz,branin_hetero/separate_gp/pi/nrep10/seed25
branin_hetero,separate_gp,pi,,10,26,ok,50,/data/zhq7531/IDEAL/hetero_lvgp/benchmark/results/branin_hetero/separate_gp/pi/nrep10/seed26.npz,branin_hetero/separate_gp/pi/nrep10/seed26
branin_hetero,separate_gp,pi,,10,27,ok,50,/data/zhq7531/IDEAL/hetero_lvgp/benchmark/results/branin_hetero/separate_gp/pi/nrep10/seed27.npz,branin_hetero/separate_gp/pi/nrep10/seed27
branin_hetero,separate_gp,pi,,10,28,ok,50,/data/zhq7531/IDEAL/hetero_lvgp/benchmark/results/branin_hetero/separate_gp/pi/nrep10/seed28.npz,branin_hetero/separate_gp/pi/nrep10/seed28
branin_hetero,separate_gp,pi,,10,29,ok,50,/data/zhq7531/IDEAL/hetero_lvgp/benchmark/results/branin_hetero/separate_gp/pi/nrep10/seed29.npz,branin_hetero/separate_gp/pi/nrep10/seed29
branin_hetero,separate_gp,pi,,10,30,ok,50,/data/zhq7531/IDEAL/hetero_lvgp/benchmark/results/branin_hetero/separate_gp/pi/nrep10/seed30.npz,branin_hetero/separate_gp/pi/nrep10/seed30
branin_hetero,separate_gp,ei,,3,1,ok,50,/data/zhq7531/IDEAL/hetero_lvgp/benchmark/results/branin_hetero/separate_gp/ei/nrep03/seed01.npz,branin_hetero/separate_gp/ei/nrep03/seed01
branin_hetero,separate_gp,ei,,3,2,ok,50,/data/zhq7531/IDEAL/hetero_lvgp/benchmark/results/branin_hetero/separate_gp/ei/nrep03/seed02.npz,branin_hetero/separate_gp/ei/nrep03/seed02
branin_hetero,separate_gp,ei,,3,3,ok,50,/data/zhq7531/IDEAL/hetero_lvgp/benchmark/results/branin_hetero/separate_gp/ei/nrep03/seed03.npz,branin_hetero/separate_gp/ei/nrep03/seed03
branin_hetero,separate_gp,ei,,3,4,ok,50,/data/zhq7531/IDEAL/hetero_lvgp/benchmark/results/branin_hetero/separate_gp/ei/nrep03/seed04.npz,branin_hetero/separate_gp/ei/nrep03/seed04
branin_hetero,separate_gp,ei,,3,5,ok,50,/data/zhq7531/IDEAL/hetero_lvgp/benchmark/results/branin_hetero/separate_gp/ei/nrep03/seed05.npz,branin_hetero/separate_gp/ei/nrep03/seed05
branin_hetero,separate_gp,ei,,3,6,ok,50,/data/zhq7531/IDEAL/hetero_lvgp/benchmark/results/branin_hetero/separate_gp/ei/nrep03/seed06.npz,branin_hetero/separate_gp/ei/nrep03/seed06
branin_hetero,separate_gp,ei,,3,7,ok,50,/data/zhq7531/IDEAL/hetero_lvgp/benchmark/results/branin_hetero/separate_gp/ei/nrep03/seed07.npz,branin_hetero/separate_gp/ei/nrep03/seed07
branin_hetero,separate_gp,ei,,3,8,ok,50,/data/zhq7531/IDEAL/hetero_lvgp/benchmark/results/branin_hetero/separate_gp/ei/nrep03/seed08.npz,branin_hetero/separate_gp/ei/nrep03/seed08
branin_hetero,separate_gp,ei,,3,9,ok,50,/data/zhq7531/IDEAL/hetero_lvgp/benchmark/results/branin_hetero/separate_gp/ei/nrep03/seed09.npz,branin_hetero/separate_gp/ei/nrep03/seed09
branin_hetero,separate_gp,ei,,3,10,ok,50,/data/zhq7531/IDEAL/hetero_lvgp/benchmark/results/branin_hetero/separate_gp/ei/nrep03/seed10.npz,branin_hetero/separate_gp/ei/nrep03/seed10
branin_hetero,separate_gp,ei,,3,11,ok,50,/data/zhq7531/IDEAL/hetero_lvgp/benchmark/results/branin_hetero/separate_gp/ei/nrep03/seed11.npz,branin_hetero/separate_gp/ei/nrep03/seed11
branin_hetero,separate_gp,ei,,3,12,ok,50,/data/zhq7531/IDEAL/hetero_lvgp/benchmark/results/branin_hetero/separate_gp/ei/nrep03/seed12.npz,branin_hetero/separate_gp/ei/nrep03/seed12
branin_hetero,separate_gp,ei,,3,13,ok,50,/data/zhq7531/IDEAL/hetero_lvgp/benchmark/results/branin_hetero/separate_gp/ei/nrep03/seed13.npz,branin_hetero/separate_gp/ei/nrep03/seed13
branin_hetero,separate_gp,ei,,3,14,ok,50,/data/zhq7531/IDEAL/hetero_lvgp/benchmark/results/branin_hetero/separate_gp/ei/nrep03/seed14.npz,branin_hetero/separate_gp/ei/nrep03/seed14
branin_hetero,separate_gp,ei,,3,15,ok,50,/data/zhq7531/IDEAL/hetero_lvgp/benchmark/results/branin_hetero/separate_gp/ei/nrep03/seed15.npz,branin_hetero/separate_gp/ei/nrep03/seed15
branin_hetero,separate_gp,ei,,3,16,ok,50,/data/zhq7531/IDEAL/hetero_lvgp/benchmark/results/branin_hetero/separate_gp/ei/nrep03/seed16.npz,branin_hetero/separate_gp/ei/nrep03/seed16
branin_hetero,separate_gp,ei,,3,17,ok,50,/data/zhq7531/IDEAL/hetero_lvgp/benchmark/results/branin_hetero/separate_gp/ei/nrep03/seed17.npz,branin_hetero/separate_gp/ei/nrep03/seed17
branin_hetero,separate_gp,ei,,3,18,ok,50,/data/zhq7531/IDEAL/hetero_lvgp/benchmark/results/branin_hetero/separate_gp/ei/nrep03/seed18.npz,branin_hetero/separate_gp/ei/nrep03/seed18
branin_hetero,separate_gp,ei,,3,19,ok,50,/data/zhq7531/IDEAL/hetero_lvgp/benchmark/results/branin_hetero/separate_gp/ei/nrep03/seed19.npz,branin_hetero/separate_gp/ei/nrep03/seed19
branin_hetero,separate_gp,ei,,3,20,ok,50,/data/zhq7531/IDEAL/hetero_lvgp/benchmark/results/branin_hetero/separate_gp/ei/nrep03/seed20.npz,branin_hetero/separate_gp/ei/nrep03/seed20
branin_hetero,separate_gp,ei,,3,21,ok,50,/data/zhq7531/IDEAL/hetero_lvgp/benchmark/results/branin_hetero/separate_gp/ei/nrep03/seed21.npz,branin_hetero/separate_gp/ei/nrep03/seed21
branin_hetero,separate_gp,ei,,3,22,ok,50,/data/zhq7531/IDEAL/hetero_lvgp/benchmark/results/branin_hetero/separate_gp/ei/nrep03/seed22.npz,branin_hetero/separate_gp/ei/nrep03/seed22
branin_hetero,separate_gp,ei,,3,23,ok,50,/data/zhq7531/IDEAL/hetero_lvgp/benchmark/results/branin_hetero/separate_gp/ei/nrep03/seed23.npz,branin_hetero/separate_gp/ei/nrep03/seed23
branin_hetero,separate_gp,ei,,3,24,ok,50,/data/zhq7531/IDEAL/hetero_lvgp/benchmark/results/branin_hetero/separate_gp/ei/nrep03/seed24.npz,branin_hetero/separate_gp/ei/nrep03/seed24
branin_hetero,separate_gp,ei,,3,25,ok,50,/data/zhq7531/IDEAL/hetero_lvgp/benchmark/results/branin_hetero/separate_gp/ei/nrep03/seed25.npz,branin_hetero/separate_gp/ei/nrep03/seed25
branin_hetero,separate_gp,ei,,3,26,ok,50,/data/zhq7531/IDEAL/hetero_lvgp/benchmark/results/branin_hetero/separate_gp/ei/nrep03/seed26.npz,branin_hetero/separate_gp/ei/nrep03/seed26
branin_hetero,separate_gp,ei,,3,27,ok,50,/data/zhq7531/IDEAL/hetero_lvgp/benchmark/results/branin_hetero/separate_gp/ei/nrep03/seed27.npz,branin_hetero/separate_gp/ei/nrep03/seed27
branin_hetero,separate_gp,ei,,3,28,ok,50,/data/zhq7531/IDEAL/hetero_lvgp/benchmark/results/branin_hetero/separate_gp/ei/nrep03/seed28.npz,branin_hetero/separate_gp/ei/nrep03/seed28
branin_hetero,separate_gp,ei,,3,29,ok,50,/data/zhq7531/IDEAL/hetero_lvgp/benchmark/results/branin_hetero/separate_gp/ei/nrep03/seed29.npz,branin_hetero/separate_gp/ei/nrep03/seed29
branin_hetero,separate_gp,ei,,3,30,ok,50,/data/zhq7531/IDEAL/hetero_lvgp/benchmark/results/branin_hetero/separate_gp/ei/nrep03/seed30.npz,branin_hetero/separate_gp/ei/nrep03/seed30
branin_hetero,separate_gp,ei,,10,1,ok,50,/data/zhq7531/IDEAL/hetero_lvgp/benchmark/results/branin_hetero/separate_gp/ei/nrep10/seed01.npz,branin_hetero/separate_gp/ei/nrep10/seed01
branin_hetero,separate_gp,ei,,10,2,ok,50,/data/zhq7531/IDEAL/hetero_lvgp/benchmark/results/branin_hetero/separate_gp/ei/nrep10/seed02.npz,branin_hetero/separate_gp/ei/nrep10/seed02
branin_hetero,separate_gp,ei,,10,3,ok,50,/data/zhq7531/IDEAL/hetero_lvgp/benchmark/results/branin_hetero/separate_gp/ei/nrep10/seed03.npz,branin_hetero/separate_gp/ei/nrep10/seed03
branin_hetero,separate_gp,ei,,10,4,ok,50,/data/zhq7531/IDEAL/hetero_lvgp/benchmark/results/branin_hetero/separate_gp/ei/nrep10/seed04.npz,branin_hetero/separate_gp/ei/nrep10/seed04
branin_hetero,separate_gp,ei,,10,5,ok,50,/data/zhq7531/IDEAL/hetero_lvgp/benchmark/results/branin_hetero/separate_gp/ei/nrep10/seed05.npz,branin_hetero/separate_gp/ei/nrep10/seed05
branin_hetero,separate_gp,ei,,10,6,ok,50,/data/zhq7531/IDEAL/hetero_lvgp/benchmark/results/branin_hetero/separate_gp/ei/nrep10/seed06.npz,branin_hetero/separate_gp/ei/nrep10/seed06
branin_hetero,separate_gp,ei,,10,7,ok,50,/data/zhq7531/IDEAL/hetero_lvgp/benchmark/results/branin_hetero/separate_gp/ei/nrep10/seed07.npz,branin_hetero/separate_gp/ei/nrep10/seed07
branin_hetero,separate_gp,ei,,10,8,ok,50,/data/zhq7531/IDEAL/hetero_lvgp/benchmark/results/branin_hetero/separate_gp/ei/nrep10/seed08.npz,branin_hetero/separate_gp/ei/nrep10/seed08
branin_hetero,separate_gp,ei,,10,9,ok,50,/data/zhq7531/IDEAL/hetero_lvgp/benchmark/results/branin_hetero/separate_gp/ei/nrep10/seed09.npz,branin_hetero/separate_gp/ei/nrep10/seed09
branin_hetero,separate_gp,ei,,10,10,ok,50,/data/zhq7531/IDEAL/hetero_lvgp/benchmark/results/branin_hetero/separate_gp/ei/nrep10/seed10.npz,branin_hetero/separate_gp/ei/nrep10/seed10
branin_hetero,separate_gp,ei,,10,11,ok,50,/data/zhq7531/IDEAL/hetero_lvgp/benchmark/results/branin_hetero/separate_gp/ei/nrep10/seed11.npz,branin_hetero/separate_gp/ei/nrep10/seed11
branin_hetero,separate_gp,ei,,10,12,ok,50,/data/zhq7531/IDEAL/hetero_lvgp/benchmark/results/branin_hetero/separate_gp/ei/nrep10/seed12.npz,branin_hetero/separate_gp/ei/nrep10/seed12
branin_hetero,separate_gp,ei,,10,13,ok,50,/data/zhq7531/IDEAL/hetero_lvgp/benchmark/results/branin_hetero/separate_gp/ei/nrep10/seed13.npz,branin_hetero/separate_gp/ei/nrep10/seed13
branin_hetero,separate_gp,ei,,10,14,ok,50,/data/zhq7531/IDEAL/hetero_lvgp/benchmark/results/branin_hetero/separate_gp/ei/nrep10/seed14.npz,branin_hetero/separate_gp/ei/nrep10/seed14
branin_hetero,separate_gp,ei,,10,15,ok,50,/data/zhq7531/IDEAL/hetero_lvgp/benchmark/results/branin_hetero/separate_gp/ei/nrep10/seed15.npz,branin_hetero/separate_gp/ei/nrep10/seed15
branin_hetero,separate_gp,ei,,10,16,ok,50,/data/zhq7531/IDEAL/hetero_lvgp/benchmark/results/branin_hetero/separate_gp/ei/nrep10/seed16.npz,branin_hetero/separate_gp/ei/nrep10/seed16
branin_hetero,separate_gp,ei,,10,17,ok,50,/data/zhq7531/IDEAL/hetero_lvgp/benchmark/results/branin_hetero/separate_gp/ei/nrep10/seed17.npz,branin_hetero/separate_gp/ei/nrep10/seed17
branin_hetero,separate_gp,ei,,10,18,ok,50,/data/zhq7531/IDEAL/hetero_lvgp/benchmark/results/branin_hetero/separate_gp/ei/nrep10/seed18.npz,branin_hetero/separate_gp/ei/nrep10/seed18
branin_hetero,separate_gp,ei,,10,19,ok,50,/data/zhq7531/IDEAL/hetero_lvgp/benchmark/results/branin_hetero/separate_gp/ei/nrep10/seed19.npz,branin_hetero/separate_gp/ei/nrep10/seed19
branin_hetero,separate_gp,ei,,10,20,ok,50,/data/zhq7531/IDEAL/hetero_lvgp/benchmark/results/branin_hetero/separate_gp/ei/nrep10/seed20.npz,branin_hetero/separate_gp/ei/nrep10/seed20
branin_hetero,separate_gp,ei,,10,21,ok,50,/data/zhq7531/IDEAL/hetero_lvgp/benchmark/results/branin_hetero/separate_gp/ei/nrep10/seed21.npz,branin_hetero/separate_gp/ei/nrep10/seed21
branin_hetero,separate_gp,ei,,10,22,ok,50,/data/zhq7531/IDEAL/hetero_lvgp/benchmark/results/branin_hetero/separate_gp/ei/nrep10/seed22.npz,branin_hetero/separate_gp/ei/nrep10/seed22
branin_hetero,separate_gp,ei,,10,23,ok,50,/data/zhq7531/IDEAL/hetero_lvgp/benchmark/results/branin_hetero/separate_gp/ei/nrep10/seed23.npz,branin_hetero/separate_gp/ei/nrep10/seed23
branin_hetero,separate_gp,ei,,10,24,ok,50,/data/zhq7531/IDEAL/hetero_lvgp/benchmark/results/branin_hetero/separate_gp/ei/nrep10/seed24.npz,branin_hetero/separate_gp/ei/nrep10/seed24
branin_hetero,separate_gp,ei,,10,25,ok,50,/data/zhq7531/IDEAL/hetero_lvgp/benchmark/results/branin_hetero/separate_gp/ei/nrep10/seed25.npz,branin_hetero/separate_gp/ei/nrep10/seed25
branin_hetero,separate_gp,ei,,10,26,ok,50,/data/zhq7531/IDEAL/hetero_lvgp/benchmark/results/branin_hetero/separate_gp/ei/nrep10/seed26.npz,branin_hetero/separate_gp/ei/nrep10/seed26
branin_hetero,separate_gp,ei,,10,27,ok,50,/data/zhq7531/IDEAL/hetero_lvgp/benchmark/results/branin_hetero/separate_gp/ei/nrep10/seed27.npz,branin_hetero/separate_gp/ei/nrep10/seed27
branin_hetero,separate_gp,ei,,10,28,ok,50,/data/zhq7531/IDEAL/hetero_lvgp/benchmark/results/branin_hetero/separate_gp/ei/nrep10/seed28.npz,branin_hetero/separate_gp/ei/nrep10/seed28
branin_hetero,separate_gp,ei,,10,29,ok,50,/data/zhq7531/IDEAL/hetero_lvgp/benchmark/results/branin_hetero/separate_gp/ei/nrep10/seed29.npz,branin_hetero/separate_gp/ei/nrep10/seed29
branin_hetero,separate_gp,ei,,10,30,ok,50,/data/zhq7531/IDEAL/hetero_lvgp/benchmark/results/branin_hetero/separate_gp/ei/nrep10/seed30.npz,branin_hetero/separate_gp/ei/nrep10/seed30
branin_hetero,separate_gp,haei,0.5,3,1,ok,50,/data/zhq7531/IDEAL/hetero_lvgp/benchmark/results/branin_hetero/separate_gp/haei_g0.5/nrep03/seed01.npz,branin_hetero/separate_gp/haei_g0.5/nrep03/seed01
branin_hetero,separate_gp,haei,0.5,3,2,ok,50,/data/zhq7531/IDEAL/hetero_lvgp/benchmark/results/branin_hetero/separate_gp/haei_g0.5/nrep03/seed02.npz,branin_hetero/separate_gp/haei_g0.5/nrep03/seed02
branin_hetero,separate_gp,haei,0.5,3,3,ok,50,/data/zhq7531/IDEAL/hetero_lvgp/benchmark/results/branin_hetero/separate_gp/haei_g0.5/nrep03/seed03.npz,branin_hetero/separate_gp/haei_g0.5/nrep03/seed03
branin_hetero,separate_gp,haei,0.5,3,4,ok,50,/data/zhq7531/IDEAL/hetero_lvgp/benchmark/results/branin_hetero/separate_gp/haei_g0.5/nrep03/seed04.npz,branin_hetero/separate_gp/haei_g0.5/nrep03/seed04
branin_hetero,separate_gp,haei,0.5,3,5,ok,50,/data/zhq7531/IDEAL/hetero_lvgp/benchmark/results/branin_hetero/separate_gp/haei_g0.5/nrep03/seed05.npz,branin_hetero/separate_gp/haei_g0.5/nrep03/seed05
branin_hetero,separate_gp,haei,0.5,3,6,ok,50,/data/zhq7531/IDEAL/hetero_lvgp/benchmark/results/branin_hetero/separate_gp/haei_g0.5/nrep03/seed06.npz,branin_hetero/separate_gp/haei_g0.5/nrep03/seed06
branin_hetero,separate_gp,haei,0.5,3,7,ok,50,/data/zhq7531/IDEAL/hetero_lvgp/benchmark/results/branin_hetero/separate_gp/haei_g0.5/nrep03/seed07.npz,branin_hetero/separate_gp/haei_g0.5/nrep03/seed07
branin_hetero,separate_gp,haei,0.5,3,8,ok,50,/data/zhq7531/IDEAL/hetero_lvgp/benchmark/results/branin_hetero/separate_gp/haei_g0.5/nrep03/seed08.npz,branin_hetero/separate_gp/haei_g0.5/nrep03/seed08
branin_hetero,separate_gp,haei,0.5,3,9,ok,50,/data/zhq7531/IDEAL/hetero_lvgp/benchmark/results/branin_hetero/separate_gp/haei_g0.5/nrep03/seed09.npz,branin_hetero/separate_gp/haei_g0.5/nrep03/seed09
branin_hetero,separate_gp,haei,0.5,3,10,ok,50,/data/zhq7531/IDEAL/hetero_lvgp/benchmark/results/branin_hetero/separate_gp/haei_g0.5/nrep03/seed10.npz,branin_hetero/separate_gp/haei_g0.5/nrep03/seed10
branin_hetero,separate_gp,haei,0.5,3,11,ok,50,/data/zhq7531/IDEAL/hetero_lvgp/benchmark/results/branin_hetero/separate_gp/haei_g0.5/nrep03/seed11.npz,branin_hetero/separate_gp/haei_g0.5/nrep03/seed11
branin_hetero,separate_gp,haei,0.5,3,12,ok,50,/data/zhq7531/IDEAL/hetero_lvgp/benchmark/results/branin_hetero/separate_gp/haei_g0.5/nrep03/seed12.npz,branin_hetero/separate_gp/haei_g0.5/nrep03/seed12
branin_hetero,separate_gp,haei,0.5,3,13,ok,50,/data/zhq7531/IDEAL/hetero_lvgp/benchmark/results/branin_hetero/separate_gp/haei_g0.5/nrep03/seed13.npz,branin_hetero/separate_gp/haei_g0.5/nrep03/seed13
branin_hetero,separate_gp,haei,0.5,3,14,ok,50,/data/zhq7531/IDEAL/hetero_lvgp/benchmark/results/branin_hetero/separate_gp/haei_g0.5/nrep03/seed14.npz,branin_hetero/separate_gp/haei_g0.5/nrep03/seed14
branin_hetero,separate_gp,haei,0.5,3,15,ok,50,/data/zhq7531/IDEAL/hetero_lvgp/benchmark/results/branin_hetero/separate_gp/haei_g0.5/nrep03/seed15.npz,branin_hetero/separate_gp/haei_g0.5/nrep03/seed15
branin_hetero,separate_gp,haei,0.5,3,16,ok,50,/data/zhq7531/IDEAL/hetero_lvgp/benchmark/results/branin_hetero/separate_gp/haei_g0.5/nrep03/seed16.npz,branin_hetero/separate_gp/haei_g0.5/nrep03/seed16
branin_hetero,separate_gp,haei,0.5,3,17,ok,50,/data/zhq7531/IDEAL/hetero_lvgp/benchmark/results/branin_hetero/separate_gp/haei_g0.5/nrep03/seed17.npz,branin_hetero/separate_gp/haei_g0.5/nrep03/seed17
branin_hetero,separate_gp,haei,0.5,3,18,ok,50,/data/zhq7531/IDEAL/hetero_lvgp/benchmark/results/branin_hetero/separate_gp/haei_g0.5/nrep03/seed18.npz,branin_hetero/separate_gp/haei_g0.5/nrep03/seed18
branin_hetero,separate_gp,haei,0.5,3,19,ok,50,/data/zhq7531/IDEAL/hetero_lvgp/benchmark/results/branin_hetero/separate_gp/haei_g0.5/nrep03/seed19.npz,branin_hetero/separate_gp/haei_g0.5/nrep03/seed19
branin_hetero,separate_gp,haei,0.5,3,20,ok,50,/data/zhq7531/IDEAL/hetero_lvgp/benchmark/results/branin_hetero/separate_gp/haei_g0.5/nrep03/seed20.npz,branin_hetero/separate_gp/haei_g0.5/nrep03/seed20
branin_hetero,separate_gp,haei,0.5,3,21,ok,50,/data/zhq7531/IDEAL/hetero_lvgp/benchmark/results/branin_hetero/separate_gp/haei_g0.5/nrep03/seed21.npz,branin_hetero/separate_gp/haei_g0.5/nrep03/seed21
branin_hetero,separate_gp,haei,0.5,3,22,ok,50,/data/zhq7531/IDEAL/hetero_lvgp/benchmark/results/branin_hetero/separate_gp/haei_g0.5/nrep03/seed22.npz,branin_hetero/separate_gp/haei_g0.5/nrep03/seed22
branin_hetero,separate_gp,haei,0.5,3,23,ok,50,/data/zhq7531/IDEAL/hetero_lvgp/benchmark/results/branin_hetero/separate_gp/haei_g0.5/nrep03/seed23.npz,branin_hetero/separate_gp/haei_g0.5/nrep03/seed23
branin_hetero,separate_gp,haei,0.5,3,24,ok,50,/data/zhq7531/IDEAL/hetero_lvgp/benchmark/results/branin_hetero/separate_gp/haei_g0.5/nrep03/seed24.npz,branin_hetero/separate_gp/haei_g0.5/nrep03/seed24
branin_hetero,separate_gp,haei,0.5,3,25,ok,50,/data/zhq7531/IDEAL/hetero_lvgp/benchmark/results/branin_hetero/separate_gp/haei_g0.5/nrep03/seed25.npz,branin_hetero/separate_gp/haei_g0.5/nrep03/seed25
branin_hetero,separate_gp,haei,0.5,3,26,ok,50,/data/zhq7531/IDEAL/hetero_lvgp/benchmark/results/branin_hetero/separate_gp/haei_g0.5/nrep03/seed26.npz,branin_hetero/separate_gp/haei_g0.5/nrep03/seed26
branin_hetero,separate_gp,haei,0.5,3,27,ok,50,/data/zhq7531/IDEAL/hetero_lvgp/benchmark/results/branin_hetero/separate_gp/haei_g0.5/nrep03/seed27.npz,branin_hetero/separate_gp/haei_g0.5/nrep03/seed27
branin_hetero,separate_gp,haei,0.5,3,28,ok,50,/data/zhq7531/IDEAL/hetero_lvgp/benchmark/results/branin_hetero/separate_gp/haei_g0.5/nrep03/seed28.npz,branin_hetero/separate_gp/haei_g0.5/nrep03/seed28
branin_hetero,separate_gp,haei,0.5,3,29,ok,50,/data/zhq7531/IDEAL/hetero_lvgp/benchmark/results/branin_hetero/separate_gp/haei_g0.5/nrep03/seed29.npz,branin_hetero/separate_gp/haei_g0.5/nrep03/seed29
branin_hetero,separate_gp,haei,0.5,3,30,ok,50,/data/zhq7531/IDEAL/hetero_lvgp/benchmark/results/branin_hetero/separate_gp/haei_g0.5/nrep03/seed30.npz,branin_hetero/separate_gp/haei_g0.5/nrep03/seed30
branin_hetero,separate_gp,haei,0.5,10,1,ok,50,/data/zhq7531/IDEAL/hetero_lvgp/benchmark/results/branin_hetero/separate_gp/haei_g0.5/nrep10/seed01.npz,branin_hetero/separate_gp/haei_g0.5/nrep10/seed01
branin_hetero,separate_gp,haei,0.5,10,2,ok,50,/data/zhq7531/IDEAL/hetero_lvgp/benchmark/results/branin_hetero/separate_gp/haei_g0.5/nrep10/seed02.npz,branin_hetero/separate_gp/haei_g0.5/nrep10/seed02
branin_hetero,separate_gp,haei,0.5,10,3,ok,50,/data/zhq7531/IDEAL/hetero_lvgp/benchmark/results/branin_hetero/separate_gp/haei_g0.5/nrep10/seed03.npz,branin_hetero/separate_gp/haei_g0.5/nrep10/seed03
branin_hetero,separate_gp,haei,0.5,10,4,ok,50,/data/zhq7531/IDEAL/hetero_lvgp/benchmark/results/branin_hetero/separate_gp/haei_g0.5/nrep10/seed04.npz,branin_hetero/separate_gp/haei_g0.5/nrep10/seed04
branin_hetero,separate_gp,haei,0.5,10,5,ok,50,/data/zhq7531/IDEAL/hetero_lvgp/benchmark/results/branin_hetero/separate_gp/haei_g0.5/nrep10/seed05.npz,branin_hetero/separate_gp/haei_g0.5/nrep10/seed05
branin_hetero,separate_gp,haei,0.5,10,6,ok,50,/data/zhq7531/IDEAL/hetero_lvgp/benchmark/results/branin_hetero/separate_gp/haei_g0.5/nrep10/seed06.npz,branin_hetero/separate_gp/haei_g0.5/nrep10/seed06
branin_hetero,separate_gp,haei,0.5,10,7,ok,50,/data/zhq7531/IDEAL/hetero_lvgp/benchmark/results/branin_hetero/separate_gp/haei_g0.5/nrep10/seed07.npz,branin_hetero/separate_gp/haei_g0.5/nrep10/seed07
branin_hetero,separate_gp,haei,0.5,10,8,ok,50,/data/zhq7531/IDEAL/hetero_lvgp/benchmark/results/branin_hetero/separate_gp/haei_g0.5/nrep10/seed08.npz,branin_hetero/separate_gp/haei_g0.5/nrep10/seed08
branin_hetero,separate_gp,haei,0.5,10,9,ok,50,/data/zhq7531/IDEAL/hetero_lvgp/benchmark/results/branin_hetero/separate_gp/haei_g0.5/nrep10/seed09.npz,branin_hetero/separate_gp/haei_g0.5/nrep10/seed09
branin_hetero,separate_gp,haei,0.5,10,10,ok,50,/data/zhq7531/IDEAL/hetero_lvgp/benchmark/results/branin_hetero/separate_gp/haei_g0.5/nrep10/seed10.npz,branin_hetero/separate_gp/haei_g0.5/nrep10/seed10
branin_hetero,separate_gp,haei,0.5,10,11,ok,50,/data/zhq7531/IDEAL/hetero_lvgp/benchmark/results/branin_hetero/separate_gp/haei_g0.5/nrep10/seed11.npz,branin_hetero/separate_gp/haei_g0.5/nrep10/seed11
branin_hetero,separate_gp,haei,0.5,10,12,ok,50,/data/zhq7531/IDEAL/hetero_lvgp/benchmark/results/branin_hetero/separate_gp/haei_g0.5/nrep10/seed12.npz,branin_hetero/separate_gp/haei_g0.5/nrep10/seed12
branin_hetero,separate_gp,haei,0.5,10,13,ok,50,/data/zhq7531/IDEAL/hetero_lvgp/benchmark/results/branin_hetero/separate_gp/haei_g0.5/nrep10/seed13.npz,branin_hetero/separate_gp/haei_g0.5/nrep10/seed13
branin_hetero,separate_gp,haei,0.5,10,14,ok,50,/data/zhq7531/IDEAL/hetero_lvgp/benchmark/results/branin_hetero/separate_gp/haei_g0.5/nrep10/seed14.npz,branin_hetero/separate_gp/haei_g0.5/nrep10/seed14
branin_hetero,separate_gp,haei,0.5,10,15,ok,50,/data/zhq7531/IDEAL/hetero_lvgp/benchmark/results/branin_hetero/separate_gp/haei_g0.5/nrep10/seed15.npz,branin_hetero/separate_gp/haei_g0.5/nrep10/seed15
branin_hetero,separate_gp,haei,0.5,10,16,ok,50,/data/zhq7531/IDEAL/hetero_lvgp/benchmark/results/branin_hetero/separate_gp/haei_g0.5/nrep10/seed16.npz,branin_hetero/separate_gp/haei_g0.5/nrep10/seed16
branin_hetero,separate_gp,haei,0.5,10,17,ok,50,/data/zhq7531/IDEAL/hetero_lvgp/benchmark/results/branin_hetero/separate_gp/haei_g0.5/nrep10/seed17.npz,branin_hetero/separate_gp/haei_g0.5/nrep10/seed17
branin_hetero,separate_gp,haei,0.5,10,18,ok,50,/data/zhq7531/IDEAL/hetero_lvgp/benchmark/results/branin_hetero/separate_gp/haei_g0.5/nrep10/seed18.npz,branin_hetero/separate_gp/haei_g0.5/nrep10/seed18
branin_hetero,separate_gp,haei,0.5,10,19,ok,50,/data/zhq7531/IDEAL/hetero_lvgp/benchmark/results/branin_hetero/separate_gp/haei_g0.5/nrep10/seed19.npz,branin_hetero/separate_gp/haei_g0.5/nrep10/seed19
branin_hetero,separate_gp,haei,0.5,10,20,ok,50,/data/zhq7531/IDEAL/hetero_lvgp/benchmark/results/branin_hetero/separate_gp/haei_g0.5/nrep10/seed20.npz,branin_hetero/separate_gp/haei_g0.5/nrep10/seed20
branin_hetero,separate_gp,haei,0.5,10,21,ok,50,/data/zhq7531/IDEAL/hetero_lvgp/benchmark/results/branin_hetero/separate_gp/haei_g0.5/nrep10/seed21.npz,branin_hetero/separate_gp/haei_g0.5/nrep10/seed21
branin_hetero,separate_gp,haei,0.5,10,22,ok,50,/data/zhq7531/IDEAL/hetero_lvgp/benchmark/results/branin_hetero/separate_gp/haei_g0.5/nrep10/seed22.npz,branin_hetero/separate_gp/haei_g0.5/nrep10/seed22
branin_hetero,separate_gp,haei,0.5,10,23,ok,50,/data/zhq7531/IDEAL/hetero_lvgp/benchmark/results/branin_hetero/separate_gp/haei_g0.5/nrep10/seed23.npz,branin_hetero/separate_gp/haei_g0.5/nrep10/seed23
branin_hetero,separate_gp,haei,0.5,10,24,ok,50,/data/zhq7531/IDEAL/hetero_lvgp/benchmark/results/branin_hetero/separate_gp/haei_g0.5/nrep10/seed24.npz,branin_hetero/separate_gp/haei_g0.5/nrep10/seed24
branin_hetero,separate_gp,haei,0.5,10,25,ok,50,/data/zhq7531/IDEAL/hetero_lvgp/benchmark/results/branin_hetero/separate_gp/haei_g0.5/nrep10/seed25.npz,branin_hetero/separate_gp/haei_g0.5/nrep10/seed25
branin_hetero,separate_gp,haei,0.5,10,26,ok,50,/data/zhq7531/IDEAL/hetero_lvgp/benchmark/results/branin_hetero/separate_gp/haei_g0.5/nrep10/seed26.npz,branin_hetero/separate_gp/haei_g0.5/nrep10/seed26
branin_hetero,separate_gp,haei,0.5,10,27,ok,50,/data/zhq7531/IDEAL/hetero_lvgp/benchmark/results/branin_hetero/separate_gp/haei_g0.5/nrep10/seed27.npz,branin_hetero/separate_gp/haei_g0.5/nrep10/seed27
branin_hetero,separate_gp,haei,0.5,10,28,ok,50,/data/zhq7531/IDEAL/hetero_lvgp/benchmark/results/branin_hetero/separate_gp/haei_g0.5/nrep10/seed28.npz,branin_hetero/separate_gp/haei_g0.5/nrep10/seed28
branin_hetero,separate_gp,haei,0.5,10,29,ok,50,/data/zhq7531/IDEAL/hetero_lvgp/benchmark/results/branin_hetero/separate_gp/haei_g0.5/nrep10/seed29.npz,branin_hetero/separate_gp/haei_g0.5/nrep10/seed29
branin_hetero,separate_gp,haei,0.5,10,30,ok,50,/data/zhq7531/IDEAL/hetero_lvgp/benchmark/results/branin_hetero/separate_gp/haei_g0.5/nrep10/seed30.npz,branin_hetero/separate_gp/haei_g0.5/nrep10/seed30
branin_hetero,separate_gp,anpei,0.8,3,1,ok,50,/data/zhq7531/IDEAL/hetero_lvgp/benchmark/results/branin_hetero/separate_gp/anpei_b0.8/nrep03/seed01.npz,branin_hetero/separate_gp/anpei_b0.8/nrep03/seed01
branin_hetero,separate_gp,anpei,0.8,3,2,ok,50,/data/zhq7531/IDEAL/hetero_lvgp/benchmark/results/branin_hetero/separate_gp/anpei_b0.8/nrep03/seed02.npz,branin_hetero/separate_gp/anpei_b0.8/nrep03/seed02
branin_hetero,separate_gp,anpei,0.8,3,3,ok,50,/data/zhq7531/IDEAL/hetero_lvgp/benchmark/results/branin_hetero/separate_gp/anpei_b0.8/nrep03/seed03.npz,branin_hetero/separate_gp/anpei_b0.8/nrep03/seed03
branin_hetero,separate_gp,anpei,0.8,3,4,ok,50,/data/zhq7531/IDEAL/hetero_lvgp/benchmark/results/branin_hetero/separate_gp/anpei_b0.8/nrep03/seed04.npz,branin_hetero/separate_gp/anpei_b0.8/nrep03/seed04
branin_hetero,separate_gp,anpei,0.8,3,5,ok,50,/data/zhq7531/IDEAL/hetero_lvgp/benchmark/results/branin_hetero/separate_gp/anpei_b0.8/nrep03/seed05.npz,branin_hetero/separate_gp/anpei_b0.8/nrep03/seed05
branin_hetero,separate_gp,anpei,0.8,3,6,ok,50,/data/zhq7531/IDEAL/hetero_lvgp/benchmark/results/branin_hetero/separate_gp/anpei_b0.8/nrep03/seed06.npz,branin_hetero/separate_gp/anpei_b0.8/nrep03/seed06
branin_hetero,separate_gp,anpei,0.8,3,7,ok,50,/data/zhq7531/IDEAL/hetero_lvgp/benchmark/results/branin_hetero/separate_gp/anpei_b0.8/nrep03/seed07.npz,branin_hetero/separate_gp/anpei_b0.8/nrep03/seed07
branin_hetero,separate_gp,anpei,0.8,3,8,ok,50,/data/zhq7531/IDEAL/hetero_lvgp/benchmark/results/branin_hetero/separate_gp/anpei_b0.8/nrep03/seed08.npz,branin_hetero/separate_gp/anpei_b0.8/nrep03/seed08
branin_hetero,separate_gp,anpei,0.8,3,9,ok,50,/data/zhq7531/IDEAL/hetero_lvgp/benchmark/results/branin_hetero/separate_gp/anpei_b0.8/nrep03/seed09.npz,branin_hetero/separate_gp/anpei_b0.8/nrep03/seed09
branin_hetero,separate_gp,anpei,0.8,3,10,ok,50,/data/zhq7531/IDEAL/hetero_lvgp/benchmark/results/branin_hetero/separate_gp/anpei_b0.8/nrep03/seed10.npz,branin_hetero/separate_gp/anpei_b0.8/nrep03/seed10
branin_hetero,separate_gp,anpei,0.8,3,11,ok,50,/data/zhq7531/IDEAL/hetero_lvgp/benchmark/results/branin_hetero/separate_gp/anpei_b0.8/nrep03/seed11.npz,branin_hetero/separate_gp/anpei_b0.8/nrep03/seed11
branin_hetero,separate_gp,anpei,0.8,3,12,ok,50,/data/zhq7531/IDEAL/hetero_lvgp/benchmark/results/branin_hetero/separate_gp/anpei_b0.8/nrep03/seed12.npz,branin_hetero/separate_gp/anpei_b0.8/nrep03/seed12
branin_hetero,separate_gp,anpei,0.8,3,13,ok,50,/data/zhq7531/IDEAL/hetero_lvgp/benchmark/results/branin_hetero/separate_gp/anpei_b0.8/nrep03/seed13.npz,branin_hetero/separate_gp/anpei_b0.8/nrep03/seed13
branin_hetero,separate_gp,anpei,0.8,3,14,ok,50,/data/zhq7531/IDEAL/hetero_lvgp/benchmark/results/branin_hetero/separate_gp/anpei_b0.8/nrep03/seed14.npz,branin_hetero/separate_gp/anpei_b0.8/nrep03/seed14
branin_hetero,separate_gp,anpei,0.8,3,15,ok,50,/data/zhq7531/IDEAL/hetero_lvgp/benchmark/results/branin_hetero/separate_gp/anpei_b0.8/nrep03/seed15.npz,branin_hetero/separate_gp/anpei_b0.8/nrep03/seed15
branin_hetero,separate_gp,anpei,0.8,3,16,ok,50,/data/zhq7531/IDEAL/hetero_lvgp/benchmark/results/branin_hetero/separate_gp/anpei_b0.8/nrep03/seed16.npz,branin_hetero/separate_gp/anpei_b0.8/nrep03/seed16
branin_hetero,separate_gp,anpei,0.8,3,17,ok,50,/data/zhq7531/IDEAL/hetero_lvgp/benchmark/results/branin_hetero/separate_gp/anpei_b0.8/nrep03/seed17.npz,branin_hetero/separate_gp/anpei_b0.8/nrep03/seed17
branin_hetero,separate_gp,anpei,0.8,3,18,ok,50,/data/zhq7531/IDEAL/hetero_lvgp/benchmark/results/branin_hetero/separate_gp/anpei_b0.8/nrep03/seed18.npz,branin_hetero/separate_gp/anpei_b0.8/nrep03/seed18
branin_hetero,separate_gp,anpei,0.8,3,19,ok,50,/data/zhq7531/IDEAL/hetero_lvgp/benchmark/results/branin_hetero/separate_gp/anpei_b0.8/nrep03/seed19.npz,branin_hetero/separate_gp/anpei_b0.8/nrep03/seed19
branin_hetero,separate_gp,anpei,0.8,3,20,ok,50,/data/zhq7531/IDEAL/hetero_lvgp/benchmark/results/branin_hetero/separate_gp/anpei_b0.8/nrep03/seed20.npz,branin_hetero/separate_gp/anpei_b0.8/nrep03/seed20
branin_hetero,separate_gp,anpei,0.8,3,21,ok,50,/data/zhq7531/IDEAL/hetero_lvgp/benchmark/results/branin_hetero/separate_gp/anpei_b0.8/nrep03/seed21.npz,branin_hetero/separate_gp/anpei_b0.8/nrep03/seed21
branin_hetero,separate_gp,anpei,0.8,3,22,ok,50,/data/zhq7531/IDEAL/hetero_lvgp/benchmark/results/branin_hetero/separate_gp/anpei_b0.8/nrep03/seed22.npz,branin_hetero/separate_gp/anpei_b0.8/nrep03/seed22
branin_hetero,separate_gp,anpei,0.8,3,23,ok,50,/data/zhq7531/IDEAL/hetero_lvgp/benchmark/results/branin_hetero/separate_gp/anpei_b0.8/nrep03/seed23.npz,branin_hetero/separate_gp/anpei_b0.8/nrep03/seed23
branin_hetero,separate_gp,anpei,0.8,3,24,ok,50,/data/zhq7531/IDEAL/hetero_lvgp/benchmark/results/branin_hetero/separate_gp/anpei_b0.8/nrep03/seed24.npz,branin_hetero/separate_gp/anpei_b0.8/nrep03/seed24
branin_hetero,separate_gp,anpei,0.8,3,25,ok,50,/data/zhq7531/IDEAL/hetero_lvgp/benchmark/results/branin_hetero/separate_gp/anpei_b0.8/nrep03/seed25.npz,branin_hetero/separate_gp/anpei_b0.8/nrep03/seed25
branin_hetero,separate_gp,anpei,0.8,3,26,ok,50,/data/zhq7531/IDEAL/hetero_lvgp/benchmark/results/branin_hetero/separate_gp/anpei_b0.8/nrep03/seed26.npz,branin_hetero/separate_gp/anpei_b0.8/nrep03/seed26
branin_hetero,separate_gp,anpei,0.8,3,27,ok,50,/data/zhq7531/IDEAL/hetero_lvgp/benchmark/results/branin_hetero/separate_gp/anpei_b0.8/nrep03/seed27.npz,branin_hetero/separate_gp/anpei_b0.8/nrep03/seed27
branin_hetero,separate_gp,anpei,0.8,3,28,ok,50,/data/zhq7531/IDEAL/hetero_lvgp/benchmark/results/branin_hetero/separate_gp/anpei_b0.8/nrep03/seed28.npz,branin_hetero/separate_gp/anpei_b0.8/nrep03/seed28
branin_hetero,separate_gp,anpei,0.8,3,29,ok,50,/data/zhq7531/IDEAL/hetero_lvgp/benchmark/results/branin_hetero/separate_gp/anpei_b0.8/nrep03/seed29.npz,branin_hetero/separate_gp/anpei_b0.8/nrep03/seed29
branin_hetero,separate_gp,anpei,0.8,3,30,ok,50,/data/zhq7531/IDEAL/hetero_lvgp/benchmark/results/branin_hetero/separate_gp/anpei_b0.8/nrep03/seed30.npz,branin_hetero/separate_gp/anpei_b0.8/nrep03/seed30
branin_hetero,separate_gp,anpei,0.8,10,1,ok,50,/data/zhq7531/IDEAL/hetero_lvgp/benchmark/results/branin_hetero/separate_gp/anpei_b0.8/nrep10/seed01.npz,branin_hetero/separate_gp/anpei_b0.8/nrep10/seed01
branin_hetero,separate_gp,anpei,0.8,10,2,ok,50,/data/zhq7531/IDEAL/hetero_lvgp/benchmark/results/branin_hetero/separate_gp/anpei_b0.8/nrep10/seed02.npz,branin_hetero/separate_gp/anpei_b0.8/nrep10/seed02
branin_hetero,separate_gp,anpei,0.8,10,3,ok,50,/data/zhq7531/IDEAL/hetero_lvgp/benchmark/results/branin_hetero/separate_gp/anpei_b0.8/nrep10/seed03.npz,branin_hetero/separate_gp/anpei_b0.8/nrep10/seed03
branin_hetero,separate_gp,anpei,0.8,10,4,ok,50,/data/zhq7531/IDEAL/hetero_lvgp/benchmark/results/branin_hetero/separate_gp/anpei_b0.8/nrep10/seed04.npz,branin_hetero/separate_gp/anpei_b0.8/nrep10/seed04
branin_hetero,separate_gp,anpei,0.8,10,5,ok,50,/data/zhq7531/IDEAL/hetero_lvgp/benchmark/results/branin_hetero/separate_gp/anpei_b0.8/nrep10/seed05.npz,branin_hetero/separate_gp/anpei_b0.8/nrep10/seed05
branin_hetero,separate_gp,anpei,0.8,10,6,ok,50,/data/zhq7531/IDEAL/hetero_lvgp/benchmark/results/branin_hetero/separate_gp/anpei_b0.8/nrep10/seed06.npz,branin_hetero/separate_gp/anpei_b0.8/nrep10/seed06
branin_hetero,separate_gp,anpei,0.8,10,7,ok,50,/data/zhq7531/IDEAL/hetero_lvgp/benchmark/results/branin_hetero/separate_gp/anpei_b0.8/nrep10/seed07.npz,branin_hetero/separate_gp/anpei_b0.8/nrep10/seed07
branin_hetero,separate_gp,anpei,0.8,10,8,ok,50,/data/zhq7531/IDEAL/hetero_lvgp/benchmark/results/branin_hetero/separate_gp/anpei_b0.8/nrep10/seed08.npz,branin_hetero/separate_gp/anpei_b0.8/nrep10/seed08
branin_hetero,separate_gp,anpei,0.8,10,9,ok,50,/data/zhq7531/IDEAL/hetero_lvgp/benchmark/results/branin_hetero/separate_gp/anpei_b0.8/nrep10/seed09.npz,branin_hetero/separate_gp/anpei_b0.8/nrep10/seed09
branin_hetero,separate_gp,anpei,0.8,10,10,ok,50,/data/zhq7531/IDEAL/hetero_lvgp/benchmark/results/branin_hetero/separate_gp/anpei_b0.8/nrep10/seed10.npz,branin_hetero/separate_gp/anpei_b0.8/nrep10/seed10
branin_hetero,separate_gp,anpei,0.8,10,11,ok,50,/data/zhq7531/IDEAL/hetero_lvgp/benchmark/results/branin_hetero/separate_gp/anpei_b0.8/nrep10/seed11.npz,branin_hetero/separate_gp/anpei_b0.8/nrep10/seed11
branin_hetero,separate_gp,anpei,0.8,10,12,ok,50,/data/zhq7531/IDEAL/hetero_lvgp/benchmark/results/branin_hetero/separate_gp/anpei_b0.8/nrep10/seed12.npz,branin_hetero/separate_gp/anpei_b0.8/nrep10/seed12
branin_hetero,separate_gp,anpei,0.8,10,13,ok,50,/data/zhq7531/IDEAL/hetero_lvgp/benchmark/results/branin_hetero/separate_gp/anpei_b0.8/nrep10/seed13.npz,branin_hetero/separate_gp/anpei_b0.8/nrep10/seed13
branin_hetero,separate_gp,anpei,0.8,10,14,ok,50,/data/zhq7531/IDEAL/hetero_lvgp/benchmark/results/branin_hetero/separate_gp/anpei_b0.8/nrep10/seed14.npz,branin_hetero/separate_gp/anpei_b0.8/nrep10/seed14
branin_hetero,separate_gp,anpei,0.8,10,15,ok,50,/data/zhq7531/IDEAL/hetero_lvgp/benchmark/results/branin_hetero/separate_gp/anpei_b0.8/nrep10/seed15.npz,branin_hetero/separate_gp/anpei_b0.8/nrep10/seed15
branin_hetero,separate_gp,anpei,0.8,10,16,ok,50,/data/zhq7531/IDEAL/hetero_lvgp/benchmark/results/branin_hetero/separate_gp/anpei_b0.8/nrep10/seed16.npz,branin_hetero/separate_gp/anpei_b0.8/nrep10/seed16
branin_hetero,separate_gp,anpei,0.8,10,17,ok,50,/data/zhq7531/IDEAL/hetero_lvgp/benchmark/results/branin_hetero/separate_gp/anpei_b0.8/nrep10/seed17.npz,branin_hetero/separate_gp/anpei_b0.8/nrep10/seed17
branin_hetero,separate_gp,anpei,0.8,10,18,ok,50,/data/zhq7531/IDEAL/hetero_lvgp/benchmark/results/branin_hetero/separate_gp/anpei_b0.8/nrep10/seed18.npz,branin_hetero/separate_gp/anpei_b0.8/nrep10/seed18
branin_hetero,separate_gp,anpei,0.8,10,19,ok,50,/data/zhq7531/IDEAL/hetero_lvgp/benchmark/results/branin_hetero/separate_gp/anpei_b0.8/nrep10/seed19.npz,branin_hetero/separate_gp/anpei_b0.8/nrep10/seed19
branin_hetero,separate_gp,anpei,0.8,10,20,ok,50,/data/zhq7531/IDEAL/hetero_lvgp/benchmark/results/branin_hetero/separate_gp/anpei_b0.8/nrep10/seed20.npz,branin_hetero/separate_gp/anpei_b0.8/nrep10/seed20
branin_hetero,separate_gp,anpei,0.8,10,21,ok,50,/data/zhq7531/IDEAL/hetero_lvgp/benchmark/results/branin_hetero/separate_gp/anpei_b0.8/nrep10/seed21.npz,branin_hetero/separate_gp/anpei_b0.8/nrep10/seed21
branin_hetero,separate_gp,anpei,0.8,10,22,ok,50,/data/zhq7531/IDEAL/hetero_lvgp/benchmark/results/branin_hetero/separate_gp/anpei_b0.8/nrep10/seed22.npz,branin_hetero/separate_gp/anpei_b0.8/nrep10/seed22
branin_hetero,separate_gp,anpei,0.8,10,23,ok,50,/data/zhq7531/IDEAL/hetero_lvgp/benchmark/results/branin_hetero/separate_gp/anpei_b0.8/nrep10/seed23.npz,branin_hetero/separate_gp/anpei_b0.8/nrep10/seed23
branin_hetero,separate_gp,anpei,0.8,10,24,ok,50,/data/zhq7531/IDEAL/hetero_lvgp/benchmark/results/branin_hetero/separate_gp/anpei_b0.8/nrep10/seed24.npz,branin_hetero/separate_gp/anpei_b0.8/nrep10/seed24
branin_hetero,separate_gp,anpei,0.8,10,25,ok,50,/data/zhq7531/IDEAL/hetero_lvgp/benchmark/results/branin_hetero/separate_gp/anpei_b0.8/nrep10/seed25.npz,branin_hetero/separate_gp/anpei_b0.8/nrep10/seed25
branin_hetero,separate_gp,anpei,0.8,10,26,ok,50,/data/zhq7531/IDEAL/hetero_lvgp/benchmark/results/branin_hetero/separate_gp/anpei_b0.8/nrep10/seed26.npz,branin_hetero/separate_gp/anpei_b0.8/nrep10/seed26
branin_hetero,separate_gp,anpei,0.8,10,27,ok,50,/data/zhq7531/IDEAL/hetero_lvgp/benchmark/results/branin_hetero/separate_gp/anpei_b0.8/nrep10/seed27.npz,branin_hetero/separate_gp/anpei_b0.8/nrep10/seed27
branin_hetero,separate_gp,anpei,0.8,10,28,ok,50,/data/zhq7531/IDEAL/hetero_lvgp/benchmark/results/branin_hetero/separate_gp/anpei_b0.8/nrep10/seed28.npz,branin_hetero/separate_gp/anpei_b0.8/nrep10/seed28
branin_hetero,separate_gp,anpei,0.8,10,29,ok,50,/data/zhq7531/IDEAL/hetero_lvgp/benchmark/results/branin_hetero/separate_gp/anpei_b0.8/nrep10/seed29.npz,branin_hetero/separate_gp/anpei_b0.8/nrep10/seed29
branin_hetero,separate_gp,anpei,0.8,10,30,ok,50,/data/zhq7531/IDEAL/hetero_lvgp/benchmark/results/branin_hetero/separate_gp/anpei_b0.8/nrep10/seed30.npz,branin_hetero/separate_gp/anpei_b0.8/nrep10/seed30
branin_hetero,separate_gp,rahbo,0.5,3,1,ok,50,/data/zhq7531/IDEAL/hetero_lvgp/benchmark/results/branin_hetero/separate_gp/rahbo_a0.5/nrep03/seed01.npz,branin_hetero/separate_gp/rahbo_a0.5/nrep03/seed01
branin_hetero,separate_gp,rahbo,0.5,3,2,ok,50,/data/zhq7531/IDEAL/hetero_lvgp/benchmark/results/branin_hetero/separate_gp/rahbo_a0.5/nrep03/seed02.npz,branin_hetero/separate_gp/rahbo_a0.5/nrep03/seed02
branin_hetero,separate_gp,rahbo,0.5,3,3,ok,50,/data/zhq7531/IDEAL/hetero_lvgp/benchmark/results/branin_hetero/separate_gp/rahbo_a0.5/nrep03/seed03.npz,branin_hetero/separate_gp/rahbo_a0.5/nrep03/seed03
branin_hetero,separate_gp,rahbo,0.5,3,4,ok,50,/data/zhq7531/IDEAL/hetero_lvgp/benchmark/results/branin_hetero/separate_gp/rahbo_a0.5/nrep03/seed04.npz,branin_hetero/separate_gp/rahbo_a0.5/nrep03/seed04
branin_hetero,separate_gp,rahbo,0.5,3,5,ok,50,/data/zhq7531/IDEAL/hetero_lvgp/benchmark/results/branin_hetero/separate_gp/rahbo_a0.5/nrep03/seed05.npz,branin_hetero/separate_gp/rahbo_a0.5/nrep03/seed05
branin_hetero,separate_gp,rahbo,0.5,3,6,ok,50,/data/zhq7531/IDEAL/hetero_lvgp/benchmark/results/branin_hetero/separate_gp/rahbo_a0.5/nrep03/seed06.npz,branin_hetero/separate_gp/rahbo_a0.5/nrep03/seed06
branin_hetero,separate_gp,rahbo,0.5,3,7,ok,50,/data/zhq7531/IDEAL/hetero_lvgp/benchmark/results/branin_hetero/separate_gp/rahbo_a0.5/nrep03/seed07.npz,branin_hetero/separate_gp/rahbo_a0.5/nrep03/seed07
branin_hetero,separate_gp,rahbo,0.5,3,8,ok,50,/data/zhq7531/IDEAL/hetero_lvgp/benchmark/results/branin_hetero/separate_gp/rahbo_a0.5/nrep03/seed08.npz,branin_hetero/separate_gp/rahbo_a0.5/nrep03/seed08
branin_hetero,separate_gp,rahbo,0.5,3,9,ok,50,/data/zhq7531/IDEAL/hetero_lvgp/benchmark/results/branin_hetero/separate_gp/rahbo_a0.5/nrep03/seed09.npz,branin_hetero/separate_gp/rahbo_a0.5/nrep03/seed09
branin_hetero,separate_gp,rahbo,0.5,3,10,ok,50,/data/zhq7531/IDEAL/hetero_lvgp/benchmark/results/branin_hetero/separate_gp/rahbo_a0.5/nrep03/seed10.npz,branin_hetero/separate_gp/rahbo_a0.5/nrep03/seed10
branin_hetero,separate_gp,rahbo,0.5,3,11,ok,50,/data/zhq7531/IDEAL/hetero_lvgp/benchmark/results/branin_hetero/separate_gp/rahbo_a0.5/nrep03/seed11.npz,branin_hetero/separate_gp/rahbo_a0.5/nrep03/seed11
branin_hetero,separate_gp,rahbo,0.5,3,12,ok,50,/data/zhq7531/IDEAL/hetero_lvgp/benchmark/results/branin_hetero/separate_gp/rahbo_a0.5/nrep03/seed12.npz,branin_hetero/separate_gp/rahbo_a0.5/nrep03/seed12
branin_hetero,separate_gp,rahbo,0.5,3,13,ok,50,/data/zhq7531/IDEAL/hetero_lvgp/benchmark/results/branin_hetero/separate_gp/rahbo_a0.5/nrep03/seed13.npz,branin_hetero/separate_gp/rahbo_a0.5/nrep03/seed13
branin_hetero,separate_gp,rahbo,0.5,3,14,ok,50,/data/zhq7531/IDEAL/hetero_lvgp/benchmark/results/branin_hetero/separate_gp/rahbo_a0.5/nrep03/seed14.npz,branin_hetero/separate_gp/rahbo_a0.5/nrep03/seed14
branin_hetero,separate_gp,rahbo,0.5,3,15,ok,50,/data/zhq7531/IDEAL/hetero_lvgp/benchmark/results/branin_hetero/separate_gp/rahbo_a0.5/nrep03/seed15.npz,branin_hetero/separate_gp/rahbo_a0.5/nrep03/seed15
branin_hetero,separate_gp,rahbo,0.5,3,16,ok,50,/data/zhq7531/IDEAL/hetero_lvgp/benchmark/results/branin_hetero/separate_gp/rahbo_a0.5/nrep03/seed16.npz,branin_hetero/separate_gp/rahbo_a0.5/nrep03/seed16
branin_hetero,separate_gp,rahbo,0.5,3,17,ok,50,/data/zhq7531/IDEAL/hetero_lvgp/benchmark/results/branin_hetero/separate_gp/rahbo_a0.5/nrep03/seed17.npz,branin_hetero/separate_gp/rahbo_a0.5/nrep03/seed17
branin_hetero,separate_gp,rahbo,0.5,3,18,ok,50,/data/zhq7531/IDEAL/hetero_lvgp/benchmark/results/branin_hetero/separate_gp/rahbo_a0.5/nrep03/seed18.npz,branin_hetero/separate_gp/rahbo_a0.5/nrep03/seed18
branin_hetero,separate_gp,rahbo,0.5,3,19,ok,50,/data/zhq7531/IDEAL/hetero_lvgp/benchmark/results/branin_hetero/separate_gp/rahbo_a0.5/nrep03/seed19.npz,branin_hetero/separate_gp/rahbo_a0.5/nrep03/seed19
branin_hetero,separate_gp,rahbo,0.5,3,20,ok,50,/data/zhq7531/IDEAL/hetero_lvgp/benchmark/results/branin_hetero/separate_gp/rahbo_a0.5/nrep03/seed20.npz,branin_hetero/separate_gp/rahbo_a0.5/nrep03/seed20
branin_hetero,separate_gp,rahbo,0.5,3,21,ok,50,/data/zhq7531/IDEAL/hetero_lvgp/benchmark/results/branin_hetero/separate_gp/rahbo_a0.5/nrep03/seed21.npz,branin_hetero/separate_gp/rahbo_a0.5/nrep03/seed21
branin_hetero,separate_gp,rahbo,0.5,3,22,ok,50,/data/zhq7531/IDEAL/hetero_lvgp/benchmark/results/branin_hetero/separate_gp/rahbo_a0.5/nrep03/seed22.npz,branin_hetero/separate_gp/rahbo_a0.5/nrep03/seed22
branin_hetero,separate_gp,rahbo,0.5,3,23,ok,50,/data/zhq7531/IDEAL/hetero_lvgp/benchmark/results/branin_hetero/separate_gp/rahbo_a0.5/nrep03/seed23.npz,branin_hetero/separate_gp/rahbo_a0.5/nrep03/seed23
branin_hetero,separate_gp,rahbo,0.5,3,24,ok,50,/data/zhq7531/IDEAL/hetero_lvgp/benchmark/results/branin_hetero/separate_gp/rahbo_a0.5/nrep03/seed24.npz,branin_hetero/separate_gp/rahbo_a0.5/nrep03/seed24
branin_hetero,separate_gp,rahbo,0.5,3,25,ok,50,/data/zhq7531/IDEAL/hetero_lvgp/benchmark/results/branin_hetero/separate_gp/rahbo_a0.5/nrep03/seed25.npz,branin_hetero/separate_gp/rahbo_a0.5/nrep03/seed25
branin_hetero,separate_gp,rahbo,0.5,3,26,ok,50,/data/zhq7531/IDEAL/hetero_lvgp/benchmark/results/branin_hetero/separate_gp/rahbo_a0.5/nrep03/seed26.npz,branin_hetero/separate_gp/rahbo_a0.5/nrep03/seed26
branin_hetero,separate_gp,rahbo,0.5,3,27,ok,50,/data/zhq7531/IDEAL/hetero_lvgp/benchmark/results/branin_hetero/separate_gp/rahbo_a0.5/nrep03/seed27.npz,branin_hetero/separate_gp/rahbo_a0.5/nrep03/seed27
branin_hetero,separate_gp,rahbo,0.5,3,28,ok,50,/data/zhq7531/IDEAL/hetero_lvgp/benchmark/results/branin_hetero/separate_gp/rahbo_a0.5/nrep03/seed28.npz,branin_hetero/separate_gp/rahbo_a0.5/nrep03/seed28
branin_hetero,separate_gp,rahbo,0.5,3,29,ok,50,/data/zhq7531/IDEAL/hetero_lvgp/benchmark/results/branin_hetero/separate_gp/rahbo_a0.5/nrep03/seed29.npz,branin_hetero/separate_gp/rahbo_a0.5/nrep03/seed29
branin_hetero,separate_gp,rahbo,0.5,3,30,ok,50,/data/zhq7531/IDEAL/hetero_lvgp/benchmark/results/branin_hetero/separate_gp/rahbo_a0.5/nrep03/seed30.npz,branin_hetero/separate_gp/rahbo_a0.5/nrep03/seed30
branin_hetero,separate_gp,rahbo,0.5,10,1,ok,50,/data/zhq7531/IDEAL/hetero_lvgp/benchmark/results/branin_hetero/separate_gp/rahbo_a0.5/nrep10/seed01.npz,branin_hetero/separate_gp/rahbo_a0.5/nrep10/seed01
branin_hetero,separate_gp,rahbo,0.5,10,2,ok,50,/data/zhq7531/IDEAL/hetero_lvgp/benchmark/results/branin_hetero/separate_gp/rahbo_a0.5/nrep10/seed02.npz,branin_hetero/separate_gp/rahbo_a0.5/nrep10/seed02
branin_hetero,separate_gp,rahbo,0.5,10,3,ok,50,/data/zhq7531/IDEAL/hetero_lvgp/benchmark/results/branin_hetero/separate_gp/rahbo_a0.5/nrep10/seed03.npz,branin_hetero/separate_gp/rahbo_a0.5/nrep10/seed03
branin_hetero,separate_gp,rahbo,0.5,10,4,ok,50,/data/zhq7531/IDEAL/hetero_lvgp/benchmark/results/branin_hetero/separate_gp/rahbo_a0.5/nrep10/seed04.npz,branin_hetero/separate_gp/rahbo_a0.5/nrep10/seed04
branin_hetero,separate_gp,rahbo,0.5,10,5,ok,50,/data/zhq7531/IDEAL/hetero_lvgp/benchmark/results/branin_hetero/separate_gp/rahbo_a0.5/nrep10/seed05.npz,branin_hetero/separate_gp/rahbo_a0.5/nrep10/seed05
branin_hetero,separate_gp,rahbo,0.5,10,6,ok,50,/data/zhq7531/IDEAL/hetero_lvgp/benchmark/results/branin_hetero/separate_gp/rahbo_a0.5/nrep10/seed06.npz,branin_hetero/separate_gp/rahbo_a0.5/nrep10/seed06
branin_hetero,separate_gp,rahbo,0.5,10,7,ok,50,/data/zhq7531/IDEAL/hetero_lvgp/benchmark/results/branin_hetero/separate_gp/rahbo_a0.5/nrep10/seed07.npz,branin_hetero/separate_gp/rahbo_a0.5/nrep10/seed07
branin_hetero,separate_gp,rahbo,0.5,10,8,ok,50,/data/zhq7531/IDEAL/hetero_lvgp/benchmark/results/branin_hetero/separate_gp/rahbo_a0.5/nrep10/seed08.npz,branin_hetero/separate_gp/rahbo_a0.5/nrep10/seed08
branin_hetero,separate_gp,rahbo,0.5,10,9,ok,50,/data/zhq7531/IDEAL/hetero_lvgp/benchmark/results/branin_hetero/separate_gp/rahbo_a0.5/nrep10/seed09.npz,branin_hetero/separate_gp/rahbo_a0.5/nrep10/seed09
branin_hetero,separate_gp,rahbo,0.5,10,10,ok,50,/data/zhq7531/IDEAL/hetero_lvgp/benchmark/results/branin_hetero/separate_gp/rahbo_a0.5/nrep10/seed10.npz,branin_hetero/separate_gp/rahbo_a0.5/nrep10/seed10
branin_hetero,separate_gp,rahbo,0.5,10,11,ok,50,/data/zhq7531/IDEAL/hetero_lvgp/benchmark/results/branin_hetero/separate_gp/rahbo_a0.5/nrep10/seed11.npz,branin_hetero/separate_gp/rahbo_a0.5/nrep10/seed11
branin_hetero,separate_gp,rahbo,0.5,10,12,ok,50,/data/zhq7531/IDEAL/hetero_lvgp/benchmark/results/branin_hetero/separate_gp/rahbo_a0.5/nrep10/seed12.npz,branin_hetero/separate_gp/rahbo_a0.5/nrep10/seed12
branin_hetero,separate_gp,rahbo,0.5,10,13,ok,50,/data/zhq7531/IDEAL/hetero_lvgp/benchmark/results/branin_hetero/separate_gp/rahbo_a0.5/nrep10/seed13.npz,branin_hetero/separate_gp/rahbo_a0.5/nrep10/seed13
branin_hetero,separate_gp,rahbo,0.5,10,14,ok,50,/data/zhq7531/IDEAL/hetero_lvgp/benchmark/results/branin_hetero/separate_gp/rahbo_a0.5/nrep10/seed14.npz,branin_hetero/separate_gp/rahbo_a0.5/nrep10/seed14
branin_hetero,separate_gp,rahbo,0.5,10,15,ok,50,/data/zhq7531/IDEAL/hetero_lvgp/benchmark/results/branin_hetero/separate_gp/rahbo_a0.5/nrep10/seed15.npz,branin_hetero/separate_gp/rahbo_a0.5/nrep10/seed15
branin_hetero,separate_gp,rahbo,0.5,10,16,ok,50,/data/zhq7531/IDEAL/hetero_lvgp/benchmark/results/branin_hetero/separate_gp/rahbo_a0.5/nrep10/seed16.npz,branin_hetero/separate_gp/rahbo_a0.5/nrep10/seed16
branin_hetero,separate_gp,rahbo,0.5,10,17,ok,50,/data/zhq7531/IDEAL/hetero_lvgp/benchmark/results/branin_hetero/separate_gp/rahbo_a0.5/nrep10/seed17.npz,branin_hetero/separate_gp/rahbo_a0.5/nrep10/seed17
branin_hetero,separate_gp,rahbo,0.5,10,18,ok,50,/data/zhq7531/IDEAL/hetero_lvgp/benchmark/results/branin_hetero/separate_gp/rahbo_a0.5/nrep10/seed18.npz,branin_hetero/separate_gp/rahbo_a0.5/nrep10/seed18
branin_hetero,separate_gp,rahbo,0.5,10,19,ok,50,/data/zhq7531/IDEAL/hetero_lvgp/benchmark/results/branin_hetero/separate_gp/rahbo_a0.5/nrep10/seed19.npz,branin_hetero/separate_gp/rahbo_a0.5/nrep10/seed19
branin_hetero,separate_gp,rahbo,0.5,10,20,ok,50,/data/zhq7531/IDEAL/hetero_lvgp/benchmark/results/branin_hetero/separate_gp/rahbo_a0.5/nrep10/seed20.npz,branin_hetero/separate_gp/rahbo_a0.5/nrep10/seed20
branin_hetero,separate_gp,rahbo,0.5,10,21,ok,50,/data/zhq7531/IDEAL/hetero_lvgp/benchmark/results/branin_hetero/separate_gp/rahbo_a0.5/nrep10/seed21.npz,branin_hetero/separate_gp/rahbo_a0.5/nrep10/seed21
branin_hetero,separate_gp,rahbo,0.5,10,22,ok,50,/data/zhq7531/IDEAL/hetero_lvgp/benchmark/results/branin_hetero/separate_gp/rahbo_a0.5/nrep10/seed22.npz,branin_hetero/separate_gp/rahbo_a0.5/nrep10/seed22
branin_hetero,separate_gp,rahbo,0.5,10,23,ok,50,/data/zhq7531/IDEAL/hetero_lvgp/benchmark/results/branin_hetero/separate_gp/rahbo_a0.5/nrep10/seed23.npz,branin_hetero/separate_gp/rahbo_a0.5/nrep10/seed23
branin_hetero,separate_gp,rahbo,0.5,10,24,ok,50,/data/zhq7531/IDEAL/hetero_lvgp/benchmark/results/branin_hetero/separate_gp/rahbo_a0.5/nrep10/seed24.npz,branin_hetero/separate_gp/rahbo_a0.5/nrep10/seed24
branin_hetero,separate_gp,rahbo,0.5,10,25,ok,50,/data/zhq7531/IDEAL/hetero_lvgp/benchmark/results/branin_hetero/separate_gp/rahbo_a0.5/nrep10/seed25.npz,branin_hetero/separate_gp/rahbo_a0.5/nrep10/seed25
branin_hetero,separate_gp,rahbo,0.5,10,26,ok,50,/data/zhq7531/IDEAL/hetero_lvgp/benchmark/results/branin_hetero/separate_gp/rahbo_a0.5/nrep10/seed26.npz,branin_hetero/separate_gp/rahbo_a0.5/nrep10/seed26
branin_hetero,separate_gp,rahbo,0.5,10,27,ok,50,/data/zhq7531/IDEAL/hetero_lvgp/benchmark/results/branin_hetero/separate_gp/rahbo_a0.5/nrep10/seed27.npz,branin_hetero/separate_gp/rahbo_a0.5/nrep10/seed27
branin_hetero,separate_gp,rahbo,0.5,10,28,ok,50,/data/zhq7531/IDEAL/hetero_lvgp/benchmark/results/branin_hetero/separate_gp/rahbo_a0.5/nrep10/seed28.npz,branin_hetero/separate_gp/rahbo_a0.5/nrep10/seed28
branin_hetero,separate_gp,rahbo,0.5,10,29,ok,50,/data/zhq7531/IDEAL/hetero_lvgp/benchmark/results/branin_hetero/separate_gp/rahbo_a0.5/nrep10/seed29.npz,branin_hetero/separate_gp/rahbo_a0.5/nrep10/seed29
branin_hetero,separate_gp,rahbo,0.5,10,30,ok,50,/data/zhq7531/IDEAL/hetero_lvgp/benchmark/results/branin_hetero/separate_gp/rahbo_a0.5/nrep10/seed30.npz,branin_hetero/separate_gp/rahbo_a0.5/nrep10/seed30
branin_hetero,categorical_kernel,lcb,,3,1,ok,50,/data/zhq7531/IDEAL/hetero_lvgp/benchmark/results/branin_hetero/categorical_kernel/lcb/nrep03/seed01.npz,branin_hetero/categorical_kernel/lcb/nrep03/seed01
branin_hetero,categorical_kernel,lcb,,3,2,ok,50,/data/zhq7531/IDEAL/hetero_lvgp/benchmark/results/branin_hetero/categorical_kernel/lcb/nrep03/seed02.npz,branin_hetero/categorical_kernel/lcb/nrep03/seed02
branin_hetero,categorical_kernel,lcb,,3,3,ok,50,/data/zhq7531/IDEAL/hetero_lvgp/benchmark/results/branin_hetero/categorical_kernel/lcb/nrep03/seed03.npz,branin_hetero/categorical_kernel/lcb/nrep03/seed03
branin_hetero,categorical_kernel,lcb,,3,4,ok,50,/data/zhq7531/IDEAL/hetero_lvgp/benchmark/results/branin_hetero/categorical_kernel/lcb/nrep03/seed04.npz,branin_hetero/categorical_kernel/lcb/nrep03/seed04
branin_hetero,categorical_kernel,lcb,,3,5,ok,50,/data/zhq7531/IDEAL/hetero_lvgp/benchmark/results/branin_hetero/categorical_kernel/lcb/nrep03/seed05.npz,branin_hetero/categorical_kernel/lcb/nrep03/seed05
branin_hetero,categorical_kernel,lcb,,3,6,ok,50,/data/zhq7531/IDEAL/hetero_lvgp/benchmark/results/branin_hetero/categorical_kernel/lcb/nrep03/seed06.npz,branin_hetero/categorical_kernel/lcb/nrep03/seed06
branin_hetero,categorical_kernel,lcb,,3,7,ok,50,/data/zhq7531/IDEAL/hetero_lvgp/benchmark/results/branin_hetero/categorical_kernel/lcb/nrep03/seed07.npz,branin_hetero/categorical_kernel/lcb/nrep03/seed07
branin_hetero,categorical_kernel,lcb,,3,8,ok,50,/data/zhq7531/IDEAL/hetero_lvgp/benchmark/results/branin_hetero/categorical_kernel/lcb/nrep03/seed08.npz,branin_hetero/categorical_kernel/lcb/nrep03/seed08
branin_hetero,categorical_kernel,lcb,,3,9,ok,50,/data/zhq7531/IDEAL/hetero_lvgp/benchmark/results/branin_hetero/categorical_kernel/lcb/nrep03/seed09.npz,branin_hetero/categorical_kernel/lcb/nrep03/seed09
branin_hetero,categorical_kernel,lcb,,3,10,ok,50,/data/zhq7531/IDEAL/hetero_lvgp/benchmark/results/branin_hetero/categorical_kernel/lcb/nrep03/seed10.npz,branin_hetero/categorical_kernel/lcb/nrep03/seed10
branin_hetero,categorical_kernel,lcb,,3,11,ok,50,/data/zhq7531/IDEAL/hetero_lvgp/benchmark/results/branin_hetero/categorical_kernel/lcb/nrep03/seed11.npz,branin_hetero/categorical_kernel/lcb/nrep03/seed11
branin_hetero,categorical_kernel,lcb,,3,12,ok,50,/data/zhq7531/IDEAL/hetero_lvgp/benchmark/results/branin_hetero/categorical_kernel/lcb/nrep03/seed12.npz,branin_hetero/categorical_kernel/lcb/nrep03/seed12
branin_hetero,categorical_kernel,lcb,,3,13,ok,50,/data/zhq7531/IDEAL/hetero_lvgp/benchmark/results/branin_hetero/categorical_kernel/lcb/nrep03/seed13.npz,branin_hetero/categorical_kernel/lcb/nrep03/seed13
branin_hetero,categorical_kernel,lcb,,3,14,ok,50,/data/zhq7531/IDEAL/hetero_lvgp/benchmark/results/branin_hetero/categorical_kernel/lcb/nrep03/seed14.npz,branin_hetero/categorical_kernel/lcb/nrep03/seed14
branin_hetero,categorical_kernel,lcb,,3,15,ok,50,/data/zhq7531/IDEAL/hetero_lvgp/benchmark/results/branin_hetero/categorical_kernel/lcb/nrep03/seed15.npz,branin_hetero/categorical_kernel/lcb/nrep03/seed15
branin_hetero,categorical_kernel,lcb,,3,16,ok,50,/data/zhq7531/IDEAL/hetero_lvgp/benchmark/results/branin_hetero/categorical_kernel/lcb/nrep03/seed16.npz,branin_hetero/categorical_kernel/lcb/nrep03/seed16
branin_hetero,categorical_kernel,lcb,,3,17,ok,50,/data/zhq7531/IDEAL/hetero_lvgp/benchmark/results/branin_hetero/categorical_kernel/lcb/nrep03/seed17.npz,branin_hetero/categorical_kernel/lcb/nrep03/seed17
branin_hetero,categorical_kernel,lcb,,3,18,ok,50,/data/zhq7531/IDEAL/hetero_lvgp/benchmark/results/branin_hetero/categorical_kernel/lcb/nrep03/seed18.npz,branin_hetero/categorical_kernel/lcb/nrep03/seed18
branin_hetero,categorical_kernel,lcb,,3,19,ok,50,/data/zhq7531/IDEAL/hetero_lvgp/benchmark/results/branin_hetero/categorical_kernel/lcb/nrep03/seed19.npz,branin_hetero/categorical_kernel/lcb/nrep03/seed19
branin_hetero,categorical_kernel,lcb,,3,20,ok,50,/data/zhq7531/IDEAL/hetero_lvgp/benchmark/results/branin_hetero/categorical_kernel/lcb/nrep03/seed20.npz,branin_hetero/categorical_kernel/lcb/nrep03/seed20
branin_hetero,categorical_kernel,lcb,,3,21,ok,50,/data/zhq7531/IDEAL/hetero_lvgp/benchmark/results/branin_hetero/categorical_kernel/lcb/nrep03/seed21.npz,branin_hetero/categorical_kernel/lcb/nrep03/seed21
branin_hetero,categorical_kernel,lcb,,3,22,ok,50,/data/zhq7531/IDEAL/hetero_lvgp/benchmark/results/branin_hetero/categorical_kernel/lcb/nrep03/seed22.npz,branin_hetero/categorical_kernel/lcb/nrep03/seed22
branin_hetero,categorical_kernel,lcb,,3,23,ok,50,/data/zhq7531/IDEAL/hetero_lvgp/benchmark/results/branin_hetero/categorical_kernel/lcb/nrep03/seed23.npz,branin_hetero/categorical_kernel/lcb/nrep03/seed23
branin_hetero,categorical_kernel,lcb,,3,24,ok,50,/data/zhq7531/IDEAL/hetero_lvgp/benchmark/results/branin_hetero/categorical_kernel/lcb/nrep03/seed24.npz,branin_hetero/categorical_kernel/lcb/nrep03/seed24
branin_hetero,categorical_kernel,lcb,,3,25,ok,50,/data/zhq7531/IDEAL/hetero_lvgp/benchmark/results/branin_hetero/categorical_kernel/lcb/nrep03/seed25.npz,branin_hetero/categorical_kernel/lcb/nrep03/seed25
branin_hetero,categorical_kernel,lcb,,3,26,ok,50,/data/zhq7531/IDEAL/hetero_lvgp/benchmark/results/branin_hetero/categorical_kernel/lcb/nrep03/seed26.npz,branin_hetero/categorical_kernel/lcb/nrep03/seed26
branin_hetero,categorical_kernel,lcb,,3,27,ok,50,/data/zhq7531/IDEAL/hetero_lvgp/benchmark/results/branin_hetero/categorical_kernel/lcb/nrep03/seed27.npz,branin_hetero/categorical_kernel/lcb/nrep03/seed27
branin_hetero,categorical_kernel,lcb,,3,28,ok,50,/data/zhq7531/IDEAL/hetero_lvgp/benchmark/results/branin_hetero/categorical_kernel/lcb/nrep03/seed28.npz,branin_hetero/categorical_kernel/lcb/nrep03/seed28
branin_hetero,categorical_kernel,lcb,,3,29,ok,50,/data/zhq7531/IDEAL/hetero_lvgp/benchmark/results/branin_hetero/categorical_kernel/lcb/nrep03/seed29.npz,branin_hetero/categorical_kernel/lcb/nrep03/seed29
branin_hetero,categorical_kernel,lcb,,3,30,ok,50,/data/zhq7531/IDEAL/hetero_lvgp/benchmark/results/branin_hetero/categorical_kernel/lcb/nrep03/seed30.npz,branin_hetero/categorical_kernel/lcb/nrep03/seed30
branin_hetero,categorical_kernel,lcb,,10,1,ok,50,/data/zhq7531/IDEAL/hetero_lvgp/benchmark/results/branin_hetero/categorical_kernel/lcb/nrep10/seed01.npz,branin_hetero/categorical_kernel/lcb/nrep10/seed01
branin_hetero,categorical_kernel,lcb,,10,2,ok,50,/data/zhq7531/IDEAL/hetero_lvgp/benchmark/results/branin_hetero/categorical_kernel/lcb/nrep10/seed02.npz,branin_hetero/categorical_kernel/lcb/nrep10/seed02
branin_hetero,categorical_kernel,lcb,,10,3,ok,50,/data/zhq7531/IDEAL/hetero_lvgp/benchmark/results/branin_hetero/categorical_kernel/lcb/nrep10/seed03.npz,branin_hetero/categorical_kernel/lcb/nrep10/seed03
branin_hetero,categorical_kernel,lcb,,10,4,ok,50,/data/zhq7531/IDEAL/hetero_lvgp/benchmark/results/branin_hetero/categorical_kernel/lcb/nrep10/seed04.npz,branin_hetero/categorical_kernel/lcb/nrep10/seed04
branin_hetero,categorical_kernel,lcb,,10,5,ok,50,/data/zhq7531/IDEAL/hetero_lvgp/benchmark/results/branin_hetero/categorical_kernel/lcb/nrep10/seed05.npz,branin_hetero/categorical_kernel/lcb/nrep10/seed05
branin_hetero,categorical_kernel,lcb,,10,6,ok,50,/data/zhq7531/IDEAL/hetero_lvgp/benchmark/results/branin_hetero/categorical_kernel/lcb/nrep10/seed06.npz,branin_hetero/categorical_kernel/lcb/nrep10/seed06
branin_hetero,categorical_kernel,lcb,,10,7,ok,50,/data/zhq7531/IDEAL/hetero_lvgp/benchmark/results/branin_hetero/categorical_kernel/lcb/nrep10/seed07.npz,branin_hetero/categorical_kernel/lcb/nrep10/seed07
branin_hetero,categorical_kernel,lcb,,10,8,ok,50,/data/zhq7531/IDEAL/hetero_lvgp/benchmark/results/branin_hetero/categorical_kernel/lcb/nrep10/seed08.npz,branin_hetero/categorical_kernel/lcb/nrep10/seed08
branin_hetero,categorical_kernel,lcb,,10,9,ok,50,/data/zhq7531/IDEAL/hetero_lvgp/benchmark/results/branin_hetero/categorical_kernel/lcb/nrep10/seed09.npz,branin_hetero/categorical_kernel/lcb/nrep10/seed09
branin_hetero,categorical_kernel,lcb,,10,10,ok,50,/data/zhq7531/IDEAL/hetero_lvgp/benchmark/results/branin_hetero/categorical_kernel/lcb/nrep10/seed10.npz,branin_hetero/categorical_kernel/lcb/nrep10/seed10
branin_hetero,categorical_kernel,lcb,,10,11,ok,50,/data/zhq7531/IDEAL/hetero_lvgp/benchmark/results/branin_hetero/categorical_kernel/lcb/nrep10/seed11.npz,branin_hetero/categorical_kernel/lcb/nrep10/seed11
branin_hetero,categorical_kernel,lcb,,10,12,ok,50,/data/zhq7531/IDEAL/hetero_lvgp/benchmark/results/branin_hetero/categorical_kernel/lcb/nrep10/seed12.npz,branin_hetero/categorical_kernel/lcb/nrep10/seed12
branin_hetero,categorical_kernel,lcb,,10,13,ok,50,/data/zhq7531/IDEAL/hetero_lvgp/benchmark/results/branin_hetero/categorical_kernel/lcb/nrep10/seed13.npz,branin_hetero/categorical_kernel/lcb/nrep10/seed13
branin_hetero,categorical_kernel,lcb,,10,14,ok,50,/data/zhq7531/IDEAL/hetero_lvgp/benchmark/results/branin_hetero/categorical_kernel/lcb/nrep10/seed14.npz,branin_hetero/categorical_kernel/lcb/nrep10/seed14
branin_hetero,categorical_kernel,lcb,,10,15,ok,50,/data/zhq7531/IDEAL/hetero_lvgp/benchmark/results/branin_hetero/categorical_kernel/lcb/nrep10/seed15.npz,branin_hetero/categorical_kernel/lcb/nrep10/seed15
branin_hetero,categorical_kernel,lcb,,10,16,ok,50,/data/zhq7531/IDEAL/hetero_lvgp/benchmark/results/branin_hetero/categorical_kernel/lcb/nrep10/seed16.npz,branin_hetero/categorical_kernel/lcb/nrep10/seed16
branin_hetero,categorical_kernel,lcb,,10,17,ok,50,/data/zhq7531/IDEAL/hetero_lvgp/benchmark/results/branin_hetero/categorical_kernel/lcb/nrep10/seed17.npz,branin_hetero/categorical_kernel/lcb/nrep10/seed17
branin_hetero,categorical_kernel,lcb,,10,18,ok,50,/data/zhq7531/IDEAL/hetero_lvgp/benchmark/results/branin_hetero/categorical_kernel/lcb/nrep10/seed18.npz,branin_hetero/categorical_kernel/lcb/nrep10/seed18
branin_hetero,categorical_kernel,lcb,,10,19,ok,50,/data/zhq7531/IDEAL/hetero_lvgp/benchmark/results/branin_hetero/categorical_kernel/lcb/nrep10/seed19.npz,branin_hetero/categorical_kernel/lcb/nrep10/seed19
branin_hetero,categorical_kernel,lcb,,10,20,ok,50,/data/zhq7531/IDEAL/hetero_lvgp/benchmark/results/branin_hetero/categorical_kernel/lcb/nrep10/seed20.npz,branin_hetero/categorical_kernel/lcb/nrep10/seed20
branin_hetero,categorical_kernel,lcb,,10,21,ok,50,/data/zhq7531/IDEAL/hetero_lvgp/benchmark/results/branin_hetero/categorical_kernel/lcb/nrep10/seed21.npz,branin_hetero/categorical_kernel/lcb/nrep10/seed21
branin_hetero,categorical_kernel,lcb,,10,22,ok,50,/data/zhq7531/IDEAL/hetero_lvgp/benchmark/results/branin_hetero/categorical_kernel/lcb/nrep10/seed22.npz,branin_hetero/categorical_kernel/lcb/nrep10/seed22
branin_hetero,categorical_kernel,lcb,,10,23,ok,50,/data/zhq7531/IDEAL/hetero_lvgp/benchmark/results/branin_hetero/categorical_kernel/lcb/nrep10/seed23.npz,branin_hetero/categorical_kernel/lcb/nrep10/seed23
branin_hetero,categorical_kernel,lcb,,10,24,ok,50,/data/zhq7531/IDEAL/hetero_lvgp/benchmark/results/branin_hetero/categorical_kernel/lcb/nrep10/seed24.npz,branin_hetero/categorical_kernel/lcb/nrep10/seed24
branin_hetero,categorical_kernel,lcb,,10,25,ok,50,/data/zhq7531/IDEAL/hetero_lvgp/benchmark/results/branin_hetero/categorical_kernel/lcb/nrep10/seed25.npz,branin_hetero/categorical_kernel/lcb/nrep10/seed25
branin_hetero,categorical_kernel,lcb,,10,26,ok,50,/data/zhq7531/IDEAL/hetero_lvgp/benchmark/results/branin_hetero/categorical_kernel/lcb/nrep10/seed26.npz,branin_hetero/categorical_kernel/lcb/nrep10/seed26
branin_hetero,categorical_kernel,lcb,,10,27,ok,50,/data/zhq7531/IDEAL/hetero_lvgp/benchmark/results/branin_hetero/categorical_kernel/lcb/nrep10/seed27.npz,branin_hetero/categorical_kernel/lcb/nrep10/seed27
branin_hetero,categorical_kernel,lcb,,10,28,ok,50,/data/zhq7531/IDEAL/hetero_lvgp/benchmark/results/branin_hetero/categorical_kernel/lcb/nrep10/seed28.npz,branin_hetero/categorical_kernel/lcb/nrep10/seed28
branin_hetero,categorical_kernel,lcb,,10,29,ok,50,/data/zhq7531/IDEAL/hetero_lvgp/benchmark/results/branin_hetero/categorical_kernel/lcb/nrep10/seed29.npz,branin_hetero/categorical_kernel/lcb/nrep10/seed29
branin_hetero,categorical_kernel,lcb,,10,30,ok,50,/data/zhq7531/IDEAL/hetero_lvgp/benchmark/results/branin_hetero/categorical_kernel/lcb/nrep10/seed30.npz,branin_hetero/categorical_kernel/lcb/nrep10/seed30
branin_hetero,categorical_kernel,pi,,3,1,ok,50,/data/zhq7531/IDEAL/hetero_lvgp/benchmark/results/branin_hetero/categorical_kernel/pi/nrep03/seed01.npz,branin_hetero/categorical_kernel/pi/nrep03/seed01
branin_hetero,categorical_kernel,pi,,3,2,ok,50,/data/zhq7531/IDEAL/hetero_lvgp/benchmark/results/branin_hetero/categorical_kernel/pi/nrep03/seed02.npz,branin_hetero/categorical_kernel/pi/nrep03/seed02
branin_hetero,categorical_kernel,pi,,3,3,ok,50,/data/zhq7531/IDEAL/hetero_lvgp/benchmark/results/branin_hetero/categorical_kernel/pi/nrep03/seed03.npz,branin_hetero/categorical_kernel/pi/nrep03/seed03
branin_hetero,categorical_kernel,pi,,3,4,ok,50,/data/zhq7531/IDEAL/hetero_lvgp/benchmark/results/branin_hetero/categorical_kernel/pi/nrep03/seed04.npz,branin_hetero/categorical_kernel/pi/nrep03/seed04
branin_hetero,categorical_kernel,pi,,3,5,ok,50,/data/zhq7531/IDEAL/hetero_lvgp/benchmark/results/branin_hetero/categorical_kernel/pi/nrep03/seed05.npz,branin_hetero/categorical_kernel/pi/nrep03/seed05
branin_hetero,categorical_kernel,pi,,3,6,ok,50,/data/zhq7531/IDEAL/hetero_lvgp/benchmark/results/branin_hetero/categorical_kernel/pi/nrep03/seed06.npz,branin_hetero/categorical_kernel/pi/nrep03/seed06
branin_hetero,categorical_kernel,pi,,3,7,ok,50,/data/zhq7531/IDEAL/hetero_lvgp/benchmark/results/branin_hetero/categorical_kernel/pi/nrep03/seed07.npz,branin_hetero/categorical_kernel/pi/nrep03/seed07
branin_hetero,categorical_kernel,pi,,3,8,ok,50,/data/zhq7531/IDEAL/hetero_lvgp/benchmark/results/branin_hetero/categorical_kernel/pi/nrep03/seed08.npz,branin_hetero/categorical_kernel/pi/nrep03/seed08
branin_hetero,categorical_kernel,pi,,3,9,ok,50,/data/zhq7531/IDEAL/hetero_lvgp/benchmark/results/branin_hetero/categorical_kernel/pi/nrep03/seed09.npz,branin_hetero/categorical_kernel/pi/nrep03/seed09
branin_hetero,categorical_kernel,pi,,3,10,ok,50,/data/zhq7531/IDEAL/hetero_lvgp/benchmark/results/branin_hetero/categorical_kernel/pi/nrep03/seed10.npz,branin_hetero/categorical_kernel/pi/nrep03/seed10
branin_hetero,categorical_kernel,pi,,3,11,ok,50,/data/zhq7531/IDEAL/hetero_lvgp/benchmark/results/branin_hetero/categorical_kernel/pi/nrep03/seed11.npz,branin_hetero/categorical_kernel/pi/nrep03/seed11
branin_hetero,categorical_kernel,pi,,3,12,ok,50,/data/zhq7531/IDEAL/hetero_lvgp/benchmark/results/branin_hetero/categorical_kernel/pi/nrep03/seed12.npz,branin_hetero/categorical_kernel/pi/nrep03/seed12
branin_hetero,categorical_kernel,pi,,3,13,ok,50,/data/zhq7531/IDEAL/hetero_lvgp/benchmark/results/branin_hetero/categorical_kernel/pi/nrep03/seed13.npz,branin_hetero/categorical_kernel/pi/nrep03/seed13
branin_hetero,categorical_kernel,pi,,3,14,ok,50,/data/zhq7531/IDEAL/hetero_lvgp/benchmark/results/branin_hetero/categorical_kernel/pi/nrep03/seed14.npz,branin_hetero/categorical_kernel/pi/nrep03/seed14
branin_hetero,categorical_kernel,pi,,3,15,ok,50,/data/zhq7531/IDEAL/hetero_lvgp/benchmark/results/branin_hetero/categorical_kernel/pi/nrep03/seed15.npz,branin_hetero/categorical_kernel/pi/nrep03/seed15
branin_hetero,categorical_kernel,pi,,3,16,ok,50,/data/zhq7531/IDEAL/hetero_lvgp/benchmark/results/branin_hetero/categorical_kernel/pi/nrep03/seed16.npz,branin_hetero/categorical_kernel/pi/nrep03/seed16
branin_hetero,categorical_kernel,pi,,3,17,ok,50,/data/zhq7531/IDEAL/hetero_lvgp/benchmark/results/branin_hetero/categorical_kernel/pi/nrep03/seed17.npz,branin_hetero/categorical_kernel/pi/nrep03/seed17
branin_hetero,categorical_kernel,pi,,3,18,ok,50,/data/zhq7531/IDEAL/hetero_lvgp/benchmark/results/branin_hetero/categorical_kernel/pi/nrep03/seed18.npz,branin_hetero/categorical_kernel/pi/nrep03/seed18
branin_hetero,categorical_kernel,pi,,3,19,ok,50,/data/zhq7531/IDEAL/hetero_lvgp/benchmark/results/branin_hetero/categorical_kernel/pi/nrep03/seed19.npz,branin_hetero/categorical_kernel/pi/nrep03/seed19
branin_hetero,categorical_kernel,pi,,3,20,ok,50,/data/zhq7531/IDEAL/hetero_lvgp/benchmark/results/branin_hetero/categorical_kernel/pi/nrep03/seed20.npz,branin_hetero/categorical_kernel/pi/nrep03/seed20
branin_hetero,categorical_kernel,pi,,3,21,ok,50,/data/zhq7531/IDEAL/hetero_lvgp/benchmark/results/branin_hetero/categorical_kernel/pi/nrep03/seed21.npz,branin_hetero/categorical_kernel/pi/nrep03/seed21
branin_hetero,categorical_kernel,pi,,3,22,ok,50,/data/zhq7531/IDEAL/hetero_lvgp/benchmark/results/branin_hetero/categorical_kernel/pi/nrep03/seed22.npz,branin_hetero/categorical_kernel/pi/nrep03/seed22
branin_hetero,categorical_kernel,pi,,3,23,ok,50,/data/zhq7531/IDEAL/hetero_lvgp/benchmark/results/branin_hetero/categorical_kernel/pi/nrep03/seed23.npz,branin_hetero/categorical_kernel/pi/nrep03/seed23
branin_hetero,categorical_kernel,pi,,3,24,ok,50,/data/zhq7531/IDEAL/hetero_lvgp/benchmark/results/branin_hetero/categorical_kernel/pi/nrep03/seed24.npz,branin_hetero/categorical_kernel/pi/nrep03/seed24
branin_hetero,categorical_kernel,pi,,3,25,ok,50,/data/zhq7531/IDEAL/hetero_lvgp/benchmark/results/branin_hetero/categorical_kernel/pi/nrep03/seed25.npz,branin_hetero/categorical_kernel/pi/nrep03/seed25
branin_hetero,categorical_kernel,pi,,3,26,ok,50,/data/zhq7531/IDEAL/hetero_lvgp/benchmark/results/branin_hetero/categorical_kernel/pi/nrep03/seed26.npz,branin_hetero/categorical_kernel/pi/nrep03/seed26
branin_hetero,categorical_kernel,pi,,3,27,ok,50,/data/zhq7531/IDEAL/hetero_lvgp/benchmark/results/branin_hetero/categorical_kernel/pi/nrep03/seed27.npz,branin_hetero/categorical_kernel/pi/nrep03/seed27
branin_hetero,categorical_kernel,pi,,3,28,ok,50,/data/zhq7531/IDEAL/hetero_lvgp/benchmark/results/branin_hetero/categorical_kernel/pi/nrep03/seed28.npz,branin_hetero/categorical_kernel/pi/nrep03/seed28
branin_hetero,categorical_kernel,pi,,3,29,ok,50,/data/zhq7531/IDEAL/hetero_lvgp/benchmark/results/branin_hetero/categorical_kernel/pi/nrep03/seed29.npz,branin_hetero/categorical_kernel/pi/nrep03/seed29
branin_hetero,categorical_kernel,pi,,3,30,ok,50,/data/zhq7531/IDEAL/hetero_lvgp/benchmark/results/branin_hetero/categorical_kernel/pi/nrep03/seed30.npz,branin_hetero/categorical_kernel/pi/nrep03/seed30
branin_hetero,categorical_kernel,pi,,10,1,ok,50,/data/zhq7531/IDEAL/hetero_lvgp/benchmark/results/branin_hetero/categorical_kernel/pi/nrep10/seed01.npz,branin_hetero/categorical_kernel/pi/nrep10/seed01
branin_hetero,categorical_kernel,pi,,10,2,ok,50,/data/zhq7531/IDEAL/hetero_lvgp/benchmark/results/branin_hetero/categorical_kernel/pi/nrep10/seed02.npz,branin_hetero/categorical_kernel/pi/nrep10/seed02
branin_hetero,categorical_kernel,pi,,10,3,ok,50,/data/zhq7531/IDEAL/hetero_lvgp/benchmark/results/branin_hetero/categorical_kernel/pi/nrep10/seed03.npz,branin_hetero/categorical_kernel/pi/nrep10/seed03
branin_hetero,categorical_kernel,pi,,10,4,ok,50,/data/zhq7531/IDEAL/hetero_lvgp/benchmark/results/branin_hetero/categorical_kernel/pi/nrep10/seed04.npz,branin_hetero/categorical_kernel/pi/nrep10/seed04
branin_hetero,categorical_kernel,pi,,10,5,ok,50,/data/zhq7531/IDEAL/hetero_lvgp/benchmark/results/branin_hetero/categorical_kernel/pi/nrep10/seed05.npz,branin_hetero/categorical_kernel/pi/nrep10/seed05
branin_hetero,categorical_kernel,pi,,10,6,ok,50,/data/zhq7531/IDEAL/hetero_lvgp/benchmark/results/branin_hetero/categorical_kernel/pi/nrep10/seed06.npz,branin_hetero/categorical_kernel/pi/nrep10/seed06
branin_hetero,categorical_kernel,pi,,10,7,ok,50,/data/zhq7531/IDEAL/hetero_lvgp/benchmark/results/branin_hetero/categorical_kernel/pi/nrep10/seed07.npz,branin_hetero/categorical_kernel/pi/nrep10/seed07
branin_hetero,categorical_kernel,pi,,10,8,ok,50,/data/zhq7531/IDEAL/hetero_lvgp/benchmark/results/branin_hetero/categorical_kernel/pi/nrep10/seed08.npz,branin_hetero/categorical_kernel/pi/nrep10/seed08
branin_hetero,categorical_kernel,pi,,10,9,ok,50,/data/zhq7531/IDEAL/hetero_lvgp/benchmark/results/branin_hetero/categorical_kernel/pi/nrep10/seed09.npz,branin_hetero/categorical_kernel/pi/nrep10/seed09
branin_hetero,categorical_kernel,pi,,10,10,ok,50,/data/zhq7531/IDEAL/hetero_lvgp/benchmark/results/branin_hetero/categorical_kernel/pi/nrep10/seed10.npz,branin_hetero/categorical_kernel/pi/nrep10/seed10
branin_hetero,categorical_kernel,pi,,10,11,ok,50,/data/zhq7531/IDEAL/hetero_lvgp/benchmark/results/branin_hetero/categorical_kernel/pi/nrep10/seed11.npz,branin_hetero/categorical_kernel/pi/nrep10/seed11
branin_hetero,categorical_kernel,pi,,10,12,ok,50,/data/zhq7531/IDEAL/hetero_lvgp/benchmark/results/branin_hetero/categorical_kernel/pi/nrep10/seed12.npz,branin_hetero/categorical_kernel/pi/nrep10/seed12
branin_hetero,categorical_kernel,pi,,10,13,ok,50,/data/zhq7531/IDEAL/hetero_lvgp/benchmark/results/branin_hetero/categorical_kernel/pi/nrep10/seed13.npz,branin_hetero/categorical_kernel/pi/nrep10/seed13
branin_hetero,categorical_kernel,pi,,10,14,ok,50,/data/zhq7531/IDEAL/hetero_lvgp/benchmark/results/branin_hetero/categorical_kernel/pi/nrep10/seed14.npz,branin_hetero/categorical_kernel/pi/nrep10/seed14
branin_hetero,categorical_kernel,pi,,10,15,ok,50,/data/zhq7531/IDEAL/hetero_lvgp/benchmark/results/branin_hetero/categorical_kernel/pi/nrep10/seed15.npz,branin_hetero/categorical_kernel/pi/nrep10/seed15
branin_hetero,categorical_kernel,pi,,10,16,ok,50,/data/zhq7531/IDEAL/hetero_lvgp/benchmark/results/branin_hetero/categorical_kernel/pi/nrep10/seed16.npz,branin_hetero/categorical_kernel/pi/nrep10/seed16
branin_hetero,categorical_kernel,pi,,10,17,ok,50,/data/zhq7531/IDEAL/hetero_lvgp/benchmark/results/branin_hetero/categorical_kernel/pi/nrep10/seed17.npz,branin_hetero/categorical_kernel/pi/nrep10/seed17
branin_hetero,categorical_kernel,pi,,10,18,ok,50,/data/zhq7531/IDEAL/hetero_lvgp/benchmark/results/branin_hetero/categorical_kernel/pi/nrep10/seed18.npz,branin_hetero/categorical_kernel/pi/nrep10/seed18
branin_hetero,categorical_kernel,pi,,10,19,ok,50,/data/zhq7531/IDEAL/hetero_lvgp/benchmark/results/branin_hetero/categorical_kernel/pi/nrep10/seed19.npz,branin_hetero/categorical_kernel/pi/nrep10/seed19
branin_hetero,categorical_kernel,pi,,10,20,ok,50,/data/zhq7531/IDEAL/hetero_lvgp/benchmark/results/branin_hetero/categorical_kernel/pi/nrep10/seed20.npz,branin_hetero/categorical_kernel/pi/nrep10/seed20
branin_hetero,categorical_kernel,pi,,10,21,ok,50,/data/zhq7531/IDEAL/hetero_lvgp/benchmark/results/branin_hetero/categorical_kernel/pi/nrep10/seed21.npz,branin_hetero/categorical_kernel/pi/nrep10/seed21
branin_hetero,categorical_kernel,pi,,10,22,ok,50,/data/zhq7531/IDEAL/hetero_lvgp/benchmark/results/branin_hetero/categorical_kernel/pi/nrep10/seed22.npz,branin_hetero/categorical_kernel/pi/nrep10/seed22
branin_hetero,categorical_kernel,pi,,10,23,ok,50,/data/zhq7531/IDEAL/hetero_lvgp/benchmark/results/branin_hetero/categorical_kernel/pi/nrep10/seed23.npz,branin_hetero/categorical_kernel/pi/nrep10/seed23
branin_hetero,categorical_kernel,pi,,10,24,ok,50,/data/zhq7531/IDEAL/hetero_lvgp/benchmark/results/branin_hetero/categorical_kernel/pi/nrep10/seed24.npz,branin_hetero/categorical_kernel/pi/nrep10/seed24
branin_hetero,categorical_kernel,pi,,10,25,ok,50,/data/zhq7531/IDEAL/hetero_lvgp/benchmark/results/branin_hetero/categorical_kernel/pi/nrep10/seed25.npz,branin_hetero/categorical_kernel/pi/nrep10/seed25
branin_hetero,categorical_kernel,pi,,10,26,ok,50,/data/zhq7531/IDEAL/hetero_lvgp/benchmark/results/branin_hetero/categorical_kernel/pi/nrep10/seed26.npz,branin_hetero/categorical_kernel/pi/nrep10/seed26
branin_hetero,categorical_kernel,pi,,10,27,ok,50,/data/zhq7531/IDEAL/hetero_lvgp/benchmark/results/branin_hetero/categorical_kernel/pi/nrep10/seed27.npz,branin_hetero/categorical_kernel/pi/nrep10/seed27
branin_hetero,categorical_kernel,pi,,10,28,ok,50,/data/zhq7531/IDEAL/hetero_lvgp/benchmark/results/branin_hetero/categorical_kernel/pi/nrep10/seed28.npz,branin_hetero/categorical_kernel/pi/nrep10/seed28
branin_hetero,categorical_kernel,pi,,10,29,ok,50,/data/zhq7531/IDEAL/hetero_lvgp/benchmark/results/branin_hetero/categorical_kernel/pi/nrep10/seed29.npz,branin_hetero/categorical_kernel/pi/nrep10/seed29
branin_hetero,categorical_kernel,pi,,10,30,ok,50,/data/zhq7531/IDEAL/hetero_lvgp/benchmark/results/branin_hetero/categorical_kernel/pi/nrep10/seed30.npz,branin_hetero/categorical_kernel/pi/nrep10/seed30
branin_hetero,categorical_kernel,ei,,3,1,ok,50,/data/zhq7531/IDEAL/hetero_lvgp/benchmark/results/branin_hetero/categorical_kernel/ei/nrep03/seed01.npz,branin_hetero/categorical_kernel/ei/nrep03/seed01
branin_hetero,categorical_kernel,ei,,3,2,ok,50,/data/zhq7531/IDEAL/hetero_lvgp/benchmark/results/branin_hetero/categorical_kernel/ei/nrep03/seed02.npz,branin_hetero/categorical_kernel/ei/nrep03/seed02
branin_hetero,categorical_kernel,ei,,3,3,ok,50,/data/zhq7531/IDEAL/hetero_lvgp/benchmark/results/branin_hetero/categorical_kernel/ei/nrep03/seed03.npz,branin_hetero/categorical_kernel/ei/nrep03/seed03
branin_hetero,categorical_kernel,ei,,3,4,ok,50,/data/zhq7531/IDEAL/hetero_lvgp/benchmark/results/branin_hetero/categorical_kernel/ei/nrep03/seed04.npz,branin_hetero/categorical_kernel/ei/nrep03/seed04
branin_hetero,categorical_kernel,ei,,3,5,ok,50,/data/zhq7531/IDEAL/hetero_lvgp/benchmark/results/branin_hetero/categorical_kernel/ei/nrep03/seed05.npz,branin_hetero/categorical_kernel/ei/nrep03/seed05
branin_hetero,categorical_kernel,ei,,3,6,ok,50,/data/zhq7531/IDEAL/hetero_lvgp/benchmark/results/branin_hetero/categorical_kernel/ei/nrep03/seed06.npz,branin_hetero/categorical_kernel/ei/nrep03/seed06
branin_hetero,categorical_kernel,ei,,3,7,ok,50,/data/zhq7531/IDEAL/hetero_lvgp/benchmark/results/branin_hetero/categorical_kernel/ei/nrep03/seed07.npz,branin_hetero/categorical_kernel/ei/nrep03/seed07
branin_hetero,categorical_kernel,ei,,3,8,ok,50,/data/zhq7531/IDEAL/hetero_lvgp/benchmark/results/branin_hetero/categorical_kernel/ei/nrep03/seed08.npz,branin_hetero/categorical_kernel/ei/nrep03/seed08
branin_hetero,categorical_kernel,ei,,3,9,ok,50,/data/zhq7531/IDEAL/hetero_lvgp/benchmark/results/branin_hetero/categorical_kernel/ei/nrep03/seed09.npz,branin_hetero/categorical_kernel/ei/nrep03/seed09
branin_hetero,categorical_kernel,ei,,3,10,ok,50,/data/zhq7531/IDEAL/hetero_lvgp/benchmark/results/branin_hetero/categorical_kernel/ei/nrep03/seed10.npz,branin_hetero/categorical_kernel/ei/nrep03/seed10
branin_hetero,categorical_kernel,ei,,3,11,ok,50,/data/zhq7531/IDEAL/hetero_lvgp/benchmark/results/branin_hetero/categorical_kernel/ei/nrep03/seed11.npz,branin_hetero/categorical_kernel/ei/nrep03/seed11
branin_hetero,categorical_kernel,ei,,3,12,ok,50,/data/zhq7531/IDEAL/hetero_lvgp/benchmark/results/branin_hetero/categorical_kernel/ei/nrep03/seed12.npz,branin_hetero/categorical_kernel/ei/nrep03/seed12
branin_hetero,categorical_kernel,ei,,3,13,ok,50,/data/zhq7531/IDEAL/hetero_lvgp/benchmark/results/branin_hetero/categorical_kernel/ei/nrep03/seed13.npz,branin_hetero/categorical_kernel/ei/nrep03/seed13
branin_hetero,categorical_kernel,ei,,3,14,ok,50,/data/zhq7531/IDEAL/hetero_lvgp/benchmark/results/branin_hetero/categorical_kernel/ei/nrep03/seed14.npz,branin_hetero/categorical_kernel/ei/nrep03/seed14
branin_hetero,categorical_kernel,ei,,3,15,ok,50,/data/zhq7531/IDEAL/hetero_lvgp/benchmark/results/branin_hetero/categorical_kernel/ei/nrep03/seed15.npz,branin_hetero/categorical_kernel/ei/nrep03/seed15
branin_hetero,categorical_kernel,ei,,3,16,ok,50,/data/zhq7531/IDEAL/hetero_lvgp/benchmark/results/branin_hetero/categorical_kernel/ei/nrep03/seed16.npz,branin_hetero/categorical_kernel/ei/nrep03/seed16
branin_hetero,categorical_kernel,ei,,3,17,ok,50,/data/zhq7531/IDEAL/hetero_lvgp/benchmark/results/branin_hetero/categorical_kernel/ei/nrep03/seed17.npz,branin_hetero/categorical_kernel/ei/nrep03/seed17
branin_hetero,categorical_kernel,ei,,3,18,ok,50,/data/zhq7531/IDEAL/hetero_lvgp/benchmark/results/branin_hetero/categorical_kernel/ei/nrep03/seed18.npz,branin_hetero/categorical_kernel/ei/nrep03/seed18
branin_hetero,categorical_kernel,ei,,3,19,ok,50,/data/zhq7531/IDEAL/hetero_lvgp/benchmark/results/branin_hetero/categorical_kernel/ei/nrep03/seed19.npz,branin_hetero/categorical_kernel/ei/nrep03/seed19
branin_hetero,categorical_kernel,ei,,3,20,ok,50,/data/zhq7531/IDEAL/hetero_lvgp/benchmark/results/branin_hetero/categorical_kernel/ei/nrep03/seed20.npz,branin_hetero/categorical_kernel/ei/nrep03/seed20
branin_hetero,categorical_kernel,ei,,3,21,ok,50,/data/zhq7531/IDEAL/hetero_lvgp/benchmark/results/branin_hetero/categorical_kernel/ei/nrep03/seed21.npz,branin_hetero/categorical_kernel/ei/nrep03/seed21
branin_hetero,categorical_kernel,ei,,3,22,ok,50,/data/zhq7531/IDEAL/hetero_lvgp/benchmark/results/branin_hetero/categorical_kernel/ei/nrep03/seed22.npz,branin_hetero/categorical_kernel/ei/nrep03/seed22
branin_hetero,categorical_kernel,ei,,3,23,ok,50,/data/zhq7531/IDEAL/hetero_lvgp/benchmark/results/branin_hetero/categorical_kernel/ei/nrep03/seed23.npz,branin_hetero/categorical_kernel/ei/nrep03/seed23
branin_hetero,categorical_kernel,ei,,3,24,ok,50,/data/zhq7531/IDEAL/hetero_lvgp/benchmark/results/branin_hetero/categorical_kernel/ei/nrep03/seed24.npz,branin_hetero/categorical_kernel/ei/nrep03/seed24
branin_hetero,categorical_kernel,ei,,3,25,ok,50,/data/zhq7531/IDEAL/hetero_lvgp/benchmark/results/branin_hetero/categorical_kernel/ei/nrep03/seed25.npz,branin_hetero/categorical_kernel/ei/nrep03/seed25
branin_hetero,categorical_kernel,ei,,3,26,ok,50,/data/zhq7531/IDEAL/hetero_lvgp/benchmark/results/branin_hetero/categorical_kernel/ei/nrep03/seed26.npz,branin_hetero/categorical_kernel/ei/nrep03/seed26
branin_hetero,categorical_kernel,ei,,3,27,ok,50,/data/zhq7531/IDEAL/hetero_lvgp/benchmark/results/branin_hetero/categorical_kernel/ei/nrep03/seed27.npz,branin_hetero/categorical_kernel/ei/nrep03/seed27
branin_hetero,categorical_kernel,ei,,3,28,ok,50,/data/zhq7531/IDEAL/hetero_lvgp/benchmark/results/branin_hetero/categorical_kernel/ei/nrep03/seed28.npz,branin_hetero/categorical_kernel/ei/nrep03/seed28
branin_hetero,categorical_kernel,ei,,3,29,ok,50,/data/zhq7531/IDEAL/hetero_lvgp/benchmark/results/branin_hetero/categorical_kernel/ei/nrep03/seed29.npz,branin_hetero/categorical_kernel/ei/nrep03/seed29
branin_hetero,categorical_kernel,ei,,3,30,ok,50,/data/zhq7531/IDEAL/hetero_lvgp/benchmark/results/branin_hetero/categorical_kernel/ei/nrep03/seed30.npz,branin_hetero/categorical_kernel/ei/nrep03/seed30
branin_hetero,categorical_kernel,ei,,10,1,ok,50,/data/zhq7531/IDEAL/hetero_lvgp/benchmark/results/branin_hetero/categorical_kernel/ei/nrep10/seed01.npz,branin_hetero/categorical_kernel/ei/nrep10/seed01
branin_hetero,categorical_kernel,ei,,10,2,ok,50,/data/zhq7531/IDEAL/hetero_lvgp/benchmark/results/branin_hetero/categorical_kernel/ei/nrep10/seed02.npz,branin_hetero/categorical_kernel/ei/nrep10/seed02
branin_hetero,categorical_kernel,ei,,10,3,ok,50,/data/zhq7531/IDEAL/hetero_lvgp/benchmark/results/branin_hetero/categorical_kernel/ei/nrep10/seed03.npz,branin_hetero/categorical_kernel/ei/nrep10/seed03
branin_hetero,categorical_kernel,ei,,10,4,ok,50,/data/zhq7531/IDEAL/hetero_lvgp/benchmark/results/branin_hetero/categorical_kernel/ei/nrep10/seed04.npz,branin_hetero/categorical_kernel/ei/nrep10/seed04
branin_hetero,categorical_kernel,ei,,10,5,ok,50,/data/zhq7531/IDEAL/hetero_lvgp/benchmark/results/branin_hetero/categorical_kernel/ei/nrep10/seed05.npz,branin_hetero/categorical_kernel/ei/nrep10/seed05
branin_hetero,categorical_kernel,ei,,10,6,ok,50,/data/zhq7531/IDEAL/hetero_lvgp/benchmark/results/branin_hetero/categorical_kernel/ei/nrep10/seed06.npz,branin_hetero/categorical_kernel/ei/nrep10/seed06
branin_hetero,categorical_kernel,ei,,10,7,ok,50,/data/zhq7531/IDEAL/hetero_lvgp/benchmark/results/branin_hetero/categorical_kernel/ei/nrep10/seed07.npz,branin_hetero/categorical_kernel/ei/nrep10/seed07
branin_hetero,categorical_kernel,ei,,10,8,ok,50,/data/zhq7531/IDEAL/hetero_lvgp/benchmark/results/branin_hetero/categorical_kernel/ei/nrep10/seed08.npz,branin_hetero/categorical_kernel/ei/nrep10/seed08
branin_hetero,categorical_kernel,ei,,10,9,ok,50,/data/zhq7531/IDEAL/hetero_lvgp/benchmark/results/branin_hetero/categorical_kernel/ei/nrep10/seed09.npz,branin_hetero/categorical_kernel/ei/nrep10/seed09
branin_hetero,categorical_kernel,ei,,10,10,ok,50,/data/zhq7531/IDEAL/hetero_lvgp/benchmark/results/branin_hetero/categorical_kernel/ei/nrep10/seed10.npz,branin_hetero/categorical_kernel/ei/nrep10/seed10
branin_hetero,categorical_kernel,ei,,10,11,ok,50,/data/zhq7531/IDEAL/hetero_lvgp/benchmark/results/branin_hetero/categorical_kernel/ei/nrep10/seed11.npz,branin_hetero/categorical_kernel/ei/nrep10/seed11
branin_hetero,categorical_kernel,ei,,10,12,ok,50,/data/zhq7531/IDEAL/hetero_lvgp/benchmark/results/branin_hetero/categorical_kernel/ei/nrep10/seed12.npz,branin_hetero/categorical_kernel/ei/nrep10/seed12
branin_hetero,categorical_kernel,ei,,10,13,ok,50,/data/zhq7531/IDEAL/hetero_lvgp/benchmark/results/branin_hetero/categorical_kernel/ei/nrep10/seed13.npz,branin_hetero/categorical_kernel/ei/nrep10/seed13
branin_hetero,categorical_kernel,ei,,10,14,ok,50,/data/zhq7531/IDEAL/hetero_lvgp/benchmark/results/branin_hetero/categorical_kernel/ei/nrep10/seed14.npz,branin_hetero/categorical_kernel/ei/nrep10/seed14
branin_hetero,categorical_kernel,ei,,10,15,ok,50,/data/zhq7531/IDEAL/hetero_lvgp/benchmark/results/branin_hetero/categorical_kernel/ei/nrep10/seed15.npz,branin_hetero/categorical_kernel/ei/nrep10/seed15
branin_hetero,categorical_kernel,ei,,10,16,ok,50,/data/zhq7531/IDEAL/hetero_lvgp/benchmark/results/branin_hetero/categorical_kernel/ei/nrep10/seed16.npz,branin_hetero/categorical_kernel/ei/nrep10/seed16
branin_hetero,categorical_kernel,ei,,10,17,ok,50,/data/zhq7531/IDEAL/hetero_lvgp/benchmark/results/branin_hetero/categorical_kernel/ei/nrep10/seed17.npz,branin_hetero/categorical_kernel/ei/nrep10/seed17
branin_hetero,categorical_kernel,ei,,10,18,ok,50,/data/zhq7531/IDEAL/hetero_lvgp/benchmark/results/branin_hetero/categorical_kernel/ei/nrep10/seed18.npz,branin_hetero/categorical_kernel/ei/nrep10/seed18
branin_hetero,categorical_kernel,ei,,10,19,ok,50,/data/zhq7531/IDEAL/hetero_lvgp/benchmark/results/branin_hetero/categorical_kernel/ei/nrep10/seed19.npz,branin_hetero/categorical_kernel/ei/nrep10/seed19
branin_hetero,categorical_kernel,ei,,10,20,ok,50,/data/zhq7531/IDEAL/hetero_lvgp/benchmark/results/branin_hetero/categorical_kernel/ei/nrep10/seed20.npz,branin_hetero/categorical_kernel/ei/nrep10/seed20
branin_hetero,categorical_kernel,ei,,10,21,ok,50,/data/zhq7531/IDEAL/hetero_lvgp/benchmark/results/branin_hetero/categorical_kernel/ei/nrep10/seed21.npz,branin_hetero/categorical_kernel/ei/nrep10/seed21
branin_hetero,categorical_kernel,ei,,10,22,ok,50,/data/zhq7531/IDEAL/hetero_lvgp/benchmark/results/branin_hetero/categorical_kernel/ei/nrep10/seed22.npz,branin_hetero/categorical_kernel/ei/nrep10/seed22
branin_hetero,categorical_kernel,ei,,10,23,ok,50,/data/zhq7531/IDEAL/hetero_lvgp/benchmark/results/branin_hetero/categorical_kernel/ei/nrep10/seed23.npz,branin_hetero/categorical_kernel/ei/nrep10/seed23
branin_hetero,categorical_kernel,ei,,10,24,ok,50,/data/zhq7531/IDEAL/hetero_lvgp/benchmark/results/branin_hetero/categorical_kernel/ei/nrep10/seed24.npz,branin_hetero/categorical_kernel/ei/nrep10/seed24
branin_hetero,categorical_kernel,ei,,10,25,ok,50,/data/zhq7531/IDEAL/hetero_lvgp/benchmark/results/branin_hetero/categorical_kernel/ei/nrep10/seed25.npz,branin_hetero/categorical_kernel/ei/nrep10/seed25
branin_hetero,categorical_kernel,ei,,10,26,ok,50,/data/zhq7531/IDEAL/hetero_lvgp/benchmark/results/branin_hetero/categorical_kernel/ei/nrep10/seed26.npz,branin_hetero/categorical_kernel/ei/nrep10/seed26
branin_hetero,categorical_kernel,ei,,10,27,ok,50,/data/zhq7531/IDEAL/hetero_lvgp/benchmark/results/branin_hetero/categorical_kernel/ei/nrep10/seed27.npz,branin_hetero/categorical_kernel/ei/nrep10/seed27
branin_hetero,categorical_kernel,ei,,10,28,ok,50,/data/zhq7531/IDEAL/hetero_lvgp/benchmark/results/branin_hetero/categorical_kernel/ei/nrep10/seed28.npz,branin_hetero/categorical_kernel/ei/nrep10/seed28
branin_hetero,categorical_kernel,ei,,10,29,ok,50,/data/zhq7531/IDEAL/hetero_lvgp/benchmark/results/branin_hetero/categorical_kernel/ei/nrep10/seed29.npz,branin_hetero/categorical_kernel/ei/nrep10/seed29
branin_hetero,categorical_kernel,ei,,10,30,ok,50,/data/zhq7531/IDEAL/hetero_lvgp/benchmark/results/branin_hetero/categorical_kernel/ei/nrep10/seed30.npz,branin_hetero/categorical_kernel/ei/nrep10/seed30
branin_hetero,categorical_kernel,haei,0.5,3,1,ok,50,/data/zhq7531/IDEAL/hetero_lvgp/benchmark/results/branin_hetero/categorical_kernel/haei_g0.5/nrep03/seed01.npz,branin_hetero/categorical_kernel/haei_g0.5/nrep03/seed01
branin_hetero,categorical_kernel,haei,0.5,3,2,ok,50,/data/zhq7531/IDEAL/hetero_lvgp/benchmark/results/branin_hetero/categorical_kernel/haei_g0.5/nrep03/seed02.npz,branin_hetero/categorical_kernel/haei_g0.5/nrep03/seed02
branin_hetero,categorical_kernel,haei,0.5,3,3,ok,50,/data/zhq7531/IDEAL/hetero_lvgp/benchmark/results/branin_hetero/categorical_kernel/haei_g0.5/nrep03/seed03.npz,branin_hetero/categorical_kernel/haei_g0.5/nrep03/seed03
branin_hetero,categorical_kernel,haei,0.5,3,4,ok,50,/data/zhq7531/IDEAL/hetero_lvgp/benchmark/results/branin_hetero/categorical_kernel/haei_g0.5/nrep03/seed04.npz,branin_hetero/categorical_kernel/haei_g0.5/nrep03/seed04
branin_hetero,categorical_kernel,haei,0.5,3,5,ok,50,/data/zhq7531/IDEAL/hetero_lvgp/benchmark/results/branin_hetero/categorical_kernel/haei_g0.5/nrep03/seed05.npz,branin_hetero/categorical_kernel/haei_g0.5/nrep03/seed05
branin_hetero,categorical_kernel,haei,0.5,3,6,ok,50,/data/zhq7531/IDEAL/hetero_lvgp/benchmark/results/branin_hetero/categorical_kernel/haei_g0.5/nrep03/seed06.npz,branin_hetero/categorical_kernel/haei_g0.5/nrep03/seed06
branin_hetero,categorical_kernel,haei,0.5,3,7,ok,50,/data/zhq7531/IDEAL/hetero_lvgp/benchmark/results/branin_hetero/categorical_kernel/haei_g0.5/nrep03/seed07.npz,branin_hetero/categorical_kernel/haei_g0.5/nrep03/seed07
branin_hetero,categorical_kernel,haei,0.5,3,8,ok,50,/data/zhq7531/IDEAL/hetero_lvgp/benchmark/results/branin_hetero/categorical_kernel/haei_g0.5/nrep03/seed08.npz,branin_hetero/categorical_kernel/haei_g0.5/nrep03/seed08
branin_hetero,categorical_kernel,haei,0.5,3,9,ok,50,/data/zhq7531/IDEAL/hetero_lvgp/benchmark/results/branin_hetero/categorical_kernel/haei_g0.5/nrep03/seed09.npz,branin_hetero/categorical_kernel/haei_g0.5/nrep03/seed09
branin_hetero,categorical_kernel,haei,0.5,3,10,ok,50,/data/zhq7531/IDEAL/hetero_lvgp/benchmark/results/branin_hetero/categorical_kernel/haei_g0.5/nrep03/seed10.npz,branin_hetero/categorical_kernel/haei_g0.5/nrep03/seed10
branin_hetero,categorical_kernel,haei,0.5,3,11,ok,50,/data/zhq7531/IDEAL/hetero_lvgp/benchmark/results/branin_hetero/categorical_kernel/haei_g0.5/nrep03/seed11.npz,branin_hetero/categorical_kernel/haei_g0.5/nrep03/seed11
branin_hetero,categorical_kernel,haei,0.5,3,12,ok,50,/data/zhq7531/IDEAL/hetero_lvgp/benchmark/results/branin_hetero/categorical_kernel/haei_g0.5/nrep03/seed12.npz,branin_hetero/categorical_kernel/haei_g0.5/nrep03/seed12
branin_hetero,categorical_kernel,haei,0.5,3,13,ok,50,/data/zhq7531/IDEAL/hetero_lvgp/benchmark/results/branin_hetero/categorical_kernel/haei_g0.5/nrep03/seed13.npz,branin_hetero/categorical_kernel/haei_g0.5/nrep03/seed13
branin_hetero,categorical_kernel,haei,0.5,3,14,ok,50,/data/zhq7531/IDEAL/hetero_lvgp/benchmark/results/branin_hetero/categorical_kernel/haei_g0.5/nrep03/seed14.npz,branin_hetero/categorical_kernel/haei_g0.5/nrep03/seed14
branin_hetero,categorical_kernel,haei,0.5,3,15,ok,50,/data/zhq7531/IDEAL/hetero_lvgp/benchmark/results/branin_hetero/categorical_kernel/haei_g0.5/nrep03/seed15.npz,branin_hetero/categorical_kernel/haei_g0.5/nrep03/seed15
branin_hetero,categorical_kernel,haei,0.5,3,16,ok,50,/data/zhq7531/IDEAL/hetero_lvgp/benchmark/results/branin_hetero/categorical_kernel/haei_g0.5/nrep03/seed16.npz,branin_hetero/categorical_kernel/haei_g0.5/nrep03/seed16
branin_hetero,categorical_kernel,haei,0.5,3,17,ok,50,/data/zhq7531/IDEAL/hetero_lvgp/benchmark/results/branin_hetero/categorical_kernel/haei_g0.5/nrep03/seed17.npz,branin_hetero/categorical_kernel/haei_g0.5/nrep03/seed17
branin_hetero,categorical_kernel,haei,0.5,3,18,ok,50,/data/zhq7531/IDEAL/hetero_lvgp/benchmark/results/branin_hetero/categorical_kernel/haei_g0.5/nrep03/seed18.npz,branin_hetero/categorical_kernel/haei_g0.5/nrep03/seed18
branin_hetero,categorical_kernel,haei,0.5,3,19,ok,50,/data/zhq7531/IDEAL/hetero_lvgp/benchmark/results/branin_hetero/categorical_kernel/haei_g0.5/nrep03/seed19.npz,branin_hetero/categorical_kernel/haei_g0.5/nrep03/seed19
branin_hetero,categorical_kernel,haei,0.5,3,20,ok,50,/data/zhq7531/IDEAL/hetero_lvgp/benchmark/results/branin_hetero/categorical_kernel/haei_g0.5/nrep03/seed20.npz,branin_hetero/categorical_kernel/haei_g0.5/nrep03/seed20
branin_hetero,categorical_kernel,haei,0.5,3,21,ok,50,/data/zhq7531/IDEAL/hetero_lvgp/benchmark/results/branin_hetero/categorical_kernel/haei_g0.5/nrep03/seed21.npz,branin_hetero/categorical_kernel/haei_g0.5/nrep03/seed21
branin_hetero,categorical_kernel,haei,0.5,3,22,ok,50,/data/zhq7531/IDEAL/hetero_lvgp/benchmark/results/branin_hetero/categorical_kernel/haei_g0.5/nrep03/seed22.npz,branin_hetero/categorical_kernel/haei_g0.5/nrep03/seed22
branin_hetero,categorical_kernel,haei,0.5,3,23,ok,50,/data/zhq7531/IDEAL/hetero_lvgp/benchmark/results/branin_hetero/categorical_kernel/haei_g0.5/nrep03/seed23.npz,branin_hetero/categorical_kernel/haei_g0.5/nrep03/seed23
branin_hetero,categorical_kernel,haei,0.5,3,24,ok,50,/data/zhq7531/IDEAL/hetero_lvgp/benchmark/results/branin_hetero/categorical_kernel/haei_g0.5/nrep03/seed24.npz,branin_hetero/categorical_kernel/haei_g0.5/nrep03/seed24
branin_hetero,categorical_kernel,haei,0.5,3,25,ok,50,/data/zhq7531/IDEAL/hetero_lvgp/benchmark/results/branin_hetero/categorical_kernel/haei_g0.5/nrep03/seed25.npz,branin_hetero/categorical_kernel/haei_g0.5/nrep03/seed25
branin_hetero,categorical_kernel,haei,0.5,3,26,ok,50,/data/zhq7531/IDEAL/hetero_lvgp/benchmark/results/branin_hetero/categorical_kernel/haei_g0.5/nrep03/seed26.npz,branin_hetero/categorical_kernel/haei_g0.5/nrep03/seed26
branin_hetero,categorical_kernel,haei,0.5,3,27,ok,50,/data/zhq7531/IDEAL/hetero_lvgp/benchmark/results/branin_hetero/categorical_kernel/haei_g0.5/nrep03/seed27.npz,branin_hetero/categorical_kernel/haei_g0.5/nrep03/seed27
branin_hetero,categorical_kernel,haei,0.5,3,28,ok,50,/data/zhq7531/IDEAL/hetero_lvgp/benchmark/results/branin_hetero/categorical_kernel/haei_g0.5/nrep03/seed28.npz,branin_hetero/categorical_kernel/haei_g0.5/nrep03/seed28
branin_hetero,categorical_kernel,haei,0.5,3,29,ok,50,/data/zhq7531/IDEAL/hetero_lvgp/benchmark/results/branin_hetero/categorical_kernel/haei_g0.5/nrep03/seed29.npz,branin_hetero/categorical_kernel/haei_g0.5/nrep03/seed29
branin_hetero,categorical_kernel,haei,0.5,3,30,ok,50,/data/zhq7531/IDEAL/hetero_lvgp/benchmark/results/branin_hetero/categorical_kernel/haei_g0.5/nrep03/seed30.npz,branin_hetero/categorical_kernel/haei_g0.5/nrep03/seed30
branin_hetero,categorical_kernel,haei,0.5,10,1,ok,50,/data/zhq7531/IDEAL/hetero_lvgp/benchmark/results/branin_hetero/categorical_kernel/haei_g0.5/nrep10/seed01.npz,branin_hetero/categorical_kernel/haei_g0.5/nrep10/seed01
branin_hetero,categorical_kernel,haei,0.5,10,2,ok,50,/data/zhq7531/IDEAL/hetero_lvgp/benchmark/results/branin_hetero/categorical_kernel/haei_g0.5/nrep10/seed02.npz,branin_hetero/categorical_kernel/haei_g0.5/nrep10/seed02
branin_hetero,categorical_kernel,haei,0.5,10,3,ok,50,/data/zhq7531/IDEAL/hetero_lvgp/benchmark/results/branin_hetero/categorical_kernel/haei_g0.5/nrep10/seed03.npz,branin_hetero/categorical_kernel/haei_g0.5/nrep10/seed03
branin_hetero,categorical_kernel,haei,0.5,10,4,ok,50,/data/zhq7531/IDEAL/hetero_lvgp/benchmark/results/branin_hetero/categorical_kernel/haei_g0.5/nrep10/seed04.npz,branin_hetero/categorical_kernel/haei_g0.5/nrep10/seed04
branin_hetero,categorical_kernel,haei,0.5,10,5,ok,50,/data/zhq7531/IDEAL/hetero_lvgp/benchmark/results/branin_hetero/categorical_kernel/haei_g0.5/nrep10/seed05.npz,branin_hetero/categorical_kernel/haei_g0.5/nrep10/seed05
branin_hetero,categorical_kernel,haei,0.5,10,6,ok,50,/data/zhq7531/IDEAL/hetero_lvgp/benchmark/results/branin_hetero/categorical_kernel/haei_g0.5/nrep10/seed06.npz,branin_hetero/categorical_kernel/haei_g0.5/nrep10/seed06
branin_hetero,categorical_kernel,haei,0.5,10,7,ok,50,/data/zhq7531/IDEAL/hetero_lvgp/benchmark/results/branin_hetero/categorical_kernel/haei_g0.5/nrep10/seed07.npz,branin_hetero/categorical_kernel/haei_g0.5/nrep10/seed07
branin_hetero,categorical_kernel,haei,0.5,10,8,ok,50,/data/zhq7531/IDEAL/hetero_lvgp/benchmark/results/branin_hetero/categorical_kernel/haei_g0.5/nrep10/seed08.npz,branin_hetero/categorical_kernel/haei_g0.5/nrep10/seed08
branin_hetero,categorical_kernel,haei,0.5,10,9,ok,50,/data/zhq7531/IDEAL/hetero_lvgp/benchmark/results/branin_hetero/categorical_kernel/haei_g0.5/nrep10/seed09.npz,branin_hetero/categorical_kernel/haei_g0.5/nrep10/seed09
branin_hetero,categorical_kernel,haei,0.5,10,10,ok,50,/data/zhq7531/IDEAL/hetero_lvgp/benchmark/results/branin_hetero/categorical_kernel/haei_g0.5/nrep10/seed10.npz,branin_hetero/categorical_kernel/haei_g0.5/nrep10/seed10
branin_hetero,categorical_kernel,haei,0.5,10,11,ok,50,/data/zhq7531/IDEAL/hetero_lvgp/benchmark/results/branin_hetero/categorical_kernel/haei_g0.5/nrep10/seed11.npz,branin_hetero/categorical_kernel/haei_g0.5/nrep10/seed11
branin_hetero,categorical_kernel,haei,0.5,10,12,ok,50,/data/zhq7531/IDEAL/hetero_lvgp/benchmark/results/branin_hetero/categorical_kernel/haei_g0.5/nrep10/seed12.npz,branin_hetero/categorical_kernel/haei_g0.5/nrep10/seed12
branin_hetero,categorical_kernel,haei,0.5,10,13,ok,50,/data/zhq7531/IDEAL/hetero_lvgp/benchmark/results/branin_hetero/categorical_kernel/haei_g0.5/nrep10/seed13.npz,branin_hetero/categorical_kernel/haei_g0.5/nrep10/seed13
branin_hetero,categorical_kernel,haei,0.5,10,14,ok,50,/data/zhq7531/IDEAL/hetero_lvgp/benchmark/results/branin_hetero/categorical_kernel/haei_g0.5/nrep10/seed14.npz,branin_hetero/categorical_kernel/haei_g0.5/nrep10/seed14
branin_hetero,categorical_kernel,haei,0.5,10,15,ok,50,/data/zhq7531/IDEAL/hetero_lvgp/benchmark/results/branin_hetero/categorical_kernel/haei_g0.5/nrep10/seed15.npz,branin_hetero/categorical_kernel/haei_g0.5/nrep10/seed15
branin_hetero,categorical_kernel,haei,0.5,10,16,ok,50,/data/zhq7531/IDEAL/hetero_lvgp/benchmark/results/branin_hetero/categorical_kernel/haei_g0.5/nrep10/seed16.npz,branin_hetero/categorical_kernel/haei_g0.5/nrep10/seed16
branin_hetero,categorical_kernel,haei,0.5,10,17,ok,50,/data/zhq7531/IDEAL/hetero_lvgp/benchmark/results/branin_hetero/categorical_kernel/haei_g0.5/nrep10/seed17.npz,branin_hetero/categorical_kernel/haei_g0.5/nrep10/seed17
branin_hetero,categorical_kernel,haei,0.5,10,18,ok,50,/data/zhq7531/IDEAL/hetero_lvgp/benchmark/results/branin_hetero/categorical_kernel/haei_g0.5/nrep10/seed18.npz,branin_hetero/categorical_kernel/haei_g0.5/nrep10/seed18
branin_hetero,categorical_kernel,haei,0.5,10,19,ok,50,/data/zhq7531/IDEAL/hetero_lvgp/benchmark/results/branin_hetero/categorical_kernel/haei_g0.5/nrep10/seed19.npz,branin_hetero/categorical_kernel/haei_g0.5/nrep10/seed19
branin_hetero,categorical_kernel,haei,0.5,10,20,ok,50,/data/zhq7531/IDEAL/hetero_lvgp/benchmark/results/branin_hetero/categorical_kernel/haei_g0.5/nrep10/seed20.npz,branin_hetero/categorical_kernel/haei_g0.5/nrep10/seed20
branin_hetero,categorical_kernel,haei,0.5,10,21,ok,50,/data/zhq7531/IDEAL/hetero_lvgp/benchmark/results/branin_hetero/categorical_kernel/haei_g0.5/nrep10/seed21.npz,branin_hetero/categorical_kernel/haei_g0.5/nrep10/seed21
branin_hetero,categorical_kernel,haei,0.5,10,22,ok,50,/data/zhq7531/IDEAL/hetero_lvgp/benchmark/results/branin_hetero/categorical_kernel/haei_g0.5/nrep10/seed22.npz,branin_hetero/categorical_kernel/haei_g0.5/nrep10/seed22
branin_hetero,categorical_kernel,haei,0.5,10,23,ok,50,/data/zhq7531/IDEAL/hetero_lvgp/benchmark/results/branin_hetero/categorical_kernel/haei_g0.5/nrep10/seed23.npz,branin_hetero/categorical_kernel/haei_g0.5/nrep10/seed23
branin_hetero,categorical_kernel,haei,0.5,10,24,ok,50,/data/zhq7531/IDEAL/hetero_lvgp/benchmark/results/branin_hetero/categorical_kernel/haei_g0.5/nrep10/seed24.npz,branin_hetero/categorical_kernel/haei_g0.5/nrep10/seed24
branin_hetero,categorical_kernel,haei,0.5,10,25,ok,50,/data/zhq7531/IDEAL/hetero_lvgp/benchmark/results/branin_hetero/categorical_kernel/haei_g0.5/nrep10/seed25.npz,branin_hetero/categorical_kernel/haei_g0.5/nrep10/seed25
branin_hetero,categorical_kernel,haei,0.5,10,26,ok,50,/data/zhq7531/IDEAL/hetero_lvgp/benchmark/results/branin_hetero/categorical_kernel/haei_g0.5/nrep10/seed26.npz,branin_hetero/categorical_kernel/haei_g0.5/nrep10/seed26
branin_hetero,categorical_kernel,haei,0.5,10,27,ok,50,/data/zhq7531/IDEAL/hetero_lvgp/benchmark/results/branin_hetero/categorical_kernel/haei_g0.5/nrep10/seed27.npz,branin_hetero/categorical_kernel/haei_g0.5/nrep10/seed27
branin_hetero,categorical_kernel,haei,0.5,10,28,ok,50,/data/zhq7531/IDEAL/hetero_lvgp/benchmark/results/branin_hetero/categorical_kernel/haei_g0.5/nrep10/seed28.npz,branin_hetero/categorical_kernel/haei_g0.5/nrep10/seed28
branin_hetero,categorical_kernel,haei,0.5,10,29,ok,50,/data/zhq7531/IDEAL/hetero_lvgp/benchmark/results/branin_hetero/categorical_kernel/haei_g0.5/nrep10/seed29.npz,branin_hetero/categorical_kernel/haei_g0.5/nrep10/seed29
branin_hetero,categorical_kernel,haei,0.5,10,30,ok,50,/data/zhq7531/IDEAL/hetero_lvgp/benchmark/results/branin_hetero/categorical_kernel/haei_g0.5/nrep10/seed30.npz,branin_hetero/categorical_kernel/haei_g0.5/nrep10/seed30
branin_hetero,categorical_kernel,anpei,0.8,3,1,ok,50,/data/zhq7531/IDEAL/hetero_lvgp/benchmark/results/branin_hetero/categorical_kernel/anpei_b0.8/nrep03/seed01.npz,branin_hetero/categorical_kernel/anpei_b0.8/nrep03/seed01
branin_hetero,categorical_kernel,anpei,0.8,3,2,ok,50,/data/zhq7531/IDEAL/hetero_lvgp/benchmark/results/branin_hetero/categorical_kernel/anpei_b0.8/nrep03/seed02.npz,branin_hetero/categorical_kernel/anpei_b0.8/nrep03/seed02
branin_hetero,categorical_kernel,anpei,0.8,3,3,ok,50,/data/zhq7531/IDEAL/hetero_lvgp/benchmark/results/branin_hetero/categorical_kernel/anpei_b0.8/nrep03/seed03.npz,branin_hetero/categorical_kernel/anpei_b0.8/nrep03/seed03
branin_hetero,categorical_kernel,anpei,0.8,3,4,ok,50,/data/zhq7531/IDEAL/hetero_lvgp/benchmark/results/branin_hetero/categorical_kernel/anpei_b0.8/nrep03/seed04.npz,branin_hetero/categorical_kernel/anpei_b0.8/nrep03/seed04
branin_hetero,categorical_kernel,anpei,0.8,3,5,ok,50,/data/zhq7531/IDEAL/hetero_lvgp/benchmark/results/branin_hetero/categorical_kernel/anpei_b0.8/nrep03/seed05.npz,branin_hetero/categorical_kernel/anpei_b0.8/nrep03/seed05
branin_hetero,categorical_kernel,anpei,0.8,3,6,ok,50,/data/zhq7531/IDEAL/hetero_lvgp/benchmark/results/branin_hetero/categorical_kernel/anpei_b0.8/nrep03/seed06.npz,branin_hetero/categorical_kernel/anpei_b0.8/nrep03/seed06
branin_hetero,categorical_kernel,anpei,0.8,3,7,ok,50,/data/zhq7531/IDEAL/hetero_lvgp/benchmark/results/branin_hetero/categorical_kernel/anpei_b0.8/nrep03/seed07.npz,branin_hetero/categorical_kernel/anpei_b0.8/nrep03/seed07
branin_hetero,categorical_kernel,anpei,0.8,3,8,ok,50,/data/zhq7531/IDEAL/hetero_lvgp/benchmark/results/branin_hetero/categorical_kernel/anpei_b0.8/nrep03/seed08.npz,branin_hetero/categorical_kernel/anpei_b0.8/nrep03/seed08
branin_hetero,categorical_kernel,anpei,0.8,3,9,ok,50,/data/zhq7531/IDEAL/hetero_lvgp/benchmark/results/branin_hetero/categorical_kernel/anpei_b0.8/nrep03/seed09.npz,branin_hetero/categorical_kernel/anpei_b0.8/nrep03/seed09
branin_hetero,categorical_kernel,anpei,0.8,3,10,ok,50,/data/zhq7531/IDEAL/hetero_lvgp/benchmark/results/branin_hetero/categorical_kernel/anpei_b0.8/nrep03/seed10.npz,branin_hetero/categorical_kernel/anpei_b0.8/nrep03/seed10
branin_hetero,categorical_kernel,anpei,0.8,3,11,ok,50,/data/zhq7531/IDEAL/hetero_lvgp/benchmark/results/branin_hetero/categorical_kernel/anpei_b0.8/nrep03/seed11.npz,branin_hetero/categorical_kernel/anpei_b0.8/nrep03/seed11
branin_hetero,categorical_kernel,anpei,0.8,3,12,ok,50,/data/zhq7531/IDEAL/hetero_lvgp/benchmark/results/branin_hetero/categorical_kernel/anpei_b0.8/nrep03/seed12.npz,branin_hetero/categorical_kernel/anpei_b0.8/nrep03/seed12
branin_hetero,categorical_kernel,anpei,0.8,3,13,ok,50,/data/zhq7531/IDEAL/hetero_lvgp/benchmark/results/branin_hetero/categorical_kernel/anpei_b0.8/nrep03/seed13.npz,branin_hetero/categorical_kernel/anpei_b0.8/nrep03/seed13
branin_hetero,categorical_kernel,anpei,0.8,3,14,ok,50,/data/zhq7531/IDEAL/hetero_lvgp/benchmark/results/branin_hetero/categorical_kernel/anpei_b0.8/nrep03/seed14.npz,branin_hetero/categorical_kernel/anpei_b0.8/nrep03/seed14
branin_hetero,categorical_kernel,anpei,0.8,3,15,ok,50,/data/zhq7531/IDEAL/hetero_lvgp/benchmark/results/branin_hetero/categorical_kernel/anpei_b0.8/nrep03/seed15.npz,branin_hetero/categorical_kernel/anpei_b0.8/nrep03/seed15
branin_hetero,categorical_kernel,anpei,0.8,3,16,ok,50,/data/zhq7531/IDEAL/hetero_lvgp/benchmark/results/branin_hetero/categorical_kernel/anpei_b0.8/nrep03/seed16.npz,branin_hetero/categorical_kernel/anpei_b0.8/nrep03/seed16
branin_hetero,categorical_kernel,anpei,0.8,3,17,ok,50,/data/zhq7531/IDEAL/hetero_lvgp/benchmark/results/branin_hetero/categorical_kernel/anpei_b0.8/nrep03/seed17.npz,branin_hetero/categorical_kernel/anpei_b0.8/nrep03/seed17
branin_hetero,categorical_kernel,anpei,0.8,3,18,ok,50,/data/zhq7531/IDEAL/hetero_lvgp/benchmark/results/branin_hetero/categorical_kernel/anpei_b0.8/nrep03/seed18.npz,branin_hetero/categorical_kernel/anpei_b0.8/nrep03/seed18
branin_hetero,categorical_kernel,anpei,0.8,3,19,ok,50,/data/zhq7531/IDEAL/hetero_lvgp/benchmark/results/branin_hetero/categorical_kernel/anpei_b0.8/nrep03/seed19.npz,branin_hetero/categorical_kernel/anpei_b0.8/nrep03/seed19
branin_hetero,categorical_kernel,anpei,0.8,3,20,ok,50,/data/zhq7531/IDEAL/hetero_lvgp/benchmark/results/branin_hetero/categorical_kernel/anpei_b0.8/nrep03/seed20.npz,branin_hetero/categorical_kernel/anpei_b0.8/nrep03/seed20
branin_hetero,categorical_kernel,anpei,0.8,3,21,ok,50,/data/zhq7531/IDEAL/hetero_lvgp/benchmark/results/branin_hetero/categorical_kernel/anpei_b0.8/nrep03/seed21.npz,branin_hetero/categorical_kernel/anpei_b0.8/nrep03/seed21
branin_hetero,categorical_kernel,anpei,0.8,3,22,ok,50,/data/zhq7531/IDEAL/hetero_lvgp/benchmark/results/branin_hetero/categorical_kernel/anpei_b0.8/nrep03/seed22.npz,branin_hetero/categorical_kernel/anpei_b0.8/nrep03/seed22
branin_hetero,categorical_kernel,anpei,0.8,3,23,ok,50,/data/zhq7531/IDEAL/hetero_lvgp/benchmark/results/branin_hetero/categorical_kernel/anpei_b0.8/nrep03/seed23.npz,branin_hetero/categorical_kernel/anpei_b0.8/nrep03/seed23
branin_hetero,categorical_kernel,anpei,0.8,3,24,ok,50,/data/zhq7531/IDEAL/hetero_lvgp/benchmark/results/branin_hetero/categorical_kernel/anpei_b0.8/nrep03/seed24.npz,branin_hetero/categorical_kernel/anpei_b0.8/nrep03/seed24
branin_hetero,categorical_kernel,anpei,0.8,3,25,ok,50,/data/zhq7531/IDEAL/hetero_lvgp/benchmark/results/branin_hetero/categorical_kernel/anpei_b0.8/nrep03/seed25.npz,branin_hetero/categorical_kernel/anpei_b0.8/nrep03/seed25
branin_hetero,categorical_kernel,anpei,0.8,3,26,ok,50,/data/zhq7531/IDEAL/hetero_lvgp/benchmark/results/branin_hetero/categorical_kernel/anpei_b0.8/nrep03/seed26.npz,branin_hetero/categorical_kernel/anpei_b0.8/nrep03/seed26
branin_hetero,categorical_kernel,anpei,0.8,3,27,ok,50,/data/zhq7531/IDEAL/hetero_lvgp/benchmark/results/branin_hetero/categorical_kernel/anpei_b0.8/nrep03/seed27.npz,branin_hetero/categorical_kernel/anpei_b0.8/nrep03/seed27
branin_hetero,categorical_kernel,anpei,0.8,3,28,ok,50,/data/zhq7531/IDEAL/hetero_lvgp/benchmark/results/branin_hetero/categorical_kernel/anpei_b0.8/nrep03/seed28.npz,branin_hetero/categorical_kernel/anpei_b0.8/nrep03/seed28
branin_hetero,categorical_kernel,anpei,0.8,3,29,ok,50,/data/zhq7531/IDEAL/hetero_lvgp/benchmark/results/branin_hetero/categorical_kernel/anpei_b0.8/nrep03/seed29.npz,branin_hetero/categorical_kernel/anpei_b0.8/nrep03/seed29
branin_hetero,categorical_kernel,anpei,0.8,3,30,ok,50,/data/zhq7531/IDEAL/hetero_lvgp/benchmark/results/branin_hetero/categorical_kernel/anpei_b0.8/nrep03/seed30.npz,branin_hetero/categorical_kernel/anpei_b0.8/nrep03/seed30
branin_hetero,categorical_kernel,anpei,0.8,10,1,ok,50,/data/zhq7531/IDEAL/hetero_lvgp/benchmark/results/branin_hetero/categorical_kernel/anpei_b0.8/nrep10/seed01.npz,branin_hetero/categorical_kernel/anpei_b0.8/nrep10/seed01
branin_hetero,categorical_kernel,anpei,0.8,10,2,ok,50,/data/zhq7531/IDEAL/hetero_lvgp/benchmark/results/branin_hetero/categorical_kernel/anpei_b0.8/nrep10/seed02.npz,branin_hetero/categorical_kernel/anpei_b0.8/nrep10/seed02
branin_hetero,categorical_kernel,anpei,0.8,10,3,ok,50,/data/zhq7531/IDEAL/hetero_lvgp/benchmark/results/branin_hetero/categorical_kernel/anpei_b0.8/nrep10/seed03.npz,branin_hetero/categorical_kernel/anpei_b0.8/nrep10/seed03
branin_hetero,categorical_kernel,anpei,0.8,10,4,ok,50,/data/zhq7531/IDEAL/hetero_lvgp/benchmark/results/branin_hetero/categorical_kernel/anpei_b0.8/nrep10/seed04.npz,branin_hetero/categorical_kernel/anpei_b0.8/nrep10/seed04
branin_hetero,categorical_kernel,anpei,0.8,10,5,ok,50,/data/zhq7531/IDEAL/hetero_lvgp/benchmark/results/branin_hetero/categorical_kernel/anpei_b0.8/nrep10/seed05.npz,branin_hetero/categorical_kernel/anpei_b0.8/nrep10/seed05
branin_hetero,categorical_kernel,anpei,0.8,10,6,ok,50,/data/zhq7531/IDEAL/hetero_lvgp/benchmark/results/branin_hetero/categorical_kernel/anpei_b0.8/nrep10/seed06.npz,branin_hetero/categorical_kernel/anpei_b0.8/nrep10/seed06
branin_hetero,categorical_kernel,anpei,0.8,10,7,ok,50,/data/zhq7531/IDEAL/hetero_lvgp/benchmark/results/branin_hetero/categorical_kernel/anpei_b0.8/nrep10/seed07.npz,branin_hetero/categorical_kernel/anpei_b0.8/nrep10/seed07
branin_hetero,categorical_kernel,anpei,0.8,10,8,ok,50,/data/zhq7531/IDEAL/hetero_lvgp/benchmark/results/branin_hetero/categorical_kernel/anpei_b0.8/nrep10/seed08.npz,branin_hetero/categorical_kernel/anpei_b0.8/nrep10/seed08
branin_hetero,categorical_kernel,anpei,0.8,10,9,ok,50,/data/zhq7531/IDEAL/hetero_lvgp/benchmark/results/branin_hetero/categorical_kernel/anpei_b0.8/nrep10/seed09.npz,branin_hetero/categorical_kernel/anpei_b0.8/nrep10/seed09
branin_hetero,categorical_kernel,anpei,0.8,10,10,ok,50,/data/zhq7531/IDEAL/hetero_lvgp/benchmark/results/branin_hetero/categorical_kernel/anpei_b0.8/nrep10/seed10.npz,branin_hetero/categorical_kernel/anpei_b0.8/nrep10/seed10
branin_hetero,categorical_kernel,anpei,0.8,10,11,ok,50,/data/zhq7531/IDEAL/hetero_lvgp/benchmark/results/branin_hetero/categorical_kernel/anpei_b0.8/nrep10/seed11.npz,branin_hetero/categorical_kernel/anpei_b0.8/nrep10/seed11
branin_hetero,categorical_kernel,anpei,0.8,10,12,ok,50,/data/zhq7531/IDEAL/hetero_lvgp/benchmark/results/branin_hetero/categorical_kernel/anpei_b0.8/nrep10/seed12.npz,branin_hetero/categorical_kernel/anpei_b0.8/nrep10/seed12
branin_hetero,categorical_kernel,anpei,0.8,10,13,ok,50,/data/zhq7531/IDEAL/hetero_lvgp/benchmark/results/branin_hetero/categorical_kernel/anpei_b0.8/nrep10/seed13.npz,branin_hetero/categorical_kernel/anpei_b0.8/nrep10/seed13
branin_hetero,categorical_kernel,anpei,0.8,10,14,ok,50,/data/zhq7531/IDEAL/hetero_lvgp/benchmark/results/branin_hetero/categorical_kernel/anpei_b0.8/nrep10/seed14.npz,branin_hetero/categorical_kernel/anpei_b0.8/nrep10/seed14
branin_hetero,categorical_kernel,anpei,0.8,10,15,ok,50,/data/zhq7531/IDEAL/hetero_lvgp/benchmark/results/branin_hetero/categorical_kernel/anpei_b0.8/nrep10/seed15.npz,branin_hetero/categorical_kernel/anpei_b0.8/nrep10/seed15
branin_hetero,categorical_kernel,anpei,0.8,10,16,ok,50,/data/zhq7531/IDEAL/hetero_lvgp/benchmark/results/branin_hetero/categorical_kernel/anpei_b0.8/nrep10/seed16.npz,branin_hetero/categorical_kernel/anpei_b0.8/nrep10/seed16
branin_hetero,categorical_kernel,anpei,0.8,10,17,ok,50,/data/zhq7531/IDEAL/hetero_lvgp/benchmark/results/branin_hetero/categorical_kernel/anpei_b0.8/nrep10/seed17.npz,branin_hetero/categorical_kernel/anpei_b0.8/nrep10/seed17
branin_hetero,categorical_kernel,anpei,0.8,10,18,ok,50,/data/zhq7531/IDEAL/hetero_lvgp/benchmark/results/branin_hetero/categorical_kernel/anpei_b0.8/nrep10/seed18.npz,branin_hetero/categorical_kernel/anpei_b0.8/nrep10/seed18
branin_hetero,categorical_kernel,anpei,0.8,10,19,ok,50,/data/zhq7531/IDEAL/hetero_lvgp/benchmark/results/branin_hetero/categorical_kernel/anpei_b0.8/nrep10/seed19.npz,branin_hetero/categorical_kernel/anpei_b0.8/nrep10/seed19
branin_hetero,categorical_kernel,anpei,0.8,10,20,ok,50,/data/zhq7531/IDEAL/hetero_lvgp/benchmark/results/branin_hetero/categorical_kernel/anpei_b0.8/nrep10/seed20.npz,branin_hetero/categorical_kernel/anpei_b0.8/nrep10/seed20
branin_hetero,categorical_kernel,anpei,0.8,10,21,ok,50,/data/zhq7531/IDEAL/hetero_lvgp/benchmark/results/branin_hetero/categorical_kernel/anpei_b0.8/nrep10/seed21.npz,branin_hetero/categorical_kernel/anpei_b0.8/nrep10/seed21
branin_hetero,categorical_kernel,anpei,0.8,10,22,ok,50,/data/zhq7531/IDEAL/hetero_lvgp/benchmark/results/branin_hetero/categorical_kernel/anpei_b0.8/nrep10/seed22.npz,branin_hetero/categorical_kernel/anpei_b0.8/nrep10/seed22
branin_hetero,categorical_kernel,anpei,0.8,10,23,ok,50,/data/zhq7531/IDEAL/hetero_lvgp/benchmark/results/branin_hetero/categorical_kernel/anpei_b0.8/nrep10/seed23.npz,branin_hetero/categorical_kernel/anpei_b0.8/nrep10/seed23
branin_hetero,categorical_kernel,anpei,0.8,10,24,ok,50,/data/zhq7531/IDEAL/hetero_lvgp/benchmark/results/branin_hetero/categorical_kernel/anpei_b0.8/nrep10/seed24.npz,branin_hetero/categorical_kernel/anpei_b0.8/nrep10/seed24
branin_hetero,categorical_kernel,anpei,0.8,10,25,ok,50,/data/zhq7531/IDEAL/hetero_lvgp/benchmark/results/branin_hetero/categorical_kernel/anpei_b0.8/nrep10/seed25.npz,branin_hetero/categorical_kernel/anpei_b0.8/nrep10/seed25
branin_hetero,categorical_kernel,anpei,0.8,10,26,ok,50,/data/zhq7531/IDEAL/hetero_lvgp/benchmark/results/branin_hetero/categorical_kernel/anpei_b0.8/nrep10/seed26.npz,branin_hetero/categorical_kernel/anpei_b0.8/nrep10/seed26
branin_hetero,categorical_kernel,anpei,0.8,10,27,ok,50,/data/zhq7531/IDEAL/hetero_lvgp/benchmark/results/branin_hetero/categorical_kernel/anpei_b0.8/nrep10/seed27.npz,branin_hetero/categorical_kernel/anpei_b0.8/nrep10/seed27
branin_hetero,categorical_kernel,anpei,0.8,10,28,ok,50,/data/zhq7531/IDEAL/hetero_lvgp/benchmark/results/branin_hetero/categorical_kernel/anpei_b0.8/nrep10/seed28.npz,branin_hetero/categorical_kernel/anpei_b0.8/nrep10/seed28
branin_hetero,categorical_kernel,anpei,0.8,10,29,ok,50,/data/zhq7531/IDEAL/hetero_lvgp/benchmark/results/branin_hetero/categorical_kernel/anpei_b0.8/nrep10/seed29.npz,branin_hetero/categorical_kernel/anpei_b0.8/nrep10/seed29
branin_hetero,categorical_kernel,anpei,0.8,10,30,ok,50,/data/zhq7531/IDEAL/hetero_lvgp/benchmark/results/branin_hetero/categorical_kernel/anpei_b0.8/nrep10/seed30.npz,branin_hetero/categorical_kernel/anpei_b0.8/nrep10/seed30
branin_hetero,categorical_kernel,rahbo,0.5,3,1,ok,50,/data/zhq7531/IDEAL/hetero_lvgp/benchmark/results/branin_hetero/categorical_kernel/rahbo_a0.5/nrep03/seed01.npz,branin_hetero/categorical_kernel/rahbo_a0.5/nrep03/seed01
branin_hetero,categorical_kernel,rahbo,0.5,3,2,ok,50,/data/zhq7531/IDEAL/hetero_lvgp/benchmark/results/branin_hetero/categorical_kernel/rahbo_a0.5/nrep03/seed02.npz,branin_hetero/categorical_kernel/rahbo_a0.5/nrep03/seed02
branin_hetero,categorical_kernel,rahbo,0.5,3,3,ok,50,/data/zhq7531/IDEAL/hetero_lvgp/benchmark/results/branin_hetero/categorical_kernel/rahbo_a0.5/nrep03/seed03.npz,branin_hetero/categorical_kernel/rahbo_a0.5/nrep03/seed03
branin_hetero,categorical_kernel,rahbo,0.5,3,4,ok,50,/data/zhq7531/IDEAL/hetero_lvgp/benchmark/results/branin_hetero/categorical_kernel/rahbo_a0.5/nrep03/seed04.npz,branin_hetero/categorical_kernel/rahbo_a0.5/nrep03/seed04
branin_hetero,categorical_kernel,rahbo,0.5,3,5,ok,50,/data/zhq7531/IDEAL/hetero_lvgp/benchmark/results/branin_hetero/categorical_kernel/rahbo_a0.5/nrep03/seed05.npz,branin_hetero/categorical_kernel/rahbo_a0.5/nrep03/seed05
branin_hetero,categorical_kernel,rahbo,0.5,3,6,ok,50,/data/zhq7531/IDEAL/hetero_lvgp/benchmark/results/branin_hetero/categorical_kernel/rahbo_a0.5/nrep03/seed06.npz,branin_hetero/categorical_kernel/rahbo_a0.5/nrep03/seed06
branin_hetero,categorical_kernel,rahbo,0.5,3,7,ok,50,/data/zhq7531/IDEAL/hetero_lvgp/benchmark/results/branin_hetero/categorical_kernel/rahbo_a0.5/nrep03/seed07.npz,branin_hetero/categorical_kernel/rahbo_a0.5/nrep03/seed07
branin_hetero,categorical_kernel,rahbo,0.5,3,8,ok,50,/data/zhq7531/IDEAL/hetero_lvgp/benchmark/results/branin_hetero/categorical_kernel/rahbo_a0.5/nrep03/seed08.npz,branin_hetero/categorical_kernel/rahbo_a0.5/nrep03/seed08
branin_hetero,categorical_kernel,rahbo,0.5,3,9,ok,50,/data/zhq7531/IDEAL/hetero_lvgp/benchmark/results/branin_hetero/categorical_kernel/rahbo_a0.5/nrep03/seed09.npz,branin_hetero/categorical_kernel/rahbo_a0.5/nrep03/seed09
branin_hetero,categorical_kernel,rahbo,0.5,3,10,ok,50,/data/zhq7531/IDEAL/hetero_lvgp/benchmark/results/branin_hetero/categorical_kernel/rahbo_a0.5/nrep03/seed10.npz,branin_hetero/categorical_kernel/rahbo_a0.5/nrep03/seed10
branin_hetero,categorical_kernel,rahbo,0.5,3,11,ok,50,/data/zhq7531/IDEAL/hetero_lvgp/benchmark/results/branin_hetero/categorical_kernel/rahbo_a0.5/nrep03/seed11.npz,branin_hetero/categorical_kernel/rahbo_a0.5/nrep03/seed11
branin_hetero,categorical_kernel,rahbo,0.5,3,12,ok,50,/data/zhq7531/IDEAL/hetero_lvgp/benchmark/results/branin_hetero/categorical_kernel/rahbo_a0.5/nrep03/seed12.npz,branin_hetero/categorical_kernel/rahbo_a0.5/nrep03/seed12
branin_hetero,categorical_kernel,rahbo,0.5,3,13,ok,50,/data/zhq7531/IDEAL/hetero_lvgp/benchmark/results/branin_hetero/categorical_kernel/rahbo_a0.5/nrep03/seed13.npz,branin_hetero/categorical_kernel/rahbo_a0.5/nrep03/seed13
branin_hetero,categorical_kernel,rahbo,0.5,3,14,ok,50,/data/zhq7531/IDEAL/hetero_lvgp/benchmark/results/branin_hetero/categorical_kernel/rahbo_a0.5/nrep03/seed14.npz,branin_hetero/categorical_kernel/rahbo_a0.5/nrep03/seed14
branin_hetero,categorical_kernel,rahbo,0.5,3,15,ok,50,/data/zhq7531/IDEAL/hetero_lvgp/benchmark/results/branin_hetero/categorical_kernel/rahbo_a0.5/nrep03/seed15.npz,branin_hetero/categorical_kernel/rahbo_a0.5/nrep03/seed15
branin_hetero,categorical_kernel,rahbo,0.5,3,16,ok,50,/data/zhq7531/IDEAL/hetero_lvgp/benchmark/results/branin_hetero/categorical_kernel/rahbo_a0.5/nrep03/seed16.npz,branin_hetero/categorical_kernel/rahbo_a0.5/nrep03/seed16
branin_hetero,categorical_kernel,rahbo,0.5,3,17,ok,50,/data/zhq7531/IDEAL/hetero_lvgp/benchmark/results/branin_hetero/categorical_kernel/rahbo_a0.5/nrep03/seed17.npz,branin_hetero/categorical_kernel/rahbo_a0.5/nrep03/seed17
branin_hetero,categorical_kernel,rahbo,0.5,3,18,ok,50,/data/zhq7531/IDEAL/hetero_lvgp/benchmark/results/branin_hetero/categorical_kernel/rahbo_a0.5/nrep03/seed18.npz,branin_hetero/categorical_kernel/rahbo_a0.5/nrep03/seed18
branin_hetero,categorical_kernel,rahbo,0.5,3,19,ok,50,/data/zhq7531/IDEAL/hetero_lvgp/benchmark/results/branin_hetero/categorical_kernel/rahbo_a0.5/nrep03/seed19.npz,branin_hetero/categorical_kernel/rahbo_a0.5/nrep03/seed19
branin_hetero,categorical_kernel,rahbo,0.5,3,20,ok,50,/data/zhq7531/IDEAL/hetero_lvgp/benchmark/results/branin_hetero/categorical_kernel/rahbo_a0.5/nrep03/seed20.npz,branin_hetero/categorical_kernel/rahbo_a0.5/nrep03/seed20
branin_hetero,categorical_kernel,rahbo,0.5,3,21,ok,50,/data/zhq7531/IDEAL/hetero_lvgp/benchmark/results/branin_hetero/categorical_kernel/rahbo_a0.5/nrep03/seed21.npz,branin_hetero/categorical_kernel/rahbo_a0.5/nrep03/seed21
branin_hetero,categorical_kernel,rahbo,0.5,3,22,ok,50,/data/zhq7531/IDEAL/hetero_lvgp/benchmark/results/branin_hetero/categorical_kernel/rahbo_a0.5/nrep03/seed22.npz,branin_hetero/categorical_kernel/rahbo_a0.5/nrep03/seed22
branin_hetero,categorical_kernel,rahbo,0.5,3,23,ok,50,/data/zhq7531/IDEAL/hetero_lvgp/benchmark/results/branin_hetero/categorical_kernel/rahbo_a0.5/nrep03/seed23.npz,branin_hetero/categorical_kernel/rahbo_a0.5/nrep03/seed23
branin_hetero,categorical_kernel,rahbo,0.5,3,24,ok,50,/data/zhq7531/IDEAL/hetero_lvgp/benchmark/results/branin_hetero/categorical_kernel/rahbo_a0.5/nrep03/seed24.npz,branin_hetero/categorical_kernel/rahbo_a0.5/nrep03/seed24
branin_hetero,categorical_kernel,rahbo,0.5,3,25,ok,50,/data/zhq7531/IDEAL/hetero_lvgp/benchmark/results/branin_hetero/categorical_kernel/rahbo_a0.5/nrep03/seed25.npz,branin_hetero/categorical_kernel/rahbo_a0.5/nrep03/seed25
branin_hetero,categorical_kernel,rahbo,0.5,3,26,ok,50,/data/zhq7531/IDEAL/hetero_lvgp/benchmark/results/branin_hetero/categorical_kernel/rahbo_a0.5/nrep03/seed26.npz,branin_hetero/categorical_kernel/rahbo_a0.5/nrep03/seed26
branin_hetero,categorical_kernel,rahbo,0.5,3,27,ok,50,/data/zhq7531/IDEAL/hetero_lvgp/benchmark/results/branin_hetero/categorical_kernel/rahbo_a0.5/nrep03/seed27.npz,branin_hetero/categorical_kernel/rahbo_a0.5/nrep03/seed27
branin_hetero,categorical_kernel,rahbo,0.5,3,28,ok,50,/data/zhq7531/IDEAL/hetero_lvgp/benchmark/results/branin_hetero/categorical_kernel/rahbo_a0.5/nrep03/seed28.npz,branin_hetero/categorical_kernel/rahbo_a0.5/nrep03/seed28
branin_hetero,categorical_kernel,rahbo,0.5,3,29,ok,50,/data/zhq7531/IDEAL/hetero_lvgp/benchmark/results/branin_hetero/categorical_kernel/rahbo_a0.5/nrep03/seed29.npz,branin_hetero/categorical_kernel/rahbo_a0.5/nrep03/seed29
branin_hetero,categorical_kernel,rahbo,0.5,3,30,ok,50,/data/zhq7531/IDEAL/hetero_lvgp/benchmark/results/branin_hetero/categorical_kernel/rahbo_a0.5/nrep03/seed30.npz,branin_hetero/categorical_kernel/rahbo_a0.5/nrep03/seed30
branin_hetero,categorical_kernel,rahbo,0.5,10,1,ok,50,/data/zhq7531/IDEAL/hetero_lvgp/benchmark/results/branin_hetero/categorical_kernel/rahbo_a0.5/nrep10/seed01.npz,branin_hetero/categorical_kernel/rahbo_a0.5/nrep10/seed01
branin_hetero,categorical_kernel,rahbo,0.5,10,2,ok,50,/data/zhq7531/IDEAL/hetero_lvgp/benchmark/results/branin_hetero/categorical_kernel/rahbo_a0.5/nrep10/seed02.npz,branin_hetero/categorical_kernel/rahbo_a0.5/nrep10/seed02
branin_hetero,categorical_kernel,rahbo,0.5,10,3,ok,50,/data/zhq7531/IDEAL/hetero_lvgp/benchmark/results/branin_hetero/categorical_kernel/rahbo_a0.5/nrep10/seed03.npz,branin_hetero/categorical_kernel/rahbo_a0.5/nrep10/seed03
branin_hetero,categorical_kernel,rahbo,0.5,10,4,ok,50,/data/zhq7531/IDEAL/hetero_lvgp/benchmark/results/branin_hetero/categorical_kernel/rahbo_a0.5/nrep10/seed04.npz,branin_hetero/categorical_kernel/rahbo_a0.5/nrep10/seed04
branin_hetero,categorical_kernel,rahbo,0.5,10,5,ok,50,/data/zhq7531/IDEAL/hetero_lvgp/benchmark/results/branin_hetero/categorical_kernel/rahbo_a0.5/nrep10/seed05.npz,branin_hetero/categorical_kernel/rahbo_a0.5/nrep10/seed05
branin_hetero,categorical_kernel,rahbo,0.5,10,6,ok,50,/data/zhq7531/IDEAL/hetero_lvgp/benchmark/results/branin_hetero/categorical_kernel/rahbo_a0.5/nrep10/seed06.npz,branin_hetero/categorical_kernel/rahbo_a0.5/nrep10/seed06
branin_hetero,categorical_kernel,rahbo,0.5,10,7,ok,50,/data/zhq7531/IDEAL/hetero_lvgp/benchmark/results/branin_hetero/categorical_kernel/rahbo_a0.5/nrep10/seed07.npz,branin_hetero/categorical_kernel/rahbo_a0.5/nrep10/seed07
branin_hetero,categorical_kernel,rahbo,0.5,10,8,ok,50,/data/zhq7531/IDEAL/hetero_lvgp/benchmark/results/branin_hetero/categorical_kernel/rahbo_a0.5/nrep10/seed08.npz,branin_hetero/categorical_kernel/rahbo_a0.5/nrep10/seed08
branin_hetero,categorical_kernel,rahbo,0.5,10,9,ok,50,/data/zhq7531/IDEAL/hetero_lvgp/benchmark/results/branin_hetero/categorical_kernel/rahbo_a0.5/nrep10/seed09.npz,branin_hetero/categorical_kernel/rahbo_a0.5/nrep10/seed09
branin_hetero,categorical_kernel,rahbo,0.5,10,10,ok,50,/data/zhq7531/IDEAL/hetero_lvgp/benchmark/results/branin_hetero/categorical_kernel/rahbo_a0.5/nrep10/seed10.npz,branin_hetero/categorical_kernel/rahbo_a0.5/nrep10/seed10
branin_hetero,categorical_kernel,rahbo,0.5,10,11,ok,50,/data/zhq7531/IDEAL/hetero_lvgp/benchmark/results/branin_hetero/categorical_kernel/rahbo_a0.5/nrep10/seed11.npz,branin_hetero/categorical_kernel/rahbo_a0.5/nrep10/seed11
branin_hetero,categorical_kernel,rahbo,0.5,10,12,ok,50,/data/zhq7531/IDEAL/hetero_lvgp/benchmark/results/branin_hetero/categorical_kernel/rahbo_a0.5/nrep10/seed12.npz,branin_hetero/categorical_kernel/rahbo_a0.5/nrep10/seed12
branin_hetero,categorical_kernel,rahbo,0.5,10,13,ok,50,/data/zhq7531/IDEAL/hetero_lvgp/benchmark/results/branin_hetero/categorical_kernel/rahbo_a0.5/nrep10/seed13.npz,branin_hetero/categorical_kernel/rahbo_a0.5/nrep10/seed13
branin_hetero,categorical_kernel,rahbo,0.5,10,14,ok,50,/data/zhq7531/IDEAL/hetero_lvgp/benchmark/results/branin_hetero/categorical_kernel/rahbo_a0.5/nrep10/seed14.npz,branin_hetero/categorical_kernel/rahbo_a0.5/nrep10/seed14
branin_hetero,categorical_kernel,rahbo,0.5,10,15,ok,50,/data/zhq7531/IDEAL/hetero_lvgp/benchmark/results/branin_hetero/categorical_kernel/rahbo_a0.5/nrep10/seed15.npz,branin_hetero/categorical_kernel/rahbo_a0.5/nrep10/seed15
branin_hetero,categorical_kernel,rahbo,0.5,10,16,ok,50,/data/zhq7531/IDEAL/hetero_lvgp/benchmark/results/branin_hetero/categorical_kernel/rahbo_a0.5/nrep10/seed16.npz,branin_hetero/categorical_kernel/rahbo_a0.5/nrep10/seed16
branin_hetero,categorical_kernel,rahbo,0.5,10,17,ok,50,/data/zhq7531/IDEAL/hetero_lvgp/benchmark/results/branin_hetero/categorical_kernel/rahbo_a0.5/nrep10/seed17.npz,branin_hetero/categorical_kernel/rahbo_a0.5/nrep10/seed17
branin_hetero,categorical_kernel,rahbo,0.5,10,18,ok,50,/data/zhq7531/IDEAL/hetero_lvgp/benchmark/results/branin_hetero/categorical_kernel/rahbo_a0.5/nrep10/seed18.npz,branin_hetero/categorical_kernel/rahbo_a0.5/nrep10/seed18
branin_hetero,categorical_kernel,rahbo,0.5,10,19,ok,50,/data/zhq7531/IDEAL/hetero_lvgp/benchmark/results/branin_hetero/categorical_kernel/rahbo_a0.5/nrep10/seed19.npz,branin_hetero/categorical_kernel/rahbo_a0.5/nrep10/seed19
branin_hetero,categorical_kernel,rahbo,0.5,10,20,ok,50,/data/zhq7531/IDEAL/hetero_lvgp/benchmark/results/branin_hetero/categorical_kernel/rahbo_a0.5/nrep10/seed20.npz,branin_hetero/categorical_kernel/rahbo_a0.5/nrep10/seed20
branin_hetero,categorical_kernel,rahbo,0.5,10,21,ok,50,/data/zhq7531/IDEAL/hetero_lvgp/benchmark/results/branin_hetero/categorical_kernel/rahbo_a0.5/nrep10/seed21.npz,branin_hetero/categorical_kernel/rahbo_a0.5/nrep10/seed21
branin_hetero,categorical_kernel,rahbo,0.5,10,22,ok,50,/data/zhq7531/IDEAL/hetero_lvgp/benchmark/results/branin_hetero/categorical_kernel/rahbo_a0.5/nrep10/seed22.npz,branin_hetero/categorical_kernel/rahbo_a0.5/nrep10/seed22
branin_hetero,categorical_kernel,rahbo,0.5,10,23,ok,50,/data/zhq7531/IDEAL/hetero_lvgp/benchmark/results/branin_hetero/categorical_kernel/rahbo_a0.5/nrep10/seed23.npz,branin_hetero/categorical_kernel/rahbo_a0.5/nrep10/seed23
branin_hetero,categorical_kernel,rahbo,0.5,10,24,ok,50,/data/zhq7531/IDEAL/hetero_lvgp/benchmark/results/branin_hetero/categorical_kernel/rahbo_a0.5/nrep10/seed24.npz,branin_hetero/categorical_kernel/rahbo_a0.5/nrep10/seed24
branin_hetero,categorical_kernel,rahbo,0.5,10,25,ok,50,/data/zhq7531/IDEAL/hetero_lvgp/benchmark/results/branin_hetero/categorical_kernel/rahbo_a0.5/nrep10/seed25.npz,branin_hetero/categorical_kernel/rahbo_a0.5/nrep10/seed25
branin_hetero,categorical_kernel,rahbo,0.5,10,26,ok,50,/data/zhq7531/IDEAL/hetero_lvgp/benchmark/results/branin_hetero/categorical_kernel/rahbo_a0.5/nrep10/seed26.npz,branin_hetero/categorical_kernel/rahbo_a0.5/nrep10/seed26
branin_hetero,categorical_kernel,rahbo,0.5,10,27,ok,50,/data/zhq7531/IDEAL/hetero_lvgp/benchmark/results/branin_hetero/categorical_kernel/rahbo_a0.5/nrep10/seed27.npz,branin_hetero/categorical_kernel/rahbo_a0.5/nrep10/seed27
branin_hetero,categorical_kernel,rahbo,0.5,10,28,ok,50,/data/zhq7531/IDEAL/hetero_lvgp/benchmark/results/branin_hetero/categorical_kernel/rahbo_a0.5/nrep10/seed28.npz,branin_hetero/categorical_kernel/rahbo_a0.5/nrep10/seed28
branin_hetero,categorical_kernel,rahbo,0.5,10,29,ok,50,/data/zhq7531/IDEAL/hetero_lvgp/benchmark/results/branin_hetero/categorical_kernel/rahbo_a0.5/nrep10/seed29.npz,branin_hetero/categorical_kernel/rahbo_a0.5/nrep10/seed29
branin_hetero,categorical_kernel,rahbo,0.5,10,30,ok,50,/data/zhq7531/IDEAL/hetero_lvgp/benchmark/results/branin_hetero/categorical_kernel/rahbo_a0.5/nrep10/seed30.npz,branin_hetero/categorical_kernel/rahbo_a0.5/nrep10/seed30
branin_hetero,standard_LVGP,lcb,,3,1,ok,50,/data/zhq7531/IDEAL/hetero_lvgp/benchmark/results/branin_hetero/standard_LVGP/lcb/nrep03/seed01.mat,branin_hetero/standard_LVGP/lcb/nrep03/seed01
branin_hetero,standard_LVGP,lcb,,3,2,ok,50,/data/zhq7531/IDEAL/hetero_lvgp/benchmark/results/branin_hetero/standard_LVGP/lcb/nrep03/seed02.mat,branin_hetero/standard_LVGP/lcb/nrep03/seed02
branin_hetero,standard_LVGP,lcb,,3,3,ok,50,/data/zhq7531/IDEAL/hetero_lvgp/benchmark/results/branin_hetero/standard_LVGP/lcb/nrep03/seed03.mat,branin_hetero/standard_LVGP/lcb/nrep03/seed03
branin_hetero,standard_LVGP,lcb,,3,4,ok,50,/data/zhq7531/IDEAL/hetero_lvgp/benchmark/results/branin_hetero/standard_LVGP/lcb/nrep03/seed04.mat,branin_hetero/standard_LVGP/lcb/nrep03/seed04
branin_hetero,standard_LVGP,lcb,,3,5,ok,50,/data/zhq7531/IDEAL/hetero_lvgp/benchmark/results/branin_hetero/standard_LVGP/lcb/nrep03/seed05.mat,branin_hetero/standard_LVGP/lcb/nrep03/seed05
branin_hetero,standard_LVGP,lcb,,3,6,ok,50,/data/zhq7531/IDEAL/hetero_lvgp/benchmark/results/branin_hetero/standard_LVGP/lcb/nrep03/seed06.mat,branin_hetero/standard_LVGP/lcb/nrep03/seed06
branin_hetero,standard_LVGP,lcb,,3,7,ok,50,/data/zhq7531/IDEAL/hetero_lvgp/benchmark/results/branin_hetero/standard_LVGP/lcb/nrep03/seed07.mat,branin_hetero/standard_LVGP/lcb/nrep03/seed07
branin_hetero,standard_LVGP,lcb,,3,8,ok,50,/data/zhq7531/IDEAL/hetero_lvgp/benchmark/results/branin_hetero/standard_LVGP/lcb/nrep03/seed08.mat,branin_hetero/standard_LVGP/lcb/nrep03/seed08
branin_hetero,standard_LVGP,lcb,,3,9,ok,50,/data/zhq7531/IDEAL/hetero_lvgp/benchmark/results/branin_hetero/standard_LVGP/lcb/nrep03/seed09.mat,branin_hetero/standard_LVGP/lcb/nrep03/seed09
branin_hetero,standard_LVGP,lcb,,3,10,ok,50,/data/zhq7531/IDEAL/hetero_lvgp/benchmark/results/branin_hetero/standard_LVGP/lcb/nrep03/seed10.mat,branin_hetero/standard_LVGP/lcb/nrep03/seed10
branin_hetero,standard_LVGP,lcb,,3,11,ok,50,/data/zhq7531/IDEAL/hetero_lvgp/benchmark/results/branin_hetero/standard_LVGP/lcb/nrep03/seed11.mat,branin_hetero/standard_LVGP/lcb/nrep03/seed11
branin_hetero,standard_LVGP,lcb,,3,12,ok,50,/data/zhq7531/IDEAL/hetero_lvgp/benchmark/results/branin_hetero/standard_LVGP/lcb/nrep03/seed12.mat,branin_hetero/standard_LVGP/lcb/nrep03/seed12
branin_hetero,standard_LVGP,lcb,,3,13,ok,50,/data/zhq7531/IDEAL/hetero_lvgp/benchmark/results/branin_hetero/standard_LVGP/lcb/nrep03/seed13.mat,branin_hetero/standard_LVGP/lcb/nrep03/seed13
branin_hetero,standard_LVGP,lcb,,3,14,ok,50,/data/zhq7531/IDEAL/hetero_lvgp/benchmark/results/branin_hetero/standard_LVGP/lcb/nrep03/seed14.mat,branin_hetero/standard_LVGP/lcb/nrep03/seed14
branin_hetero,standard_LVGP,lcb,,3,15,ok,50,/data/zhq7531/IDEAL/hetero_lvgp/benchmark/results/branin_hetero/standard_LVGP/lcb/nrep03/seed15.mat,branin_hetero/standard_LVGP/lcb/nrep03/seed15
branin_hetero,standard_LVGP,lcb,,3,16,ok,50,/data/zhq7531/IDEAL/hetero_lvgp/benchmark/results/branin_hetero/standard_LVGP/lcb/nrep03/seed16.mat,branin_hetero/standard_LVGP/lcb/nrep03/seed16
branin_hetero,standard_LVGP,lcb,,3,17,ok,50,/data/zhq7531/IDEAL/hetero_lvgp/benchmark/results/branin_hetero/standard_LVGP/lcb/nrep03/seed17.mat,branin_hetero/standard_LVGP/lcb/nrep03/seed17
branin_hetero,standard_LVGP,lcb,,3,18,ok,50,/data/zhq7531/IDEAL/hetero_lvgp/benchmark/results/branin_hetero/standard_LVGP/lcb/nrep03/seed18.mat,branin_hetero/standard_LVGP/lcb/nrep03/seed18
branin_hetero,standard_LVGP,lcb,,3,19,ok,50,/data/zhq7531/IDEAL/hetero_lvgp/benchmark/results/branin_hetero/standard_LVGP/lcb/nrep03/seed19.mat,branin_hetero/standard_LVGP/lcb/nrep03/seed19
branin_hetero,standard_LVGP,lcb,,3,20,ok,50,/data/zhq7531/IDEAL/hetero_lvgp/benchmark/results/branin_hetero/standard_LVGP/lcb/nrep03/seed20.mat,branin_hetero/standard_LVGP/lcb/nrep03/seed20
branin_hetero,standard_LVGP,lcb,,3,21,ok,50,/data/zhq7531/IDEAL/hetero_lvgp/benchmark/results/branin_hetero/standard_LVGP/lcb/nrep03/seed21.mat,branin_hetero/standard_LVGP/lcb/nrep03/seed21
branin_hetero,standard_LVGP,lcb,,3,22,ok,50,/data/zhq7531/IDEAL/hetero_lvgp/benchmark/results/branin_hetero/standard_LVGP/lcb/nrep03/seed22.mat,branin_hetero/standard_LVGP/lcb/nrep03/seed22
branin_hetero,standard_LVGP,lcb,,3,23,ok,50,/data/zhq7531/IDEAL/hetero_lvgp/benchmark/results/branin_hetero/standard_LVGP/lcb/nrep03/seed23.mat,branin_hetero/standard_LVGP/lcb/nrep03/seed23
branin_hetero,standard_LVGP,lcb,,3,24,ok,50,/data/zhq7531/IDEAL/hetero_lvgp/benchmark/results/branin_hetero/standard_LVGP/lcb/nrep03/seed24.mat,branin_hetero/standard_LVGP/lcb/nrep03/seed24
branin_hetero,standard_LVGP,lcb,,3,25,ok,50,/data/zhq7531/IDEAL/hetero_lvgp/benchmark/results/branin_hetero/standard_LVGP/lcb/nrep03/seed25.mat,branin_hetero/standard_LVGP/lcb/nrep03/seed25
branin_hetero,standard_LVGP,lcb,,3,26,ok,50,/data/zhq7531/IDEAL/hetero_lvgp/benchmark/results/branin_hetero/standard_LVGP/lcb/nrep03/seed26.mat,branin_hetero/standard_LVGP/lcb/nrep03/seed26
branin_hetero,standard_LVGP,lcb,,3,27,ok,50,/data/zhq7531/IDEAL/hetero_lvgp/benchmark/results/branin_hetero/standard_LVGP/lcb/nrep03/seed27.mat,branin_hetero/standard_LVGP/lcb/nrep03/seed27
branin_hetero,standard_LVGP,lcb,,3,28,ok,50,/data/zhq7531/IDEAL/hetero_lvgp/benchmark/results/branin_hetero/standard_LVGP/lcb/nrep03/seed28.mat,branin_hetero/standard_LVGP/lcb/nrep03/seed28
branin_hetero,standard_LVGP,lcb,,3,29,ok,50,/data/zhq7531/IDEAL/hetero_lvgp/benchmark/results/branin_hetero/standard_LVGP/lcb/nrep03/seed29.mat,branin_hetero/standard_LVGP/lcb/nrep03/seed29
branin_hetero,standard_LVGP,lcb,,3,30,ok,50,/data/zhq7531/IDEAL/hetero_lvgp/benchmark/results/branin_hetero/standard_LVGP/lcb/nrep03/seed30.mat,branin_hetero/standard_LVGP/lcb/nrep03/seed30
branin_hetero,standard_LVGP,lcb,,10,1,ok,50,/data/zhq7531/IDEAL/hetero_lvgp/benchmark/results/branin_hetero/standard_LVGP/lcb/nrep10/seed01.mat,branin_hetero/standard_LVGP/lcb/nrep10/seed01
branin_hetero,standard_LVGP,lcb,,10,2,ok,50,/data/zhq7531/IDEAL/hetero_lvgp/benchmark/results/branin_hetero/standard_LVGP/lcb/nrep10/seed02.mat,branin_hetero/standard_LVGP/lcb/nrep10/seed02
branin_hetero,standard_LVGP,lcb,,10,3,ok,50,/data/zhq7531/IDEAL/hetero_lvgp/benchmark/results/branin_hetero/standard_LVGP/lcb/nrep10/seed03.mat,branin_hetero/standard_LVGP/lcb/nrep10/seed03
branin_hetero,standard_LVGP,lcb,,10,4,ok,50,/data/zhq7531/IDEAL/hetero_lvgp/benchmark/results/branin_hetero/standard_LVGP/lcb/nrep10/seed04.mat,branin_hetero/standard_LVGP/lcb/nrep10/seed04
branin_hetero,standard_LVGP,lcb,,10,5,ok,50,/data/zhq7531/IDEAL/hetero_lvgp/benchmark/results/branin_hetero/standard_LVGP/lcb/nrep10/seed05.mat,branin_hetero/standard_LVGP/lcb/nrep10/seed05
branin_hetero,standard_LVGP,lcb,,10,6,ok,50,/data/zhq7531/IDEAL/hetero_lvgp/benchmark/results/branin_hetero/standard_LVGP/lcb/nrep10/seed06.mat,branin_hetero/standard_LVGP/lcb/nrep10/seed06
branin_hetero,standard_LVGP,lcb,,10,7,ok,50,/data/zhq7531/IDEAL/hetero_lvgp/benchmark/results/branin_hetero/standard_LVGP/lcb/nrep10/seed07.mat,branin_hetero/standard_LVGP/lcb/nrep10/seed07
branin_hetero,standard_LVGP,lcb,,10,8,ok,50,/data/zhq7531/IDEAL/hetero_lvgp/benchmark/results/branin_hetero/standard_LVGP/lcb/nrep10/seed08.mat,branin_hetero/standard_LVGP/lcb/nrep10/seed08
branin_hetero,standard_LVGP,lcb,,10,9,ok,50,/data/zhq7531/IDEAL/hetero_lvgp/benchmark/results/branin_hetero/standard_LVGP/lcb/nrep10/seed09.mat,branin_hetero/standard_LVGP/lcb/nrep10/seed09
branin_hetero,standard_LVGP,lcb,,10,10,ok,50,/data/zhq7531/IDEAL/hetero_lvgp/benchmark/results/branin_hetero/standard_LVGP/lcb/nrep10/seed10.mat,branin_hetero/standard_LVGP/lcb/nrep10/seed10
branin_hetero,standard_LVGP,lcb,,10,11,ok,50,/data/zhq7531/IDEAL/hetero_lvgp/benchmark/results/branin_hetero/standard_LVGP/lcb/nrep10/seed11.mat,branin_hetero/standard_LVGP/lcb/nrep10/seed11
branin_hetero,standard_LVGP,lcb,,10,12,ok,50,/data/zhq7531/IDEAL/hetero_lvgp/benchmark/results/branin_hetero/standard_LVGP/lcb/nrep10/seed12.mat,branin_hetero/standard_LVGP/lcb/nrep10/seed12
branin_hetero,standard_LVGP,lcb,,10,13,ok,50,/data/zhq7531/IDEAL/hetero_lvgp/benchmark/results/branin_hetero/standard_LVGP/lcb/nrep10/seed13.mat,branin_hetero/standard_LVGP/lcb/nrep10/seed13
branin_hetero,standard_LVGP,lcb,,10,14,ok,50,/data/zhq7531/IDEAL/hetero_lvgp/benchmark/results/branin_hetero/standard_LVGP/lcb/nrep10/seed14.mat,branin_hetero/standard_LVGP/lcb/nrep10/seed14
branin_hetero,standard_LVGP,lcb,,10,15,ok,50,/data/zhq7531/IDEAL/hetero_lvgp/benchmark/results/branin_hetero/standard_LVGP/lcb/nrep10/seed15.mat,branin_hetero/standard_LVGP/lcb/nrep10/seed15
branin_hetero,standard_LVGP,lcb,,10,16,ok,50,/data/zhq7531/IDEAL/hetero_lvgp/benchmark/results/branin_hetero/standard_LVGP/lcb/nrep10/seed16.mat,branin_hetero/standard_LVGP/lcb/nrep10/seed16
branin_hetero,standard_LVGP,lcb,,10,17,ok,50,/data/zhq7531/IDEAL/hetero_lvgp/benchmark/results/branin_hetero/standard_LVGP/lcb/nrep10/seed17.mat,branin_hetero/standard_LVGP/lcb/nrep10/seed17
branin_hetero,standard_LVGP,lcb,,10,18,ok,50,/data/zhq7531/IDEAL/hetero_lvgp/benchmark/results/branin_hetero/standard_LVGP/lcb/nrep10/seed18.mat,branin_hetero/standard_LVGP/lcb/nrep10/seed18
branin_hetero,standard_LVGP,lcb,,10,19,ok,50,/data/zhq7531/IDEAL/hetero_lvgp/benchmark/results/branin_hetero/standard_LVGP/lcb/nrep10/seed19.mat,branin_hetero/standard_LVGP/lcb/nrep10/seed19
branin_hetero,standard_LVGP,lcb,,10,20,ok,50,/data/zhq7531/IDEAL/hetero_lvgp/benchmark/results/branin_hetero/standard_LVGP/lcb/nrep10/seed20.mat,branin_hetero/standard_LVGP/lcb/nrep10/seed20
branin_hetero,standard_LVGP,lcb,,10,21,ok,50,/data/zhq7531/IDEAL/hetero_lvgp/benchmark/results/branin_hetero/standard_LVGP/lcb/nrep10/seed21.mat,branin_hetero/standard_LVGP/lcb/nrep10/seed21
branin_hetero,standard_LVGP,lcb,,10,22,ok,50,/data/zhq7531/IDEAL/hetero_lvgp/benchmark/results/branin_hetero/standard_LVGP/lcb/nrep10/seed22.mat,branin_hetero/standard_LVGP/lcb/nrep10/seed22
branin_hetero,standard_LVGP,lcb,,10,23,ok,50,/data/zhq7531/IDEAL/hetero_lvgp/benchmark/results/branin_hetero/standard_LVGP/lcb/nrep10/seed23.mat,branin_hetero/standard_LVGP/lcb/nrep10/seed23
branin_hetero,standard_LVGP,lcb,,10,24,ok,50,/data/zhq7531/IDEAL/hetero_lvgp/benchmark/results/branin_hetero/standard_LVGP/lcb/nrep10/seed24.mat,branin_hetero/standard_LVGP/lcb/nrep10/seed24
branin_hetero,standard_LVGP,lcb,,10,25,ok,50,/data/zhq7531/IDEAL/hetero_lvgp/benchmark/results/branin_hetero/standard_LVGP/lcb/nrep10/seed25.mat,branin_hetero/standard_LVGP/lcb/nrep10/seed25
branin_hetero,standard_LVGP,lcb,,10,26,ok,50,/data/zhq7531/IDEAL/hetero_lvgp/benchmark/results/branin_hetero/standard_LVGP/lcb/nrep10/seed26.mat,branin_hetero/standard_LVGP/lcb/nrep10/seed26
branin_hetero,standard_LVGP,lcb,,10,27,ok,50,/data/zhq7531/IDEAL/hetero_lvgp/benchmark/results/branin_hetero/standard_LVGP/lcb/nrep10/seed27.mat,branin_hetero/standard_LVGP/lcb/nrep10/seed27
branin_hetero,standard_LVGP,lcb,,10,28,ok,50,/data/zhq7531/IDEAL/hetero_lvgp/benchmark/results/branin_hetero/standard_LVGP/lcb/nrep10/seed28.mat,branin_hetero/standard_LVGP/lcb/nrep10/seed28
branin_hetero,standard_LVGP,lcb,,10,29,ok,50,/data/zhq7531/IDEAL/hetero_lvgp/benchmark/results/branin_hetero/standard_LVGP/lcb/nrep10/seed29.mat,branin_hetero/standard_LVGP/lcb/nrep10/seed29
branin_hetero,standard_LVGP,lcb,,10,30,ok,50,/data/zhq7531/IDEAL/hetero_lvgp/benchmark/results/branin_hetero/standard_LVGP/lcb/nrep10/seed30.mat,branin_hetero/standard_LVGP/lcb/nrep10/seed30
branin_hetero,standard_LVGP,pi,,3,1,ok,50,/data/zhq7531/IDEAL/hetero_lvgp/benchmark/results/branin_hetero/standard_LVGP/pi/nrep03/seed01.mat,branin_hetero/standard_LVGP/pi/nrep03/seed01
branin_hetero,standard_LVGP,pi,,3,2,ok,50,/data/zhq7531/IDEAL/hetero_lvgp/benchmark/results/branin_hetero/standard_LVGP/pi/nrep03/seed02.mat,branin_hetero/standard_LVGP/pi/nrep03/seed02
branin_hetero,standard_LVGP,pi,,3,3,ok,50,/data/zhq7531/IDEAL/hetero_lvgp/benchmark/results/branin_hetero/standard_LVGP/pi/nrep03/seed03.mat,branin_hetero/standard_LVGP/pi/nrep03/seed03
branin_hetero,standard_LVGP,pi,,3,4,ok,50,/data/zhq7531/IDEAL/hetero_lvgp/benchmark/results/branin_hetero/standard_LVGP/pi/nrep03/seed04.mat,branin_hetero/standard_LVGP/pi/nrep03/seed04
branin_hetero,standard_LVGP,pi,,3,5,ok,50,/data/zhq7531/IDEAL/hetero_lvgp/benchmark/results/branin_hetero/standard_LVGP/pi/nrep03/seed05.mat,branin_hetero/standard_LVGP/pi/nrep03/seed05
branin_hetero,standard_LVGP,pi,,3,6,ok,50,/data/zhq7531/IDEAL/hetero_lvgp/benchmark/results/branin_hetero/standard_LVGP/pi/nrep03/seed06.mat,branin_hetero/standard_LVGP/pi/nrep03/seed06
branin_hetero,standard_LVGP,pi,,3,7,ok,50,/data/zhq7531/IDEAL/hetero_lvgp/benchmark/results/branin_hetero/standard_LVGP/pi/nrep03/seed07.mat,branin_hetero/standard_LVGP/pi/nrep03/seed07
branin_hetero,standard_LVGP,pi,,3,8,ok,50,/data/zhq7531/IDEAL/hetero_lvgp/benchmark/results/branin_hetero/standard_LVGP/pi/nrep03/seed08.mat,branin_hetero/standard_LVGP/pi/nrep03/seed08
branin_hetero,standard_LVGP,pi,,3,9,ok,50,/data/zhq7531/IDEAL/hetero_lvgp/benchmark/results/branin_hetero/standard_LVGP/pi/nrep03/seed09.mat,branin_hetero/standard_LVGP/pi/nrep03/seed09
branin_hetero,standard_LVGP,pi,,3,10,ok,50,/data/zhq7531/IDEAL/hetero_lvgp/benchmark/results/branin_hetero/standard_LVGP/pi/nrep03/seed10.mat,branin_hetero/standard_LVGP/pi/nrep03/seed10
branin_hetero,standard_LVGP,pi,,3,11,ok,50,/data/zhq7531/IDEAL/hetero_lvgp/benchmark/results/branin_hetero/standard_LVGP/pi/nrep03/seed11.mat,branin_hetero/standard_LVGP/pi/nrep03/seed11
branin_hetero,standard_LVGP,pi,,3,12,ok,50,/data/zhq7531/IDEAL/hetero_lvgp/benchmark/results/branin_hetero/standard_LVGP/pi/nrep03/seed12.mat,branin_hetero/standard_LVGP/pi/nrep03/seed12
branin_hetero,standard_LVGP,pi,,3,13,ok,50,/data/zhq7531/IDEAL/hetero_lvgp/benchmark/results/branin_hetero/standard_LVGP/pi/nrep03/seed13.mat,branin_hetero/standard_LVGP/pi/nrep03/seed13
branin_hetero,standard_LVGP,pi,,3,14,ok,50,/data/zhq7531/IDEAL/hetero_lvgp/benchmark/results/branin_hetero/standard_LVGP/pi/nrep03/seed14.mat,branin_hetero/standard_LVGP/pi/nrep03/seed14
branin_hetero,standard_LVGP,pi,,3,15,ok,50,/data/zhq7531/IDEAL/hetero_lvgp/benchmark/results/branin_hetero/standard_LVGP/pi/nrep03/seed15.mat,branin_hetero/standard_LVGP/pi/nrep03/seed15
branin_hetero,standard_LVGP,pi,,3,16,ok,50,/data/zhq7531/IDEAL/hetero_lvgp/benchmark/results/branin_hetero/standard_LVGP/pi/nrep03/seed16.mat,branin_hetero/standard_LVGP/pi/nrep03/seed16
branin_hetero,standard_LVGP,pi,,3,17,ok,50,/data/zhq7531/IDEAL/hetero_lvgp/benchmark/results/branin_hetero/standard_LVGP/pi/nrep03/seed17.mat,branin_hetero/standard_LVGP/pi/nrep03/seed17
branin_hetero,standard_LVGP,pi,,3,18,ok,50,/data/zhq7531/IDEAL/hetero_lvgp/benchmark/results/branin_hetero/standard_LVGP/pi/nrep03/seed18.mat,branin_hetero/standard_LVGP/pi/nrep03/seed18
branin_hetero,standard_LVGP,pi,,3,19,ok,50,/data/zhq7531/IDEAL/hetero_lvgp/benchmark/results/branin_hetero/standard_LVGP/pi/nrep03/seed19.mat,branin_hetero/standard_LVGP/pi/nrep03/seed19
branin_hetero,standard_LVGP,pi,,3,20,ok,50,/data/zhq7531/IDEAL/hetero_lvgp/benchmark/results/branin_hetero/standard_LVGP/pi/nrep03/seed20.mat,branin_hetero/standard_LVGP/pi/nrep03/seed20
branin_hetero,standard_LVGP,pi,,3,21,ok,50,/data/zhq7531/IDEAL/hetero_lvgp/benchmark/results/branin_hetero/standard_LVGP/pi/nrep03/seed21.mat,branin_hetero/standard_LVGP/pi/nrep03/seed21
branin_hetero,standard_LVGP,pi,,3,22,ok,50,/data/zhq7531/IDEAL/hetero_lvgp/benchmark/results/branin_hetero/standard_LVGP/pi/nrep03/seed22.mat,branin_hetero/standard_LVGP/pi/nrep03/seed22
branin_hetero,standard_LVGP,pi,,3,23,ok,50,/data/zhq7531/IDEAL/hetero_lvgp/benchmark/results/branin_hetero/standard_LVGP/pi/nrep03/seed23.mat,branin_hetero/standard_LVGP/pi/nrep03/seed23
branin_hetero,standard_LVGP,pi,,3,24,ok,50,/data/zhq7531/IDEAL/hetero_lvgp/benchmark/results/branin_hetero/standard_LVGP/pi/nrep03/seed24.mat,branin_hetero/standard_LVGP/pi/nrep03/seed24
branin_hetero,standard_LVGP,pi,,3,25,ok,50,/data/zhq7531/IDEAL/hetero_lvgp/benchmark/results/branin_hetero/standard_LVGP/pi/nrep03/seed25.mat,branin_hetero/standard_LVGP/pi/nrep03/seed25
branin_hetero,standard_LVGP,pi,,3,26,ok,50,/data/zhq7531/IDEAL/hetero_lvgp/benchmark/results/branin_hetero/standard_LVGP/pi/nrep03/seed26.mat,branin_hetero/standard_LVGP/pi/nrep03/seed26
branin_hetero,standard_LVGP,pi,,3,27,ok,50,/data/zhq7531/IDEAL/hetero_lvgp/benchmark/results/branin_hetero/standard_LVGP/pi/nrep03/seed27.mat,branin_hetero/standard_LVGP/pi/nrep03/seed27
branin_hetero,standard_LVGP,pi,,3,28,ok,50,/data/zhq7531/IDEAL/hetero_lvgp/benchmark/results/branin_hetero/standard_LVGP/pi/nrep03/seed28.mat,branin_hetero/standard_LVGP/pi/nrep03/seed28
branin_hetero,standard_LVGP,pi,,3,29,ok,50,/data/zhq7531/IDEAL/hetero_lvgp/benchmark/results/branin_hetero/standard_LVGP/pi/nrep03/seed29.mat,branin_hetero/standard_LVGP/pi/nrep03/seed29
branin_hetero,standard_LVGP,pi,,3,30,ok,50,/data/zhq7531/IDEAL/hetero_lvgp/benchmark/results/branin_hetero/standard_LVGP/pi/nrep03/seed30.mat,branin_hetero/standard_LVGP/pi/nrep03/seed30
branin_hetero,standard_LVGP,pi,,10,1,ok,50,/data/zhq7531/IDEAL/hetero_lvgp/benchmark/results/branin_hetero/standard_LVGP/pi/nrep10/seed01.mat,branin_hetero/standard_LVGP/pi/nrep10/seed01
branin_hetero,standard_LVGP,pi,,10,2,ok,50,/data/zhq7531/IDEAL/hetero_lvgp/benchmark/results/branin_hetero/standard_LVGP/pi/nrep10/seed02.mat,branin_hetero/standard_LVGP/pi/nrep10/seed02
branin_hetero,standard_LVGP,pi,,10,3,ok,50,/data/zhq7531/IDEAL/hetero_lvgp/benchmark/results/branin_hetero/standard_LVGP/pi/nrep10/seed03.mat,branin_hetero/standard_LVGP/pi/nrep10/seed03
branin_hetero,standard_LVGP,pi,,10,4,ok,50,/data/zhq7531/IDEAL/hetero_lvgp/benchmark/results/branin_hetero/standard_LVGP/pi/nrep10/seed04.mat,branin_hetero/standard_LVGP/pi/nrep10/seed04
branin_hetero,standard_LVGP,pi,,10,5,ok,50,/data/zhq7531/IDEAL/hetero_lvgp/benchmark/results/branin_hetero/standard_LVGP/pi/nrep10/seed05.mat,branin_hetero/standard_LVGP/pi/nrep10/seed05
branin_hetero,standard_LVGP,pi,,10,6,ok,50,/data/zhq7531/IDEAL/hetero_lvgp/benchmark/results/branin_hetero/standard_LVGP/pi/nrep10/seed06.mat,branin_hetero/standard_LVGP/pi/nrep10/seed06
branin_hetero,standard_LVGP,pi,,10,7,ok,50,/data/zhq7531/IDEAL/hetero_lvgp/benchmark/results/branin_hetero/standard_LVGP/pi/nrep10/seed07.mat,branin_hetero/standard_LVGP/pi/nrep10/seed07
branin_hetero,standard_LVGP,pi,,10,8,ok,50,/data/zhq7531/IDEAL/hetero_lvgp/benchmark/results/branin_hetero/standard_LVGP/pi/nrep10/seed08.mat,branin_hetero/standard_LVGP/pi/nrep10/seed08
branin_hetero,standard_LVGP,pi,,10,9,ok,50,/data/zhq7531/IDEAL/hetero_lvgp/benchmark/results/branin_hetero/standard_LVGP/pi/nrep10/seed09.mat,branin_hetero/standard_LVGP/pi/nrep10/seed09
branin_hetero,standard_LVGP,pi,,10,10,ok,50,/data/zhq7531/IDEAL/hetero_lvgp/benchmark/results/branin_hetero/standard_LVGP/pi/nrep10/seed10.mat,branin_hetero/standard_LVGP/pi/nrep10/seed10
branin_hetero,standard_LVGP,pi,,10,11,ok,50,/data/zhq7531/IDEAL/hetero_lvgp/benchmark/results/branin_hetero/standard_LVGP/pi/nrep10/seed11.mat,branin_hetero/standard_LVGP/pi/nrep10/seed11
branin_hetero,standard_LVGP,pi,,10,12,ok,50,/data/zhq7531/IDEAL/hetero_lvgp/benchmark/results/branin_hetero/standard_LVGP/pi/nrep10/seed12.mat,branin_hetero/standard_LVGP/pi/nrep10/seed12
branin_hetero,standard_LVGP,pi,,10,13,ok,50,/data/zhq7531/IDEAL/hetero_lvgp/benchmark/results/branin_hetero/standard_LVGP/pi/nrep10/seed13.mat,branin_hetero/standard_LVGP/pi/nrep10/seed13
branin_hetero,standard_LVGP,pi,,10,14,ok,50,/data/zhq7531/IDEAL/hetero_lvgp/benchmark/results/branin_hetero/standard_LVGP/pi/nrep10/seed14.mat,branin_hetero/standard_LVGP/pi/nrep10/seed14
branin_hetero,standard_LVGP,pi,,10,15,ok,50,/data/zhq7531/IDEAL/hetero_lvgp/benchmark/results/branin_hetero/standard_LVGP/pi/nrep10/seed15.mat,branin_hetero/standard_LVGP/pi/nrep10/seed15
branin_hetero,standard_LVGP,pi,,10,16,ok,50,/data/zhq7531/IDEAL/hetero_lvgp/benchmark/results/branin_hetero/standard_LVGP/pi/nrep10/seed16.mat,branin_hetero/standard_LVGP/pi/nrep10/seed16
branin_hetero,standard_LVGP,pi,,10,17,ok,50,/data/zhq7531/IDEAL/hetero_lvgp/benchmark/results/branin_hetero/standard_LVGP/pi/nrep10/seed17.mat,branin_hetero/standard_LVGP/pi/nrep10/seed17
branin_hetero,standard_LVGP,pi,,10,18,ok,50,/data/zhq7531/IDEAL/hetero_lvgp/benchmark/results/branin_hetero/standard_LVGP/pi/nrep10/seed18.mat,branin_hetero/standard_LVGP/pi/nrep10/seed18
branin_hetero,standard_LVGP,pi,,10,19,ok,50,/data/zhq7531/IDEAL/hetero_lvgp/benchmark/results/branin_hetero/standard_LVGP/pi/nrep10/seed19.mat,branin_hetero/standard_LVGP/pi/nrep10/seed19
branin_hetero,standard_LVGP,pi,,10,20,ok,50,/data/zhq7531/IDEAL/hetero_lvgp/benchmark/results/branin_hetero/standard_LVGP/pi/nrep10/seed20.mat,branin_hetero/standard_LVGP/pi/nrep10/seed20
branin_hetero,standard_LVGP,pi,,10,21,ok,50,/data/zhq7531/IDEAL/hetero_lvgp/benchmark/results/branin_hetero/standard_LVGP/pi/nrep10/seed21.mat,branin_hetero/standard_LVGP/pi/nrep10/seed21
branin_hetero,standard_LVGP,pi,,10,22,ok,50,/data/zhq7531/IDEAL/hetero_lvgp/benchmark/results/branin_hetero/standard_LVGP/pi/nrep10/seed22.mat,branin_hetero/standard_LVGP/pi/nrep10/seed22
branin_hetero,standard_LVGP,pi,,10,23,ok,50,/data/zhq7531/IDEAL/hetero_lvgp/benchmark/results/branin_hetero/standard_LVGP/pi/nrep10/seed23.mat,branin_hetero/standard_LVGP/pi/nrep10/seed23
branin_hetero,standard_LVGP,pi,,10,24,ok,50,/data/zhq7531/IDEAL/hetero_lvgp/benchmark/results/branin_hetero/standard_LVGP/pi/nrep10/seed24.mat,branin_hetero/standard_LVGP/pi/nrep10/seed24
branin_hetero,standard_LVGP,pi,,10,25,ok,50,/data/zhq7531/IDEAL/hetero_lvgp/benchmark/results/branin_hetero/standard_LVGP/pi/nrep10/seed25.mat,branin_hetero/standard_LVGP/pi/nrep10/seed25
branin_hetero,standard_LVGP,pi,,10,26,ok,50,/data/zhq7531/IDEAL/hetero_lvgp/benchmark/results/branin_hetero/standard_LVGP/pi/nrep10/seed26.mat,branin_hetero/standard_LVGP/pi/nrep10/seed26
branin_hetero,standard_LVGP,pi,,10,27,ok,50,/data/zhq7531/IDEAL/hetero_lvgp/benchmark/results/branin_hetero/standard_LVGP/pi/nrep10/seed27.mat,branin_hetero/standard_LVGP/pi/nrep10/seed27
branin_hetero,standard_LVGP,pi,,10,28,ok,50,/data/zhq7531/IDEAL/hetero_lvgp/benchmark/results/branin_hetero/standard_LVGP/pi/nrep10/seed28.mat,branin_hetero/standard_LVGP/pi/nrep10/seed28
branin_hetero,standard_LVGP,pi,,10,29,ok,50,/data/zhq7531/IDEAL/hetero_lvgp/benchmark/results/branin_hetero/standard_LVGP/pi/nrep10/seed29.mat,branin_hetero/standard_LVGP/pi/nrep10/seed29
branin_hetero,standard_LVGP,pi,,10,30,ok,50,/data/zhq7531/IDEAL/hetero_lvgp/benchmark/results/branin_hetero/standard_LVGP/pi/nrep10/seed30.mat,branin_hetero/standard_LVGP/pi/nrep10/seed30
branin_hetero,standard_LVGP,ei,,3,1,ok,50,/data/zhq7531/IDEAL/hetero_lvgp/benchmark/results/branin_hetero/standard_LVGP/ei/nrep03/seed01.mat,branin_hetero/standard_LVGP/ei/nrep03/seed01
branin_hetero,standard_LVGP,ei,,3,2,ok,50,/data/zhq7531/IDEAL/hetero_lvgp/benchmark/results/branin_hetero/standard_LVGP/ei/nrep03/seed02.mat,branin_hetero/standard_LVGP/ei/nrep03/seed02
branin_hetero,standard_LVGP,ei,,3,3,ok,50,/data/zhq7531/IDEAL/hetero_lvgp/benchmark/results/branin_hetero/standard_LVGP/ei/nrep03/seed03.mat,branin_hetero/standard_LVGP/ei/nrep03/seed03
branin_hetero,standard_LVGP,ei,,3,4,ok,50,/data/zhq7531/IDEAL/hetero_lvgp/benchmark/results/branin_hetero/standard_LVGP/ei/nrep03/seed04.mat,branin_hetero/standard_LVGP/ei/nrep03/seed04
branin_hetero,standard_LVGP,ei,,3,5,ok,50,/data/zhq7531/IDEAL/hetero_lvgp/benchmark/results/branin_hetero/standard_LVGP/ei/nrep03/seed05.mat,branin_hetero/standard_LVGP/ei/nrep03/seed05
branin_hetero,standard_LVGP,ei,,3,6,ok,50,/data/zhq7531/IDEAL/hetero_lvgp/benchmark/results/branin_hetero/standard_LVGP/ei/nrep03/seed06.mat,branin_hetero/standard_LVGP/ei/nrep03/seed06
branin_hetero,standard_LVGP,ei,,3,7,ok,50,/data/zhq7531/IDEAL/hetero_lvgp/benchmark/results/branin_hetero/standard_LVGP/ei/nrep03/seed07.mat,branin_hetero/standard_LVGP/ei/nrep03/seed07
branin_hetero,standard_LVGP,ei,,3,8,ok,50,/data/zhq7531/IDEAL/hetero_lvgp/benchmark/results/branin_hetero/standard_LVGP/ei/nrep03/seed08.mat,branin_hetero/standard_LVGP/ei/nrep03/seed08
branin_hetero,standard_LVGP,ei,,3,9,ok,50,/data/zhq7531/IDEAL/hetero_lvgp/benchmark/results/branin_hetero/standard_LVGP/ei/nrep03/seed09.mat,branin_hetero/standard_LVGP/ei/nrep03/seed09
branin_hetero,standard_LVGP,ei,,3,10,ok,50,/data/zhq7531/IDEAL/hetero_lvgp/benchmark/results/branin_hetero/standard_LVGP/ei/nrep03/seed10.mat,branin_hetero/standard_LVGP/ei/nrep03/seed10
branin_hetero,standard_LVGP,ei,,3,11,ok,50,/data/zhq7531/IDEAL/hetero_lvgp/benchmark/results/branin_hetero/standard_LVGP/ei/nrep03/seed11.mat,branin_hetero/standard_LVGP/ei/nrep03/seed11
branin_hetero,standard_LVGP,ei,,3,12,ok,50,/data/zhq7531/IDEAL/hetero_lvgp/benchmark/results/branin_hetero/standard_LVGP/ei/nrep03/seed12.mat,branin_hetero/standard_LVGP/ei/nrep03/seed12
branin_hetero,standard_LVGP,ei,,3,13,ok,50,/data/zhq7531/IDEAL/hetero_lvgp/benchmark/results/branin_hetero/standard_LVGP/ei/nrep03/seed13.mat,branin_hetero/standard_LVGP/ei/nrep03/seed13
branin_hetero,standard_LVGP,ei,,3,14,ok,50,/data/zhq7531/IDEAL/hetero_lvgp/benchmark/results/branin_hetero/standard_LVGP/ei/nrep03/seed14.mat,branin_hetero/standard_LVGP/ei/nrep03/seed14
branin_hetero,standard_LVGP,ei,,3,15,ok,50,/data/zhq7531/IDEAL/hetero_lvgp/benchmark/results/branin_hetero/standard_LVGP/ei/nrep03/seed15.mat,branin_hetero/standard_LVGP/ei/nrep03/seed15
branin_hetero,standard_LVGP,ei,,3,16,ok,50,/data/zhq7531/IDEAL/hetero_lvgp/benchmark/results/branin_hetero/standard_LVGP/ei/nrep03/seed16.mat,branin_hetero/standard_LVGP/ei/nrep03/seed16
branin_hetero,standard_LVGP,ei,,3,17,ok,50,/data/zhq7531/IDEAL/hetero_lvgp/benchmark/results/branin_hetero/standard_LVGP/ei/nrep03/seed17.mat,branin_hetero/standard_LVGP/ei/nrep03/seed17
branin_hetero,standard_LVGP,ei,,3,18,ok,50,/data/zhq7531/IDEAL/hetero_lvgp/benchmark/results/branin_hetero/standard_LVGP/ei/nrep03/seed18.mat,branin_hetero/standard_LVGP/ei/nrep03/seed18
branin_hetero,standard_LVGP,ei,,3,19,ok,50,/data/zhq7531/IDEAL/hetero_lvgp/benchmark/results/branin_hetero/standard_LVGP/ei/nrep03/seed19.mat,branin_hetero/standard_LVGP/ei/nrep03/seed19
branin_hetero,standard_LVGP,ei,,3,20,ok,50,/data/zhq7531/IDEAL/hetero_lvgp/benchmark/results/branin_hetero/standard_LVGP/ei/nrep03/seed20.mat,branin_hetero/standard_LVGP/ei/nrep03/seed20
branin_hetero,standard_LVGP,ei,,3,21,ok,50,/data/zhq7531/IDEAL/hetero_lvgp/benchmark/results/branin_hetero/standard_LVGP/ei/nrep03/seed21.mat,branin_hetero/standard_LVGP/ei/nrep03/seed21
branin_hetero,standard_LVGP,ei,,3,22,ok,50,/data/zhq7531/IDEAL/hetero_lvgp/benchmark/results/branin_hetero/standard_LVGP/ei/nrep03/seed22.mat,branin_hetero/standard_LVGP/ei/nrep03/seed22
branin_hetero,standard_LVGP,ei,,3,23,ok,50,/data/zhq7531/IDEAL/hetero_lvgp/benchmark/results/branin_hetero/standard_LVGP/ei/nrep03/seed23.mat,branin_hetero/standard_LVGP/ei/nrep03/seed23
branin_hetero,standard_LVGP,ei,,3,24,ok,50,/data/zhq7531/IDEAL/hetero_lvgp/benchmark/results/branin_hetero/standard_LVGP/ei/nrep03/seed24.mat,branin_hetero/standard_LVGP/ei/nrep03/seed24
branin_hetero,standard_LVGP,ei,,3,25,ok,50,/data/zhq7531/IDEAL/hetero_lvgp/benchmark/results/branin_hetero/standard_LVGP/ei/nrep03/seed25.mat,branin_hetero/standard_LVGP/ei/nrep03/seed25
branin_hetero,standard_LVGP,ei,,3,26,ok,50,/data/zhq7531/IDEAL/hetero_lvgp/benchmark/results/branin_hetero/standard_LVGP/ei/nrep03/seed26.mat,branin_hetero/standard_LVGP/ei/nrep03/seed26
branin_hetero,standard_LVGP,ei,,3,27,ok,50,/data/zhq7531/IDEAL/hetero_lvgp/benchmark/results/branin_hetero/standard_LVGP/ei/nrep03/seed27.mat,branin_hetero/standard_LVGP/ei/nrep03/seed27
branin_hetero,standard_LVGP,ei,,3,28,ok,50,/data/zhq7531/IDEAL/hetero_lvgp/benchmark/results/branin_hetero/standard_LVGP/ei/nrep03/seed28.mat,branin_hetero/standard_LVGP/ei/nrep03/seed28
branin_hetero,standard_LVGP,ei,,3,29,ok,50,/data/zhq7531/IDEAL/hetero_lvgp/benchmark/results/branin_hetero/standard_LVGP/ei/nrep03/seed29.mat,branin_hetero/standard_LVGP/ei/nrep03/seed29
branin_hetero,standard_LVGP,ei,,3,30,ok,50,/data/zhq7531/IDEAL/hetero_lvgp/benchmark/results/branin_hetero/standard_LVGP/ei/nrep03/seed30.mat,branin_hetero/standard_LVGP/ei/nrep03/seed30
branin_hetero,standard_LVGP,ei,,10,1,ok,50,/data/zhq7531/IDEAL/hetero_lvgp/benchmark/results/branin_hetero/standard_LVGP/ei/nrep10/seed01.mat,branin_hetero/standard_LVGP/ei/nrep10/seed01
branin_hetero,standard_LVGP,ei,,10,2,ok,50,/data/zhq7531/IDEAL/hetero_lvgp/benchmark/results/branin_hetero/standard_LVGP/ei/nrep10/seed02.mat,branin_hetero/standard_LVGP/ei/nrep10/seed02
branin_hetero,standard_LVGP,ei,,10,3,ok,50,/data/zhq7531/IDEAL/hetero_lvgp/benchmark/results/branin_hetero/standard_LVGP/ei/nrep10/seed03.mat,branin_hetero/standard_LVGP/ei/nrep10/seed03
branin_hetero,standard_LVGP,ei,,10,4,ok,50,/data/zhq7531/IDEAL/hetero_lvgp/benchmark/results/branin_hetero/standard_LVGP/ei/nrep10/seed04.mat,branin_hetero/standard_LVGP/ei/nrep10/seed04
branin_hetero,standard_LVGP,ei,,10,5,ok,50,/data/zhq7531/IDEAL/hetero_lvgp/benchmark/results/branin_hetero/standard_LVGP/ei/nrep10/seed05.mat,branin_hetero/standard_LVGP/ei/nrep10/seed05
branin_hetero,standard_LVGP,ei,,10,6,ok,50,/data/zhq7531/IDEAL/hetero_lvgp/benchmark/results/branin_hetero/standard_LVGP/ei/nrep10/seed06.mat,branin_hetero/standard_LVGP/ei/nrep10/seed06
branin_hetero,standard_LVGP,ei,,10,7,ok,50,/data/zhq7531/IDEAL/hetero_lvgp/benchmark/results/branin_hetero/standard_LVGP/ei/nrep10/seed07.mat,branin_hetero/standard_LVGP/ei/nrep10/seed07
branin_hetero,standard_LVGP,ei,,10,8,ok,50,/data/zhq7531/IDEAL/hetero_lvgp/benchmark/results/branin_hetero/standard_LVGP/ei/nrep10/seed08.mat,branin_hetero/standard_LVGP/ei/nrep10/seed08
branin_hetero,standard_LVGP,ei,,10,9,ok,50,/data/zhq7531/IDEAL/hetero_lvgp/benchmark/results/branin_hetero/standard_LVGP/ei/nrep10/seed09.mat,branin_hetero/standard_LVGP/ei/nrep10/seed09
branin_hetero,standard_LVGP,ei,,10,10,ok,50,/data/zhq7531/IDEAL/hetero_lvgp/benchmark/results/branin_hetero/standard_LVGP/ei/nrep10/seed10.mat,branin_hetero/standard_LVGP/ei/nrep10/seed10
branin_hetero,standard_LVGP,ei,,10,11,ok,50,/data/zhq7531/IDEAL/hetero_lvgp/benchmark/results/branin_hetero/standard_LVGP/ei/nrep10/seed11.mat,branin_hetero/standard_LVGP/ei/nrep10/seed11
branin_hetero,standard_LVGP,ei,,10,12,ok,50,/data/zhq7531/IDEAL/hetero_lvgp/benchmark/results/branin_hetero/standard_LVGP/ei/nrep10/seed12.mat,branin_hetero/standard_LVGP/ei/nrep10/seed12
branin_hetero,standard_LVGP,ei,,10,13,ok,50,/data/zhq7531/IDEAL/hetero_lvgp/benchmark/results/branin_hetero/standard_LVGP/ei/nrep10/seed13.mat,branin_hetero/standard_LVGP/ei/nrep10/seed13
branin_hetero,standard_LVGP,ei,,10,14,ok,50,/data/zhq7531/IDEAL/hetero_lvgp/benchmark/results/branin_hetero/standard_LVGP/ei/nrep10/seed14.mat,branin_hetero/standard_LVGP/ei/nrep10/seed14
branin_hetero,standard_LVGP,ei,,10,15,ok,50,/data/zhq7531/IDEAL/hetero_lvgp/benchmark/results/branin_hetero/standard_LVGP/ei/nrep10/seed15.mat,branin_hetero/standard_LVGP/ei/nrep10/seed15
branin_hetero,standard_LVGP,ei,,10,16,ok,50,/data/zhq7531/IDEAL/hetero_lvgp/benchmark/results/branin_hetero/standard_LVGP/ei/nrep10/seed16.mat,branin_hetero/standard_LVGP/ei/nrep10/seed16
branin_hetero,standard_LVGP,ei,,10,17,ok,50,/data/zhq7531/IDEAL/hetero_lvgp/benchmark/results/branin_hetero/standard_LVGP/ei/nrep10/seed17.mat,branin_hetero/standard_LVGP/ei/nrep10/seed17
branin_hetero,standard_LVGP,ei,,10,18,ok,50,/data/zhq7531/IDEAL/hetero_lvgp/benchmark/results/branin_hetero/standard_LVGP/ei/nrep10/seed18.mat,branin_hetero/standard_LVGP/ei/nrep10/seed18
branin_hetero,standard_LVGP,ei,,10,19,ok,50,/data/zhq7531/IDEAL/hetero_lvgp/benchmark/results/branin_hetero/standard_LVGP/ei/nrep10/seed19.mat,branin_hetero/standard_LVGP/ei/nrep10/seed19
branin_hetero,standard_LVGP,ei,,10,20,ok,50,/data/zhq7531/IDEAL/hetero_lvgp/benchmark/results/branin_hetero/standard_LVGP/ei/nrep10/seed20.mat,branin_hetero/standard_LVGP/ei/nrep10/seed20
branin_hetero,standard_LVGP,ei,,10,21,ok,50,/data/zhq7531/IDEAL/hetero_lvgp/benchmark/results/branin_hetero/standard_LVGP/ei/nrep10/seed21.mat,branin_hetero/standard_LVGP/ei/nrep10/seed21
branin_hetero,standard_LVGP,ei,,10,22,ok,50,/data/zhq7531/IDEAL/hetero_lvgp/benchmark/results/branin_hetero/standard_LVGP/ei/nrep10/seed22.mat,branin_hetero/standard_LVGP/ei/nrep10/seed22
branin_hetero,standard_LVGP,ei,,10,23,ok,50,/data/zhq7531/IDEAL/hetero_lvgp/benchmark/results/branin_hetero/standard_LVGP/ei/nrep10/seed23.mat,branin_hetero/standard_LVGP/ei/nrep10/seed23
branin_hetero,standard_LVGP,ei,,10,24,ok,50,/data/zhq7531/IDEAL/hetero_lvgp/benchmark/results/branin_hetero/standard_LVGP/ei/nrep10/seed24.mat,branin_hetero/standard_LVGP/ei/nrep10/seed24
branin_hetero,standard_LVGP,ei,,10,25,ok,50,/data/zhq7531/IDEAL/hetero_lvgp/benchmark/results/branin_hetero/standard_LVGP/ei/nrep10/seed25.mat,branin_hetero/standard_LVGP/ei/nrep10/seed25
branin_hetero,standard_LVGP,ei,,10,26,ok,50,/data/zhq7531/IDEAL/hetero_lvgp/benchmark/results/branin_hetero/standard_LVGP/ei/nrep10/seed26.mat,branin_hetero/standard_LVGP/ei/nrep10/seed26
branin_hetero,standard_LVGP,ei,,10,27,ok,50,/data/zhq7531/IDEAL/hetero_lvgp/benchmark/results/branin_hetero/standard_LVGP/ei/nrep10/seed27.mat,branin_hetero/standard_LVGP/ei/nrep10/seed27
branin_hetero,standard_LVGP,ei,,10,28,ok,50,/data/zhq7531/IDEAL/hetero_lvgp/benchmark/results/branin_hetero/standard_LVGP/ei/nrep10/seed28.mat,branin_hetero/standard_LVGP/ei/nrep10/seed28
branin_hetero,standard_LVGP,ei,,10,29,ok,50,/data/zhq7531/IDEAL/hetero_lvgp/benchmark/results/branin_hetero/standard_LVGP/ei/nrep10/seed29.mat,branin_hetero/standard_LVGP/ei/nrep10/seed29
branin_hetero,standard_LVGP,ei,,10,30,ok,50,/data/zhq7531/IDEAL/hetero_lvgp/benchmark/results/branin_hetero/standard_LVGP/ei/nrep10/seed30.mat,branin_hetero/standard_LVGP/ei/nrep10/seed30
branin_hetero,heter_LVGP,lcb,,3,1,ok,50,/data/zhq7531/IDEAL/hetero_lvgp/benchmark/results/branin_hetero/heter_LVGP/lcb/nrep03/seed01.mat,branin_hetero/heter_LVGP/lcb/nrep03/seed01
branin_hetero,heter_LVGP,lcb,,3,2,ok,50,/data/zhq7531/IDEAL/hetero_lvgp/benchmark/results/branin_hetero/heter_LVGP/lcb/nrep03/seed02.mat,branin_hetero/heter_LVGP/lcb/nrep03/seed02
branin_hetero,heter_LVGP,lcb,,3,3,ok,50,/data/zhq7531/IDEAL/hetero_lvgp/benchmark/results/branin_hetero/heter_LVGP/lcb/nrep03/seed03.mat,branin_hetero/heter_LVGP/lcb/nrep03/seed03
branin_hetero,heter_LVGP,lcb,,3,4,ok,50,/data/zhq7531/IDEAL/hetero_lvgp/benchmark/results/branin_hetero/heter_LVGP/lcb/nrep03/seed04.mat,branin_hetero/heter_LVGP/lcb/nrep03/seed04
branin_hetero,heter_LVGP,lcb,,3,5,ok,50,/data/zhq7531/IDEAL/hetero_lvgp/benchmark/results/branin_hetero/heter_LVGP/lcb/nrep03/seed05.mat,branin_hetero/heter_LVGP/lcb/nrep03/seed05
branin_hetero,heter_LVGP,lcb,,3,6,ok,50,/data/zhq7531/IDEAL/hetero_lvgp/benchmark/results/branin_hetero/heter_LVGP/lcb/nrep03/seed06.mat,branin_hetero/heter_LVGP/lcb/nrep03/seed06
branin_hetero,heter_LVGP,lcb,,3,7,ok,50,/data/zhq7531/IDEAL/hetero_lvgp/benchmark/results/branin_hetero/heter_LVGP/lcb/nrep03/seed07.mat,branin_hetero/heter_LVGP/lcb/nrep03/seed07
branin_hetero,heter_LVGP,lcb,,3,8,ok,50,/data/zhq7531/IDEAL/hetero_lvgp/benchmark/results/branin_hetero/heter_LVGP/lcb/nrep03/seed08.mat,branin_hetero/heter_LVGP/lcb/nrep03/seed08
branin_hetero,heter_LVGP,lcb,,3,9,ok,50,/data/zhq7531/IDEAL/hetero_lvgp/benchmark/results/branin_hetero/heter_LVGP/lcb/nrep03/seed09.mat,branin_hetero/heter_LVGP/lcb/nrep03/seed09
branin_hetero,heter_LVGP,lcb,,3,10,ok,50,/data/zhq7531/IDEAL/hetero_lvgp/benchmark/results/branin_hetero/heter_LVGP/lcb/nrep03/seed10.mat,branin_hetero/heter_LVGP/lcb/nrep03/seed10
branin_hetero,heter_LVGP,lcb,,3,11,ok,50,/data/zhq7531/IDEAL/hetero_lvgp/benchmark/results/branin_hetero/heter_LVGP/lcb/nrep03/seed11.mat,branin_hetero/heter_LVGP/lcb/nrep03/seed11
branin_hetero,heter_LVGP,lcb,,3,12,ok,50,/data/zhq7531/IDEAL/hetero_lvgp/benchmark/results/branin_hetero/heter_LVGP/lcb/nrep03/seed12.mat,branin_hetero/heter_LVGP/lcb/nrep03/seed12
branin_hetero,heter_LVGP,lcb,,3,13,ok,50,/data/zhq7531/IDEAL/hetero_lvgp/benchmark/results/branin_hetero/heter_LVGP/lcb/nrep03/seed13.mat,branin_hetero/heter_LVGP/lcb/nrep03/seed13
branin_hetero,heter_LVGP,lcb,,3,14,ok,50,/data/zhq7531/IDEAL/hetero_lvgp/benchmark/results/branin_hetero/heter_LVGP/lcb/nrep03/seed14.mat,branin_hetero/heter_LVGP/lcb/nrep03/seed14
branin_hetero,heter_LVGP,lcb,,3,15,ok,50,/data/zhq7531/IDEAL/hetero_lvgp/benchmark/results/branin_hetero/heter_LVGP/lcb/nrep03/seed15.mat,branin_hetero/heter_LVGP/lcb/nrep03/seed15
branin_hetero,heter_LVGP,lcb,,3,16,ok,50,/data/zhq7531/IDEAL/hetero_lvgp/benchmark/results/branin_hetero/heter_LVGP/lcb/nrep03/seed16.mat,branin_hetero/heter_LVGP/lcb/nrep03/seed16
branin_hetero,heter_LVGP,lcb,,3,17,ok,50,/data/zhq7531/IDEAL/hetero_lvgp/benchmark/results/branin_hetero/heter_LVGP/lcb/nrep03/seed17.mat,branin_hetero/heter_LVGP/lcb/nrep03/seed17
branin_hetero,heter_LVGP,lcb,,3,18,ok,50,/data/zhq7531/IDEAL/hetero_lvgp/benchmark/results/branin_hetero/heter_LVGP/lcb/nrep03/seed18.mat,branin_hetero/heter_LVGP/lcb/nrep03/seed18
branin_hetero,heter_LVGP,lcb,,3,19,ok,50,/data/zhq7531/IDEAL/hetero_lvgp/benchmark/results/branin_hetero/heter_LVGP/lcb/nrep03/seed19.mat,branin_hetero/heter_LVGP/lcb/nrep03/seed19
branin_hetero,heter_LVGP,lcb,,3,20,ok,50,/data/zhq7531/IDEAL/hetero_lvgp/benchmark/results/branin_hetero/heter_LVGP/lcb/nrep03/seed20.mat,branin_hetero/heter_LVGP/lcb/nrep03/seed20
branin_hetero,heter_LVGP,lcb,,3,21,ok,50,/data/zhq7531/IDEAL/hetero_lvgp/benchmark/results/branin_hetero/heter_LVGP/lcb/nrep03/seed21.mat,branin_hetero/heter_LVGP/lcb/nrep03/seed21
branin_hetero,heter_LVGP,lcb,,3,22,ok,50,/data/zhq7531/IDEAL/hetero_lvgp/benchmark/results/branin_hetero/heter_LVGP/lcb/nrep03/seed22.mat,branin_hetero/heter_LVGP/lcb/nrep03/seed22
branin_hetero,heter_LVGP,lcb,,3,23,ok,50,/data/zhq7531/IDEAL/hetero_lvgp/benchmark/results/branin_hetero/heter_LVGP/lcb/nrep03/seed23.mat,branin_hetero/heter_LVGP/lcb/nrep03/seed23
branin_hetero,heter_LVGP,lcb,,3,24,ok,50,/data/zhq7531/IDEAL/hetero_lvgp/benchmark/results/branin_hetero/heter_LVGP/lcb/nrep03/seed24.mat,branin_hetero/heter_LVGP/lcb/nrep03/seed24
branin_hetero,heter_LVGP,lcb,,3,25,ok,50,/data/zhq7531/IDEAL/hetero_lvgp/benchmark/results/branin_hetero/heter_LVGP/lcb/nrep03/seed25.mat,branin_hetero/heter_LVGP/lcb/nrep03/seed25
branin_hetero,heter_LVGP,lcb,,3,26,ok,50,/data/zhq7531/IDEAL/hetero_lvgp/benchmark/results/branin_hetero/heter_LVGP/lcb/nrep03/seed26.mat,branin_hetero/heter_LVGP/lcb/nrep03/seed26
branin_hetero,heter_LVGP,lcb,,3,27,ok,50,/data/zhq7531/IDEAL/hetero_lvgp/benchmark/results/branin_hetero/heter_LVGP/lcb/nrep03/seed27.mat,branin_hetero/heter_LVGP/lcb/nrep03/seed27
branin_hetero,heter_LVGP,lcb,,3,28,ok,50,/data/zhq7531/IDEAL/hetero_lvgp/benchmark/results/branin_hetero/heter_LVGP/lcb/nrep03/seed28.mat,branin_hetero/heter_LVGP/lcb/nrep03/seed28
branin_hetero,heter_LVGP,lcb,,3,29,ok,50,/data/zhq7531/IDEAL/hetero_lvgp/benchmark/results/branin_hetero/heter_LVGP/lcb/nrep03/seed29.mat,branin_hetero/heter_LVGP/lcb/nrep03/seed29
branin_hetero,heter_LVGP,lcb,,3,30,ok,50,/data/zhq7531/IDEAL/hetero_lvgp/benchmark/results/branin_hetero/heter_LVGP/lcb/nrep03/seed30.mat,branin_hetero/heter_LVGP/lcb/nrep03/seed30
branin_hetero,heter_LVGP,lcb,,10,1,ok,50,/data/zhq7531/IDEAL/hetero_lvgp/benchmark/results/branin_hetero/heter_LVGP/lcb/nrep10/seed01.mat,branin_hetero/heter_LVGP/lcb/nrep10/seed01
branin_hetero,heter_LVGP,lcb,,10,2,ok,50,/data/zhq7531/IDEAL/hetero_lvgp/benchmark/results/branin_hetero/heter_LVGP/lcb/nrep10/seed02.mat,branin_hetero/heter_LVGP/lcb/nrep10/seed02
branin_hetero,heter_LVGP,lcb,,10,3,ok,50,/data/zhq7531/IDEAL/hetero_lvgp/benchmark/results/branin_hetero/heter_LVGP/lcb/nrep10/seed03.mat,branin_hetero/heter_LVGP/lcb/nrep10/seed03
branin_hetero,heter_LVGP,lcb,,10,4,ok,50,/data/zhq7531/IDEAL/hetero_lvgp/benchmark/results/branin_hetero/heter_LVGP/lcb/nrep10/seed04.mat,branin_hetero/heter_LVGP/lcb/nrep10/seed04
branin_hetero,heter_LVGP,lcb,,10,5,ok,50,/data/zhq7531/IDEAL/hetero_lvgp/benchmark/results/branin_hetero/heter_LVGP/lcb/nrep10/seed05.mat,branin_hetero/heter_LVGP/lcb/nrep10/seed05
branin_hetero,heter_LVGP,lcb,,10,6,ok,50,/data/zhq7531/IDEAL/hetero_lvgp/benchmark/results/branin_hetero/heter_LVGP/lcb/nrep10/seed06.mat,branin_hetero/heter_LVGP/lcb/nrep10/seed06
branin_hetero,heter_LVGP,lcb,,10,7,ok,50,/data/zhq7531/IDEAL/hetero_lvgp/benchmark/results/branin_hetero/heter_LVGP/lcb/nrep10/seed07.mat,branin_hetero/heter_LVGP/lcb/nrep10/seed07
branin_hetero,heter_LVGP,lcb,,10,8,ok,50,/data/zhq7531/IDEAL/hetero_lvgp/benchmark/results/branin_hetero/heter_LVGP/lcb/nrep10/seed08.mat,branin_hetero/heter_LVGP/lcb/nrep10/seed08
branin_hetero,heter_LVGP,lcb,,10,9,ok,50,/data/zhq7531/IDEAL/hetero_lvgp/benchmark/results/branin_hetero/heter_LVGP/lcb/nrep10/seed09.mat,branin_hetero/heter_LVGP/lcb/nrep10/seed09
branin_hetero,heter_LVGP,lcb,,10,10,ok,50,/data/zhq7531/IDEAL/hetero_lvgp/benchmark/results/branin_hetero/heter_LVGP/lcb/nrep10/seed10.mat,branin_hetero/heter_LVGP/lcb/nrep10/seed10
branin_hetero,heter_LVGP,lcb,,10,11,ok,50,/data/zhq7531/IDEAL/hetero_lvgp/benchmark/results/branin_hetero/heter_LVGP/lcb/nrep10/seed11.mat,branin_hetero/heter_LVGP/lcb/nrep10/seed11
branin_hetero,heter_LVGP,lcb,,10,12,ok,50,/data/zhq7531/IDEAL/hetero_lvgp/benchmark/results/branin_hetero/heter_LVGP/lcb/nrep10/seed12.mat,branin_hetero/heter_LVGP/lcb/nrep10/seed12
branin_hetero,heter_LVGP,lcb,,10,13,ok,50,/data/zhq7531/IDEAL/hetero_lvgp/benchmark/results/branin_hetero/heter_LVGP/lcb/nrep10/seed13.mat,branin_hetero/heter_LVGP/lcb/nrep10/seed13
branin_hetero,heter_LVGP,lcb,,10,14,ok,50,/data/zhq7531/IDEAL/hetero_lvgp/benchmark/results/branin_hetero/heter_LVGP/lcb/nrep10/seed14.mat,branin_hetero/heter_LVGP/lcb/nrep10/seed14
branin_hetero,heter_LVGP,lcb,,10,15,ok,50,/data/zhq7531/IDEAL/hetero_lvgp/benchmark/results/branin_hetero/heter_LVGP/lcb/nrep10/seed15.mat,branin_hetero/heter_LVGP/lcb/nrep10/seed15
branin_hetero,heter_LVGP,lcb,,10,16,ok,50,/data/zhq7531/IDEAL/hetero_lvgp/benchmark/results/branin_hetero/heter_LVGP/lcb/nrep10/seed16.mat,branin_hetero/heter_LVGP/lcb/nrep10/seed16
branin_hetero,heter_LVGP,lcb,,10,17,ok,50,/data/zhq7531/IDEAL/hetero_lvgp/benchmark/results/branin_hetero/heter_LVGP/lcb/nrep10/seed17.mat,branin_hetero/heter_LVGP/lcb/nrep10/seed17
branin_hetero,heter_LVGP,lcb,,10,18,ok,50,/data/zhq7531/IDEAL/hetero_lvgp/benchmark/results/branin_hetero/heter_LVGP/lcb/nrep10/seed18.mat,branin_hetero/heter_LVGP/lcb/nrep10/seed18
branin_hetero,heter_LVGP,lcb,,10,19,ok,50,/data/zhq7531/IDEAL/hetero_lvgp/benchmark/results/branin_hetero/heter_LVGP/lcb/nrep10/seed19.mat,branin_hetero/heter_LVGP/lcb/nrep10/seed19
branin_hetero,heter_LVGP,lcb,,10,20,ok,50,/data/zhq7531/IDEAL/hetero_lvgp/benchmark/results/branin_hetero/heter_LVGP/lcb/nrep10/seed20.mat,branin_hetero/heter_LVGP/lcb/nrep10/seed20
branin_hetero,heter_LVGP,lcb,,10,21,ok,50,/data/zhq7531/IDEAL/hetero_lvgp/benchmark/results/branin_hetero/heter_LVGP/lcb/nrep10/seed21.mat,branin_hetero/heter_LVGP/lcb/nrep10/seed21
branin_hetero,heter_LVGP,lcb,,10,22,ok,50,/data/zhq7531/IDEAL/hetero_lvgp/benchmark/results/branin_hetero/heter_LVGP/lcb/nrep10/seed22.mat,branin_hetero/heter_LVGP/lcb/nrep10/seed22
branin_hetero,heter_LVGP,lcb,,10,23,ok,50,/data/zhq7531/IDEAL/hetero_lvgp/benchmark/results/branin_hetero/heter_LVGP/lcb/nrep10/seed23.mat,branin_hetero/heter_LVGP/lcb/nrep10/seed23
branin_hetero,heter_LVGP,lcb,,10,24,ok,50,/data/zhq7531/IDEAL/hetero_lvgp/benchmark/results/branin_hetero/heter_LVGP/lcb/nrep10/seed24.mat,branin_hetero/heter_LVGP/lcb/nrep10/seed24
branin_hetero,heter_LVGP,lcb,,10,25,ok,50,/data/zhq7531/IDEAL/hetero_lvgp/benchmark/results/branin_hetero/heter_LVGP/lcb/nrep10/seed25.mat,branin_hetero/heter_LVGP/lcb/nrep10/seed25
branin_hetero,heter_LVGP,lcb,,10,26,ok,50,/data/zhq7531/IDEAL/hetero_lvgp/benchmark/results/branin_hetero/heter_LVGP/lcb/nrep10/seed26.mat,branin_hetero/heter_LVGP/lcb/nrep10/seed26
branin_hetero,heter_LVGP,lcb,,10,27,ok,50,/data/zhq7531/IDEAL/hetero_lvgp/benchmark/results/branin_hetero/heter_LVGP/lcb/nrep10/seed27.mat,branin_hetero/heter_LVGP/lcb/nrep10/seed27
branin_hetero,heter_LVGP,lcb,,10,28,ok,50,/data/zhq7531/IDEAL/hetero_lvgp/benchmark/results/branin_hetero/heter_LVGP/lcb/nrep10/seed28.mat,branin_hetero/heter_LVGP/lcb/nrep10/seed28
branin_hetero,heter_LVGP,lcb,,10,29,ok,50,/data/zhq7531/IDEAL/hetero_lvgp/benchmark/results/branin_hetero/heter_LVGP/lcb/nrep10/seed29.mat,branin_hetero/heter_LVGP/lcb/nrep10/seed29
branin_hetero,heter_LVGP,lcb,,10,30,ok,50,/data/zhq7531/IDEAL/hetero_lvgp/benchmark/results/branin_hetero/heter_LVGP/lcb/nrep10/seed30.mat,branin_hetero/heter_LVGP/lcb/nrep10/seed30
branin_hetero,heter_LVGP,pi,,3,1,ok,50,/data/zhq7531/IDEAL/hetero_lvgp/benchmark/results/branin_hetero/heter_LVGP/pi/nrep03/seed01.mat,branin_hetero/heter_LVGP/pi/nrep03/seed01
branin_hetero,heter_LVGP,pi,,3,2,ok,50,/data/zhq7531/IDEAL/hetero_lvgp/benchmark/results/branin_hetero/heter_LVGP/pi/nrep03/seed02.mat,branin_hetero/heter_LVGP/pi/nrep03/seed02
branin_hetero,heter_LVGP,pi,,3,3,ok,50,/data/zhq7531/IDEAL/hetero_lvgp/benchmark/results/branin_hetero/heter_LVGP/pi/nrep03/seed03.mat,branin_hetero/heter_LVGP/pi/nrep03/seed03
branin_hetero,heter_LVGP,pi,,3,4,ok,50,/data/zhq7531/IDEAL/hetero_lvgp/benchmark/results/branin_hetero/heter_LVGP/pi/nrep03/seed04.mat,branin_hetero/heter_LVGP/pi/nrep03/seed04
branin_hetero,heter_LVGP,pi,,3,5,ok,50,/data/zhq7531/IDEAL/hetero_lvgp/benchmark/results/branin_hetero/heter_LVGP/pi/nrep03/seed05.mat,branin_hetero/heter_LVGP/pi/nrep03/seed05
branin_hetero,heter_LVGP,pi,,3,6,ok,50,/data/zhq7531/IDEAL/hetero_lvgp/benchmark/results/branin_hetero/heter_LVGP/pi/nrep03/seed06.mat,branin_hetero/heter_LVGP/pi/nrep03/seed06
branin_hetero,heter_LVGP,pi,,3,7,ok,50,/data/zhq7531/IDEAL/hetero_lvgp/benchmark/results/branin_hetero/heter_LVGP/pi/nrep03/seed07.mat,branin_hetero/heter_LVGP/pi/nrep03/seed07
branin_hetero,heter_LVGP,pi,,3,8,ok,50,/data/zhq7531/IDEAL/hetero_lvgp/benchmark/results/branin_hetero/heter_LVGP/pi/nrep03/seed08.mat,branin_hetero/heter_LVGP/pi/nrep03/seed08
branin_hetero,heter_LVGP,pi,,3,9,ok,50,/data/zhq7531/IDEAL/hetero_lvgp/benchmark/results/branin_hetero/heter_LVGP/pi/nrep03/seed09.mat,branin_hetero/heter_LVGP/pi/nrep03/seed09
branin_hetero,heter_LVGP,pi,,3,10,ok,50,/data/zhq7531/IDEAL/hetero_lvgp/benchmark/results/branin_hetero/heter_LVGP/pi/nrep03/seed10.mat,branin_hetero/heter_LVGP/pi/nrep03/seed10
branin_hetero,heter_LVGP,pi,,3,11,ok,50,/data/zhq7531/IDEAL/hetero_lvgp/benchmark/results/branin_hetero/heter_LVGP/pi/nrep03/seed11.mat,branin_hetero/heter_LVGP/pi/nrep03/seed11
branin_hetero,heter_LVGP,pi,,3,12,ok,50,/data/zhq7531/IDEAL/hetero_lvgp/benchmark/results/branin_hetero/heter_LVGP/pi/nrep03/seed12.mat,branin_hetero/heter_LVGP/pi/nrep03/seed12
branin_hetero,heter_LVGP,pi,,3,13,ok,50,/data/zhq7531/IDEAL/hetero_lvgp/benchmark/results/branin_hetero/heter_LVGP/pi/nrep03/seed13.mat,branin_hetero/heter_LVGP/pi/nrep03/seed13
branin_hetero,heter_LVGP,pi,,3,14,ok,50,/data/zhq7531/IDEAL/hetero_lvgp/benchmark/results/branin_hetero/heter_LVGP/pi/nrep03/seed14.mat,branin_hetero/heter_LVGP/pi/nrep03/seed14
branin_hetero,heter_LVGP,pi,,3,15,ok,50,/data/zhq7531/IDEAL/hetero_lvgp/benchmark/results/branin_hetero/heter_LVGP/pi/nrep03/seed15.mat,branin_hetero/heter_LVGP/pi/nrep03/seed15
branin_hetero,heter_LVGP,pi,,3,16,ok,50,/data/zhq7531/IDEAL/hetero_lvgp/benchmark/results/branin_hetero/heter_LVGP/pi/nrep03/seed16.mat,branin_hetero/heter_LVGP/pi/nrep03/seed16
branin_hetero,heter_LVGP,pi,,3,17,ok,50,/data/zhq7531/IDEAL/hetero_lvgp/benchmark/results/branin_hetero/heter_LVGP/pi/nrep03/seed17.mat,branin_hetero/heter_LVGP/pi/nrep03/seed17
branin_hetero,heter_LVGP,pi,,3,18,ok,50,/data/zhq7531/IDEAL/hetero_lvgp/benchmark/results/branin_hetero/heter_LVGP/pi/nrep03/seed18.mat,branin_hetero/heter_LVGP/pi/nrep03/seed18
branin_hetero,heter_LVGP,pi,,3,19,ok,50,/data/zhq7531/IDEAL/hetero_lvgp/benchmark/results/branin_hetero/heter_LVGP/pi/nrep03/seed19.mat,branin_hetero/heter_LVGP/pi/nrep03/seed19
branin_hetero,heter_LVGP,pi,,3,20,ok,50,/data/zhq7531/IDEAL/hetero_lvgp/benchmark/results/branin_hetero/heter_LVGP/pi/nrep03/seed20.mat,branin_hetero/heter_LVGP/pi/nrep03/seed20
branin_hetero,heter_LVGP,pi,,3,21,ok,50,/data/zhq7531/IDEAL/hetero_lvgp/benchmark/results/branin_hetero/heter_LVGP/pi/nrep03/seed21.mat,branin_hetero/heter_LVGP/pi/nrep03/seed21
branin_hetero,heter_LVGP,pi,,3,22,ok,50,/data/zhq7531/IDEAL/hetero_lvgp/benchmark/results/branin_hetero/heter_LVGP/pi/nrep03/seed22.mat,branin_hetero/heter_LVGP/pi/nrep03/seed22
branin_hetero,heter_LVGP,pi,,3,23,ok,50,/data/zhq7531/IDEAL/hetero_lvgp/benchmark/results/branin_hetero/heter_LVGP/pi/nrep03/seed23.mat,branin_hetero/heter_LVGP/pi/nrep03/seed23
branin_hetero,heter_LVGP,pi,,3,24,ok,50,/data/zhq7531/IDEAL/hetero_lvgp/benchmark/results/branin_hetero/heter_LVGP/pi/nrep03/seed24.mat,branin_hetero/heter_LVGP/pi/nrep03/seed24
branin_hetero,heter_LVGP,pi,,3,25,ok,50,/data/zhq7531/IDEAL/hetero_lvgp/benchmark/results/branin_hetero/heter_LVGP/pi/nrep03/seed25.mat,branin_hetero/heter_LVGP/pi/nrep03/seed25
branin_hetero,heter_LVGP,pi,,3,26,ok,50,/data/zhq7531/IDEAL/hetero_lvgp/benchmark/results/branin_hetero/heter_LVGP/pi/nrep03/seed26.mat,branin_hetero/heter_LVGP/pi/nrep03/seed26
branin_hetero,heter_LVGP,pi,,3,27,ok,50,/data/zhq7531/IDEAL/hetero_lvgp/benchmark/results/branin_hetero/heter_LVGP/pi/nrep03/seed27.mat,branin_hetero/heter_LVGP/pi/nrep03/seed27
branin_hetero,heter_LVGP,pi,,3,28,ok,50,/data/zhq7531/IDEAL/hetero_lvgp/benchmark/results/branin_hetero/heter_LVGP/pi/nrep03/seed28.mat,branin_hetero/heter_LVGP/pi/nrep03/seed28
branin_hetero,heter_LVGP,pi,,3,29,ok,50,/data/zhq7531/IDEAL/hetero_lvgp/benchmark/results/branin_hetero/heter_LVGP/pi/nrep03/seed29.mat,branin_hetero/heter_LVGP/pi/nrep03/seed29
branin_hetero,heter_LVGP,pi,,3,30,ok,50,/data/zhq7531/IDEAL/hetero_lvgp/benchmark/results/branin_hetero/heter_LVGP/pi/nrep03/seed30.mat,branin_hetero/heter_LVGP/pi/nrep03/seed30
branin_hetero,heter_LVGP,pi,,10,1,ok,50,/data/zhq7531/IDEAL/hetero_lvgp/benchmark/results/branin_hetero/heter_LVGP/pi/nrep10/seed01.mat,branin_hetero/heter_LVGP/pi/nrep10/seed01
branin_hetero,heter_LVGP,pi,,10,2,ok,50,/data/zhq7531/IDEAL/hetero_lvgp/benchmark/results/branin_hetero/heter_LVGP/pi/nrep10/seed02.mat,branin_hetero/heter_LVGP/pi/nrep10/seed02
branin_hetero,heter_LVGP,pi,,10,3,ok,50,/data/zhq7531/IDEAL/hetero_lvgp/benchmark/results/branin_hetero/heter_LVGP/pi/nrep10/seed03.mat,branin_hetero/heter_LVGP/pi/nrep10/seed03
branin_hetero,heter_LVGP,pi,,10,4,ok,50,/data/zhq7531/IDEAL/hetero_lvgp/benchmark/results/branin_hetero/heter_LVGP/pi/nrep10/seed04.mat,branin_hetero/heter_LVGP/pi/nrep10/seed04
branin_hetero,heter_LVGP,pi,,10,5,ok,50,/data/zhq7531/IDEAL/hetero_lvgp/benchmark/results/branin_hetero/heter_LVGP/pi/nrep10/seed05.mat,branin_hetero/heter_LVGP/pi/nrep10/seed05
branin_hetero,heter_LVGP,pi,,10,6,ok,50,/data/zhq7531/IDEAL/hetero_lvgp/benchmark/results/branin_hetero/heter_LVGP/pi/nrep10/seed06.mat,branin_hetero/heter_LVGP/pi/nrep10/seed06
branin_hetero,heter_LVGP,pi,,10,7,ok,50,/data/zhq7531/IDEAL/hetero_lvgp/benchmark/results/branin_hetero/heter_LVGP/pi/nrep10/seed07.mat,branin_hetero/heter_LVGP/pi/nrep10/seed07
branin_hetero,heter_LVGP,pi,,10,8,ok,50,/data/zhq7531/IDEAL/hetero_lvgp/benchmark/results/branin_hetero/heter_LVGP/pi/nrep10/seed08.mat,branin_hetero/heter_LVGP/pi/nrep10/seed08
branin_hetero,heter_LVGP,pi,,10,9,ok,50,/data/zhq7531/IDEAL/hetero_lvgp/benchmark/results/branin_hetero/heter_LVGP/pi/nrep10/seed09.mat,branin_hetero/heter_LVGP/pi/nrep10/seed09
branin_hetero,heter_LVGP,pi,,10,10,ok,50,/data/zhq7531/IDEAL/hetero_lvgp/benchmark/results/branin_hetero/heter_LVGP/pi/nrep10/seed10.mat,branin_hetero/heter_LVGP/pi/nrep10/seed10
branin_hetero,heter_LVGP,pi,,10,11,ok,50,/data/zhq7531/IDEAL/hetero_lvgp/benchmark/results/branin_hetero/heter_LVGP/pi/nrep10/seed11.mat,branin_hetero/heter_LVGP/pi/nrep10/seed11
branin_hetero,heter_LVGP,pi,,10,12,ok,50,/data/zhq7531/IDEAL/hetero_lvgp/benchmark/results/branin_hetero/heter_LVGP/pi/nrep10/seed12.mat,branin_hetero/heter_LVGP/pi/nrep10/seed12
branin_hetero,heter_LVGP,pi,,10,13,ok,50,/data/zhq7531/IDEAL/hetero_lvgp/benchmark/results/branin_hetero/heter_LVGP/pi/nrep10/seed13.mat,branin_hetero/heter_LVGP/pi/nrep10/seed13
branin_hetero,heter_LVGP,pi,,10,14,ok,50,/data/zhq7531/IDEAL/hetero_lvgp/benchmark/results/branin_hetero/heter_LVGP/pi/nrep10/seed14.mat,branin_hetero/heter_LVGP/pi/nrep10/seed14
branin_hetero,heter_LVGP,pi,,10,15,ok,50,/data/zhq7531/IDEAL/hetero_lvgp/benchmark/results/branin_hetero/heter_LVGP/pi/nrep10/seed15.mat,branin_hetero/heter_LVGP/pi/nrep10/seed15
branin_hetero,heter_LVGP,pi,,10,16,ok,50,/data/zhq7531/IDEAL/hetero_lvgp/benchmark/results/branin_hetero/heter_LVGP/pi/nrep10/seed16.mat,branin_hetero/heter_LVGP/pi/nrep10/seed16
branin_hetero,heter_LVGP,pi,,10,17,ok,50,/data/zhq7531/IDEAL/hetero_lvgp/benchmark/results/branin_hetero/heter_LVGP/pi/nrep10/seed17.mat,branin_hetero/heter_LVGP/pi/nrep10/seed17
branin_hetero,heter_LVGP,pi,,10,18,ok,50,/data/zhq7531/IDEAL/hetero_lvgp/benchmark/results/branin_hetero/heter_LVGP/pi/nrep10/seed18.mat,branin_hetero/heter_LVGP/pi/nrep10/seed18
branin_hetero,heter_LVGP,pi,,10,19,ok,50,/data/zhq7531/IDEAL/hetero_lvgp/benchmark/results/branin_hetero/heter_LVGP/pi/nrep10/seed19.mat,branin_hetero/heter_LVGP/pi/nrep10/seed19
branin_hetero,heter_LVGP,pi,,10,20,ok,50,/data/zhq7531/IDEAL/hetero_lvgp/benchmark/results/branin_hetero/heter_LVGP/pi/nrep10/seed20.mat,branin_hetero/heter_LVGP/pi/nrep10/seed20
branin_hetero,heter_LVGP,pi,,10,21,ok,50,/data/zhq7531/IDEAL/hetero_lvgp/benchmark/results/branin_hetero/heter_LVGP/pi/nrep10/seed21.mat,branin_hetero/heter_LVGP/pi/nrep10/seed21
branin_hetero,heter_LVGP,pi,,10,22,ok,50,/data/zhq7531/IDEAL/hetero_lvgp/benchmark/results/branin_hetero/heter_LVGP/pi/nrep10/seed22.mat,branin_hetero/heter_LVGP/pi/nrep10/seed22
branin_hetero,heter_LVGP,pi,,10,23,ok,50,/data/zhq7531/IDEAL/hetero_lvgp/benchmark/results/branin_hetero/heter_LVGP/pi/nrep10/seed23.mat,branin_hetero/heter_LVGP/pi/nrep10/seed23
branin_hetero,heter_LVGP,pi,,10,24,ok,50,/data/zhq7531/IDEAL/hetero_lvgp/benchmark/results/branin_hetero/heter_LVGP/pi/nrep10/seed24.mat,branin_hetero/heter_LVGP/pi/nrep10/seed24
branin_hetero,heter_LVGP,pi,,10,25,ok,50,/data/zhq7531/IDEAL/hetero_lvgp/benchmark/results/branin_hetero/heter_LVGP/pi/nrep10/seed25.mat,branin_hetero/heter_LVGP/pi/nrep10/seed25
branin_hetero,heter_LVGP,pi,,10,26,ok,50,/data/zhq7531/IDEAL/hetero_lvgp/benchmark/results/branin_hetero/heter_LVGP/pi/nrep10/seed26.mat,branin_hetero/heter_LVGP/pi/nrep10/seed26
branin_hetero,heter_LVGP,pi,,10,27,ok,50,/data/zhq7531/IDEAL/hetero_lvgp/benchmark/results/branin_hetero/heter_LVGP/pi/nrep10/seed27.mat,branin_hetero/heter_LVGP/pi/nrep10/seed27
branin_hetero,heter_LVGP,pi,,10,28,ok,50,/data/zhq7531/IDEAL/hetero_lvgp/benchmark/results/branin_hetero/heter_LVGP/pi/nrep10/seed28.mat,branin_hetero/heter_LVGP/pi/nrep10/seed28
branin_hetero,heter_LVGP,pi,,10,29,ok,50,/data/zhq7531/IDEAL/hetero_lvgp/benchmark/results/branin_hetero/heter_LVGP/pi/nrep10/seed29.mat,branin_hetero/heter_LVGP/pi/nrep10/seed29
branin_hetero,heter_LVGP,pi,,10,30,ok,50,/data/zhq7531/IDEAL/hetero_lvgp/benchmark/results/branin_hetero/heter_LVGP/pi/nrep10/seed30.mat,branin_hetero/heter_LVGP/pi/nrep10/seed30
branin_hetero,heter_LVGP,ei,,3,1,ok,50,/data/zhq7531/IDEAL/hetero_lvgp/benchmark/results/branin_hetero/heter_LVGP/ei/nrep03/seed01.mat,branin_hetero/heter_LVGP/ei/nrep03/seed01
branin_hetero,heter_LVGP,ei,,3,2,ok,50,/data/zhq7531/IDEAL/hetero_lvgp/benchmark/results/branin_hetero/heter_LVGP/ei/nrep03/seed02.mat,branin_hetero/heter_LVGP/ei/nrep03/seed02
branin_hetero,heter_LVGP,ei,,3,3,ok,50,/data/zhq7531/IDEAL/hetero_lvgp/benchmark/results/branin_hetero/heter_LVGP/ei/nrep03/seed03.mat,branin_hetero/heter_LVGP/ei/nrep03/seed03
branin_hetero,heter_LVGP,ei,,3,4,ok,50,/data/zhq7531/IDEAL/hetero_lvgp/benchmark/results/branin_hetero/heter_LVGP/ei/nrep03/seed04.mat,branin_hetero/heter_LVGP/ei/nrep03/seed04
branin_hetero,heter_LVGP,ei,,3,5,ok,50,/data/zhq7531/IDEAL/hetero_lvgp/benchmark/results/branin_hetero/heter_LVGP/ei/nrep03/seed05.mat,branin_hetero/heter_LVGP/ei/nrep03/seed05
branin_hetero,heter_LVGP,ei,,3,6,ok,50,/data/zhq7531/IDEAL/hetero_lvgp/benchmark/results/branin_hetero/heter_LVGP/ei/nrep03/seed06.mat,branin_hetero/heter_LVGP/ei/nrep03/seed06
branin_hetero,heter_LVGP,ei,,3,7,ok,50,/data/zhq7531/IDEAL/hetero_lvgp/benchmark/results/branin_hetero/heter_LVGP/ei/nrep03/seed07.mat,branin_hetero/heter_LVGP/ei/nrep03/seed07
branin_hetero,heter_LVGP,ei,,3,8,ok,50,/data/zhq7531/IDEAL/hetero_lvgp/benchmark/results/branin_hetero/heter_LVGP/ei/nrep03/seed08.mat,branin_hetero/heter_LVGP/ei/nrep03/seed08
branin_hetero,heter_LVGP,ei,,3,9,ok,50,/data/zhq7531/IDEAL/hetero_lvgp/benchmark/results/branin_hetero/heter_LVGP/ei/nrep03/seed09.mat,branin_hetero/heter_LVGP/ei/nrep03/seed09
branin_hetero,heter_LVGP,ei,,3,10,ok,50,/data/zhq7531/IDEAL/hetero_lvgp/benchmark/results/branin_hetero/heter_LVGP/ei/nrep03/seed10.mat,branin_hetero/heter_LVGP/ei/nrep03/seed10
branin_hetero,heter_LVGP,ei,,3,11,ok,50,/data/zhq7531/IDEAL/hetero_lvgp/benchmark/results/branin_hetero/heter_LVGP/ei/nrep03/seed11.mat,branin_hetero/heter_LVGP/ei/nrep03/seed11
branin_hetero,heter_LVGP,ei,,3,12,ok,50,/data/zhq7531/IDEAL/hetero_lvgp/benchmark/results/branin_hetero/heter_LVGP/ei/nrep03/seed12.mat,branin_hetero/heter_LVGP/ei/nrep03/seed12
branin_hetero,heter_LVGP,ei,,3,13,ok,50,/data/zhq7531/IDEAL/hetero_lvgp/benchmark/results/branin_hetero/heter_LVGP/ei/nrep03/seed13.mat,branin_hetero/heter_LVGP/ei/nrep03/seed13
branin_hetero,heter_LVGP,ei,,3,14,ok,50,/data/zhq7531/IDEAL/hetero_lvgp/benchmark/results/branin_hetero/heter_LVGP/ei/nrep03/seed14.mat,branin_hetero/heter_LVGP/ei/nrep03/seed14
branin_hetero,heter_LVGP,ei,,3,15,ok,50,/data/zhq7531/IDEAL/hetero_lvgp/benchmark/results/branin_hetero/heter_LVGP/ei/nrep03/seed15.mat,branin_hetero/heter_LVGP/ei/nrep03/seed15
branin_hetero,heter_LVGP,ei,,3,16,ok,50,/data/zhq7531/IDEAL/hetero_lvgp/benchmark/results/branin_hetero/heter_LVGP/ei/nrep03/seed16.mat,branin_hetero/heter_LVGP/ei/nrep03/seed16
branin_hetero,heter_LVGP,ei,,3,17,ok,50,/data/zhq7531/IDEAL/hetero_lvgp/benchmark/results/branin_hetero/heter_LVGP/ei/nrep03/seed17.mat,branin_hetero/heter_LVGP/ei/nrep03/seed17
branin_hetero,heter_LVGP,ei,,3,18,ok,50,/data/zhq7531/IDEAL/hetero_lvgp/benchmark/results/branin_hetero/heter_LVGP/ei/nrep03/seed18.mat,branin_hetero/heter_LVGP/ei/nrep03/seed18
branin_hetero,heter_LVGP,ei,,3,19,ok,50,/data/zhq7531/IDEAL/hetero_lvgp/benchmark/results/branin_hetero/heter_LVGP/ei/nrep03/seed19.mat,branin_hetero/heter_LVGP/ei/nrep03/seed19
branin_hetero,heter_LVGP,ei,,3,20,ok,50,/data/zhq7531/IDEAL/hetero_lvgp/benchmark/results/branin_hetero/heter_LVGP/ei/nrep03/seed20.mat,branin_hetero/heter_LVGP/ei/nrep03/seed20
branin_hetero,heter_LVGP,ei,,3,21,ok,50,/data/zhq7531/IDEAL/hetero_lvgp/benchmark/results/branin_hetero/heter_LVGP/ei/nrep03/seed21.mat,branin_hetero/heter_LVGP/ei/nrep03/seed21
branin_hetero,heter_LVGP,ei,,3,22,ok,50,/data/zhq7531/IDEAL/hetero_lvgp/benchmark/results/branin_hetero/heter_LVGP/ei/nrep03/seed22.mat,branin_hetero/heter_LVGP/ei/nrep03/seed22
branin_hetero,heter_LVGP,ei,,3,23,ok,50,/data/zhq7531/IDEAL/hetero_lvgp/benchmark/results/branin_hetero/heter_LVGP/ei/nrep03/seed23.mat,branin_hetero/heter_LVGP/ei/nrep03/seed23
branin_hetero,heter_LVGP,ei,,3,24,ok,50,/data/zhq7531/IDEAL/hetero_lvgp/benchmark/results/branin_hetero/heter_LVGP/ei/nrep03/seed24.mat,branin_hetero/heter_LVGP/ei/nrep03/seed24
branin_hetero,heter_LVGP,ei,,3,25,ok,50,/data/zhq7531/IDEAL/hetero_lvgp/benchmark/results/branin_hetero/heter_LVGP/ei/nrep03/seed25.mat,branin_hetero/heter_LVGP/ei/nrep03/seed25
branin_hetero,heter_LVGP,ei,,3,26,ok,50,/data/zhq7531/IDEAL/hetero_lvgp/benchmark/results/branin_hetero/heter_LVGP/ei/nrep03/seed26.mat,branin_hetero/heter_LVGP/ei/nrep03/seed26
branin_hetero,heter_LVGP,ei,,3,27,ok,50,/data/zhq7531/IDEAL/hetero_lvgp/benchmark/results/branin_hetero/heter_LVGP/ei/nrep03/seed27.mat,branin_hetero/heter_LVGP/ei/nrep03/seed27
branin_hetero,heter_LVGP,ei,,3,28,ok,50,/data/zhq7531/IDEAL/hetero_lvgp/benchmark/results/branin_hetero/heter_LVGP/ei/nrep03/seed28.mat,branin_hetero/heter_LVGP/ei/nrep03/seed28
branin_hetero,heter_LVGP,ei,,3,29,ok,50,/data/zhq7531/IDEAL/hetero_lvgp/benchmark/results/branin_hetero/heter_LVGP/ei/nrep03/seed29.mat,branin_hetero/heter_LVGP/ei/nrep03/seed29
branin_hetero,heter_LVGP,ei,,3,30,ok,50,/data/zhq7531/IDEAL/hetero_lvgp/benchmark/results/branin_hetero/heter_LVGP/ei/nrep03/seed30.mat,branin_hetero/heter_LVGP/ei/nrep03/seed30
branin_hetero,heter_LVGP,ei,,10,1,ok,50,/data/zhq7531/IDEAL/hetero_lvgp/benchmark/results/branin_hetero/heter_LVGP/ei/nrep10/seed01.mat,branin_hetero/heter_LVGP/ei/nrep10/seed01
branin_hetero,heter_LVGP,ei,,10,2,ok,50,/data/zhq7531/IDEAL/hetero_lvgp/benchmark/results/branin_hetero/heter_LVGP/ei/nrep10/seed02.mat,branin_hetero/heter_LVGP/ei/nrep10/seed02
branin_hetero,heter_LVGP,ei,,10,3,ok,50,/data/zhq7531/IDEAL/hetero_lvgp/benchmark/results/branin_hetero/heter_LVGP/ei/nrep10/seed03.mat,branin_hetero/heter_LVGP/ei/nrep10/seed03
branin_hetero,heter_LVGP,ei,,10,4,ok,50,/data/zhq7531/IDEAL/hetero_lvgp/benchmark/results/branin_hetero/heter_LVGP/ei/nrep10/seed04.mat,branin_hetero/heter_LVGP/ei/nrep10/seed04
branin_hetero,heter_LVGP,ei,,10,5,ok,50,/data/zhq7531/IDEAL/hetero_lvgp/benchmark/results/branin_hetero/heter_LVGP/ei/nrep10/seed05.mat,branin_hetero/heter_LVGP/ei/nrep10/seed05
branin_hetero,heter_LVGP,ei,,10,6,ok,50,/data/zhq7531/IDEAL/hetero_lvgp/benchmark/results/branin_hetero/heter_LVGP/ei/nrep10/seed06.mat,branin_hetero/heter_LVGP/ei/nrep10/seed06
branin_hetero,heter_LVGP,ei,,10,7,ok,50,/data/zhq7531/IDEAL/hetero_lvgp/benchmark/results/branin_hetero/heter_LVGP/ei/nrep10/seed07.mat,branin_hetero/heter_LVGP/ei/nrep10/seed07
branin_hetero,heter_LVGP,ei,,10,8,ok,50,/data/zhq7531/IDEAL/hetero_lvgp/benchmark/results/branin_hetero/heter_LVGP/ei/nrep10/seed08.mat,branin_hetero/heter_LVGP/ei/nrep10/seed08
branin_hetero,heter_LVGP,ei,,10,9,ok,50,/data/zhq7531/IDEAL/hetero_lvgp/benchmark/results/branin_hetero/heter_LVGP/ei/nrep10/seed09.mat,branin_hetero/heter_LVGP/ei/nrep10/seed09
branin_hetero,heter_LVGP,ei,,10,10,ok,50,/data/zhq7531/IDEAL/hetero_lvgp/benchmark/results/branin_hetero/heter_LVGP/ei/nrep10/seed10.mat,branin_hetero/heter_LVGP/ei/nrep10/seed10
branin_hetero,heter_LVGP,ei,,10,11,ok,50,/data/zhq7531/IDEAL/hetero_lvgp/benchmark/results/branin_hetero/heter_LVGP/ei/nrep10/seed11.mat,branin_hetero/heter_LVGP/ei/nrep10/seed11
branin_hetero,heter_LVGP,ei,,10,12,ok,50,/data/zhq7531/IDEAL/hetero_lvgp/benchmark/results/branin_hetero/heter_LVGP/ei/nrep10/seed12.mat,branin_hetero/heter_LVGP/ei/nrep10/seed12
branin_hetero,heter_LVGP,ei,,10,13,ok,50,/data/zhq7531/IDEAL/hetero_lvgp/benchmark/results/branin_hetero/heter_LVGP/ei/nrep10/seed13.mat,branin_hetero/heter_LVGP/ei/nrep10/seed13
branin_hetero,heter_LVGP,ei,,10,14,ok,50,/data/zhq7531/IDEAL/hetero_lvgp/benchmark/results/branin_hetero/heter_LVGP/ei/nrep10/seed14.mat,branin_hetero/heter_LVGP/ei/nrep10/seed14
branin_hetero,heter_LVGP,ei,,10,15,ok,50,/data/zhq7531/IDEAL/hetero_lvgp/benchmark/results/branin_hetero/heter_LVGP/ei/nrep10/seed15.mat,branin_hetero/heter_LVGP/ei/nrep10/seed15
branin_hetero,heter_LVGP,ei,,10,16,ok,50,/data/zhq7531/IDEAL/hetero_lvgp/benchmark/results/branin_hetero/heter_LVGP/ei/nrep10/seed16.mat,branin_hetero/heter_LVGP/ei/nrep10/seed16
branin_hetero,heter_LVGP,ei,,10,17,ok,50,/data/zhq7531/IDEAL/hetero_lvgp/benchmark/results/branin_hetero/heter_LVGP/ei/nrep10/seed17.mat,branin_hetero/heter_LVGP/ei/nrep10/seed17
branin_hetero,heter_LVGP,ei,,10,18,ok,50,/data/zhq7531/IDEAL/hetero_lvgp/benchmark/results/branin_hetero/heter_LVGP/ei/nrep10/seed18.mat,branin_hetero/heter_LVGP/ei/nrep10/seed18
branin_hetero,heter_LVGP,ei,,10,19,ok,50,/data/zhq7531/IDEAL/hetero_lvgp/benchmark/results/branin_hetero/heter_LVGP/ei/nrep10/seed19.mat,branin_hetero/heter_LVGP/ei/nrep10/seed19
branin_hetero,heter_LVGP,ei,,10,20,ok,50,/data/zhq7531/IDEAL/hetero_lvgp/benchmark/results/branin_hetero/heter_LVGP/ei/nrep10/seed20.mat,branin_hetero/heter_LVGP/ei/nrep10/seed20
branin_hetero,heter_LVGP,ei,,10,21,ok,50,/data/zhq7531/IDEAL/hetero_lvgp/benchmark/results/branin_hetero/heter_LVGP/ei/nrep10/seed21.mat,branin_hetero/heter_LVGP/ei/nrep10/seed21
branin_hetero,heter_LVGP,ei,,10,22,ok,50,/data/zhq7531/IDEAL/hetero_lvgp/benchmark/results/branin_hetero/heter_LVGP/ei/nrep10/seed22.mat,branin_hetero/heter_LVGP/ei/nrep10/seed22
branin_hetero,heter_LVGP,ei,,10,23,ok,50,/data/zhq7531/IDEAL/hetero_lvgp/benchmark/results/branin_hetero/heter_LVGP/ei/nrep10/seed23.mat,branin_hetero/heter_LVGP/ei/nrep10/seed23
branin_hetero,heter_LVGP,ei,,10,24,ok,50,/data/zhq7531/IDEAL/hetero_lvgp/benchmark/results/branin_hetero/heter_LVGP/ei/nrep10/seed24.mat,branin_hetero/heter_LVGP/ei/nrep10/seed24
branin_hetero,heter_LVGP,ei,,10,25,ok,50,/data/zhq7531/IDEAL/hetero_lvgp/benchmark/results/branin_hetero/heter_LVGP/ei/nrep10/seed25.mat,branin_hetero/heter_LVGP/ei/nrep10/seed25
branin_hetero,heter_LVGP,ei,,10,26,ok,50,/data/zhq7531/IDEAL/hetero_lvgp/benchmark/results/branin_hetero/heter_LVGP/ei/nrep10/seed26.mat,branin_hetero/heter_LVGP/ei/nrep10/seed26
branin_hetero,heter_LVGP,ei,,10,27,ok,50,/data/zhq7531/IDEAL/hetero_lvgp/benchmark/results/branin_hetero/heter_LVGP/ei/nrep10/seed27.mat,branin_hetero/heter_LVGP/ei/nrep10/seed27
branin_hetero,heter_LVGP,ei,,10,28,ok,50,/data/zhq7531/IDEAL/hetero_lvgp/benchmark/results/branin_hetero/heter_LVGP/ei/nrep10/seed28.mat,branin_hetero/heter_LVGP/ei/nrep10/seed28
branin_hetero,heter_LVGP,ei,,10,29,ok,50,/data/zhq7531/IDEAL/hetero_lvgp/benchmark/results/branin_hetero/heter_LVGP/ei/nrep10/seed29.mat,branin_hetero/heter_LVGP/ei/nrep10/seed29
branin_hetero,heter_LVGP,ei,,10,30,ok,50,/data/zhq7531/IDEAL/hetero_lvgp/benchmark/results/branin_hetero/heter_LVGP/ei/nrep10/seed30.mat,branin_hetero/heter_LVGP/ei/nrep10/seed30
branin_hetero,heter_LVGP,haei,0.5,3,1,ok,50,/data/zhq7531/IDEAL/hetero_lvgp/benchmark/results/branin_hetero/heter_LVGP/haei_g0.5/nrep03/seed01.mat,branin_hetero/heter_LVGP/haei_g0.5/nrep03/seed01
branin_hetero,heter_LVGP,haei,0.5,3,2,ok,50,/data/zhq7531/IDEAL/hetero_lvgp/benchmark/results/branin_hetero/heter_LVGP/haei_g0.5/nrep03/seed02.mat,branin_hetero/heter_LVGP/haei_g0.5/nrep03/seed02
branin_hetero,heter_LVGP,haei,0.5,3,3,ok,50,/data/zhq7531/IDEAL/hetero_lvgp/benchmark/results/branin_hetero/heter_LVGP/haei_g0.5/nrep03/seed03.mat,branin_hetero/heter_LVGP/haei_g0.5/nrep03/seed03
branin_hetero,heter_LVGP,haei,0.5,3,4,ok,50,/data/zhq7531/IDEAL/hetero_lvgp/benchmark/results/branin_hetero/heter_LVGP/haei_g0.5/nrep03/seed04.mat,branin_hetero/heter_LVGP/haei_g0.5/nrep03/seed04
branin_hetero,heter_LVGP,haei,0.5,3,5,ok,50,/data/zhq7531/IDEAL/hetero_lvgp/benchmark/results/branin_hetero/heter_LVGP/haei_g0.5/nrep03/seed05.mat,branin_hetero/heter_LVGP/haei_g0.5/nrep03/seed05
branin_hetero,heter_LVGP,haei,0.5,3,6,ok,50,/data/zhq7531/IDEAL/hetero_lvgp/benchmark/results/branin_hetero/heter_LVGP/haei_g0.5/nrep03/seed06.mat,branin_hetero/heter_LVGP/haei_g0.5/nrep03/seed06
branin_hetero,heter_LVGP,haei,0.5,3,7,ok,50,/data/zhq7531/IDEAL/hetero_lvgp/benchmark/results/branin_hetero/heter_LVGP/haei_g0.5/nrep03/seed07.mat,branin_hetero/heter_LVGP/haei_g0.5/nrep03/seed07
branin_hetero,heter_LVGP,haei,0.5,3,8,ok,50,/data/zhq7531/IDEAL/hetero_lvgp/benchmark/results/branin_hetero/heter_LVGP/haei_g0.5/nrep03/seed08.mat,branin_hetero/heter_LVGP/haei_g0.5/nrep03/seed08
branin_hetero,heter_LVGP,haei,0.5,3,9,ok,50,/data/zhq7531/IDEAL/hetero_lvgp/benchmark/results/branin_hetero/heter_LVGP/haei_g0.5/nrep03/seed09.mat,branin_hetero/heter_LVGP/haei_g0.5/nrep03/seed09
branin_hetero,heter_LVGP,haei,0.5,3,10,ok,50,/data/zhq7531/IDEAL/hetero_lvgp/benchmark/results/branin_hetero/heter_LVGP/haei_g0.5/nrep03/seed10.mat,branin_hetero/heter_LVGP/haei_g0.5/nrep03/seed10
branin_hetero,heter_LVGP,haei,0.5,3,11,ok,50,/data/zhq7531/IDEAL/hetero_lvgp/benchmark/results/branin_hetero/heter_LVGP/haei_g0.5/nrep03/seed11.mat,branin_hetero/heter_LVGP/haei_g0.5/nrep03/seed11
branin_hetero,heter_LVGP,haei,0.5,3,12,ok,50,/data/zhq7531/IDEAL/hetero_lvgp/benchmark/results/branin_hetero/heter_LVGP/haei_g0.5/nrep03/seed12.mat,branin_hetero/heter_LVGP/haei_g0.5/nrep03/seed12
branin_hetero,heter_LVGP,haei,0.5,3,13,ok,50,/data/zhq7531/IDEAL/hetero_lvgp/benchmark/results/branin_hetero/heter_LVGP/haei_g0.5/nrep03/seed13.mat,branin_hetero/heter_LVGP/haei_g0.5/nrep03/seed13
branin_hetero,heter_LVGP,haei,0.5,3,14,ok,50,/data/zhq7531/IDEAL/hetero_lvgp/benchmark/results/branin_hetero/heter_LVGP/haei_g0.5/nrep03/seed14.mat,branin_hetero/heter_LVGP/haei_g0.5/nrep03/seed14
branin_hetero,heter_LVGP,haei,0.5,3,15,ok,50,/data/zhq7531/IDEAL/hetero_lvgp/benchmark/results/branin_hetero/heter_LVGP/haei_g0.5/nrep03/seed15.mat,branin_hetero/heter_LVGP/haei_g0.5/nrep03/seed15
branin_hetero,heter_LVGP,haei,0.5,3,16,ok,50,/data/zhq7531/IDEAL/hetero_lvgp/benchmark/results/branin_hetero/heter_LVGP/haei_g0.5/nrep03/seed16.mat,branin_hetero/heter_LVGP/haei_g0.5/nrep03/seed16
branin_hetero,heter_LVGP,haei,0.5,3,17,ok,50,/data/zhq7531/IDEAL/hetero_lvgp/benchmark/results/branin_hetero/heter_LVGP/haei_g0.5/nrep03/seed17.mat,branin_hetero/heter_LVGP/haei_g0.5/nrep03/seed17
branin_hetero,heter_LVGP,haei,0.5,3,18,ok,50,/data/zhq7531/IDEAL/hetero_lvgp/benchmark/results/branin_hetero/heter_LVGP/haei_g0.5/nrep03/seed18.mat,branin_hetero/heter_LVGP/haei_g0.5/nrep03/seed18
branin_hetero,heter_LVGP,haei,0.5,3,19,ok,50,/data/zhq7531/IDEAL/hetero_lvgp/benchmark/results/branin_hetero/heter_LVGP/haei_g0.5/nrep03/seed19.mat,branin_hetero/heter_LVGP/haei_g0.5/nrep03/seed19
branin_hetero,heter_LVGP,haei,0.5,3,20,ok,50,/data/zhq7531/IDEAL/hetero_lvgp/benchmark/results/branin_hetero/heter_LVGP/haei_g0.5/nrep03/seed20.mat,branin_hetero/heter_LVGP/haei_g0.5/nrep03/seed20
branin_hetero,heter_LVGP,haei,0.5,3,21,ok,50,/data/zhq7531/IDEAL/hetero_lvgp/benchmark/results/branin_hetero/heter_LVGP/haei_g0.5/nrep03/seed21.mat,branin_hetero/heter_LVGP/haei_g0.5/nrep03/seed21
branin_hetero,heter_LVGP,haei,0.5,3,22,ok,50,/data/zhq7531/IDEAL/hetero_lvgp/benchmark/results/branin_hetero/heter_LVGP/haei_g0.5/nrep03/seed22.mat,branin_hetero/heter_LVGP/haei_g0.5/nrep03/seed22
branin_hetero,heter_LVGP,haei,0.5,3,23,ok,50,/data/zhq7531/IDEAL/hetero_lvgp/benchmark/results/branin_hetero/heter_LVGP/haei_g0.5/nrep03/seed23.mat,branin_hetero/heter_LVGP/haei_g0.5/nrep03/seed23
branin_hetero,heter_LVGP,haei,0.5,3,24,ok,50,/data/zhq7531/IDEAL/hetero_lvgp/benchmark/results/branin_hetero/heter_LVGP/haei_g0.5/nrep03/seed24.mat,branin_hetero/heter_LVGP/haei_g0.5/nrep03/seed24
branin_hetero,heter_LVGP,haei,0.5,3,25,ok,50,/data/zhq7531/IDEAL/hetero_lvgp/benchmark/results/branin_hetero/heter_LVGP/haei_g0.5/nrep03/seed25.mat,branin_hetero/heter_LVGP/haei_g0.5/nrep03/seed25
branin_hetero,heter_LVGP,haei,0.5,3,26,ok,50,/data/zhq7531/IDEAL/hetero_lvgp/benchmark/results/branin_hetero/heter_LVGP/haei_g0.5/nrep03/seed26.mat,branin_hetero/heter_LVGP/haei_g0.5/nrep03/seed26
branin_hetero,heter_LVGP,haei,0.5,3,27,ok,50,/data/zhq7531/IDEAL/hetero_lvgp/benchmark/results/branin_hetero/heter_LVGP/haei_g0.5/nrep03/seed27.mat,branin_hetero/heter_LVGP/haei_g0.5/nrep03/seed27
branin_hetero,heter_LVGP,haei,0.5,3,28,ok,50,/data/zhq7531/IDEAL/hetero_lvgp/benchmark/results/branin_hetero/heter_LVGP/haei_g0.5/nrep03/seed28.mat,branin_hetero/heter_LVGP/haei_g0.5/nrep03/seed28
branin_hetero,heter_LVGP,haei,0.5,3,29,ok,50,/data/zhq7531/IDEAL/hetero_lvgp/benchmark/results/branin_hetero/heter_LVGP/haei_g0.5/nrep03/seed29.mat,branin_hetero/heter_LVGP/haei_g0.5/nrep03/seed29
branin_hetero,heter_LVGP,haei,0.5,3,30,ok,50,/data/zhq7531/IDEAL/hetero_lvgp/benchmark/results/branin_hetero/heter_LVGP/haei_g0.5/nrep03/seed30.mat,branin_hetero/heter_LVGP/haei_g0.5/nrep03/seed30
branin_hetero,heter_LVGP,haei,0.5,10,1,ok,50,/data/zhq7531/IDEAL/hetero_lvgp/benchmark/results/branin_hetero/heter_LVGP/haei_g0.5/nrep10/seed01.mat,branin_hetero/heter_LVGP/haei_g0.5/nrep10/seed01
branin_hetero,heter_LVGP,haei,0.5,10,2,ok,50,/data/zhq7531/IDEAL/hetero_lvgp/benchmark/results/branin_hetero/heter_LVGP/haei_g0.5/nrep10/seed02.mat,branin_hetero/heter_LVGP/haei_g0.5/nrep10/seed02
branin_hetero,heter_LVGP,haei,0.5,10,3,ok,50,/data/zhq7531/IDEAL/hetero_lvgp/benchmark/results/branin_hetero/heter_LVGP/haei_g0.5/nrep10/seed03.mat,branin_hetero/heter_LVGP/haei_g0.5/nrep10/seed03
branin_hetero,heter_LVGP,haei,0.5,10,4,ok,50,/data/zhq7531/IDEAL/hetero_lvgp/benchmark/results/branin_hetero/heter_LVGP/haei_g0.5/nrep10/seed04.mat,branin_hetero/heter_LVGP/haei_g0.5/nrep10/seed04
branin_hetero,heter_LVGP,haei,0.5,10,5,ok,50,/data/zhq7531/IDEAL/hetero_lvgp/benchmark/results/branin_hetero/heter_LVGP/haei_g0.5/nrep10/seed05.mat,branin_hetero/heter_LVGP/haei_g0.5/nrep10/seed05
branin_hetero,heter_LVGP,haei,0.5,10,6,ok,50,/data/zhq7531/IDEAL/hetero_lvgp/benchmark/results/branin_hetero/heter_LVGP/haei_g0.5/nrep10/seed06.mat,branin_hetero/heter_LVGP/haei_g0.5/nrep10/seed06
branin_hetero,heter_LVGP,haei,0.5,10,7,ok,50,/data/zhq7531/IDEAL/hetero_lvgp/benchmark/results/branin_hetero/heter_LVGP/haei_g0.5/nrep10/seed07.mat,branin_hetero/heter_LVGP/haei_g0.5/nrep10/seed07
branin_hetero,heter_LVGP,haei,0.5,10,8,ok,50,/data/zhq7531/IDEAL/hetero_lvgp/benchmark/results/branin_hetero/heter_LVGP/haei_g0.5/nrep10/seed08.mat,branin_hetero/heter_LVGP/haei_g0.5/nrep10/seed08
branin_hetero,heter_LVGP,haei,0.5,10,9,ok,50,/data/zhq7531/IDEAL/hetero_lvgp/benchmark/results/branin_hetero/heter_LVGP/haei_g0.5/nrep10/seed09.mat,branin_hetero/heter_LVGP/haei_g0.5/nrep10/seed09
branin_hetero,heter_LVGP,haei,0.5,10,10,ok,50,/data/zhq7531/IDEAL/hetero_lvgp/benchmark/results/branin_hetero/heter_LVGP/haei_g0.5/nrep10/seed10.mat,branin_hetero/heter_LVGP/haei_g0.5/nrep10/seed10
branin_hetero,heter_LVGP,haei,0.5,10,11,ok,50,/data/zhq7531/IDEAL/hetero_lvgp/benchmark/results/branin_hetero/heter_LVGP/haei_g0.5/nrep10/seed11.mat,branin_hetero/heter_LVGP/haei_g0.5/nrep10/seed11
branin_hetero,heter_LVGP,haei,0.5,10,12,ok,50,/data/zhq7531/IDEAL/hetero_lvgp/benchmark/results/branin_hetero/heter_LVGP/haei_g0.5/nrep10/seed12.mat,branin_hetero/heter_LVGP/haei_g0.5/nrep10/seed12
branin_hetero,heter_LVGP,haei,0.5,10,13,ok,50,/data/zhq7531/IDEAL/hetero_lvgp/benchmark/results/branin_hetero/heter_LVGP/haei_g0.5/nrep10/seed13.mat,branin_hetero/heter_LVGP/haei_g0.5/nrep10/seed13
branin_hetero,heter_LVGP,haei,0.5,10,14,ok,50,/data/zhq7531/IDEAL/hetero_lvgp/benchmark/results/branin_hetero/heter_LVGP/haei_g0.5/nrep10/seed14.mat,branin_hetero/heter_LVGP/haei_g0.5/nrep10/seed14
branin_hetero,heter_LVGP,haei,0.5,10,15,ok,50,/data/zhq7531/IDEAL/hetero_lvgp/benchmark/results/branin_hetero/heter_LVGP/haei_g0.5/nrep10/seed15.mat,branin_hetero/heter_LVGP/haei_g0.5/nrep10/seed15
branin_hetero,heter_LVGP,haei,0.5,10,16,ok,50,/data/zhq7531/IDEAL/hetero_lvgp/benchmark/results/branin_hetero/heter_LVGP/haei_g0.5/nrep10/seed16.mat,branin_hetero/heter_LVGP/haei_g0.5/nrep10/seed16
branin_hetero,heter_LVGP,haei,0.5,10,17,ok,50,/data/zhq7531/IDEAL/hetero_lvgp/benchmark/results/branin_hetero/heter_LVGP/haei_g0.5/nrep10/seed17.mat,branin_hetero/heter_LVGP/haei_g0.5/nrep10/seed17
branin_hetero,heter_LVGP,haei,0.5,10,18,ok,50,/data/zhq7531/IDEAL/hetero_lvgp/benchmark/results/branin_hetero/heter_LVGP/haei_g0.5/nrep10/seed18.mat,branin_hetero/heter_LVGP/haei_g0.5/nrep10/seed18
branin_hetero,heter_LVGP,haei,0.5,10,19,ok,50,/data/zhq7531/IDEAL/hetero_lvgp/benchmark/results/branin_hetero/heter_LVGP/haei_g0.5/nrep10/seed19.mat,branin_hetero/heter_LVGP/haei_g0.5/nrep10/seed19
branin_hetero,heter_LVGP,haei,0.5,10,20,ok,50,/data/zhq7531/IDEAL/hetero_lvgp/benchmark/results/branin_hetero/heter_LVGP/haei_g0.5/nrep10/seed20.mat,branin_hetero/heter_LVGP/haei_g0.5/nrep10/seed20
branin_hetero,heter_LVGP,haei,0.5,10,21,ok,50,/data/zhq7531/IDEAL/hetero_lvgp/benchmark/results/branin_hetero/heter_LVGP/haei_g0.5/nrep10/seed21.mat,branin_hetero/heter_LVGP/haei_g0.5/nrep10/seed21
branin_hetero,heter_LVGP,haei,0.5,10,22,ok,50,/data/zhq7531/IDEAL/hetero_lvgp/benchmark/results/branin_hetero/heter_LVGP/haei_g0.5/nrep10/seed22.mat,branin_hetero/heter_LVGP/haei_g0.5/nrep10/seed22
branin_hetero,heter_LVGP,haei,0.5,10,23,ok,50,/data/zhq7531/IDEAL/hetero_lvgp/benchmark/results/branin_hetero/heter_LVGP/haei_g0.5/nrep10/seed23.mat,branin_hetero/heter_LVGP/haei_g0.5/nrep10/seed23
branin_hetero,heter_LVGP,haei,0.5,10,24,ok,50,/data/zhq7531/IDEAL/hetero_lvgp/benchmark/results/branin_hetero/heter_LVGP/haei_g0.5/nrep10/seed24.mat,branin_hetero/heter_LVGP/haei_g0.5/nrep10/seed24
branin_hetero,heter_LVGP,haei,0.5,10,25,ok,50,/data/zhq7531/IDEAL/hetero_lvgp/benchmark/results/branin_hetero/heter_LVGP/haei_g0.5/nrep10/seed25.mat,branin_hetero/heter_LVGP/haei_g0.5/nrep10/seed25
branin_hetero,heter_LVGP,haei,0.5,10,26,ok,50,/data/zhq7531/IDEAL/hetero_lvgp/benchmark/results/branin_hetero/heter_LVGP/haei_g0.5/nrep10/seed26.mat,branin_hetero/heter_LVGP/haei_g0.5/nrep10/seed26
branin_hetero,heter_LVGP,haei,0.5,10,27,ok,50,/data/zhq7531/IDEAL/hetero_lvgp/benchmark/results/branin_hetero/heter_LVGP/haei_g0.5/nrep10/seed27.mat,branin_hetero/heter_LVGP/haei_g0.5/nrep10/seed27
branin_hetero,heter_LVGP,haei,0.5,10,28,ok,50,/data/zhq7531/IDEAL/hetero_lvgp/benchmark/results/branin_hetero/heter_LVGP/haei_g0.5/nrep10/seed28.mat,branin_hetero/heter_LVGP/haei_g0.5/nrep10/seed28
branin_hetero,heter_LVGP,haei,0.5,10,29,ok,50,/data/zhq7531/IDEAL/hetero_lvgp/benchmark/results/branin_hetero/heter_LVGP/haei_g0.5/nrep10/seed29.mat,branin_hetero/heter_LVGP/haei_g0.5/nrep10/seed29
branin_hetero,heter_LVGP,haei,0.5,10,30,ok,50,/data/zhq7531/IDEAL/hetero_lvgp/benchmark/results/branin_hetero/heter_LVGP/haei_g0.5/nrep10/seed30.mat,branin_hetero/heter_LVGP/haei_g0.5/nrep10/seed30
branin_hetero,heter_LVGP,anpei,0.8,3,1,ok,50,/data/zhq7531/IDEAL/hetero_lvgp/benchmark/results/branin_hetero/heter_LVGP/anpei_b0.8/nrep03/seed01.mat,branin_hetero/heter_LVGP/anpei_b0.8/nrep03/seed01
branin_hetero,heter_LVGP,anpei,0.8,3,2,ok,50,/data/zhq7531/IDEAL/hetero_lvgp/benchmark/results/branin_hetero/heter_LVGP/anpei_b0.8/nrep03/seed02.mat,branin_hetero/heter_LVGP/anpei_b0.8/nrep03/seed02
branin_hetero,heter_LVGP,anpei,0.8,3,3,ok,50,/data/zhq7531/IDEAL/hetero_lvgp/benchmark/results/branin_hetero/heter_LVGP/anpei_b0.8/nrep03/seed03.mat,branin_hetero/heter_LVGP/anpei_b0.8/nrep03/seed03
branin_hetero,heter_LVGP,anpei,0.8,3,4,ok,50,/data/zhq7531/IDEAL/hetero_lvgp/benchmark/results/branin_hetero/heter_LVGP/anpei_b0.8/nrep03/seed04.mat,branin_hetero/heter_LVGP/anpei_b0.8/nrep03/seed04
branin_hetero,heter_LVGP,anpei,0.8,3,5,ok,50,/data/zhq7531/IDEAL/hetero_lvgp/benchmark/results/branin_hetero/heter_LVGP/anpei_b0.8/nrep03/seed05.mat,branin_hetero/heter_LVGP/anpei_b0.8/nrep03/seed05
branin_hetero,heter_LVGP,anpei,0.8,3,6,ok,50,/data/zhq7531/IDEAL/hetero_lvgp/benchmark/results/branin_hetero/heter_LVGP/anpei_b0.8/nrep03/seed06.mat,branin_hetero/heter_LVGP/anpei_b0.8/nrep03/seed06
branin_hetero,heter_LVGP,anpei,0.8,3,7,ok,50,/data/zhq7531/IDEAL/hetero_lvgp/benchmark/results/branin_hetero/heter_LVGP/anpei_b0.8/nrep03/seed07.mat,branin_hetero/heter_LVGP/anpei_b0.8/nrep03/seed07
branin_hetero,heter_LVGP,anpei,0.8,3,8,ok,50,/data/zhq7531/IDEAL/hetero_lvgp/benchmark/results/branin_hetero/heter_LVGP/anpei_b0.8/nrep03/seed08.mat,branin_hetero/heter_LVGP/anpei_b0.8/nrep03/seed08
branin_hetero,heter_LVGP,anpei,0.8,3,9,ok,50,/data/zhq7531/IDEAL/hetero_lvgp/benchmark/results/branin_hetero/heter_LVGP/anpei_b0.8/nrep03/seed09.mat,branin_hetero/heter_LVGP/anpei_b0.8/nrep03/seed09
branin_hetero,heter_LVGP,anpei,0.8,3,10,ok,50,/data/zhq7531/IDEAL/hetero_lvgp/benchmark/results/branin_hetero/heter_LVGP/anpei_b0.8/nrep03/seed10.mat,branin_hetero/heter_LVGP/anpei_b0.8/nrep03/seed10
branin_hetero,heter_LVGP,anpei,0.8,3,11,ok,50,/data/zhq7531/IDEAL/hetero_lvgp/benchmark/results/branin_hetero/heter_LVGP/anpei_b0.8/nrep03/seed11.mat,branin_hetero/heter_LVGP/anpei_b0.8/nrep03/seed11
branin_hetero,heter_LVGP,anpei,0.8,3,12,ok,50,/data/zhq7531/IDEAL/hetero_lvgp/benchmark/results/branin_hetero/heter_LVGP/anpei_b0.8/nrep03/seed12.mat,branin_hetero/heter_LVGP/anpei_b0.8/nrep03/seed12
branin_hetero,heter_LVGP,anpei,0.8,3,13,ok,50,/data/zhq7531/IDEAL/hetero_lvgp/benchmark/results/branin_hetero/heter_LVGP/anpei_b0.8/nrep03/seed13.mat,branin_hetero/heter_LVGP/anpei_b0.8/nrep03/seed13
branin_hetero,heter_LVGP,anpei,0.8,3,14,ok,50,/data/zhq7531/IDEAL/hetero_lvgp/benchmark/results/branin_hetero/heter_LVGP/anpei_b0.8/nrep03/seed14.mat,branin_hetero/heter_LVGP/anpei_b0.8/nrep03/seed14
branin_hetero,heter_LVGP,anpei,0.8,3,15,ok,50,/data/zhq7531/IDEAL/hetero_lvgp/benchmark/results/branin_hetero/heter_LVGP/anpei_b0.8/nrep03/seed15.mat,branin_hetero/heter_LVGP/anpei_b0.8/nrep03/seed15
branin_hetero,heter_LVGP,anpei,0.8,3,16,ok,50,/data/zhq7531/IDEAL/hetero_lvgp/benchmark/results/branin_hetero/heter_LVGP/anpei_b0.8/nrep03/seed16.mat,branin_hetero/heter_LVGP/anpei_b0.8/nrep03/seed16
branin_hetero,heter_LVGP,anpei,0.8,3,17,ok,50,/data/zhq7531/IDEAL/hetero_lvgp/benchmark/results/branin_hetero/heter_LVGP/anpei_b0.8/nrep03/seed17.mat,branin_hetero/heter_LVGP/anpei_b0.8/nrep03/seed17
branin_hetero,heter_LVGP,anpei,0.8,3,18,ok,50,/data/zhq7531/IDEAL/hetero_lvgp/benchmark/results/branin_hetero/heter_LVGP/anpei_b0.8/nrep03/seed18.mat,branin_hetero/heter_LVGP/anpei_b0.8/nrep03/seed18
branin_hetero,heter_LVGP,anpei,0.8,3,19,ok,50,/data/zhq7531/IDEAL/hetero_lvgp/benchmark/results/branin_hetero/heter_LVGP/anpei_b0.8/nrep03/seed19.mat,branin_hetero/heter_LVGP/anpei_b0.8/nrep03/seed19
branin_hetero,heter_LVGP,anpei,0.8,3,20,ok,50,/data/zhq7531/IDEAL/hetero_lvgp/benchmark/results/branin_hetero/heter_LVGP/anpei_b0.8/nrep03/seed20.mat,branin_hetero/heter_LVGP/anpei_b0.8/nrep03/seed20
branin_hetero,heter_LVGP,anpei,0.8,3,21,ok,50,/data/zhq7531/IDEAL/hetero_lvgp/benchmark/results/branin_hetero/heter_LVGP/anpei_b0.8/nrep03/seed21.mat,branin_hetero/heter_LVGP/anpei_b0.8/nrep03/seed21
branin_hetero,heter_LVGP,anpei,0.8,3,22,ok,50,/data/zhq7531/IDEAL/hetero_lvgp/benchmark/results/branin_hetero/heter_LVGP/anpei_b0.8/nrep03/seed22.mat,branin_hetero/heter_LVGP/anpei_b0.8/nrep03/seed22
branin_hetero,heter_LVGP,anpei,0.8,3,23,ok,50,/data/zhq7531/IDEAL/hetero_lvgp/benchmark/results/branin_hetero/heter_LVGP/anpei_b0.8/nrep03/seed23.mat,branin_hetero/heter_LVGP/anpei_b0.8/nrep03/seed23
branin_hetero,heter_LVGP,anpei,0.8,3,24,ok,50,/data/zhq7531/IDEAL/hetero_lvgp/benchmark/results/branin_hetero/heter_LVGP/anpei_b0.8/nrep03/seed24.mat,branin_hetero/heter_LVGP/anpei_b0.8/nrep03/seed24
branin_hetero,heter_LVGP,anpei,0.8,3,25,ok,50,/data/zhq7531/IDEAL/hetero_lvgp/benchmark/results/branin_hetero/heter_LVGP/anpei_b0.8/nrep03/seed25.mat,branin_hetero/heter_LVGP/anpei_b0.8/nrep03/seed25
branin_hetero,heter_LVGP,anpei,0.8,3,26,ok,50,/data/zhq7531/IDEAL/hetero_lvgp/benchmark/results/branin_hetero/heter_LVGP/anpei_b0.8/nrep03/seed26.mat,branin_hetero/heter_LVGP/anpei_b0.8/nrep03/seed26
branin_hetero,heter_LVGP,anpei,0.8,3,27,ok,50,/data/zhq7531/IDEAL/hetero_lvgp/benchmark/results/branin_hetero/heter_LVGP/anpei_b0.8/nrep03/seed27.mat,branin_hetero/heter_LVGP/anpei_b0.8/nrep03/seed27
branin_hetero,heter_LVGP,anpei,0.8,3,28,ok,50,/data/zhq7531/IDEAL/hetero_lvgp/benchmark/results/branin_hetero/heter_LVGP/anpei_b0.8/nrep03/seed28.mat,branin_hetero/heter_LVGP/anpei_b0.8/nrep03/seed28
branin_hetero,heter_LVGP,anpei,0.8,3,29,ok,50,/data/zhq7531/IDEAL/hetero_lvgp/benchmark/results/branin_hetero/heter_LVGP/anpei_b0.8/nrep03/seed29.mat,branin_hetero/heter_LVGP/anpei_b0.8/nrep03/seed29
branin_hetero,heter_LVGP,anpei,0.8,3,30,ok,50,/data/zhq7531/IDEAL/hetero_lvgp/benchmark/results/branin_hetero/heter_LVGP/anpei_b0.8/nrep03/seed30.mat,branin_hetero/heter_LVGP/anpei_b0.8/nrep03/seed30
branin_hetero,heter_LVGP,anpei,0.8,10,1,ok,50,/data/zhq7531/IDEAL/hetero_lvgp/benchmark/results/branin_hetero/heter_LVGP/anpei_b0.8/nrep10/seed01.mat,branin_hetero/heter_LVGP/anpei_b0.8/nrep10/seed01
branin_hetero,heter_LVGP,anpei,0.8,10,2,ok,50,/data/zhq7531/IDEAL/hetero_lvgp/benchmark/results/branin_hetero/heter_LVGP/anpei_b0.8/nrep10/seed02.mat,branin_hetero/heter_LVGP/anpei_b0.8/nrep10/seed02
branin_hetero,heter_LVGP,anpei,0.8,10,3,ok,50,/data/zhq7531/IDEAL/hetero_lvgp/benchmark/results/branin_hetero/heter_LVGP/anpei_b0.8/nrep10/seed03.mat,branin_hetero/heter_LVGP/anpei_b0.8/nrep10/seed03
branin_hetero,heter_LVGP,anpei,0.8,10,4,ok,50,/data/zhq7531/IDEAL/hetero_lvgp/benchmark/results/branin_hetero/heter_LVGP/anpei_b0.8/nrep10/seed04.mat,branin_hetero/heter_LVGP/anpei_b0.8/nrep10/seed04
branin_hetero,heter_LVGP,anpei,0.8,10,5,ok,50,/data/zhq7531/IDEAL/hetero_lvgp/benchmark/results/branin_hetero/heter_LVGP/anpei_b0.8/nrep10/seed05.mat,branin_hetero/heter_LVGP/anpei_b0.8/nrep10/seed05
branin_hetero,heter_LVGP,anpei,0.8,10,6,ok,50,/data/zhq7531/IDEAL/hetero_lvgp/benchmark/results/branin_hetero/heter_LVGP/anpei_b0.8/nrep10/seed06.mat,branin_hetero/heter_LVGP/anpei_b0.8/nrep10/seed06
branin_hetero,heter_LVGP,anpei,0.8,10,7,ok,50,/data/zhq7531/IDEAL/hetero_lvgp/benchmark/results/branin_hetero/heter_LVGP/anpei_b0.8/nrep10/seed07.mat,branin_hetero/heter_LVGP/anpei_b0.8/nrep10/seed07
branin_hetero,heter_LVGP,anpei,0.8,10,8,ok,50,/data/zhq7531/IDEAL/hetero_lvgp/benchmark/results/branin_hetero/heter_LVGP/anpei_b0.8/nrep10/seed08.mat,branin_hetero/heter_LVGP/anpei_b0.8/nrep10/seed08
branin_hetero,heter_LVGP,anpei,0.8,10,9,ok,50,/data/zhq7531/IDEAL/hetero_lvgp/benchmark/results/branin_hetero/heter_LVGP/anpei_b0.8/nrep10/seed09.mat,branin_hetero/heter_LVGP/anpei_b0.8/nrep10/seed09
branin_hetero,heter_LVGP,anpei,0.8,10,10,ok,50,/data/zhq7531/IDEAL/hetero_lvgp/benchmark/results/branin_hetero/heter_LVGP/anpei_b0.8/nrep10/seed10.mat,branin_hetero/heter_LVGP/anpei_b0.8/nrep10/seed10
branin_hetero,heter_LVGP,anpei,0.8,10,11,ok,50,/data/zhq7531/IDEAL/hetero_lvgp/benchmark/results/branin_hetero/heter_LVGP/anpei_b0.8/nrep10/seed11.mat,branin_hetero/heter_LVGP/anpei_b0.8/nrep10/seed11
branin_hetero,heter_LVGP,anpei,0.8,10,12,ok,50,/data/zhq7531/IDEAL/hetero_lvgp/benchmark/results/branin_hetero/heter_LVGP/anpei_b0.8/nrep10/seed12.mat,branin_hetero/heter_LVGP/anpei_b0.8/nrep10/seed12
branin_hetero,heter_LVGP,anpei,0.8,10,13,ok,50,/data/zhq7531/IDEAL/hetero_lvgp/benchmark/results/branin_hetero/heter_LVGP/anpei_b0.8/nrep10/seed13.mat,branin_hetero/heter_LVGP/anpei_b0.8/nrep10/seed13
branin_hetero,heter_LVGP,anpei,0.8,10,14,ok,50,/data/zhq7531/IDEAL/hetero_lvgp/benchmark/results/branin_hetero/heter_LVGP/anpei_b0.8/nrep10/seed14.mat,branin_hetero/heter_LVGP/anpei_b0.8/nrep10/seed14
branin_hetero,heter_LVGP,anpei,0.8,10,15,ok,50,/data/zhq7531/IDEAL/hetero_lvgp/benchmark/results/branin_hetero/heter_LVGP/anpei_b0.8/nrep10/seed15.mat,branin_hetero/heter_LVGP/anpei_b0.8/nrep10/seed15
branin_hetero,heter_LVGP,anpei,0.8,10,16,ok,50,/data/zhq7531/IDEAL/hetero_lvgp/benchmark/results/branin_hetero/heter_LVGP/anpei_b0.8/nrep10/seed16.mat,branin_hetero/heter_LVGP/anpei_b0.8/nrep10/seed16
branin_hetero,heter_LVGP,anpei,0.8,10,17,ok,50,/data/zhq7531/IDEAL/hetero_lvgp/benchmark/results/branin_hetero/heter_LVGP/anpei_b0.8/nrep10/seed17.mat,branin_hetero/heter_LVGP/anpei_b0.8/nrep10/seed17
branin_hetero,heter_LVGP,anpei,0.8,10,18,ok,50,/data/zhq7531/IDEAL/hetero_lvgp/benchmark/results/branin_hetero/heter_LVGP/anpei_b0.8/nrep10/seed18.mat,branin_hetero/heter_LVGP/anpei_b0.8/nrep10/seed18
branin_hetero,heter_LVGP,anpei,0.8,10,19,ok,50,/data/zhq7531/IDEAL/hetero_lvgp/benchmark/results/branin_hetero/heter_LVGP/anpei_b0.8/nrep10/seed19.mat,branin_hetero/heter_LVGP/anpei_b0.8/nrep10/seed19
branin_hetero,heter_LVGP,anpei,0.8,10,20,ok,50,/data/zhq7531/IDEAL/hetero_lvgp/benchmark/results/branin_hetero/heter_LVGP/anpei_b0.8/nrep10/seed20.mat,branin_hetero/heter_LVGP/anpei_b0.8/nrep10/seed20
branin_hetero,heter_LVGP,anpei,0.8,10,21,ok,50,/data/zhq7531/IDEAL/hetero_lvgp/benchmark/results/branin_hetero/heter_LVGP/anpei_b0.8/nrep10/seed21.mat,branin_hetero/heter_LVGP/anpei_b0.8/nrep10/seed21
branin_hetero,heter_LVGP,anpei,0.8,10,22,ok,50,/data/zhq7531/IDEAL/hetero_lvgp/benchmark/results/branin_hetero/heter_LVGP/anpei_b0.8/nrep10/seed22.mat,branin_hetero/heter_LVGP/anpei_b0.8/nrep10/seed22
branin_hetero,heter_LVGP,anpei,0.8,10,23,ok,50,/data/zhq7531/IDEAL/hetero_lvgp/benchmark/results/branin_hetero/heter_LVGP/anpei_b0.8/nrep10/seed23.mat,branin_hetero/heter_LVGP/anpei_b0.8/nrep10/seed23
branin_hetero,heter_LVGP,anpei,0.8,10,24,ok,50,/data/zhq7531/IDEAL/hetero_lvgp/benchmark/results/branin_hetero/heter_LVGP/anpei_b0.8/nrep10/seed24.mat,branin_hetero/heter_LVGP/anpei_b0.8/nrep10/seed24
branin_hetero,heter_LVGP,anpei,0.8,10,25,ok,50,/data/zhq7531/IDEAL/hetero_lvgp/benchmark/results/branin_hetero/heter_LVGP/anpei_b0.8/nrep10/seed25.mat,branin_hetero/heter_LVGP/anpei_b0.8/nrep10/seed25
branin_hetero,heter_LVGP,anpei,0.8,10,26,ok,50,/data/zhq7531/IDEAL/hetero_lvgp/benchmark/results/branin_hetero/heter_LVGP/anpei_b0.8/nrep10/seed26.mat,branin_hetero/heter_LVGP/anpei_b0.8/nrep10/seed26
branin_hetero,heter_LVGP,anpei,0.8,10,27,ok,50,/data/zhq7531/IDEAL/hetero_lvgp/benchmark/results/branin_hetero/heter_LVGP/anpei_b0.8/nrep10/seed27.mat,branin_hetero/heter_LVGP/anpei_b0.8/nrep10/seed27
branin_hetero,heter_LVGP,anpei,0.8,10,28,ok,50,/data/zhq7531/IDEAL/hetero_lvgp/benchmark/results/branin_hetero/heter_LVGP/anpei_b0.8/nrep10/seed28.mat,branin_hetero/heter_LVGP/anpei_b0.8/nrep10/seed28
branin_hetero,heter_LVGP,anpei,0.8,10,29,ok,50,/data/zhq7531/IDEAL/hetero_lvgp/benchmark/results/branin_hetero/heter_LVGP/anpei_b0.8/nrep10/seed29.mat,branin_hetero/heter_LVGP/anpei_b0.8/nrep10/seed29
branin_hetero,heter_LVGP,anpei,0.8,10,30,ok,50,/data/zhq7531/IDEAL/hetero_lvgp/benchmark/results/branin_hetero/heter_LVGP/anpei_b0.8/nrep10/seed30.mat,branin_hetero/heter_LVGP/anpei_b0.8/nrep10/seed30
branin_hetero,heter_LVGP,rahbo,0.5,3,1,ok,50,/data/zhq7531/IDEAL/hetero_lvgp/benchmark/results/branin_hetero/heter_LVGP/rahbo_a0.5/nrep03/seed01.mat,branin_hetero/heter_LVGP/rahbo_a0.5/nrep03/seed01
branin_hetero,heter_LVGP,rahbo,0.5,3,2,ok,50,/data/zhq7531/IDEAL/hetero_lvgp/benchmark/results/branin_hetero/heter_LVGP/rahbo_a0.5/nrep03/seed02.mat,branin_hetero/heter_LVGP/rahbo_a0.5/nrep03/seed02
branin_hetero,heter_LVGP,rahbo,0.5,3,3,ok,50,/data/zhq7531/IDEAL/hetero_lvgp/benchmark/results/branin_hetero/heter_LVGP/rahbo_a0.5/nrep03/seed03.mat,branin_hetero/heter_LVGP/rahbo_a0.5/nrep03/seed03
branin_hetero,heter_LVGP,rahbo,0.5,3,4,ok,50,/data/zhq7531/IDEAL/hetero_lvgp/benchmark/results/branin_hetero/heter_LVGP/rahbo_a0.5/nrep03/seed04.mat,branin_hetero/heter_LVGP/rahbo_a0.5/nrep03/seed04
branin_hetero,heter_LVGP,rahbo,0.5,3,5,ok,50,/data/zhq7531/IDEAL/hetero_lvgp/benchmark/results/branin_hetero/heter_LVGP/rahbo_a0.5/nrep03/seed05.mat,branin_hetero/heter_LVGP/rahbo_a0.5/nrep03/seed05
branin_hetero,heter_LVGP,rahbo,0.5,3,6,ok,50,/data/zhq7531/IDEAL/hetero_lvgp/benchmark/results/branin_hetero/heter_LVGP/rahbo_a0.5/nrep03/seed06.mat,branin_hetero/heter_LVGP/rahbo_a0.5/nrep03/seed06
branin_hetero,heter_LVGP,rahbo,0.5,3,7,ok,50,/data/zhq7531/IDEAL/hetero_lvgp/benchmark/results/branin_hetero/heter_LVGP/rahbo_a0.5/nrep03/seed07.mat,branin_hetero/heter_LVGP/rahbo_a0.5/nrep03/seed07
branin_hetero,heter_LVGP,rahbo,0.5,3,8,ok,50,/data/zhq7531/IDEAL/hetero_lvgp/benchmark/results/branin_hetero/heter_LVGP/rahbo_a0.5/nrep03/seed08.mat,branin_hetero/heter_LVGP/rahbo_a0.5/nrep03/seed08
branin_hetero,heter_LVGP,rahbo,0.5,3,9,ok,50,/data/zhq7531/IDEAL/hetero_lvgp/benchmark/results/branin_hetero/heter_LVGP/rahbo_a0.5/nrep03/seed09.mat,branin_hetero/heter_LVGP/rahbo_a0.5/nrep03/seed09
branin_hetero,heter_LVGP,rahbo,0.5,3,10,ok,50,/data/zhq7531/IDEAL/hetero_lvgp/benchmark/results/branin_hetero/heter_LVGP/rahbo_a0.5/nrep03/seed10.mat,branin_hetero/heter_LVGP/rahbo_a0.5/nrep03/seed10
branin_hetero,heter_LVGP,rahbo,0.5,3,11,ok,50,/data/zhq7531/IDEAL/hetero_lvgp/benchmark/results/branin_hetero/heter_LVGP/rahbo_a0.5/nrep03/seed11.mat,branin_hetero/heter_LVGP/rahbo_a0.5/nrep03/seed11
branin_hetero,heter_LVGP,rahbo,0.5,3,12,ok,50,/data/zhq7531/IDEAL/hetero_lvgp/benchmark/results/branin_hetero/heter_LVGP/rahbo_a0.5/nrep03/seed12.mat,branin_hetero/heter_LVGP/rahbo_a0.5/nrep03/seed12
branin_hetero,heter_LVGP,rahbo,0.5,3,13,ok,50,/data/zhq7531/IDEAL/hetero_lvgp/benchmark/results/branin_hetero/heter_LVGP/rahbo_a0.5/nrep03/seed13.mat,branin_hetero/heter_LVGP/rahbo_a0.5/nrep03/seed13
branin_hetero,heter_LVGP,rahbo,0.5,3,14,ok,50,/data/zhq7531/IDEAL/hetero_lvgp/benchmark/results/branin_hetero/heter_LVGP/rahbo_a0.5/nrep03/seed14.mat,branin_hetero/heter_LVGP/rahbo_a0.5/nrep03/seed14
branin_hetero,heter_LVGP,rahbo,0.5,3,15,ok,50,/data/zhq7531/IDEAL/hetero_lvgp/benchmark/results/branin_hetero/heter_LVGP/rahbo_a0.5/nrep03/seed15.mat,branin_hetero/heter_LVGP/rahbo_a0.5/nrep03/seed15
branin_hetero,heter_LVGP,rahbo,0.5,3,16,ok,50,/data/zhq7531/IDEAL/hetero_lvgp/benchmark/results/branin_hetero/heter_LVGP/rahbo_a0.5/nrep03/seed16.mat,branin_hetero/heter_LVGP/rahbo_a0.5/nrep03/seed16
branin_hetero,heter_LVGP,rahbo,0.5,3,17,ok,50,/data/zhq7531/IDEAL/hetero_lvgp/benchmark/results/branin_hetero/heter_LVGP/rahbo_a0.5/nrep03/seed17.mat,branin_hetero/heter_LVGP/rahbo_a0.5/nrep03/seed17
branin_hetero,heter_LVGP,rahbo,0.5,3,18,ok,50,/data/zhq7531/IDEAL/hetero_lvgp/benchmark/results/branin_hetero/heter_LVGP/rahbo_a0.5/nrep03/seed18.mat,branin_hetero/heter_LVGP/rahbo_a0.5/nrep03/seed18
branin_hetero,heter_LVGP,rahbo,0.5,3,19,ok,50,/data/zhq7531/IDEAL/hetero_lvgp/benchmark/results/branin_hetero/heter_LVGP/rahbo_a0.5/nrep03/seed19.mat,branin_hetero/heter_LVGP/rahbo_a0.5/nrep03/seed19
branin_hetero,heter_LVGP,rahbo,0.5,3,20,ok,50,/data/zhq7531/IDEAL/hetero_lvgp/benchmark/results/branin_hetero/heter_LVGP/rahbo_a0.5/nrep03/seed20.mat,branin_hetero/heter_LVGP/rahbo_a0.5/nrep03/seed20
branin_hetero,heter_LVGP,rahbo,0.5,3,21,ok,50,/data/zhq7531/IDEAL/hetero_lvgp/benchmark/results/branin_hetero/heter_LVGP/rahbo_a0.5/nrep03/seed21.mat,branin_hetero/heter_LVGP/rahbo_a0.5/nrep03/seed21
branin_hetero,heter_LVGP,rahbo,0.5,3,22,ok,50,/data/zhq7531/IDEAL/hetero_lvgp/benchmark/results/branin_hetero/heter_LVGP/rahbo_a0.5/nrep03/seed22.mat,branin_hetero/heter_LVGP/rahbo_a0.5/nrep03/seed22
branin_hetero,heter_LVGP,rahbo,0.5,3,23,ok,50,/data/zhq7531/IDEAL/hetero_lvgp/benchmark/results/branin_hetero/heter_LVGP/rahbo_a0.5/nrep03/seed23.mat,branin_hetero/heter_LVGP/rahbo_a0.5/nrep03/seed23
branin_hetero,heter_LVGP,rahbo,0.5,3,24,ok,50,/data/zhq7531/IDEAL/hetero_lvgp/benchmark/results/branin_hetero/heter_LVGP/rahbo_a0.5/nrep03/seed24.mat,branin_hetero/heter_LVGP/rahbo_a0.5/nrep03/seed24
branin_hetero,heter_LVGP,rahbo,0.5,3,25,ok,50,/data/zhq7531/IDEAL/hetero_lvgp/benchmark/results/branin_hetero/heter_LVGP/rahbo_a0.5/nrep03/seed25.mat,branin_hetero/heter_LVGP/rahbo_a0.5/nrep03/seed25
branin_hetero,heter_LVGP,rahbo,0.5,3,26,ok,50,/data/zhq7531/IDEAL/hetero_lvgp/benchmark/results/branin_hetero/heter_LVGP/rahbo_a0.5/nrep03/seed26.mat,branin_hetero/heter_LVGP/rahbo_a0.5/nrep03/seed26
branin_hetero,heter_LVGP,rahbo,0.5,3,27,ok,50,/data/zhq7531/IDEAL/hetero_lvgp/benchmark/results/branin_hetero/heter_LVGP/rahbo_a0.5/nrep03/seed27.mat,branin_hetero/heter_LVGP/rahbo_a0.5/nrep03/seed27
branin_hetero,heter_LVGP,rahbo,0.5,3,28,ok,50,/data/zhq7531/IDEAL/hetero_lvgp/benchmark/results/branin_hetero/heter_LVGP/rahbo_a0.5/nrep03/seed28.mat,branin_hetero/heter_LVGP/rahbo_a0.5/nrep03/seed28
branin_hetero,heter_LVGP,rahbo,0.5,3,29,ok,50,/data/zhq7531/IDEAL/hetero_lvgp/benchmark/results/branin_hetero/heter_LVGP/rahbo_a0.5/nrep03/seed29.mat,branin_hetero/heter_LVGP/rahbo_a0.5/nrep03/seed29
branin_hetero,heter_LVGP,rahbo,0.5,3,30,ok,50,/data/zhq7531/IDEAL/hetero_lvgp/benchmark/results/branin_hetero/heter_LVGP/rahbo_a0.5/nrep03/seed30.mat,branin_hetero/heter_LVGP/rahbo_a0.5/nrep03/seed30
branin_hetero,heter_LVGP,rahbo,0.5,10,1,ok,50,/data/zhq7531/IDEAL/hetero_lvgp/benchmark/results/branin_hetero/heter_LVGP/rahbo_a0.5/nrep10/seed01.mat,branin_hetero/heter_LVGP/rahbo_a0.5/nrep10/seed01
branin_hetero,heter_LVGP,rahbo,0.5,10,2,ok,50,/data/zhq7531/IDEAL/hetero_lvgp/benchmark/results/branin_hetero/heter_LVGP/rahbo_a0.5/nrep10/seed02.mat,branin_hetero/heter_LVGP/rahbo_a0.5/nrep10/seed02
branin_hetero,heter_LVGP,rahbo,0.5,10,3,ok,50,/data/zhq7531/IDEAL/hetero_lvgp/benchmark/results/branin_hetero/heter_LVGP/rahbo_a0.5/nrep10/seed03.mat,branin_hetero/heter_LVGP/rahbo_a0.5/nrep10/seed03
branin_hetero,heter_LVGP,rahbo,0.5,10,4,ok,50,/data/zhq7531/IDEAL/hetero_lvgp/benchmark/results/branin_hetero/heter_LVGP/rahbo_a0.5/nrep10/seed04.mat,branin_hetero/heter_LVGP/rahbo_a0.5/nrep10/seed04
branin_hetero,heter_LVGP,rahbo,0.5,10,5,ok,50,/data/zhq7531/IDEAL/hetero_lvgp/benchmark/results/branin_hetero/heter_LVGP/rahbo_a0.5/nrep10/seed05.mat,branin_hetero/heter_LVGP/rahbo_a0.5/nrep10/seed05
branin_hetero,heter_LVGP,rahbo,0.5,10,6,ok,50,/data/zhq7531/IDEAL/hetero_lvgp/benchmark/results/branin_hetero/heter_LVGP/rahbo_a0.5/nrep10/seed06.mat,branin_hetero/heter_LVGP/rahbo_a0.5/nrep10/seed06
branin_hetero,heter_LVGP,rahbo,0.5,10,7,ok,50,/data/zhq7531/IDEAL/hetero_lvgp/benchmark/results/branin_hetero/heter_LVGP/rahbo_a0.5/nrep10/seed07.mat,branin_hetero/heter_LVGP/rahbo_a0.5/nrep10/seed07
branin_hetero,heter_LVGP,rahbo,0.5,10,8,ok,50,/data/zhq7531/IDEAL/hetero_lvgp/benchmark/results/branin_hetero/heter_LVGP/rahbo_a0.5/nrep10/seed08.mat,branin_hetero/heter_LVGP/rahbo_a0.5/nrep10/seed08
branin_hetero,heter_LVGP,rahbo,0.5,10,9,ok,50,/data/zhq7531/IDEAL/hetero_lvgp/benchmark/results/branin_hetero/heter_LVGP/rahbo_a0.5/nrep10/seed09.mat,branin_hetero/heter_LVGP/rahbo_a0.5/nrep10/seed09
branin_hetero,heter_LVGP,rahbo,0.5,10,10,ok,50,/data/zhq7531/IDEAL/hetero_lvgp/benchmark/results/branin_hetero/heter_LVGP/rahbo_a0.5/nrep10/seed10.mat,branin_hetero/heter_LVGP/rahbo_a0.5/nrep10/seed10
branin_hetero,heter_LVGP,rahbo,0.5,10,11,ok,50,/data/zhq7531/IDEAL/hetero_lvgp/benchmark/results/branin_hetero/heter_LVGP/rahbo_a0.5/nrep10/seed11.mat,branin_hetero/heter_LVGP/rahbo_a0.5/nrep10/seed11
branin_hetero,heter_LVGP,rahbo,0.5,10,12,ok,50,/data/zhq7531/IDEAL/hetero_lvgp/benchmark/results/branin_hetero/heter_LVGP/rahbo_a0.5/nrep10/seed12.mat,branin_hetero/heter_LVGP/rahbo_a0.5/nrep10/seed12
branin_hetero,heter_LVGP,rahbo,0.5,10,13,ok,50,/data/zhq7531/IDEAL/hetero_lvgp/benchmark/results/branin_hetero/heter_LVGP/rahbo_a0.5/nrep10/seed13.mat,branin_hetero/heter_LVGP/rahbo_a0.5/nrep10/seed13
branin_hetero,heter_LVGP,rahbo,0.5,10,14,ok,50,/data/zhq7531/IDEAL/hetero_lvgp/benchmark/results/branin_hetero/heter_LVGP/rahbo_a0.5/nrep10/seed14.mat,branin_hetero/heter_LVGP/rahbo_a0.5/nrep10/seed14
branin_hetero,heter_LVGP,rahbo,0.5,10,15,ok,50,/data/zhq7531/IDEAL/hetero_lvgp/benchmark/results/branin_hetero/heter_LVGP/rahbo_a0.5/nrep10/seed15.mat,branin_hetero/heter_LVGP/rahbo_a0.5/nrep10/seed15
branin_hetero,heter_LVGP,rahbo,0.5,10,16,ok,50,/data/zhq7531/IDEAL/hetero_lvgp/benchmark/results/branin_hetero/heter_LVGP/rahbo_a0.5/nrep10/seed16.mat,branin_hetero/heter_LVGP/rahbo_a0.5/nrep10/seed16
branin_hetero,heter_LVGP,rahbo,0.5,10,17,ok,50,/data/zhq7531/IDEAL/hetero_lvgp/benchmark/results/branin_hetero/heter_LVGP/rahbo_a0.5/nrep10/seed17.mat,branin_hetero/heter_LVGP/rahbo_a0.5/nrep10/seed17
branin_hetero,heter_LVGP,rahbo,0.5,10,18,ok,50,/data/zhq7531/IDEAL/hetero_lvgp/benchmark/results/branin_hetero/heter_LVGP/rahbo_a0.5/nrep10/seed18.mat,branin_hetero/heter_LVGP/rahbo_a0.5/nrep10/seed18
branin_hetero,heter_LVGP,rahbo,0.5,10,19,ok,50,/data/zhq7531/IDEAL/hetero_lvgp/benchmark/results/branin_hetero/heter_LVGP/rahbo_a0.5/nrep10/seed19.mat,branin_hetero/heter_LVGP/rahbo_a0.5/nrep10/seed19
branin_hetero,heter_LVGP,rahbo,0.5,10,20,ok,50,/data/zhq7531/IDEAL/hetero_lvgp/benchmark/results/branin_hetero/heter_LVGP/rahbo_a0.5/nrep10/seed20.mat,branin_hetero/heter_LVGP/rahbo_a0.5/nrep10/seed20
branin_hetero,heter_LVGP,rahbo,0.5,10,21,ok,50,/data/zhq7531/IDEAL/hetero_lvgp/benchmark/results/branin_hetero/heter_LVGP/rahbo_a0.5/nrep10/seed21.mat,branin_hetero/heter_LVGP/rahbo_a0.5/nrep10/seed21
branin_hetero,heter_LVGP,rahbo,0.5,10,22,ok,50,/data/zhq7531/IDEAL/hetero_lvgp/benchmark/results/branin_hetero/heter_LVGP/rahbo_a0.5/nrep10/seed22.mat,branin_hetero/heter_LVGP/rahbo_a0.5/nrep10/seed22
branin_hetero,heter_LVGP,rahbo,0.5,10,23,ok,50,/data/zhq7531/IDEAL/hetero_lvgp/benchmark/results/branin_hetero/heter_LVGP/rahbo_a0.5/nrep10/seed23.mat,branin_hetero/heter_LVGP/rahbo_a0.5/nrep10/seed23
branin_hetero,heter_LVGP,rahbo,0.5,10,24,ok,50,/data/zhq7531/IDEAL/hetero_lvgp/benchmark/results/branin_hetero/heter_LVGP/rahbo_a0.5/nrep10/seed24.mat,branin_hetero/heter_LVGP/rahbo_a0.5/nrep10/seed24
branin_hetero,heter_LVGP,rahbo,0.5,10,25,ok,50,/data/zhq7531/IDEAL/hetero_lvgp/benchmark/results/branin_hetero/heter_LVGP/rahbo_a0.5/nrep10/seed25.mat,branin_hetero/heter_LVGP/rahbo_a0.5/nrep10/seed25
branin_hetero,heter_LVGP,rahbo,0.5,10,26,ok,50,/data/zhq7531/IDEAL/hetero_lvgp/benchmark/results/branin_hetero/heter_LVGP/rahbo_a0.5/nrep10/seed26.mat,branin_hetero/heter_LVGP/rahbo_a0.5/nrep10/seed26
branin_hetero,heter_LVGP,rahbo,0.5,10,27,ok,50,/data/zhq7531/IDEAL/hetero_lvgp/benchmark/results/branin_hetero/heter_LVGP/rahbo_a0.5/nrep10/seed27.mat,branin_hetero/heter_LVGP/rahbo_a0.5/nrep10/seed27
branin_hetero,heter_LVGP,rahbo,0.5,10,28,ok,50,/data/zhq7531/IDEAL/hetero_lvgp/benchmark/results/branin_hetero/heter_LVGP/rahbo_a0.5/nrep10/seed28.mat,branin_hetero/heter_LVGP/rahbo_a0.5/nrep10/seed28
branin_hetero,heter_LVGP,rahbo,0.5,10,29,ok,50,/data/zhq7531/IDEAL/hetero_lvgp/benchmark/results/branin_hetero/heter_LVGP/rahbo_a0.5/nrep10/seed29.mat,branin_hetero/heter_LVGP/rahbo_a0.5/nrep10/seed29
branin_hetero,heter_LVGP,rahbo,0.5,10,30,ok,50,/data/zhq7531/IDEAL/hetero_lvgp/benchmark/results/branin_hetero/heter_LVGP/rahbo_a0.5/nrep10/seed30.mat,branin_hetero/heter_LVGP/rahbo_a0.5/nrep10/seed30
sixhump_camel,separate_gp,lcb,,3,1,ok,50,/data/zhq7531/IDEAL/hetero_lvgp/benchmark/results/sixhump_camel/separate_gp/lcb/nrep03/seed01.npz,sixhump_camel/separate_gp/lcb/nrep03/seed01
sixhump_camel,separate_gp,lcb,,3,2,ok,50,/data/zhq7531/IDEAL/hetero_lvgp/benchmark/results/sixhump_camel/separate_gp/lcb/nrep03/seed02.npz,sixhump_camel/separate_gp/lcb/nrep03/seed02
sixhump_camel,separate_gp,lcb,,3,3,ok,50,/data/zhq7531/IDEAL/hetero_lvgp/benchmark/results/sixhump_camel/separate_gp/lcb/nrep03/seed03.npz,sixhump_camel/separate_gp/lcb/nrep03/seed03
sixhump_camel,separate_gp,lcb,,3,4,ok,50,/data/zhq7531/IDEAL/hetero_lvgp/benchmark/results/sixhump_camel/separate_gp/lcb/nrep03/seed04.npz,sixhump_camel/separate_gp/lcb/nrep03/seed04
sixhump_camel,separate_gp,lcb,,3,5,ok,50,/data/zhq7531/IDEAL/hetero_lvgp/benchmark/results/sixhump_camel/separate_gp/lcb/nrep03/seed05.npz,sixhump_camel/separate_gp/lcb/nrep03/seed05
sixhump_camel,separate_gp,lcb,,3,6,ok,50,/data/zhq7531/IDEAL/hetero_lvgp/benchmark/results/sixhump_camel/separate_gp/lcb/nrep03/seed06.npz,sixhump_camel/separate_gp/lcb/nrep03/seed06
sixhump_camel,separate_gp,lcb,,3,7,ok,50,/data/zhq7531/IDEAL/hetero_lvgp/benchmark/results/sixhump_camel/separate_gp/lcb/nrep03/seed07.npz,sixhump_camel/separate_gp/lcb/nrep03/seed07
sixhump_camel,separate_gp,lcb,,3,8,ok,50,/data/zhq7531/IDEAL/hetero_lvgp/benchmark/results/sixhump_camel/separate_gp/lcb/nrep03/seed08.npz,sixhump_camel/separate_gp/lcb/nrep03/seed08
sixhump_camel,separate_gp,lcb,,3,9,ok,50,/data/zhq7531/IDEAL/hetero_lvgp/benchmark/results/sixhump_camel/separate_gp/lcb/nrep03/seed09.npz,sixhump_camel/separate_gp/lcb/nrep03/seed09
sixhump_camel,separate_gp,lcb,,3,10,ok,50,/data/zhq7531/IDEAL/hetero_lvgp/benchmark/results/sixhump_camel/separate_gp/lcb/nrep03/seed10.npz,sixhump_camel/separate_gp/lcb/nrep03/seed10
sixhump_camel,separate_gp,lcb,,3,11,ok,50,/data/zhq7531/IDEAL/hetero_lvgp/benchmark/results/sixhump_camel/separate_gp/lcb/nrep03/seed11.npz,sixhump_camel/separate_gp/lcb/nrep03/seed11
sixhump_camel,separate_gp,lcb,,3,12,ok,50,/data/zhq7531/IDEAL/hetero_lvgp/benchmark/results/sixhump_camel/separate_gp/lcb/nrep03/seed12.npz,sixhump_camel/separate_gp/lcb/nrep03/seed12
sixhump_camel,separate_gp,lcb,,3,13,ok,50,/data/zhq7531/IDEAL/hetero_lvgp/benchmark/results/sixhump_camel/separate_gp/lcb/nrep03/seed13.npz,sixhump_camel/separate_gp/lcb/nrep03/seed13
sixhump_camel,separate_gp,lcb,,3,14,ok,50,/data/zhq7531/IDEAL/hetero_lvgp/benchmark/results/sixhump_camel/separate_gp/lcb/nrep03/seed14.npz,sixhump_camel/separate_gp/lcb/nrep03/seed14
sixhump_camel,separate_gp,lcb,,3,15,ok,50,/data/zhq7531/IDEAL/hetero_lvgp/benchmark/results/sixhump_camel/separate_gp/lcb/nrep03/seed15.npz,sixhump_camel/separate_gp/lcb/nrep03/seed15
sixhump_camel,separate_gp,lcb,,3,16,ok,50,/data/zhq7531/IDEAL/hetero_lvgp/benchmark/results/sixhump_camel/separate_gp/lcb/nrep03/seed16.npz,sixhump_camel/separate_gp/lcb/nrep03/seed16
sixhump_camel,separate_gp,lcb,,3,17,ok,50,/data/zhq7531/IDEAL/hetero_lvgp/benchmark/results/sixhump_camel/separate_gp/lcb/nrep03/seed17.npz,sixhump_camel/separate_gp/lcb/nrep03/seed17
sixhump_camel,separate_gp,lcb,,3,18,ok,50,/data/zhq7531/IDEAL/hetero_lvgp/benchmark/results/sixhump_camel/separate_gp/lcb/nrep03/seed18.npz,sixhump_camel/separate_gp/lcb/nrep03/seed18
sixhump_camel,separate_gp,lcb,,3,19,ok,50,/data/zhq7531/IDEAL/hetero_lvgp/benchmark/results/sixhump_camel/separate_gp/lcb/nrep03/seed19.npz,sixhump_camel/separate_gp/lcb/nrep03/seed19
sixhump_camel,separate_gp,lcb,,3,20,ok,50,/data/zhq7531/IDEAL/hetero_lvgp/benchmark/results/sixhump_camel/separate_gp/lcb/nrep03/seed20.npz,sixhump_camel/separate_gp/lcb/nrep03/seed20
sixhump_camel,separate_gp,lcb,,3,21,ok,50,/data/zhq7531/IDEAL/hetero_lvgp/benchmark/results/sixhump_camel/separate_gp/lcb/nrep03/seed21.npz,sixhump_camel/separate_gp/lcb/nrep03/seed21
sixhump_camel,separate_gp,lcb,,3,22,ok,50,/data/zhq7531/IDEAL/hetero_lvgp/benchmark/results/sixhump_camel/separate_gp/lcb/nrep03/seed22.npz,sixhump_camel/separate_gp/lcb/nrep03/seed22
sixhump_camel,separate_gp,lcb,,3,23,ok,50,/data/zhq7531/IDEAL/hetero_lvgp/benchmark/results/sixhump_camel/separate_gp/lcb/nrep03/seed23.npz,sixhump_camel/separate_gp/lcb/nrep03/seed23
sixhump_camel,separate_gp,lcb,,3,24,ok,50,/data/zhq7531/IDEAL/hetero_lvgp/benchmark/results/sixhump_camel/separate_gp/lcb/nrep03/seed24.npz,sixhump_camel/separate_gp/lcb/nrep03/seed24
sixhump_camel,separate_gp,lcb,,3,25,ok,50,/data/zhq7531/IDEAL/hetero_lvgp/benchmark/results/sixhump_camel/separate_gp/lcb/nrep03/seed25.npz,sixhump_camel/separate_gp/lcb/nrep03/seed25
sixhump_camel,separate_gp,lcb,,3,26,ok,50,/data/zhq7531/IDEAL/hetero_lvgp/benchmark/results/sixhump_camel/separate_gp/lcb/nrep03/seed26.npz,sixhump_camel/separate_gp/lcb/nrep03/seed26
sixhump_camel,separate_gp,lcb,,3,27,ok,50,/data/zhq7531/IDEAL/hetero_lvgp/benchmark/results/sixhump_camel/separate_gp/lcb/nrep03/seed27.npz,sixhump_camel/separate_gp/lcb/nrep03/seed27
sixhump_camel,separate_gp,lcb,,3,28,ok,50,/data/zhq7531/IDEAL/hetero_lvgp/benchmark/results/sixhump_camel/separate_gp/lcb/nrep03/seed28.npz,sixhump_camel/separate_gp/lcb/nrep03/seed28
sixhump_camel,separate_gp,lcb,,3,29,ok,50,/data/zhq7531/IDEAL/hetero_lvgp/benchmark/results/sixhump_camel/separate_gp/lcb/nrep03/seed29.npz,sixhump_camel/separate_gp/lcb/nrep03/seed29
sixhump_camel,separate_gp,lcb,,3,30,ok,50,/data/zhq7531/IDEAL/hetero_lvgp/benchmark/results/sixhump_camel/separate_gp/lcb/nrep03/seed30.npz,sixhump_camel/separate_gp/lcb/nrep03/seed30
sixhump_camel,separate_gp,lcb,,10,1,ok,50,/data/zhq7531/IDEAL/hetero_lvgp/benchmark/results/sixhump_camel/separate_gp/lcb/nrep10/seed01.npz,sixhump_camel/separate_gp/lcb/nrep10/seed01
sixhump_camel,separate_gp,lcb,,10,2,ok,50,/data/zhq7531/IDEAL/hetero_lvgp/benchmark/results/sixhump_camel/separate_gp/lcb/nrep10/seed02.npz,sixhump_camel/separate_gp/lcb/nrep10/seed02
sixhump_camel,separate_gp,lcb,,10,3,ok,50,/data/zhq7531/IDEAL/hetero_lvgp/benchmark/results/sixhump_camel/separate_gp/lcb/nrep10/seed03.npz,sixhump_camel/separate_gp/lcb/nrep10/seed03
sixhump_camel,separate_gp,lcb,,10,4,ok,50,/data/zhq7531/IDEAL/hetero_lvgp/benchmark/results/sixhump_camel/separate_gp/lcb/nrep10/seed04.npz,sixhump_camel/separate_gp/lcb/nrep10/seed04
sixhump_camel,separate_gp,lcb,,10,5,ok,50,/data/zhq7531/IDEAL/hetero_lvgp/benchmark/results/sixhump_camel/separate_gp/lcb/nrep10/seed05.npz,sixhump_camel/separate_gp/lcb/nrep10/seed05
sixhump_camel,separate_gp,lcb,,10,6,ok,50,/data/zhq7531/IDEAL/hetero_lvgp/benchmark/results/sixhump_camel/separate_gp/lcb/nrep10/seed06.npz,sixhump_camel/separate_gp/lcb/nrep10/seed06
sixhump_camel,separate_gp,lcb,,10,7,ok,50,/data/zhq7531/IDEAL/hetero_lvgp/benchmark/results/sixhump_camel/separate_gp/lcb/nrep10/seed07.npz,sixhump_camel/separate_gp/lcb/nrep10/seed07
sixhump_camel,separate_gp,lcb,,10,8,ok,50,/data/zhq7531/IDEAL/hetero_lvgp/benchmark/results/sixhump_camel/separate_gp/lcb/nrep10/seed08.npz,sixhump_camel/separate_gp/lcb/nrep10/seed08
sixhump_camel,separate_gp,lcb,,10,9,ok,50,/data/zhq7531/IDEAL/hetero_lvgp/benchmark/results/sixhump_camel/separate_gp/lcb/nrep10/seed09.npz,sixhump_camel/separate_gp/lcb/nrep10/seed09
sixhump_camel,separate_gp,lcb,,10,10,ok,50,/data/zhq7531/IDEAL/hetero_lvgp/benchmark/results/sixhump_camel/separate_gp/lcb/nrep10/seed10.npz,sixhump_camel/separate_gp/lcb/nrep10/seed10
sixhump_camel,separate_gp,lcb,,10,11,ok,50,/data/zhq7531/IDEAL/hetero_lvgp/benchmark/results/sixhump_camel/separate_gp/lcb/nrep10/seed11.npz,sixhump_camel/separate_gp/lcb/nrep10/seed11
sixhump_camel,separate_gp,lcb,,10,12,ok,50,/data/zhq7531/IDEAL/hetero_lvgp/benchmark/results/sixhump_camel/separate_gp/lcb/nrep10/seed12.npz,sixhump_camel/separate_gp/lcb/nrep10/seed12
sixhump_camel,separate_gp,lcb,,10,13,ok,50,/data/zhq7531/IDEAL/hetero_lvgp/benchmark/results/sixhump_camel/separate_gp/lcb/nrep10/seed13.npz,sixhump_camel/separate_gp/lcb/nrep10/seed13
sixhump_camel,separate_gp,lcb,,10,14,ok,50,/data/zhq7531/IDEAL/hetero_lvgp/benchmark/results/sixhump_camel/separate_gp/lcb/nrep10/seed14.npz,sixhump_camel/separate_gp/lcb/nrep10/seed14
sixhump_camel,separate_gp,lcb,,10,15,ok,50,/data/zhq7531/IDEAL/hetero_lvgp/benchmark/results/sixhump_camel/separate_gp/lcb/nrep10/seed15.npz,sixhump_camel/separate_gp/lcb/nrep10/seed15
sixhump_camel,separate_gp,lcb,,10,16,ok,50,/data/zhq7531/IDEAL/hetero_lvgp/benchmark/results/sixhump_camel/separate_gp/lcb/nrep10/seed16.npz,sixhump_camel/separate_gp/lcb/nrep10/seed16
sixhump_camel,separate_gp,lcb,,10,17,ok,50,/data/zhq7531/IDEAL/hetero_lvgp/benchmark/results/sixhump_camel/separate_gp/lcb/nrep10/seed17.npz,sixhump_camel/separate_gp/lcb/nrep10/seed17
sixhump_camel,separate_gp,lcb,,10,18,ok,50,/data/zhq7531/IDEAL/hetero_lvgp/benchmark/results/sixhump_camel/separate_gp/lcb/nrep10/seed18.npz,sixhump_camel/separate_gp/lcb/nrep10/seed18
sixhump_camel,separate_gp,lcb,,10,19,ok,50,/data/zhq7531/IDEAL/hetero_lvgp/benchmark/results/sixhump_camel/separate_gp/lcb/nrep10/seed19.npz,sixhump_camel/separate_gp/lcb/nrep10/seed19
sixhump_camel,separate_gp,lcb,,10,20,ok,50,/data/zhq7531/IDEAL/hetero_lvgp/benchmark/results/sixhump_camel/separate_gp/lcb/nrep10/seed20.npz,sixhump_camel/separate_gp/lcb/nrep10/seed20
sixhump_camel,separate_gp,lcb,,10,21,ok,50,/data/zhq7531/IDEAL/hetero_lvgp/benchmark/results/sixhump_camel/separate_gp/lcb/nrep10/seed21.npz,sixhump_camel/separate_gp/lcb/nrep10/seed21
sixhump_camel,separate_gp,lcb,,10,22,ok,50,/data/zhq7531/IDEAL/hetero_lvgp/benchmark/results/sixhump_camel/separate_gp/lcb/nrep10/seed22.npz,sixhump_camel/separate_gp/lcb/nrep10/seed22
sixhump_camel,separate_gp,lcb,,10,23,ok,50,/data/zhq7531/IDEAL/hetero_lvgp/benchmark/results/sixhump_camel/separate_gp/lcb/nrep10/seed23.npz,sixhump_camel/separate_gp/lcb/nrep10/seed23
sixhump_camel,separate_gp,lcb,,10,24,ok,50,/data/zhq7531/IDEAL/hetero_lvgp/benchmark/results/sixhump_camel/separate_gp/lcb/nrep10/seed24.npz,sixhump_camel/separate_gp/lcb/nrep10/seed24
sixhump_camel,separate_gp,lcb,,10,25,ok,50,/data/zhq7531/IDEAL/hetero_lvgp/benchmark/results/sixhump_camel/separate_gp/lcb/nrep10/seed25.npz,sixhump_camel/separate_gp/lcb/nrep10/seed25
sixhump_camel,separate_gp,lcb,,10,26,ok,50,/data/zhq7531/IDEAL/hetero_lvgp/benchmark/results/sixhump_camel/separate_gp/lcb/nrep10/seed26.npz,sixhump_camel/separate_gp/lcb/nrep10/seed26
sixhump_camel,separate_gp,lcb,,10,27,ok,50,/data/zhq7531/IDEAL/hetero_lvgp/benchmark/results/sixhump_camel/separate_gp/lcb/nrep10/seed27.npz,sixhump_camel/separate_gp/lcb/nrep10/seed27
sixhump_camel,separate_gp,lcb,,10,28,ok,50,/data/zhq7531/IDEAL/hetero_lvgp/benchmark/results/sixhump_camel/separate_gp/lcb/nrep10/seed28.npz,sixhump_camel/separate_gp/lcb/nrep10/seed28
sixhump_camel,separate_gp,lcb,,10,29,ok,50,/data/zhq7531/IDEAL/hetero_lvgp/benchmark/results/sixhump_camel/separate_gp/lcb/nrep10/seed29.npz,sixhump_camel/separate_gp/lcb/nrep10/seed29
sixhump_camel,separate_gp,lcb,,10,30,ok,50,/data/zhq7531/IDEAL/hetero_lvgp/benchmark/results/sixhump_camel/separate_gp/lcb/nrep10/seed30.npz,sixhump_camel/separate_gp/lcb/nrep10/seed30
sixhump_camel,separate_gp,pi,,3,1,ok,50,/data/zhq7531/IDEAL/hetero_lvgp/benchmark/results/sixhump_camel/separate_gp/pi/nrep03/seed01.npz,sixhump_camel/separate_gp/pi/nrep03/seed01
sixhump_camel,separate_gp,pi,,3,2,ok,50,/data/zhq7531/IDEAL/hetero_lvgp/benchmark/results/sixhump_camel/separate_gp/pi/nrep03/seed02.npz,sixhump_camel/separate_gp/pi/nrep03/seed02
sixhump_camel,separate_gp,pi,,3,3,ok,50,/data/zhq7531/IDEAL/hetero_lvgp/benchmark/results/sixhump_camel/separate_gp/pi/nrep03/seed03.npz,sixhump_camel/separate_gp/pi/nrep03/seed03
sixhump_camel,separate_gp,pi,,3,4,ok,50,/data/zhq7531/IDEAL/hetero_lvgp/benchmark/results/sixhump_camel/separate_gp/pi/nrep03/seed04.npz,sixhump_camel/separate_gp/pi/nrep03/seed04
sixhump_camel,separate_gp,pi,,3,5,ok,50,/data/zhq7531/IDEAL/hetero_lvgp/benchmark/results/sixhump_camel/separate_gp/pi/nrep03/seed05.npz,sixhump_camel/separate_gp/pi/nrep03/seed05
sixhump_camel,separate_gp,pi,,3,6,ok,50,/data/zhq7531/IDEAL/hetero_lvgp/benchmark/results/sixhump_camel/separate_gp/pi/nrep03/seed06.npz,sixhump_camel/separate_gp/pi/nrep03/seed06
sixhump_camel,separate_gp,pi,,3,7,ok,50,/data/zhq7531/IDEAL/hetero_lvgp/benchmark/results/sixhump_camel/separate_gp/pi/nrep03/seed07.npz,sixhump_camel/separate_gp/pi/nrep03/seed07
sixhump_camel,separate_gp,pi,,3,8,ok,50,/data/zhq7531/IDEAL/hetero_lvgp/benchmark/results/sixhump_camel/separate_gp/pi/nrep03/seed08.npz,sixhump_camel/separate_gp/pi/nrep03/seed08
sixhump_camel,separate_gp,pi,,3,9,ok,50,/data/zhq7531/IDEAL/hetero_lvgp/benchmark/results/sixhump_camel/separate_gp/pi/nrep03/seed09.npz,sixhump_camel/separate_gp/pi/nrep03/seed09
sixhump_camel,separate_gp,pi,,3,10,ok,50,/data/zhq7531/IDEAL/hetero_lvgp/benchmark/results/sixhump_camel/separate_gp/pi/nrep03/seed10.npz,sixhump_camel/separate_gp/pi/nrep03/seed10
sixhump_camel,separate_gp,pi,,3,11,ok,50,/data/zhq7531/IDEAL/hetero_lvgp/benchmark/results/sixhump_camel/separate_gp/pi/nrep03/seed11.npz,sixhump_camel/separate_gp/pi/nrep03/seed11
sixhump_camel,separate_gp,pi,,3,12,ok,50,/data/zhq7531/IDEAL/hetero_lvgp/benchmark/results/sixhump_camel/separate_gp/pi/nrep03/seed12.npz,sixhump_camel/separate_gp/pi/nrep03/seed12
sixhump_camel,separate_gp,pi,,3,13,ok,50,/data/zhq7531/IDEAL/hetero_lvgp/benchmark/results/sixhump_camel/separate_gp/pi/nrep03/seed13.npz,sixhump_camel/separate_gp/pi/nrep03/seed13
sixhump_camel,separate_gp,pi,,3,14,ok,50,/data/zhq7531/IDEAL/hetero_lvgp/benchmark/results/sixhump_camel/separate_gp/pi/nrep03/seed14.npz,sixhump_camel/separate_gp/pi/nrep03/seed14
sixhump_camel,separate_gp,pi,,3,15,ok,50,/data/zhq7531/IDEAL/hetero_lvgp/benchmark/results/sixhump_camel/separate_gp/pi/nrep03/seed15.npz,sixhump_camel/separate_gp/pi/nrep03/seed15
sixhump_camel,separate_gp,pi,,3,16,ok,50,/data/zhq7531/IDEAL/hetero_lvgp/benchmark/results/sixhump_camel/separate_gp/pi/nrep03/seed16.npz,sixhump_camel/separate_gp/pi/nrep03/seed16
sixhump_camel,separate_gp,pi,,3,17,ok,50,/data/zhq7531/IDEAL/hetero_lvgp/benchmark/results/sixhump_camel/separate_gp/pi/nrep03/seed17.npz,sixhump_camel/separate_gp/pi/nrep03/seed17
sixhump_camel,separate_gp,pi,,3,18,ok,50,/data/zhq7531/IDEAL/hetero_lvgp/benchmark/results/sixhump_camel/separate_gp/pi/nrep03/seed18.npz,sixhump_camel/separate_gp/pi/nrep03/seed18
sixhump_camel,separate_gp,pi,,3,19,ok,50,/data/zhq7531/IDEAL/hetero_lvgp/benchmark/results/sixhump_camel/separate_gp/pi/nrep03/seed19.npz,sixhump_camel/separate_gp/pi/nrep03/seed19
sixhump_camel,separate_gp,pi,,3,20,ok,50,/data/zhq7531/IDEAL/hetero_lvgp/benchmark/results/sixhump_camel/separate_gp/pi/nrep03/seed20.npz,sixhump_camel/separate_gp/pi/nrep03/seed20
sixhump_camel,separate_gp,pi,,3,21,ok,50,/data/zhq7531/IDEAL/hetero_lvgp/benchmark/results/sixhump_camel/separate_gp/pi/nrep03/seed21.npz,sixhump_camel/separate_gp/pi/nrep03/seed21
sixhump_camel,separate_gp,pi,,3,22,ok,50,/data/zhq7531/IDEAL/hetero_lvgp/benchmark/results/sixhump_camel/separate_gp/pi/nrep03/seed22.npz,sixhump_camel/separate_gp/pi/nrep03/seed22
sixhump_camel,separate_gp,pi,,3,23,ok,50,/data/zhq7531/IDEAL/hetero_lvgp/benchmark/results/sixhump_camel/separate_gp/pi/nrep03/seed23.npz,sixhump_camel/separate_gp/pi/nrep03/seed23
sixhump_camel,separate_gp,pi,,3,24,ok,50,/data/zhq7531/IDEAL/hetero_lvgp/benchmark/results/sixhump_camel/separate_gp/pi/nrep03/seed24.npz,sixhump_camel/separate_gp/pi/nrep03/seed24
sixhump_camel,separate_gp,pi,,3,25,ok,50,/data/zhq7531/IDEAL/hetero_lvgp/benchmark/results/sixhump_camel/separate_gp/pi/nrep03/seed25.npz,sixhump_camel/separate_gp/pi/nrep03/seed25
sixhump_camel,separate_gp,pi,,3,26,ok,50,/data/zhq7531/IDEAL/hetero_lvgp/benchmark/results/sixhump_camel/separate_gp/pi/nrep03/seed26.npz,sixhump_camel/separate_gp/pi/nrep03/seed26
sixhump_camel,separate_gp,pi,,3,27,ok,50,/data/zhq7531/IDEAL/hetero_lvgp/benchmark/results/sixhump_camel/separate_gp/pi/nrep03/seed27.npz,sixhump_camel/separate_gp/pi/nrep03/seed27
sixhump_camel,separate_gp,pi,,3,28,ok,50,/data/zhq7531/IDEAL/hetero_lvgp/benchmark/results/sixhump_camel/separate_gp/pi/nrep03/seed28.npz,sixhump_camel/separate_gp/pi/nrep03/seed28
sixhump_camel,separate_gp,pi,,3,29,ok,50,/data/zhq7531/IDEAL/hetero_lvgp/benchmark/results/sixhump_camel/separate_gp/pi/nrep03/seed29.npz,sixhump_camel/separate_gp/pi/nrep03/seed29
sixhump_camel,separate_gp,pi,,3,30,ok,50,/data/zhq7531/IDEAL/hetero_lvgp/benchmark/results/sixhump_camel/separate_gp/pi/nrep03/seed30.npz,sixhump_camel/separate_gp/pi/nrep03/seed30
sixhump_camel,separate_gp,pi,,10,1,ok,50,/data/zhq7531/IDEAL/hetero_lvgp/benchmark/results/sixhump_camel/separate_gp/pi/nrep10/seed01.npz,sixhump_camel/separate_gp/pi/nrep10/seed01
sixhump_camel,separate_gp,pi,,10,2,ok,50,/data/zhq7531/IDEAL/hetero_lvgp/benchmark/results/sixhump_camel/separate_gp/pi/nrep10/seed02.npz,sixhump_camel/separate_gp/pi/nrep10/seed02
sixhump_camel,separate_gp,pi,,10,3,ok,50,/data/zhq7531/IDEAL/hetero_lvgp/benchmark/results/sixhump_camel/separate_gp/pi/nrep10/seed03.npz,sixhump_camel/separate_gp/pi/nrep10/seed03
sixhump_camel,separate_gp,pi,,10,4,ok,50,/data/zhq7531/IDEAL/hetero_lvgp/benchmark/results/sixhump_camel/separate_gp/pi/nrep10/seed04.npz,sixhump_camel/separate_gp/pi/nrep10/seed04
sixhump_camel,separate_gp,pi,,10,5,ok,50,/data/zhq7531/IDEAL/hetero_lvgp/benchmark/results/sixhump_camel/separate_gp/pi/nrep10/seed05.npz,sixhump_camel/separate_gp/pi/nrep10/seed05
sixhump_camel,separate_gp,pi,,10,6,ok,50,/data/zhq7531/IDEAL/hetero_lvgp/benchmark/results/sixhump_camel/separate_gp/pi/nrep10/seed06.npz,sixhump_camel/separate_gp/pi/nrep10/seed06
sixhump_camel,separate_gp,pi,,10,7,ok,50,/data/zhq7531/IDEAL/hetero_lvgp/benchmark/results/sixhump_camel/separate_gp/pi/nrep10/seed07.npz,sixhump_camel/separate_gp/pi/nrep10/seed07
sixhump_camel,separate_gp,pi,,10,8,ok,50,/data/zhq7531/IDEAL/hetero_lvgp/benchmark/results/sixhump_camel/separate_gp/pi/nrep10/seed08.npz,sixhump_camel/separate_gp/pi/nrep10/seed08
sixhump_camel,separate_gp,pi,,10,9,ok,50,/data/zhq7531/IDEAL/hetero_lvgp/benchmark/results/sixhump_camel/separate_gp/pi/nrep10/seed09.npz,sixhump_camel/separate_gp/pi/nrep10/seed09
sixhump_camel,separate_gp,pi,,10,10,ok,50,/data/zhq7531/IDEAL/hetero_lvgp/benchmark/results/sixhump_camel/separate_gp/pi/nrep10/seed10.npz,sixhump_camel/separate_gp/pi/nrep10/seed10
sixhump_camel,separate_gp,pi,,10,11,ok,50,/data/zhq7531/IDEAL/hetero_lvgp/benchmark/results/sixhump_camel/separate_gp/pi/nrep10/seed11.npz,sixhump_camel/separate_gp/pi/nrep10/seed11
sixhump_camel,separate_gp,pi,,10,12,ok,50,/data/zhq7531/IDEAL/hetero_lvgp/benchmark/results/sixhump_camel/separate_gp/pi/nrep10/seed12.npz,sixhump_camel/separate_gp/pi/nrep10/seed12
sixhump_camel,separate_gp,pi,,10,13,ok,50,/data/zhq7531/IDEAL/hetero_lvgp/benchmark/results/sixhump_camel/separate_gp/pi/nrep10/seed13.npz,sixhump_camel/separate_gp/pi/nrep10/seed13
sixhump_camel,separate_gp,pi,,10,14,ok,50,/data/zhq7531/IDEAL/hetero_lvgp/benchmark/results/sixhump_camel/separate_gp/pi/nrep10/seed14.npz,sixhump_camel/separate_gp/pi/nrep10/seed14
sixhump_camel,separate_gp,pi,,10,15,ok,50,/data/zhq7531/IDEAL/hetero_lvgp/benchmark/results/sixhump_camel/separate_gp/pi/nrep10/seed15.npz,sixhump_camel/separate_gp/pi/nrep10/seed15
sixhump_camel,separate_gp,pi,,10,16,ok,50,/data/zhq7531/IDEAL/hetero_lvgp/benchmark/results/sixhump_camel/separate_gp/pi/nrep10/seed16.npz,sixhump_camel/separate_gp/pi/nrep10/seed16
sixhump_camel,separate_gp,pi,,10,17,ok,50,/data/zhq7531/IDEAL/hetero_lvgp/benchmark/results/sixhump_camel/separate_gp/pi/nrep10/seed17.npz,sixhump_camel/separate_gp/pi/nrep10/seed17
sixhump_camel,separate_gp,pi,,10,18,ok,50,/data/zhq7531/IDEAL/hetero_lvgp/benchmark/results/sixhump_camel/separate_gp/pi/nrep10/seed18.npz,sixhump_camel/separate_gp/pi/nrep10/seed18
sixhump_camel,separate_gp,pi,,10,19,ok,50,/data/zhq7531/IDEAL/hetero_lvgp/benchmark/results/sixhump_camel/separate_gp/pi/nrep10/seed19.npz,sixhump_camel/separate_gp/pi/nrep10/seed19
sixhump_camel,separate_gp,pi,,10,20,ok,50,/data/zhq7531/IDEAL/hetero_lvgp/benchmark/results/sixhump_camel/separate_gp/pi/nrep10/seed20.npz,sixhump_camel/separate_gp/pi/nrep10/seed20
sixhump_camel,separate_gp,pi,,10,21,ok,50,/data/zhq7531/IDEAL/hetero_lvgp/benchmark/results/sixhump_camel/separate_gp/pi/nrep10/seed21.npz,sixhump_camel/separate_gp/pi/nrep10/seed21
sixhump_camel,separate_gp,pi,,10,22,ok,50,/data/zhq7531/IDEAL/hetero_lvgp/benchmark/results/sixhump_camel/separate_gp/pi/nrep10/seed22.npz,sixhump_camel/separate_gp/pi/nrep10/seed22
sixhump_camel,separate_gp,pi,,10,23,ok,50,/data/zhq7531/IDEAL/hetero_lvgp/benchmark/results/sixhump_camel/separate_gp/pi/nrep10/seed23.npz,sixhump_camel/separate_gp/pi/nrep10/seed23
sixhump_camel,separate_gp,pi,,10,24,ok,50,/data/zhq7531/IDEAL/hetero_lvgp/benchmark/results/sixhump_camel/separate_gp/pi/nrep10/seed24.npz,sixhump_camel/separate_gp/pi/nrep10/seed24
sixhump_camel,separate_gp,pi,,10,25,ok,50,/data/zhq7531/IDEAL/hetero_lvgp/benchmark/results/sixhump_camel/separate_gp/pi/nrep10/seed25.npz,sixhump_camel/separate_gp/pi/nrep10/seed25
sixhump_camel,separate_gp,pi,,10,26,ok,50,/data/zhq7531/IDEAL/hetero_lvgp/benchmark/results/sixhump_camel/separate_gp/pi/nrep10/seed26.npz,sixhump_camel/separate_gp/pi/nrep10/seed26
sixhump_camel,separate_gp,pi,,10,27,ok,50,/data/zhq7531/IDEAL/hetero_lvgp/benchmark/results/sixhump_camel/separate_gp/pi/nrep10/seed27.npz,sixhump_camel/separate_gp/pi/nrep10/seed27
sixhump_camel,separate_gp,pi,,10,28,ok,50,/data/zhq7531/IDEAL/hetero_lvgp/benchmark/results/sixhump_camel/separate_gp/pi/nrep10/seed28.npz,sixhump_camel/separate_gp/pi/nrep10/seed28
sixhump_camel,separate_gp,pi,,10,29,ok,50,/data/zhq7531/IDEAL/hetero_lvgp/benchmark/results/sixhump_camel/separate_gp/pi/nrep10/seed29.npz,sixhump_camel/separate_gp/pi/nrep10/seed29
sixhump_camel,separate_gp,pi,,10,30,ok,50,/data/zhq7531/IDEAL/hetero_lvgp/benchmark/results/sixhump_camel/separate_gp/pi/nrep10/seed30.npz,sixhump_camel/separate_gp/pi/nrep10/seed30
sixhump_camel,separate_gp,ei,,3,1,ok,50,/data/zhq7531/IDEAL/hetero_lvgp/benchmark/results/sixhump_camel/separate_gp/ei/nrep03/seed01.npz,sixhump_camel/separate_gp/ei/nrep03/seed01
sixhump_camel,separate_gp,ei,,3,2,ok,50,/data/zhq7531/IDEAL/hetero_lvgp/benchmark/results/sixhump_camel/separate_gp/ei/nrep03/seed02.npz,sixhump_camel/separate_gp/ei/nrep03/seed02
sixhump_camel,separate_gp,ei,,3,3,ok,50,/data/zhq7531/IDEAL/hetero_lvgp/benchmark/results/sixhump_camel/separate_gp/ei/nrep03/seed03.npz,sixhump_camel/separate_gp/ei/nrep03/seed03
sixhump_camel,separate_gp,ei,,3,4,ok,50,/data/zhq7531/IDEAL/hetero_lvgp/benchmark/results/sixhump_camel/separate_gp/ei/nrep03/seed04.npz,sixhump_camel/separate_gp/ei/nrep03/seed04
sixhump_camel,separate_gp,ei,,3,5,ok,50,/data/zhq7531/IDEAL/hetero_lvgp/benchmark/results/sixhump_camel/separate_gp/ei/nrep03/seed05.npz,sixhump_camel/separate_gp/ei/nrep03/seed05
sixhump_camel,separate_gp,ei,,3,6,ok,50,/data/zhq7531/IDEAL/hetero_lvgp/benchmark/results/sixhump_camel/separate_gp/ei/nrep03/seed06.npz,sixhump_camel/separate_gp/ei/nrep03/seed06
sixhump_camel,separate_gp,ei,,3,7,ok,50,/data/zhq7531/IDEAL/hetero_lvgp/benchmark/results/sixhump_camel/separate_gp/ei/nrep03/seed07.npz,sixhump_camel/separate_gp/ei/nrep03/seed07
sixhump_camel,separate_gp,ei,,3,8,ok,50,/data/zhq7531/IDEAL/hetero_lvgp/benchmark/results/sixhump_camel/separate_gp/ei/nrep03/seed08.npz,sixhump_camel/separate_gp/ei/nrep03/seed08
sixhump_camel,separate_gp,ei,,3,9,ok,50,/data/zhq7531/IDEAL/hetero_lvgp/benchmark/results/sixhump_camel/separate_gp/ei/nrep03/seed09.npz,sixhump_camel/separate_gp/ei/nrep03/seed09
sixhump_camel,separate_gp,ei,,3,10,ok,50,/data/zhq7531/IDEAL/hetero_lvgp/benchmark/results/sixhump_camel/separate_gp/ei/nrep03/seed10.npz,sixhump_camel/separate_gp/ei/nrep03/seed10
sixhump_camel,separate_gp,ei,,3,11,ok,50,/data/zhq7531/IDEAL/hetero_lvgp/benchmark/results/sixhump_camel/separate_gp/ei/nrep03/seed11.npz,sixhump_camel/separate_gp/ei/nrep03/seed11
sixhump_camel,separate_gp,ei,,3,12,ok,50,/data/zhq7531/IDEAL/hetero_lvgp/benchmark/results/sixhump_camel/separate_gp/ei/nrep03/seed12.npz,sixhump_camel/separate_gp/ei/nrep03/seed12
sixhump_camel,separate_gp,ei,,3,13,ok,50,/data/zhq7531/IDEAL/hetero_lvgp/benchmark/results/sixhump_camel/separate_gp/ei/nrep03/seed13.npz,sixhump_camel/separate_gp/ei/nrep03/seed13
sixhump_camel,separate_gp,ei,,3,14,ok,50,/data/zhq7531/IDEAL/hetero_lvgp/benchmark/results/sixhump_camel/separate_gp/ei/nrep03/seed14.npz,sixhump_camel/separate_gp/ei/nrep03/seed14
sixhump_camel,separate_gp,ei,,3,15,ok,50,/data/zhq7531/IDEAL/hetero_lvgp/benchmark/results/sixhump_camel/separate_gp/ei/nrep03/seed15.npz,sixhump_camel/separate_gp/ei/nrep03/seed15
sixhump_camel,separate_gp,ei,,3,16,ok,50,/data/zhq7531/IDEAL/hetero_lvgp/benchmark/results/sixhump_camel/separate_gp/ei/nrep03/seed16.npz,sixhump_camel/separate_gp/ei/nrep03/seed16
sixhump_camel,separate_gp,ei,,3,17,ok,50,/data/zhq7531/IDEAL/hetero_lvgp/benchmark/results/sixhump_camel/separate_gp/ei/nrep03/seed17.npz,sixhump_camel/separate_gp/ei/nrep03/seed17
sixhump_camel,separate_gp,ei,,3,18,ok,50,/data/zhq7531/IDEAL/hetero_lvgp/benchmark/results/sixhump_camel/separate_gp/ei/nrep03/seed18.npz,sixhump_camel/separate_gp/ei/nrep03/seed18
sixhump_camel,separate_gp,ei,,3,19,ok,50,/data/zhq7531/IDEAL/hetero_lvgp/benchmark/results/sixhump_camel/separate_gp/ei/nrep03/seed19.npz,sixhump_camel/separate_gp/ei/nrep03/seed19
sixhump_camel,separate_gp,ei,,3,20,ok,50,/data/zhq7531/IDEAL/hetero_lvgp/benchmark/results/sixhump_camel/separate_gp/ei/nrep03/seed20.npz,sixhump_camel/separate_gp/ei/nrep03/seed20
sixhump_camel,separate_gp,ei,,3,21,ok,50,/data/zhq7531/IDEAL/hetero_lvgp/benchmark/results/sixhump_camel/separate_gp/ei/nrep03/seed21.npz,sixhump_camel/separate_gp/ei/nrep03/seed21
sixhump_camel,separate_gp,ei,,3,22,ok,50,/data/zhq7531/IDEAL/hetero_lvgp/benchmark/results/sixhump_camel/separate_gp/ei/nrep03/seed22.npz,sixhump_camel/separate_gp/ei/nrep03/seed22
sixhump_camel,separate_gp,ei,,3,23,ok,50,/data/zhq7531/IDEAL/hetero_lvgp/benchmark/results/sixhump_camel/separate_gp/ei/nrep03/seed23.npz,sixhump_camel/separate_gp/ei/nrep03/seed23
sixhump_camel,separate_gp,ei,,3,24,ok,50,/data/zhq7531/IDEAL/hetero_lvgp/benchmark/results/sixhump_camel/separate_gp/ei/nrep03/seed24.npz,sixhump_camel/separate_gp/ei/nrep03/seed24
sixhump_camel,separate_gp,ei,,3,25,ok,50,/data/zhq7531/IDEAL/hetero_lvgp/benchmark/results/sixhump_camel/separate_gp/ei/nrep03/seed25.npz,sixhump_camel/separate_gp/ei/nrep03/seed25
sixhump_camel,separate_gp,ei,,3,26,ok,50,/data/zhq7531/IDEAL/hetero_lvgp/benchmark/results/sixhump_camel/separate_gp/ei/nrep03/seed26.npz,sixhump_camel/separate_gp/ei/nrep03/seed26
sixhump_camel,separate_gp,ei,,3,27,ok,50,/data/zhq7531/IDEAL/hetero_lvgp/benchmark/results/sixhump_camel/separate_gp/ei/nrep03/seed27.npz,sixhump_camel/separate_gp/ei/nrep03/seed27
sixhump_camel,separate_gp,ei,,3,28,ok,50,/data/zhq7531/IDEAL/hetero_lvgp/benchmark/results/sixhump_camel/separate_gp/ei/nrep03/seed28.npz,sixhump_camel/separate_gp/ei/nrep03/seed28
sixhump_camel,separate_gp,ei,,3,29,ok,50,/data/zhq7531/IDEAL/hetero_lvgp/benchmark/results/sixhump_camel/separate_gp/ei/nrep03/seed29.npz,sixhump_camel/separate_gp/ei/nrep03/seed29
sixhump_camel,separate_gp,ei,,3,30,ok,50,/data/zhq7531/IDEAL/hetero_lvgp/benchmark/results/sixhump_camel/separate_gp/ei/nrep03/seed30.npz,sixhump_camel/separate_gp/ei/nrep03/seed30
sixhump_camel,separate_gp,ei,,10,1,ok,50,/data/zhq7531/IDEAL/hetero_lvgp/benchmark/results/sixhump_camel/separate_gp/ei/nrep10/seed01.npz,sixhump_camel/separate_gp/ei/nrep10/seed01
sixhump_camel,separate_gp,ei,,10,2,ok,50,/data/zhq7531/IDEAL/hetero_lvgp/benchmark/results/sixhump_camel/separate_gp/ei/nrep10/seed02.npz,sixhump_camel/separate_gp/ei/nrep10/seed02
sixhump_camel,separate_gp,ei,,10,3,ok,50,/data/zhq7531/IDEAL/hetero_lvgp/benchmark/results/sixhump_camel/separate_gp/ei/nrep10/seed03.npz,sixhump_camel/separate_gp/ei/nrep10/seed03
sixhump_camel,separate_gp,ei,,10,4,ok,50,/data/zhq7531/IDEAL/hetero_lvgp/benchmark/results/sixhump_camel/separate_gp/ei/nrep10/seed04.npz,sixhump_camel/separate_gp/ei/nrep10/seed04
sixhump_camel,separate_gp,ei,,10,5,ok,50,/data/zhq7531/IDEAL/hetero_lvgp/benchmark/results/sixhump_camel/separate_gp/ei/nrep10/seed05.npz,sixhump_camel/separate_gp/ei/nrep10/seed05
sixhump_camel,separate_gp,ei,,10,6,ok,50,/data/zhq7531/IDEAL/hetero_lvgp/benchmark/results/sixhump_camel/separate_gp/ei/nrep10/seed06.npz,sixhump_camel/separate_gp/ei/nrep10/seed06
sixhump_camel,separate_gp,ei,,10,7,ok,50,/data/zhq7531/IDEAL/hetero_lvgp/benchmark/results/sixhump_camel/separate_gp/ei/nrep10/seed07.npz,sixhump_camel/separate_gp/ei/nrep10/seed07
sixhump_camel,separate_gp,ei,,10,8,ok,50,/data/zhq7531/IDEAL/hetero_lvgp/benchmark/results/sixhump_camel/separate_gp/ei/nrep10/seed08.npz,sixhump_camel/separate_gp/ei/nrep10/seed08
sixhump_camel,separate_gp,ei,,10,9,ok,50,/data/zhq7531/IDEAL/hetero_lvgp/benchmark/results/sixhump_camel/separate_gp/ei/nrep10/seed09.npz,sixhump_camel/separate_gp/ei/nrep10/seed09
sixhump_camel,separate_gp,ei,,10,10,ok,50,/data/zhq7531/IDEAL/hetero_lvgp/benchmark/results/sixhump_camel/separate_gp/ei/nrep10/seed10.npz,sixhump_camel/separate_gp/ei/nrep10/seed10
sixhump_camel,separate_gp,ei,,10,11,ok,50,/data/zhq7531/IDEAL/hetero_lvgp/benchmark/results/sixhump_camel/separate_gp/ei/nrep10/seed11.npz,sixhump_camel/separate_gp/ei/nrep10/seed11
sixhump_camel,separate_gp,ei,,10,12,ok,50,/data/zhq7531/IDEAL/hetero_lvgp/benchmark/results/sixhump_camel/separate_gp/ei/nrep10/seed12.npz,sixhump_camel/separate_gp/ei/nrep10/seed12
sixhump_camel,separate_gp,ei,,10,13,ok,50,/data/zhq7531/IDEAL/hetero_lvgp/benchmark/results/sixhump_camel/separate_gp/ei/nrep10/seed13.npz,sixhump_camel/separate_gp/ei/nrep10/seed13
sixhump_camel,separate_gp,ei,,10,14,ok,50,/data/zhq7531/IDEAL/hetero_lvgp/benchmark/results/sixhump_camel/separate_gp/ei/nrep10/seed14.npz,sixhump_camel/separate_gp/ei/nrep10/seed14
sixhump_camel,separate_gp,ei,,10,15,ok,50,/data/zhq7531/IDEAL/hetero_lvgp/benchmark/results/sixhump_camel/separate_gp/ei/nrep10/seed15.npz,sixhump_camel/separate_gp/ei/nrep10/seed15
sixhump_camel,separate_gp,ei,,10,16,ok,50,/data/zhq7531/IDEAL/hetero_lvgp/benchmark/results/sixhump_camel/separate_gp/ei/nrep10/seed16.npz,sixhump_camel/separate_gp/ei/nrep10/seed16
sixhump_camel,separate_gp,ei,,10,17,ok,50,/data/zhq7531/IDEAL/hetero_lvgp/benchmark/results/sixhump_camel/separate_gp/ei/nrep10/seed17.npz,sixhump_camel/separate_gp/ei/nrep10/seed17
sixhump_camel,separate_gp,ei,,10,18,ok,50,/data/zhq7531/IDEAL/hetero_lvgp/benchmark/results/sixhump_camel/separate_gp/ei/nrep10/seed18.npz,sixhump_camel/separate_gp/ei/nrep10/seed18
sixhump_camel,separate_gp,ei,,10,19,ok,50,/data/zhq7531/IDEAL/hetero_lvgp/benchmark/results/sixhump_camel/separate_gp/ei/nrep10/seed19.npz,sixhump_camel/separate_gp/ei/nrep10/seed19
sixhump_camel,separate_gp,ei,,10,20,ok,50,/data/zhq7531/IDEAL/hetero_lvgp/benchmark/results/sixhump_camel/separate_gp/ei/nrep10/seed20.npz,sixhump_camel/separate_gp/ei/nrep10/seed20
sixhump_camel,separate_gp,ei,,10,21,ok,50,/data/zhq7531/IDEAL/hetero_lvgp/benchmark/results/sixhump_camel/separate_gp/ei/nrep10/seed21.npz,sixhump_camel/separate_gp/ei/nrep10/seed21
sixhump_camel,separate_gp,ei,,10,22,ok,50,/data/zhq7531/IDEAL/hetero_lvgp/benchmark/results/sixhump_camel/separate_gp/ei/nrep10/seed22.npz,sixhump_camel/separate_gp/ei/nrep10/seed22
sixhump_camel,separate_gp,ei,,10,23,ok,50,/data/zhq7531/IDEAL/hetero_lvgp/benchmark/results/sixhump_camel/separate_gp/ei/nrep10/seed23.npz,sixhump_camel/separate_gp/ei/nrep10/seed23
sixhump_camel,separate_gp,ei,,10,24,ok,50,/data/zhq7531/IDEAL/hetero_lvgp/benchmark/results/sixhump_camel/separate_gp/ei/nrep10/seed24.npz,sixhump_camel/separate_gp/ei/nrep10/seed24
sixhump_camel,separate_gp,ei,,10,25,ok,50,/data/zhq7531/IDEAL/hetero_lvgp/benchmark/results/sixhump_camel/separate_gp/ei/nrep10/seed25.npz,sixhump_camel/separate_gp/ei/nrep10/seed25
sixhump_camel,separate_gp,ei,,10,26,ok,50,/data/zhq7531/IDEAL/hetero_lvgp/benchmark/results/sixhump_camel/separate_gp/ei/nrep10/seed26.npz,sixhump_camel/separate_gp/ei/nrep10/seed26
sixhump_camel,separate_gp,ei,,10,27,ok,50,/data/zhq7531/IDEAL/hetero_lvgp/benchmark/results/sixhump_camel/separate_gp/ei/nrep10/seed27.npz,sixhump_camel/separate_gp/ei/nrep10/seed27
sixhump_camel,separate_gp,ei,,10,28,ok,50,/data/zhq7531/IDEAL/hetero_lvgp/benchmark/results/sixhump_camel/separate_gp/ei/nrep10/seed28.npz,sixhump_camel/separate_gp/ei/nrep10/seed28
sixhump_camel,separate_gp,ei,,10,29,ok,50,/data/zhq7531/IDEAL/hetero_lvgp/benchmark/results/sixhump_camel/separate_gp/ei/nrep10/seed29.npz,sixhump_camel/separate_gp/ei/nrep10/seed29
sixhump_camel,separate_gp,ei,,10,30,ok,50,/data/zhq7531/IDEAL/hetero_lvgp/benchmark/results/sixhump_camel/separate_gp/ei/nrep10/seed30.npz,sixhump_camel/separate_gp/ei/nrep10/seed30
sixhump_camel,separate_gp,haei,0.5,3,1,ok,50,/data/zhq7531/IDEAL/hetero_lvgp/benchmark/results/sixhump_camel/separate_gp/haei_g0.5/nrep03/seed01.npz,sixhump_camel/separate_gp/haei_g0.5/nrep03/seed01
sixhump_camel,separate_gp,haei,0.5,3,2,ok,50,/data/zhq7531/IDEAL/hetero_lvgp/benchmark/results/sixhump_camel/separate_gp/haei_g0.5/nrep03/seed02.npz,sixhump_camel/separate_gp/haei_g0.5/nrep03/seed02
sixhump_camel,separate_gp,haei,0.5,3,3,ok,50,/data/zhq7531/IDEAL/hetero_lvgp/benchmark/results/sixhump_camel/separate_gp/haei_g0.5/nrep03/seed03.npz,sixhump_camel/separate_gp/haei_g0.5/nrep03/seed03
sixhump_camel,separate_gp,haei,0.5,3,4,ok,50,/data/zhq7531/IDEAL/hetero_lvgp/benchmark/results/sixhump_camel/separate_gp/haei_g0.5/nrep03/seed04.npz,sixhump_camel/separate_gp/haei_g0.5/nrep03/seed04
sixhump_camel,separate_gp,haei,0.5,3,5,ok,50,/data/zhq7531/IDEAL/hetero_lvgp/benchmark/results/sixhump_camel/separate_gp/haei_g0.5/nrep03/seed05.npz,sixhump_camel/separate_gp/haei_g0.5/nrep03/seed05
sixhump_camel,separate_gp,haei,0.5,3,6,ok,50,/data/zhq7531/IDEAL/hetero_lvgp/benchmark/results/sixhump_camel/separate_gp/haei_g0.5/nrep03/seed06.npz,sixhump_camel/separate_gp/haei_g0.5/nrep03/seed06
sixhump_camel,separate_gp,haei,0.5,3,7,ok,50,/data/zhq7531/IDEAL/hetero_lvgp/benchmark/results/sixhump_camel/separate_gp/haei_g0.5/nrep03/seed07.npz,sixhump_camel/separate_gp/haei_g0.5/nrep03/seed07
sixhump_camel,separate_gp,haei,0.5,3,8,ok,50,/data/zhq7531/IDEAL/hetero_lvgp/benchmark/results/sixhump_camel/separate_gp/haei_g0.5/nrep03/seed08.npz,sixhump_camel/separate_gp/haei_g0.5/nrep03/seed08
sixhump_camel,separate_gp,haei,0.5,3,9,ok,50,/data/zhq7531/IDEAL/hetero_lvgp/benchmark/results/sixhump_camel/separate_gp/haei_g0.5/nrep03/seed09.npz,sixhump_camel/separate_gp/haei_g0.5/nrep03/seed09
sixhump_camel,separate_gp,haei,0.5,3,10,ok,50,/data/zhq7531/IDEAL/hetero_lvgp/benchmark/results/sixhump_camel/separate_gp/haei_g0.5/nrep03/seed10.npz,sixhump_camel/separate_gp/haei_g0.5/nrep03/seed10
sixhump_camel,separate_gp,haei,0.5,3,11,ok,50,/data/zhq7531/IDEAL/hetero_lvgp/benchmark/results/sixhump_camel/separate_gp/haei_g0.5/nrep03/seed11.npz,sixhump_camel/separate_gp/haei_g0.5/nrep03/seed11
sixhump_camel,separate_gp,haei,0.5,3,12,ok,50,/data/zhq7531/IDEAL/hetero_lvgp/benchmark/results/sixhump_camel/separate_gp/haei_g0.5/nrep03/seed12.npz,sixhump_camel/separate_gp/haei_g0.5/nrep03/seed12
sixhump_camel,separate_gp,haei,0.5,3,13,ok,50,/data/zhq7531/IDEAL/hetero_lvgp/benchmark/results/sixhump_camel/separate_gp/haei_g0.5/nrep03/seed13.npz,sixhump_camel/separate_gp/haei_g0.5/nrep03/seed13
sixhump_camel,separate_gp,haei,0.5,3,14,ok,50,/data/zhq7531/IDEAL/hetero_lvgp/benchmark/results/sixhump_camel/separate_gp/haei_g0.5/nrep03/seed14.npz,sixhump_camel/separate_gp/haei_g0.5/nrep03/seed14
sixhump_camel,separate_gp,haei,0.5,3,15,ok,50,/data/zhq7531/IDEAL/hetero_lvgp/benchmark/results/sixhump_camel/separate_gp/haei_g0.5/nrep03/seed15.npz,sixhump_camel/separate_gp/haei_g0.5/nrep03/seed15
sixhump_camel,separate_gp,haei,0.5,3,16,ok,50,/data/zhq7531/IDEAL/hetero_lvgp/benchmark/results/sixhump_camel/separate_gp/haei_g0.5/nrep03/seed16.npz,sixhump_camel/separate_gp/haei_g0.5/nrep03/seed16
sixhump_camel,separate_gp,haei,0.5,3,17,ok,50,/data/zhq7531/IDEAL/hetero_lvgp/benchmark/results/sixhump_camel/separate_gp/haei_g0.5/nrep03/seed17.npz,sixhump_camel/separate_gp/haei_g0.5/nrep03/seed17
sixhump_camel,separate_gp,haei,0.5,3,18,ok,50,/data/zhq7531/IDEAL/hetero_lvgp/benchmark/results/sixhump_camel/separate_gp/haei_g0.5/nrep03/seed18.npz,sixhump_camel/separate_gp/haei_g0.5/nrep03/seed18
sixhump_camel,separate_gp,haei,0.5,3,19,ok,50,/data/zhq7531/IDEAL/hetero_lvgp/benchmark/results/sixhump_camel/separate_gp/haei_g0.5/nrep03/seed19.npz,sixhump_camel/separate_gp/haei_g0.5/nrep03/seed19
sixhump_camel,separate_gp,haei,0.5,3,20,ok,50,/data/zhq7531/IDEAL/hetero_lvgp/benchmark/results/sixhump_camel/separate_gp/haei_g0.5/nrep03/seed20.npz,sixhump_camel/separate_gp/haei_g0.5/nrep03/seed20
sixhump_camel,separate_gp,haei,0.5,3,21,ok,50,/data/zhq7531/IDEAL/hetero_lvgp/benchmark/results/sixhump_camel/separate_gp/haei_g0.5/nrep03/seed21.npz,sixhump_camel/separate_gp/haei_g0.5/nrep03/seed21
sixhump_camel,separate_gp,haei,0.5,3,22,ok,50,/data/zhq7531/IDEAL/hetero_lvgp/benchmark/results/sixhump_camel/separate_gp/haei_g0.5/nrep03/seed22.npz,sixhump_camel/separate_gp/haei_g0.5/nrep03/seed22
sixhump_camel,separate_gp,haei,0.5,3,23,ok,50,/data/zhq7531/IDEAL/hetero_lvgp/benchmark/results/sixhump_camel/separate_gp/haei_g0.5/nrep03/seed23.npz,sixhump_camel/separate_gp/haei_g0.5/nrep03/seed23
sixhump_camel,separate_gp,haei,0.5,3,24,ok,50,/data/zhq7531/IDEAL/hetero_lvgp/benchmark/results/sixhump_camel/separate_gp/haei_g0.5/nrep03/seed24.npz,sixhump_camel/separate_gp/haei_g0.5/nrep03/seed24
sixhump_camel,separate_gp,haei,0.5,3,25,ok,50,/data/zhq7531/IDEAL/hetero_lvgp/benchmark/results/sixhump_camel/separate_gp/haei_g0.5/nrep03/seed25.npz,sixhump_camel/separate_gp/haei_g0.5/nrep03/seed25
sixhump_camel,separate_gp,haei,0.5,3,26,ok,50,/data/zhq7531/IDEAL/hetero_lvgp/benchmark/results/sixhump_camel/separate_gp/haei_g0.5/nrep03/seed26.npz,sixhump_camel/separate_gp/haei_g0.5/nrep03/seed26
sixhump_camel,separate_gp,haei,0.5,3,27,ok,50,/data/zhq7531/IDEAL/hetero_lvgp/benchmark/results/sixhump_camel/separate_gp/haei_g0.5/nrep03/seed27.npz,sixhump_camel/separate_gp/haei_g0.5/nrep03/seed27
sixhump_camel,separate_gp,haei,0.5,3,28,ok,50,/data/zhq7531/IDEAL/hetero_lvgp/benchmark/results/sixhump_camel/separate_gp/haei_g0.5/nrep03/seed28.npz,sixhump_camel/separate_gp/haei_g0.5/nrep03/seed28
sixhump_camel,separate_gp,haei,0.5,3,29,ok,50,/data/zhq7531/IDEAL/hetero_lvgp/benchmark/results/sixhump_camel/separate_gp/haei_g0.5/nrep03/seed29.npz,sixhump_camel/separate_gp/haei_g0.5/nrep03/seed29
sixhump_camel,separate_gp,haei,0.5,3,30,ok,50,/data/zhq7531/IDEAL/hetero_lvgp/benchmark/results/sixhump_camel/separate_gp/haei_g0.5/nrep03/seed30.npz,sixhump_camel/separate_gp/haei_g0.5/nrep03/seed30
sixhump_camel,separate_gp,haei,0.5,10,1,ok,50,/data/zhq7531/IDEAL/hetero_lvgp/benchmark/results/sixhump_camel/separate_gp/haei_g0.5/nrep10/seed01.npz,sixhump_camel/separate_gp/haei_g0.5/nrep10/seed01
sixhump_camel,separate_gp,haei,0.5,10,2,ok,50,/data/zhq7531/IDEAL/hetero_lvgp/benchmark/results/sixhump_camel/separate_gp/haei_g0.5/nrep10/seed02.npz,sixhump_camel/separate_gp/haei_g0.5/nrep10/seed02
sixhump_camel,separate_gp,haei,0.5,10,3,ok,50,/data/zhq7531/IDEAL/hetero_lvgp/benchmark/results/sixhump_camel/separate_gp/haei_g0.5/nrep10/seed03.npz,sixhump_camel/separate_gp/haei_g0.5/nrep10/seed03
sixhump_camel,separate_gp,haei,0.5,10,4,ok,50,/data/zhq7531/IDEAL/hetero_lvgp/benchmark/results/sixhump_camel/separate_gp/haei_g0.5/nrep10/seed04.npz,sixhump_camel/separate_gp/haei_g0.5/nrep10/seed04
sixhump_camel,separate_gp,haei,0.5,10,5,ok,50,/data/zhq7531/IDEAL/hetero_lvgp/benchmark/results/sixhump_camel/separate_gp/haei_g0.5/nrep10/seed05.npz,sixhump_camel/separate_gp/haei_g0.5/nrep10/seed05
sixhump_camel,separate_gp,haei,0.5,10,6,ok,50,/data/zhq7531/IDEAL/hetero_lvgp/benchmark/results/sixhump_camel/separate_gp/haei_g0.5/nrep10/seed06.npz,sixhump_camel/separate_gp/haei_g0.5/nrep10/seed06
sixhump_camel,separate_gp,haei,0.5,10,7,ok,50,/data/zhq7531/IDEAL/hetero_lvgp/benchmark/results/sixhump_camel/separate_gp/haei_g0.5/nrep10/seed07.npz,sixhump_camel/separate_gp/haei_g0.5/nrep10/seed07
sixhump_camel,separate_gp,haei,0.5,10,8,ok,50,/data/zhq7531/IDEAL/hetero_lvgp/benchmark/results/sixhump_camel/separate_gp/haei_g0.5/nrep10/seed08.npz,sixhump_camel/separate_gp/haei_g0.5/nrep10/seed08
sixhump_camel,separate_gp,haei,0.5,10,9,ok,50,/data/zhq7531/IDEAL/hetero_lvgp/benchmark/results/sixhump_camel/separate_gp/haei_g0.5/nrep10/seed09.npz,sixhump_camel/separate_gp/haei_g0.5/nrep10/seed09
sixhump_camel,separate_gp,haei,0.5,10,10,ok,50,/data/zhq7531/IDEAL/hetero_lvgp/benchmark/results/sixhump_camel/separate_gp/haei_g0.5/nrep10/seed10.npz,sixhump_camel/separate_gp/haei_g0.5/nrep10/seed10
sixhump_camel,separate_gp,haei,0.5,10,11,ok,50,/data/zhq7531/IDEAL/hetero_lvgp/benchmark/results/sixhump_camel/separate_gp/haei_g0.5/nrep10/seed11.npz,sixhump_camel/separate_gp/haei_g0.5/nrep10/seed11
sixhump_camel,separate_gp,haei,0.5,10,12,ok,50,/data/zhq7531/IDEAL/hetero_lvgp/benchmark/results/sixhump_camel/separate_gp/haei_g0.5/nrep10/seed12.npz,sixhump_camel/separate_gp/haei_g0.5/nrep10/seed12
sixhump_camel,separate_gp,haei,0.5,10,13,ok,50,/data/zhq7531/IDEAL/hetero_lvgp/benchmark/results/sixhump_camel/separate_gp/haei_g0.5/nrep10/seed13.npz,sixhump_camel/separate_gp/haei_g0.5/nrep10/seed13
sixhump_camel,separate_gp,haei,0.5,10,14,ok,50,/data/zhq7531/IDEAL/hetero_lvgp/benchmark/results/sixhump_camel/separate_gp/haei_g0.5/nrep10/seed14.npz,sixhump_camel/separate_gp/haei_g0.5/nrep10/seed14
sixhump_camel,separate_gp,haei,0.5,10,15,ok,50,/data/zhq7531/IDEAL/hetero_lvgp/benchmark/results/sixhump_camel/separate_gp/haei_g0.5/nrep10/seed15.npz,sixhump_camel/separate_gp/haei_g0.5/nrep10/seed15
sixhump_camel,separate_gp,haei,0.5,10,16,ok,50,/data/zhq7531/IDEAL/hetero_lvgp/benchmark/results/sixhump_camel/separate_gp/haei_g0.5/nrep10/seed16.npz,sixhump_camel/separate_gp/haei_g0.5/nrep10/seed16
sixhump_camel,separate_gp,haei,0.5,10,17,ok,50,/data/zhq7531/IDEAL/hetero_lvgp/benchmark/results/sixhump_camel/separate_gp/haei_g0.5/nrep10/seed17.npz,sixhump_camel/separate_gp/haei_g0.5/nrep10/seed17
sixhump_camel,separate_gp,haei,0.5,10,18,ok,50,/data/zhq7531/IDEAL/hetero_lvgp/benchmark/results/sixhump_camel/separate_gp/haei_g0.5/nrep10/seed18.npz,sixhump_camel/separate_gp/haei_g0.5/nrep10/seed18
sixhump_camel,separate_gp,haei,0.5,10,19,ok,50,/data/zhq7531/IDEAL/hetero_lvgp/benchmark/results/sixhump_camel/separate_gp/haei_g0.5/nrep10/seed19.npz,sixhump_camel/separate_gp/haei_g0.5/nrep10/seed19
sixhump_camel,separate_gp,haei,0.5,10,20,ok,50,/data/zhq7531/IDEAL/hetero_lvgp/benchmark/results/sixhump_camel/separate_gp/haei_g0.5/nrep10/seed20.npz,sixhump_camel/separate_gp/haei_g0.5/nrep10/seed20
sixhump_camel,separate_gp,haei,0.5,10,21,ok,50,/data/zhq7531/IDEAL/hetero_lvgp/benchmark/results/sixhump_camel/separate_gp/haei_g0.5/nrep10/seed21.npz,sixhump_camel/separate_gp/haei_g0.5/nrep10/seed21
sixhump_camel,separate_gp,haei,0.5,10,22,ok,50,/data/zhq7531/IDEAL/hetero_lvgp/benchmark/results/sixhump_camel/separate_gp/haei_g0.5/nrep10/seed22.npz,sixhump_camel/separate_gp/haei_g0.5/nrep10/seed22
sixhump_camel,separate_gp,haei,0.5,10,23,ok,50,/data/zhq7531/IDEAL/hetero_lvgp/benchmark/results/sixhump_camel/separate_gp/haei_g0.5/nrep10/seed23.npz,sixhump_camel/separate_gp/haei_g0.5/nrep10/seed23
sixhump_camel,separate_gp,haei,0.5,10,24,ok,50,/data/zhq7531/IDEAL/hetero_lvgp/benchmark/results/sixhump_camel/separate_gp/haei_g0.5/nrep10/seed24.npz,sixhump_camel/separate_gp/haei_g0.5/nrep10/seed24
sixhump_camel,separate_gp,haei,0.5,10,25,ok,50,/data/zhq7531/IDEAL/hetero_lvgp/benchmark/results/sixhump_camel/separate_gp/haei_g0.5/nrep10/seed25.npz,sixhump_camel/separate_gp/haei_g0.5/nrep10/seed25
sixhump_camel,separate_gp,haei,0.5,10,26,ok,50,/data/zhq7531/IDEAL/hetero_lvgp/benchmark/results/sixhump_camel/separate_gp/haei_g0.5/nrep10/seed26.npz,sixhump_camel/separate_gp/haei_g0.5/nrep10/seed26
sixhump_camel,separate_gp,haei,0.5,10,27,ok,50,/data/zhq7531/IDEAL/hetero_lvgp/benchmark/results/sixhump_camel/separate_gp/haei_g0.5/nrep10/seed27.npz,sixhump_camel/separate_gp/haei_g0.5/nrep10/seed27
sixhump_camel,separate_gp,haei,0.5,10,28,ok,50,/data/zhq7531/IDEAL/hetero_lvgp/benchmark/results/sixhump_camel/separate_gp/haei_g0.5/nrep10/seed28.npz,sixhump_camel/separate_gp/haei_g0.5/nrep10/seed28
sixhump_camel,separate_gp,haei,0.5,10,29,ok,50,/data/zhq7531/IDEAL/hetero_lvgp/benchmark/results/sixhump_camel/separate_gp/haei_g0.5/nrep10/seed29.npz,sixhump_camel/separate_gp/haei_g0.5/nrep10/seed29
sixhump_camel,separate_gp,haei,0.5,10,30,ok,50,/data/zhq7531/IDEAL/hetero_lvgp/benchmark/results/sixhump_camel/separate_gp/haei_g0.5/nrep10/seed30.npz,sixhump_camel/separate_gp/haei_g0.5/nrep10/seed30
sixhump_camel,separate_gp,anpei,0.8,3,1,ok,50,/data/zhq7531/IDEAL/hetero_lvgp/benchmark/results/sixhump_camel/separate_gp/anpei_b0.8/nrep03/seed01.npz,sixhump_camel/separate_gp/anpei_b0.8/nrep03/seed01
sixhump_camel,separate_gp,anpei,0.8,3,2,ok,50,/data/zhq7531/IDEAL/hetero_lvgp/benchmark/results/sixhump_camel/separate_gp/anpei_b0.8/nrep03/seed02.npz,sixhump_camel/separate_gp/anpei_b0.8/nrep03/seed02
sixhump_camel,separate_gp,anpei,0.8,3,3,ok,50,/data/zhq7531/IDEAL/hetero_lvgp/benchmark/results/sixhump_camel/separate_gp/anpei_b0.8/nrep03/seed03.npz,sixhump_camel/separate_gp/anpei_b0.8/nrep03/seed03
sixhump_camel,separate_gp,anpei,0.8,3,4,ok,50,/data/zhq7531/IDEAL/hetero_lvgp/benchmark/results/sixhump_camel/separate_gp/anpei_b0.8/nrep03/seed04.npz,sixhump_camel/separate_gp/anpei_b0.8/nrep03/seed04
sixhump_camel,separate_gp,anpei,0.8,3,5,ok,50,/data/zhq7531/IDEAL/hetero_lvgp/benchmark/results/sixhump_camel/separate_gp/anpei_b0.8/nrep03/seed05.npz,sixhump_camel/separate_gp/anpei_b0.8/nrep03/seed05
sixhump_camel,separate_gp,anpei,0.8,3,6,ok,50,/data/zhq7531/IDEAL/hetero_lvgp/benchmark/results/sixhump_camel/separate_gp/anpei_b0.8/nrep03/seed06.npz,sixhump_camel/separate_gp/anpei_b0.8/nrep03/seed06
sixhump_camel,separate_gp,anpei,0.8,3,7,ok,50,/data/zhq7531/IDEAL/hetero_lvgp/benchmark/results/sixhump_camel/separate_gp/anpei_b0.8/nrep03/seed07.npz,sixhump_camel/separate_gp/anpei_b0.8/nrep03/seed07
sixhump_camel,separate_gp,anpei,0.8,3,8,ok,50,/data/zhq7531/IDEAL/hetero_lvgp/benchmark/results/sixhump_camel/separate_gp/anpei_b0.8/nrep03/seed08.npz,sixhump_camel/separate_gp/anpei_b0.8/nrep03/seed08
sixhump_camel,separate_gp,anpei,0.8,3,9,ok,50,/data/zhq7531/IDEAL/hetero_lvgp/benchmark/results/sixhump_camel/separate_gp/anpei_b0.8/nrep03/seed09.npz,sixhump_camel/separate_gp/anpei_b0.8/nrep03/seed09
sixhump_camel,separate_gp,anpei,0.8,3,10,ok,50,/data/zhq7531/IDEAL/hetero_lvgp/benchmark/results/sixhump_camel/separate_gp/anpei_b0.8/nrep03/seed10.npz,sixhump_camel/separate_gp/anpei_b0.8/nrep03/seed10
sixhump_camel,separate_gp,anpei,0.8,3,11,ok,50,/data/zhq7531/IDEAL/hetero_lvgp/benchmark/results/sixhump_camel/separate_gp/anpei_b0.8/nrep03/seed11.npz,sixhump_camel/separate_gp/anpei_b0.8/nrep03/seed11
sixhump_camel,separate_gp,anpei,0.8,3,12,ok,50,/data/zhq7531/IDEAL/hetero_lvgp/benchmark/results/sixhump_camel/separate_gp/anpei_b0.8/nrep03/seed12.npz,sixhump_camel/separate_gp/anpei_b0.8/nrep03/seed12
sixhump_camel,separate_gp,anpei,0.8,3,13,ok,50,/data/zhq7531/IDEAL/hetero_lvgp/benchmark/results/sixhump_camel/separate_gp/anpei_b0.8/nrep03/seed13.npz,sixhump_camel/separate_gp/anpei_b0.8/nrep03/seed13
sixhump_camel,separate_gp,anpei,0.8,3,14,ok,50,/data/zhq7531/IDEAL/hetero_lvgp/benchmark/results/sixhump_camel/separate_gp/anpei_b0.8/nrep03/seed14.npz,sixhump_camel/separate_gp/anpei_b0.8/nrep03/seed14
sixhump_camel,separate_gp,anpei,0.8,3,15,ok,50,/data/zhq7531/IDEAL/hetero_lvgp/benchmark/results/sixhump_camel/separate_gp/anpei_b0.8/nrep03/seed15.npz,sixhump_camel/separate_gp/anpei_b0.8/nrep03/seed15
sixhump_camel,separate_gp,anpei,0.8,3,16,ok,50,/data/zhq7531/IDEAL/hetero_lvgp/benchmark/results/sixhump_camel/separate_gp/anpei_b0.8/nrep03/seed16.npz,sixhump_camel/separate_gp/anpei_b0.8/nrep03/seed16
sixhump_camel,separate_gp,anpei,0.8,3,17,ok,50,/data/zhq7531/IDEAL/hetero_lvgp/benchmark/results/sixhump_camel/separate_gp/anpei_b0.8/nrep03/seed17.npz,sixhump_camel/separate_gp/anpei_b0.8/nrep03/seed17
sixhump_camel,separate_gp,anpei,0.8,3,18,ok,50,/data/zhq7531/IDEAL/hetero_lvgp/benchmark/results/sixhump_camel/separate_gp/anpei_b0.8/nrep03/seed18.npz,sixhump_camel/separate_gp/anpei_b0.8/nrep03/seed18
sixhump_camel,separate_gp,anpei,0.8,3,19,ok,50,/data/zhq7531/IDEAL/hetero_lvgp/benchmark/results/sixhump_camel/separate_gp/anpei_b0.8/nrep03/seed19.npz,sixhump_camel/separate_gp/anpei_b0.8/nrep03/seed19
sixhump_camel,separate_gp,anpei,0.8,3,20,ok,50,/data/zhq7531/IDEAL/hetero_lvgp/benchmark/results/sixhump_camel/separate_gp/anpei_b0.8/nrep03/seed20.npz,sixhump_camel/separate_gp/anpei_b0.8/nrep03/seed20
sixhump_camel,separate_gp,anpei,0.8,3,21,ok,50,/data/zhq7531/IDEAL/hetero_lvgp/benchmark/results/sixhump_camel/separate_gp/anpei_b0.8/nrep03/seed21.npz,sixhump_camel/separate_gp/anpei_b0.8/nrep03/seed21
sixhump_camel,separate_gp,anpei,0.8,3,22,ok,50,/data/zhq7531/IDEAL/hetero_lvgp/benchmark/results/sixhump_camel/separate_gp/anpei_b0.8/nrep03/seed22.npz,sixhump_camel/separate_gp/anpei_b0.8/nrep03/seed22
sixhump_camel,separate_gp,anpei,0.8,3,23,ok,50,/data/zhq7531/IDEAL/hetero_lvgp/benchmark/results/sixhump_camel/separate_gp/anpei_b0.8/nrep03/seed23.npz,sixhump_camel/separate_gp/anpei_b0.8/nrep03/seed23
sixhump_camel,separate_gp,anpei,0.8,3,24,ok,50,/data/zhq7531/IDEAL/hetero_lvgp/benchmark/results/sixhump_camel/separate_gp/anpei_b0.8/nrep03/seed24.npz,sixhump_camel/separate_gp/anpei_b0.8/nrep03/seed24
sixhump_camel,separate_gp,anpei,0.8,3,25,ok,50,/data/zhq7531/IDEAL/hetero_lvgp/benchmark/results/sixhump_camel/separate_gp/anpei_b0.8/nrep03/seed25.npz,sixhump_camel/separate_gp/anpei_b0.8/nrep03/seed25
sixhump_camel,separate_gp,anpei,0.8,3,26,ok,50,/data/zhq7531/IDEAL/hetero_lvgp/benchmark/results/sixhump_camel/separate_gp/anpei_b0.8/nrep03/seed26.npz,sixhump_camel/separate_gp/anpei_b0.8/nrep03/seed26
sixhump_camel,separate_gp,anpei,0.8,3,27,ok,50,/data/zhq7531/IDEAL/hetero_lvgp/benchmark/results/sixhump_camel/separate_gp/anpei_b0.8/nrep03/seed27.npz,sixhump_camel/separate_gp/anpei_b0.8/nrep03/seed27
sixhump_camel,separate_gp,anpei,0.8,3,28,ok,50,/data/zhq7531/IDEAL/hetero_lvgp/benchmark/results/sixhump_camel/separate_gp/anpei_b0.8/nrep03/seed28.npz,sixhump_camel/separate_gp/anpei_b0.8/nrep03/seed28
sixhump_camel,separate_gp,anpei,0.8,3,29,ok,50,/data/zhq7531/IDEAL/hetero_lvgp/benchmark/results/sixhump_camel/separate_gp/anpei_b0.8/nrep03/seed29.npz,sixhump_camel/separate_gp/anpei_b0.8/nrep03/seed29
sixhump_camel,separate_gp,anpei,0.8,3,30,ok,50,/data/zhq7531/IDEAL/hetero_lvgp/benchmark/results/sixhump_camel/separate_gp/anpei_b0.8/nrep03/seed30.npz,sixhump_camel/separate_gp/anpei_b0.8/nrep03/seed30
sixhump_camel,separate_gp,anpei,0.8,10,1,ok,50,/data/zhq7531/IDEAL/hetero_lvgp/benchmark/results/sixhump_camel/separate_gp/anpei_b0.8/nrep10/seed01.npz,sixhump_camel/separate_gp/anpei_b0.8/nrep10/seed01
sixhump_camel,separate_gp,anpei,0.8,10,2,ok,50,/data/zhq7531/IDEAL/hetero_lvgp/benchmark/results/sixhump_camel/separate_gp/anpei_b0.8/nrep10/seed02.npz,sixhump_camel/separate_gp/anpei_b0.8/nrep10/seed02
sixhump_camel,separate_gp,anpei,0.8,10,3,ok,50,/data/zhq7531/IDEAL/hetero_lvgp/benchmark/results/sixhump_camel/separate_gp/anpei_b0.8/nrep10/seed03.npz,sixhump_camel/separate_gp/anpei_b0.8/nrep10/seed03
sixhump_camel,separate_gp,anpei,0.8,10,4,ok,50,/data/zhq7531/IDEAL/hetero_lvgp/benchmark/results/sixhump_camel/separate_gp/anpei_b0.8/nrep10/seed04.npz,sixhump_camel/separate_gp/anpei_b0.8/nrep10/seed04
sixhump_camel,separate_gp,anpei,0.8,10,5,ok,50,/data/zhq7531/IDEAL/hetero_lvgp/benchmark/results/sixhump_camel/separate_gp/anpei_b0.8/nrep10/seed05.npz,sixhump_camel/separate_gp/anpei_b0.8/nrep10/seed05
sixhump_camel,separate_gp,anpei,0.8,10,6,ok,50,/data/zhq7531/IDEAL/hetero_lvgp/benchmark/results/sixhump_camel/separate_gp/anpei_b0.8/nrep10/seed06.npz,sixhump_camel/separate_gp/anpei_b0.8/nrep10/seed06
sixhump_camel,separate_gp,anpei,0.8,10,7,ok,50,/data/zhq7531/IDEAL/hetero_lvgp/benchmark/results/sixhump_camel/separate_gp/anpei_b0.8/nrep10/seed07.npz,sixhump_camel/separate_gp/anpei_b0.8/nrep10/seed07
sixhump_camel,separate_gp,anpei,0.8,10,8,ok,50,/data/zhq7531/IDEAL/hetero_lvgp/benchmark/results/sixhump_camel/separate_gp/anpei_b0.8/nrep10/seed08.npz,sixhump_camel/separate_gp/anpei_b0.8/nrep10/seed08
sixhump_camel,separate_gp,anpei,0.8,10,9,ok,50,/data/zhq7531/IDEAL/hetero_lvgp/benchmark/results/sixhump_camel/separate_gp/anpei_b0.8/nrep10/seed09.npz,sixhump_camel/separate_gp/anpei_b0.8/nrep10/seed09
sixhump_camel,separate_gp,anpei,0.8,10,10,ok,50,/data/zhq7531/IDEAL/hetero_lvgp/benchmark/results/sixhump_camel/separate_gp/anpei_b0.8/nrep10/seed10.npz,sixhump_camel/separate_gp/anpei_b0.8/nrep10/seed10
sixhump_camel,separate_gp,anpei,0.8,10,11,ok,50,/data/zhq7531/IDEAL/hetero_lvgp/benchmark/results/sixhump_camel/separate_gp/anpei_b0.8/nrep10/seed11.npz,sixhump_camel/separate_gp/anpei_b0.8/nrep10/seed11
sixhump_camel,separate_gp,anpei,0.8,10,12,ok,50,/data/zhq7531/IDEAL/hetero_lvgp/benchmark/results/sixhump_camel/separate_gp/anpei_b0.8/nrep10/seed12.npz,sixhump_camel/separate_gp/anpei_b0.8/nrep10/seed12
sixhump_camel,separate_gp,anpei,0.8,10,13,ok,50,/data/zhq7531/IDEAL/hetero_lvgp/benchmark/results/sixhump_camel/separate_gp/anpei_b0.8/nrep10/seed13.npz,sixhump_camel/separate_gp/anpei_b0.8/nrep10/seed13
sixhump_camel,separate_gp,anpei,0.8,10,14,ok,50,/data/zhq7531/IDEAL/hetero_lvgp/benchmark/results/sixhump_camel/separate_gp/anpei_b0.8/nrep10/seed14.npz,sixhump_camel/separate_gp/anpei_b0.8/nrep10/seed14
sixhump_camel,separate_gp,anpei,0.8,10,15,ok,50,/data/zhq7531/IDEAL/hetero_lvgp/benchmark/results/sixhump_camel/separate_gp/anpei_b0.8/nrep10/seed15.npz,sixhump_camel/separate_gp/anpei_b0.8/nrep10/seed15
sixhump_camel,separate_gp,anpei,0.8,10,16,ok,50,/data/zhq7531/IDEAL/hetero_lvgp/benchmark/results/sixhump_camel/separate_gp/anpei_b0.8/nrep10/seed16.npz,sixhump_camel/separate_gp/anpei_b0.8/nrep10/seed16
sixhump_camel,separate_gp,anpei,0.8,10,17,ok,50,/data/zhq7531/IDEAL/hetero_lvgp/benchmark/results/sixhump_camel/separate_gp/anpei_b0.8/nrep10/seed17.npz,sixhump_camel/separate_gp/anpei_b0.8/nrep10/seed17
sixhump_camel,separate_gp,anpei,0.8,10,18,ok,50,/data/zhq7531/IDEAL/hetero_lvgp/benchmark/results/sixhump_camel/separate_gp/anpei_b0.8/nrep10/seed18.npz,sixhump_camel/separate_gp/anpei_b0.8/nrep10/seed18
sixhump_camel,separate_gp,anpei,0.8,10,19,ok,50,/data/zhq7531/IDEAL/hetero_lvgp/benchmark/results/sixhump_camel/separate_gp/anpei_b0.8/nrep10/seed19.npz,sixhump_camel/separate_gp/anpei_b0.8/nrep10/seed19
sixhump_camel,separate_gp,anpei,0.8,10,20,ok,50,/data/zhq7531/IDEAL/hetero_lvgp/benchmark/results/sixhump_camel/separate_gp/anpei_b0.8/nrep10/seed20.npz,sixhump_camel/separate_gp/anpei_b0.8/nrep10/seed20
sixhump_camel,separate_gp,anpei,0.8,10,21,ok,50,/data/zhq7531/IDEAL/hetero_lvgp/benchmark/results/sixhump_camel/separate_gp/anpei_b0.8/nrep10/seed21.npz,sixhump_camel/separate_gp/anpei_b0.8/nrep10/seed21
sixhump_camel,separate_gp,anpei,0.8,10,22,ok,50,/data/zhq7531/IDEAL/hetero_lvgp/benchmark/results/sixhump_camel/separate_gp/anpei_b0.8/nrep10/seed22.npz,sixhump_camel/separate_gp/anpei_b0.8/nrep10/seed22
sixhump_camel,separate_gp,anpei,0.8,10,23,ok,50,/data/zhq7531/IDEAL/hetero_lvgp/benchmark/results/sixhump_camel/separate_gp/anpei_b0.8/nrep10/seed23.npz,sixhump_camel/separate_gp/anpei_b0.8/nrep10/seed23
sixhump_camel,separate_gp,anpei,0.8,10,24,ok,50,/data/zhq7531/IDEAL/hetero_lvgp/benchmark/results/sixhump_camel/separate_gp/anpei_b0.8/nrep10/seed24.npz,sixhump_camel/separate_gp/anpei_b0.8/nrep10/seed24
sixhump_camel,separate_gp,anpei,0.8,10,25,ok,50,/data/zhq7531/IDEAL/hetero_lvgp/benchmark/results/sixhump_camel/separate_gp/anpei_b0.8/nrep10/seed25.npz,sixhump_camel/separate_gp/anpei_b0.8/nrep10/seed25
sixhump_camel,separate_gp,anpei,0.8,10,26,ok,50,/data/zhq7531/IDEAL/hetero_lvgp/benchmark/results/sixhump_camel/separate_gp/anpei_b0.8/nrep10/seed26.npz,sixhump_camel/separate_gp/anpei_b0.8/nrep10/seed26
sixhump_camel,separate_gp,anpei,0.8,10,27,ok,50,/data/zhq7531/IDEAL/hetero_lvgp/benchmark/results/sixhump_camel/separate_gp/anpei_b0.8/nrep10/seed27.npz,sixhump_camel/separate_gp/anpei_b0.8/nrep10/seed27
sixhump_camel,separate_gp,anpei,0.8,10,28,ok,50,/data/zhq7531/IDEAL/hetero_lvgp/benchmark/results/sixhump_camel/separate_gp/anpei_b0.8/nrep10/seed28.npz,sixhump_camel/separate_gp/anpei_b0.8/nrep10/seed28
sixhump_camel,separate_gp,anpei,0.8,10,29,ok,50,/data/zhq7531/IDEAL/hetero_lvgp/benchmark/results/sixhump_camel/separate_gp/anpei_b0.8/nrep10/seed29.npz,sixhump_camel/separate_gp/anpei_b0.8/nrep10/seed29
sixhump_camel,separate_gp,anpei,0.8,10,30,ok,50,/data/zhq7531/IDEAL/hetero_lvgp/benchmark/results/sixhump_camel/separate_gp/anpei_b0.8/nrep10/seed30.npz,sixhump_camel/separate_gp/anpei_b0.8/nrep10/seed30
sixhump_camel,separate_gp,rahbo,0.5,3,1,ok,50,/data/zhq7531/IDEAL/hetero_lvgp/benchmark/results/sixhump_camel/separate_gp/rahbo_a0.5/nrep03/seed01.npz,sixhump_camel/separate_gp/rahbo_a0.5/nrep03/seed01
sixhump_camel,separate_gp,rahbo,0.5,3,2,ok,50,/data/zhq7531/IDEAL/hetero_lvgp/benchmark/results/sixhump_camel/separate_gp/rahbo_a0.5/nrep03/seed02.npz,sixhump_camel/separate_gp/rahbo_a0.5/nrep03/seed02
sixhump_camel,separate_gp,rahbo,0.5,3,3,ok,50,/data/zhq7531/IDEAL/hetero_lvgp/benchmark/results/sixhump_camel/separate_gp/rahbo_a0.5/nrep03/seed03.npz,sixhump_camel/separate_gp/rahbo_a0.5/nrep03/seed03
sixhump_camel,separate_gp,rahbo,0.5,3,4,ok,50,/data/zhq7531/IDEAL/hetero_lvgp/benchmark/results/sixhump_camel/separate_gp/rahbo_a0.5/nrep03/seed04.npz,sixhump_camel/separate_gp/rahbo_a0.5/nrep03/seed04
sixhump_camel,separate_gp,rahbo,0.5,3,5,ok,50,/data/zhq7531/IDEAL/hetero_lvgp/benchmark/results/sixhump_camel/separate_gp/rahbo_a0.5/nrep03/seed05.npz,sixhump_camel/separate_gp/rahbo_a0.5/nrep03/seed05
sixhump_camel,separate_gp,rahbo,0.5,3,6,ok,50,/data/zhq7531/IDEAL/hetero_lvgp/benchmark/results/sixhump_camel/separate_gp/rahbo_a0.5/nrep03/seed06.npz,sixhump_camel/separate_gp/rahbo_a0.5/nrep03/seed06
sixhump_camel,separate_gp,rahbo,0.5,3,7,ok,50,/data/zhq7531/IDEAL/hetero_lvgp/benchmark/results/sixhump_camel/separate_gp/rahbo_a0.5/nrep03/seed07.npz,sixhump_camel/separate_gp/rahbo_a0.5/nrep03/seed07
sixhump_camel,separate_gp,rahbo,0.5,3,8,ok,50,/data/zhq7531/IDEAL/hetero_lvgp/benchmark/results/sixhump_camel/separate_gp/rahbo_a0.5/nrep03/seed08.npz,sixhump_camel/separate_gp/rahbo_a0.5/nrep03/seed08
sixhump_camel,separate_gp,rahbo,0.5,3,9,ok,50,/data/zhq7531/IDEAL/hetero_lvgp/benchmark/results/sixhump_camel/separate_gp/rahbo_a0.5/nrep03/seed09.npz,sixhump_camel/separate_gp/rahbo_a0.5/nrep03/seed09
sixhump_camel,separate_gp,rahbo,0.5,3,10,ok,50,/data/zhq7531/IDEAL/hetero_lvgp/benchmark/results/sixhump_camel/separate_gp/rahbo_a0.5/nrep03/seed10.npz,sixhump_camel/separate_gp/rahbo_a0.5/nrep03/seed10
sixhump_camel,separate_gp,rahbo,0.5,3,11,ok,50,/data/zhq7531/IDEAL/hetero_lvgp/benchmark/results/sixhump_camel/separate_gp/rahbo_a0.5/nrep03/seed11.npz,sixhump_camel/separate_gp/rahbo_a0.5/nrep03/seed11
sixhump_camel,separate_gp,rahbo,0.5,3,12,ok,50,/data/zhq7531/IDEAL/hetero_lvgp/benchmark/results/sixhump_camel/separate_gp/rahbo_a0.5/nrep03/seed12.npz,sixhump_camel/separate_gp/rahbo_a0.5/nrep03/seed12
sixhump_camel,separate_gp,rahbo,0.5,3,13,ok,50,/data/zhq7531/IDEAL/hetero_lvgp/benchmark/results/sixhump_camel/separate_gp/rahbo_a0.5/nrep03/seed13.npz,sixhump_camel/separate_gp/rahbo_a0.5/nrep03/seed13
sixhump_camel,separate_gp,rahbo,0.5,3,14,ok,50,/data/zhq7531/IDEAL/hetero_lvgp/benchmark/results/sixhump_camel/separate_gp/rahbo_a0.5/nrep03/seed14.npz,sixhump_camel/separate_gp/rahbo_a0.5/nrep03/seed14
sixhump_camel,separate_gp,rahbo,0.5,3,15,ok,50,/data/zhq7531/IDEAL/hetero_lvgp/benchmark/results/sixhump_camel/separate_gp/rahbo_a0.5/nrep03/seed15.npz,sixhump_camel/separate_gp/rahbo_a0.5/nrep03/seed15
sixhump_camel,separate_gp,rahbo,0.5,3,16,ok,50,/data/zhq7531/IDEAL/hetero_lvgp/benchmark/results/sixhump_camel/separate_gp/rahbo_a0.5/nrep03/seed16.npz,sixhump_camel/separate_gp/rahbo_a0.5/nrep03/seed16
sixhump_camel,separate_gp,rahbo,0.5,3,17,ok,50,/data/zhq7531/IDEAL/hetero_lvgp/benchmark/results/sixhump_camel/separate_gp/rahbo_a0.5/nrep03/seed17.npz,sixhump_camel/separate_gp/rahbo_a0.5/nrep03/seed17
sixhump_camel,separate_gp,rahbo,0.5,3,18,ok,50,/data/zhq7531/IDEAL/hetero_lvgp/benchmark/results/sixhump_camel/separate_gp/rahbo_a0.5/nrep03/seed18.npz,sixhump_camel/separate_gp/rahbo_a0.5/nrep03/seed18
sixhump_camel,separate_gp,rahbo,0.5,3,19,ok,50,/data/zhq7531/IDEAL/hetero_lvgp/benchmark/results/sixhump_camel/separate_gp/rahbo_a0.5/nrep03/seed19.npz,sixhump_camel/separate_gp/rahbo_a0.5/nrep03/seed19
sixhump_camel,separate_gp,rahbo,0.5,3,20,ok,50,/data/zhq7531/IDEAL/hetero_lvgp/benchmark/results/sixhump_camel/separate_gp/rahbo_a0.5/nrep03/seed20.npz,sixhump_camel/separate_gp/rahbo_a0.5/nrep03/seed20
sixhump_camel,separate_gp,rahbo,0.5,3,21,ok,50,/data/zhq7531/IDEAL/hetero_lvgp/benchmark/results/sixhump_camel/separate_gp/rahbo_a0.5/nrep03/seed21.npz,sixhump_camel/separate_gp/rahbo_a0.5/nrep03/seed21
sixhump_camel,separate_gp,rahbo,0.5,3,22,ok,50,/data/zhq7531/IDEAL/hetero_lvgp/benchmark/results/sixhump_camel/separate_gp/rahbo_a0.5/nrep03/seed22.npz,sixhump_camel/separate_gp/rahbo_a0.5/nrep03/seed22
sixhump_camel,separate_gp,rahbo,0.5,3,23,ok,50,/data/zhq7531/IDEAL/hetero_lvgp/benchmark/results/sixhump_camel/separate_gp/rahbo_a0.5/nrep03/seed23.npz,sixhump_camel/separate_gp/rahbo_a0.5/nrep03/seed23
sixhump_camel,separate_gp,rahbo,0.5,3,24,ok,50,/data/zhq7531/IDEAL/hetero_lvgp/benchmark/results/sixhump_camel/separate_gp/rahbo_a0.5/nrep03/seed24.npz,sixhump_camel/separate_gp/rahbo_a0.5/nrep03/seed24
sixhump_camel,separate_gp,rahbo,0.5,3,25,ok,50,/data/zhq7531/IDEAL/hetero_lvgp/benchmark/results/sixhump_camel/separate_gp/rahbo_a0.5/nrep03/seed25.npz,sixhump_camel/separate_gp/rahbo_a0.5/nrep03/seed25
sixhump_camel,separate_gp,rahbo,0.5,3,26,ok,50,/data/zhq7531/IDEAL/hetero_lvgp/benchmark/results/sixhump_camel/separate_gp/rahbo_a0.5/nrep03/seed26.npz,sixhump_camel/separate_gp/rahbo_a0.5/nrep03/seed26
sixhump_camel,separate_gp,rahbo,0.5,3,27,ok,50,/data/zhq7531/IDEAL/hetero_lvgp/benchmark/results/sixhump_camel/separate_gp/rahbo_a0.5/nrep03/seed27.npz,sixhump_camel/separate_gp/rahbo_a0.5/nrep03/seed27
sixhump_camel,separate_gp,rahbo,0.5,3,28,ok,50,/data/zhq7531/IDEAL/hetero_lvgp/benchmark/results/sixhump_camel/separate_gp/rahbo_a0.5/nrep03/seed28.npz,sixhump_camel/separate_gp/rahbo_a0.5/nrep03/seed28
sixhump_camel,separate_gp,rahbo,0.5,3,29,ok,50,/data/zhq7531/IDEAL/hetero_lvgp/benchmark/results/sixhump_camel/separate_gp/rahbo_a0.5/nrep03/seed29.npz,sixhump_camel/separate_gp/rahbo_a0.5/nrep03/seed29
sixhump_camel,separate_gp,rahbo,0.5,3,30,ok,50,/data/zhq7531/IDEAL/hetero_lvgp/benchmark/results/sixhump_camel/separate_gp/rahbo_a0.5/nrep03/seed30.npz,sixhump_camel/separate_gp/rahbo_a0.5/nrep03/seed30
sixhump_camel,separate_gp,rahbo,0.5,10,1,ok,50,/data/zhq7531/IDEAL/hetero_lvgp/benchmark/results/sixhump_camel/separate_gp/rahbo_a0.5/nrep10/seed01.npz,sixhump_camel/separate_gp/rahbo_a0.5/nrep10/seed01
sixhump_camel,separate_gp,rahbo,0.5,10,2,ok,50,/data/zhq7531/IDEAL/hetero_lvgp/benchmark/results/sixhump_camel/separate_gp/rahbo_a0.5/nrep10/seed02.npz,sixhump_camel/separate_gp/rahbo_a0.5/nrep10/seed02
sixhump_camel,separate_gp,rahbo,0.5,10,3,ok,50,/data/zhq7531/IDEAL/hetero_lvgp/benchmark/results/sixhump_camel/separate_gp/rahbo_a0.5/nrep10/seed03.npz,sixhump_camel/separate_gp/rahbo_a0.5/nrep10/seed03
sixhump_camel,separate_gp,rahbo,0.5,10,4,ok,50,/data/zhq7531/IDEAL/hetero_lvgp/benchmark/results/sixhump_camel/separate_gp/rahbo_a0.5/nrep10/seed04.npz,sixhump_camel/separate_gp/rahbo_a0.5/nrep10/seed04
sixhump_camel,separate_gp,rahbo,0.5,10,5,ok,50,/data/zhq7531/IDEAL/hetero_lvgp/benchmark/results/sixhump_camel/separate_gp/rahbo_a0.5/nrep10/seed05.npz,sixhump_camel/separate_gp/rahbo_a0.5/nrep10/seed05
sixhump_camel,separate_gp,rahbo,0.5,10,6,ok,50,/data/zhq7531/IDEAL/hetero_lvgp/benchmark/results/sixhump_camel/separate_gp/rahbo_a0.5/nrep10/seed06.npz,sixhump_camel/separate_gp/rahbo_a0.5/nrep10/seed06
sixhump_camel,separate_gp,rahbo,0.5,10,7,ok,50,/data/zhq7531/IDEAL/hetero_lvgp/benchmark/results/sixhump_camel/separate_gp/rahbo_a0.5/nrep10/seed07.npz,sixhump_camel/separate_gp/rahbo_a0.5/nrep10/seed07
sixhump_camel,separate_gp,rahbo,0.5,10,8,ok,50,/data/zhq7531/IDEAL/hetero_lvgp/benchmark/results/sixhump_camel/separate_gp/rahbo_a0.5/nrep10/seed08.npz,sixhump_camel/separate_gp/rahbo_a0.5/nrep10/seed08
sixhump_camel,separate_gp,rahbo,0.5,10,9,ok,50,/data/zhq7531/IDEAL/hetero_lvgp/benchmark/results/sixhump_camel/separate_gp/rahbo_a0.5/nrep10/seed09.npz,sixhump_camel/separate_gp/rahbo_a0.5/nrep10/seed09
sixhump_camel,separate_gp,rahbo,0.5,10,10,ok,50,/data/zhq7531/IDEAL/hetero_lvgp/benchmark/results/sixhump_camel/separate_gp/rahbo_a0.5/nrep10/seed10.npz,sixhump_camel/separate_gp/rahbo_a0.5/nrep10/seed10
sixhump_camel,separate_gp,rahbo,0.5,10,11,ok,50,/data/zhq7531/IDEAL/hetero_lvgp/benchmark/results/sixhump_camel/separate_gp/rahbo_a0.5/nrep10/seed11.npz,sixhump_camel/separate_gp/rahbo_a0.5/nrep10/seed11
sixhump_camel,separate_gp,rahbo,0.5,10,12,ok,50,/data/zhq7531/IDEAL/hetero_lvgp/benchmark/results/sixhump_camel/separate_gp/rahbo_a0.5/nrep10/seed12.npz,sixhump_camel/separate_gp/rahbo_a0.5/nrep10/seed12
sixhump_camel,separate_gp,rahbo,0.5,10,13,ok,50,/data/zhq7531/IDEAL/hetero_lvgp/benchmark/results/sixhump_camel/separate_gp/rahbo_a0.5/nrep10/seed13.npz,sixhump_camel/separate_gp/rahbo_a0.5/nrep10/seed13
sixhump_camel,separate_gp,rahbo,0.5,10,14,ok,50,/data/zhq7531/IDEAL/hetero_lvgp/benchmark/results/sixhump_camel/separate_gp/rahbo_a0.5/nrep10/seed14.npz,sixhump_camel/separate_gp/rahbo_a0.5/nrep10/seed14
sixhump_camel,separate_gp,rahbo,0.5,10,15,ok,50,/data/zhq7531/IDEAL/hetero_lvgp/benchmark/results/sixhump_camel/separate_gp/rahbo_a0.5/nrep10/seed15.npz,sixhump_camel/separate_gp/rahbo_a0.5/nrep10/seed15
sixhump_camel,separate_gp,rahbo,0.5,10,16,ok,50,/data/zhq7531/IDEAL/hetero_lvgp/benchmark/results/sixhump_camel/separate_gp/rahbo_a0.5/nrep10/seed16.npz,sixhump_camel/separate_gp/rahbo_a0.5/nrep10/seed16
sixhump_camel,separate_gp,rahbo,0.5,10,17,ok,50,/data/zhq7531/IDEAL/hetero_lvgp/benchmark/results/sixhump_camel/separate_gp/rahbo_a0.5/nrep10/seed17.npz,sixhump_camel/separate_gp/rahbo_a0.5/nrep10/seed17
sixhump_camel,separate_gp,rahbo,0.5,10,18,ok,50,/data/zhq7531/IDEAL/hetero_lvgp/benchmark/results/sixhump_camel/separate_gp/rahbo_a0.5/nrep10/seed18.npz,sixhump_camel/separate_gp/rahbo_a0.5/nrep10/seed18
sixhump_camel,separate_gp,rahbo,0.5,10,19,ok,50,/data/zhq7531/IDEAL/hetero_lvgp/benchmark/results/sixhump_camel/separate_gp/rahbo_a0.5/nrep10/seed19.npz,sixhump_camel/separate_gp/rahbo_a0.5/nrep10/seed19
sixhump_camel,separate_gp,rahbo,0.5,10,20,ok,50,/data/zhq7531/IDEAL/hetero_lvgp/benchmark/results/sixhump_camel/separate_gp/rahbo_a0.5/nrep10/seed20.npz,sixhump_camel/separate_gp/rahbo_a0.5/nrep10/seed20
sixhump_camel,separate_gp,rahbo,0.5,10,21,ok,50,/data/zhq7531/IDEAL/hetero_lvgp/benchmark/results/sixhump_camel/separate_gp/rahbo_a0.5/nrep10/seed21.npz,sixhump_camel/separate_gp/rahbo_a0.5/nrep10/seed21
sixhump_camel,separate_gp,rahbo,0.5,10,22,ok,50,/data/zhq7531/IDEAL/hetero_lvgp/benchmark/results/sixhump_camel/separate_gp/rahbo_a0.5/nrep10/seed22.npz,sixhump_camel/separate_gp/rahbo_a0.5/nrep10/seed22
sixhump_camel,separate_gp,rahbo,0.5,10,23,ok,50,/data/zhq7531/IDEAL/hetero_lvgp/benchmark/results/sixhump_camel/separate_gp/rahbo_a0.5/nrep10/seed23.npz,sixhump_camel/separate_gp/rahbo_a0.5/nrep10/seed23
sixhump_camel,separate_gp,rahbo,0.5,10,24,ok,50,/data/zhq7531/IDEAL/hetero_lvgp/benchmark/results/sixhump_camel/separate_gp/rahbo_a0.5/nrep10/seed24.npz,sixhump_camel/separate_gp/rahbo_a0.5/nrep10/seed24
sixhump_camel,separate_gp,rahbo,0.5,10,25,ok,50,/data/zhq7531/IDEAL/hetero_lvgp/benchmark/results/sixhump_camel/separate_gp/rahbo_a0.5/nrep10/seed25.npz,sixhump_camel/separate_gp/rahbo_a0.5/nrep10/seed25
sixhump_camel,separate_gp,rahbo,0.5,10,26,ok,50,/data/zhq7531/IDEAL/hetero_lvgp/benchmark/results/sixhump_camel/separate_gp/rahbo_a0.5/nrep10/seed26.npz,sixhump_camel/separate_gp/rahbo_a0.5/nrep10/seed26
sixhump_camel,separate_gp,rahbo,0.5,10,27,ok,50,/data/zhq7531/IDEAL/hetero_lvgp/benchmark/results/sixhump_camel/separate_gp/rahbo_a0.5/nrep10/seed27.npz,sixhump_camel/separate_gp/rahbo_a0.5/nrep10/seed27
sixhump_camel,separate_gp,rahbo,0.5,10,28,ok,50,/data/zhq7531/IDEAL/hetero_lvgp/benchmark/results/sixhump_camel/separate_gp/rahbo_a0.5/nrep10/seed28.npz,sixhump_camel/separate_gp/rahbo_a0.5/nrep10/seed28
sixhump_camel,separate_gp,rahbo,0.5,10,29,ok,50,/data/zhq7531/IDEAL/hetero_lvgp/benchmark/results/sixhump_camel/separate_gp/rahbo_a0.5/nrep10/seed29.npz,sixhump_camel/separate_gp/rahbo_a0.5/nrep10/seed29
sixhump_camel,separate_gp,rahbo,0.5,10,30,ok,50,/data/zhq7531/IDEAL/hetero_lvgp/benchmark/results/sixhump_camel/separate_gp/rahbo_a0.5/nrep10/seed30.npz,sixhump_camel/separate_gp/rahbo_a0.5/nrep10/seed30
sixhump_camel,categorical_kernel,lcb,,3,1,ok,50,/data/zhq7531/IDEAL/hetero_lvgp/benchmark/results/sixhump_camel/categorical_kernel/lcb/nrep03/seed01.npz,sixhump_camel/categorical_kernel/lcb/nrep03/seed01
sixhump_camel,categorical_kernel,lcb,,3,2,ok,50,/data/zhq7531/IDEAL/hetero_lvgp/benchmark/results/sixhump_camel/categorical_kernel/lcb/nrep03/seed02.npz,sixhump_camel/categorical_kernel/lcb/nrep03/seed02
sixhump_camel,categorical_kernel,lcb,,3,3,ok,50,/data/zhq7531/IDEAL/hetero_lvgp/benchmark/results/sixhump_camel/categorical_kernel/lcb/nrep03/seed03.npz,sixhump_camel/categorical_kernel/lcb/nrep03/seed03
sixhump_camel,categorical_kernel,lcb,,3,4,ok,50,/data/zhq7531/IDEAL/hetero_lvgp/benchmark/results/sixhump_camel/categorical_kernel/lcb/nrep03/seed04.npz,sixhump_camel/categorical_kernel/lcb/nrep03/seed04
sixhump_camel,categorical_kernel,lcb,,3,5,ok,50,/data/zhq7531/IDEAL/hetero_lvgp/benchmark/results/sixhump_camel/categorical_kernel/lcb/nrep03/seed05.npz,sixhump_camel/categorical_kernel/lcb/nrep03/seed05
sixhump_camel,categorical_kernel,lcb,,3,6,ok,50,/data/zhq7531/IDEAL/hetero_lvgp/benchmark/results/sixhump_camel/categorical_kernel/lcb/nrep03/seed06.npz,sixhump_camel/categorical_kernel/lcb/nrep03/seed06
sixhump_camel,categorical_kernel,lcb,,3,7,ok,50,/data/zhq7531/IDEAL/hetero_lvgp/benchmark/results/sixhump_camel/categorical_kernel/lcb/nrep03/seed07.npz,sixhump_camel/categorical_kernel/lcb/nrep03/seed07
sixhump_camel,categorical_kernel,lcb,,3,8,ok,50,/data/zhq7531/IDEAL/hetero_lvgp/benchmark/results/sixhump_camel/categorical_kernel/lcb/nrep03/seed08.npz,sixhump_camel/categorical_kernel/lcb/nrep03/seed08
sixhump_camel,categorical_kernel,lcb,,3,9,ok,50,/data/zhq7531/IDEAL/hetero_lvgp/benchmark/results/sixhump_camel/categorical_kernel/lcb/nrep03/seed09.npz,sixhump_camel/categorical_kernel/lcb/nrep03/seed09
sixhump_camel,categorical_kernel,lcb,,3,10,ok,50,/data/zhq7531/IDEAL/hetero_lvgp/benchmark/results/sixhump_camel/categorical_kernel/lcb/nrep03/seed10.npz,sixhump_camel/categorical_kernel/lcb/nrep03/seed10
sixhump_camel,categorical_kernel,lcb,,3,11,ok,50,/data/zhq7531/IDEAL/hetero_lvgp/benchmark/results/sixhump_camel/categorical_kernel/lcb/nrep03/seed11.npz,sixhump_camel/categorical_kernel/lcb/nrep03/seed11
sixhump_camel,categorical_kernel,lcb,,3,12,ok,50,/data/zhq7531/IDEAL/hetero_lvgp/benchmark/results/sixhump_camel/categorical_kernel/lcb/nrep03/seed12.npz,sixhump_camel/categorical_kernel/lcb/nrep03/seed12
sixhump_camel,categorical_kernel,lcb,,3,13,ok,50,/data/zhq7531/IDEAL/hetero_lvgp/benchmark/results/sixhump_camel/categorical_kernel/lcb/nrep03/seed13.npz,sixhump_camel/categorical_kernel/lcb/nrep03/seed13
sixhump_camel,categorical_kernel,lcb,,3,14,ok,50,/data/zhq7531/IDEAL/hetero_lvgp/benchmark/results/sixhump_camel/categorical_kernel/lcb/nrep03/seed14.npz,sixhump_camel/categorical_kernel/lcb/nrep03/seed14
sixhump_camel,categorical_kernel,lcb,,3,15,ok,50,/data/zhq7531/IDEAL/hetero_lvgp/benchmark/results/sixhump_camel/categorical_kernel/lcb/nrep03/seed15.npz,sixhump_camel/categorical_kernel/lcb/nrep03/seed15
sixhump_camel,categorical_kernel,lcb,,3,16,ok,50,/data/zhq7531/IDEAL/hetero_lvgp/benchmark/results/sixhump_camel/categorical_kernel/lcb/nrep03/seed16.npz,sixhump_camel/categorical_kernel/lcb/nrep03/seed16
sixhump_camel,categorical_kernel,lcb,,3,17,ok,50,/data/zhq7531/IDEAL/hetero_lvgp/benchmark/results/sixhump_camel/categorical_kernel/lcb/nrep03/seed17.npz,sixhump_camel/categorical_kernel/lcb/nrep03/seed17
sixhump_camel,categorical_kernel,lcb,,3,18,ok,50,/data/zhq7531/IDEAL/hetero_lvgp/benchmark/results/sixhump_camel/categorical_kernel/lcb/nrep03/seed18.npz,sixhump_camel/categorical_kernel/lcb/nrep03/seed18
sixhump_camel,categorical_kernel,lcb,,3,19,ok,50,/data/zhq7531/IDEAL/hetero_lvgp/benchmark/results/sixhump_camel/categorical_kernel/lcb/nrep03/seed19.npz,sixhump_camel/categorical_kernel/lcb/nrep03/seed19
sixhump_camel,categorical_kernel,lcb,,3,20,ok,50,/data/zhq7531/IDEAL/hetero_lvgp/benchmark/results/sixhump_camel/categorical_kernel/lcb/nrep03/seed20.npz,sixhump_camel/categorical_kernel/lcb/nrep03/seed20
sixhump_camel,categorical_kernel,lcb,,3,21,ok,50,/data/zhq7531/IDEAL/hetero_lvgp/benchmark/results/sixhump_camel/categorical_kernel/lcb/nrep03/seed21.npz,sixhump_camel/categorical_kernel/lcb/nrep03/seed21
sixhump_camel,categorical_kernel,lcb,,3,22,ok,50,/data/zhq7531/IDEAL/hetero_lvgp/benchmark/results/sixhump_camel/categorical_kernel/lcb/nrep03/seed22.npz,sixhump_camel/categorical_kernel/lcb/nrep03/seed22
sixhump_camel,categorical_kernel,lcb,,3,23,ok,50,/data/zhq7531/IDEAL/hetero_lvgp/benchmark/results/sixhump_camel/categorical_kernel/lcb/nrep03/seed23.npz,sixhump_camel/categorical_kernel/lcb/nrep03/seed23
sixhump_camel,categorical_kernel,lcb,,3,24,ok,50,/data/zhq7531/IDEAL/hetero_lvgp/benchmark/results/sixhump_camel/categorical_kernel/lcb/nrep03/seed24.npz,sixhump_camel/categorical_kernel/lcb/nrep03/seed24
sixhump_camel,categorical_kernel,lcb,,3,25,ok,50,/data/zhq7531/IDEAL/hetero_lvgp/benchmark/results/sixhump_camel/categorical_kernel/lcb/nrep03/seed25.npz,sixhump_camel/categorical_kernel/lcb/nrep03/seed25
sixhump_camel,categorical_kernel,lcb,,3,26,ok,50,/data/zhq7531/IDEAL/hetero_lvgp/benchmark/results/sixhump_camel/categorical_kernel/lcb/nrep03/seed26.npz,sixhump_camel/categorical_kernel/lcb/nrep03/seed26
sixhump_camel,categorical_kernel,lcb,,3,27,ok,50,/data/zhq7531/IDEAL/hetero_lvgp/benchmark/results/sixhump_camel/categorical_kernel/lcb/nrep03/seed27.npz,sixhump_camel/categorical_kernel/lcb/nrep03/seed27
sixhump_camel,categorical_kernel,lcb,,3,28,ok,50,/data/zhq7531/IDEAL/hetero_lvgp/benchmark/results/sixhump_camel/categorical_kernel/lcb/nrep03/seed28.npz,sixhump_camel/categorical_kernel/lcb/nrep03/seed28
sixhump_camel,categorical_kernel,lcb,,3,29,ok,50,/data/zhq7531/IDEAL/hetero_lvgp/benchmark/results/sixhump_camel/categorical_kernel/lcb/nrep03/seed29.npz,sixhump_camel/categorical_kernel/lcb/nrep03/seed29
sixhump_camel,categorical_kernel,lcb,,3,30,ok,50,/data/zhq7531/IDEAL/hetero_lvgp/benchmark/results/sixhump_camel/categorical_kernel/lcb/nrep03/seed30.npz,sixhump_camel/categorical_kernel/lcb/nrep03/seed30
sixhump_camel,categorical_kernel,lcb,,10,1,ok,50,/data/zhq7531/IDEAL/hetero_lvgp/benchmark/results/sixhump_camel/categorical_kernel/lcb/nrep10/seed01.npz,sixhump_camel/categorical_kernel/lcb/nrep10/seed01
sixhump_camel,categorical_kernel,lcb,,10,2,ok,50,/data/zhq7531/IDEAL/hetero_lvgp/benchmark/results/sixhump_camel/categorical_kernel/lcb/nrep10/seed02.npz,sixhump_camel/categorical_kernel/lcb/nrep10/seed02
sixhump_camel,categorical_kernel,lcb,,10,3,ok,50,/data/zhq7531/IDEAL/hetero_lvgp/benchmark/results/sixhump_camel/categorical_kernel/lcb/nrep10/seed03.npz,sixhump_camel/categorical_kernel/lcb/nrep10/seed03
sixhump_camel,categorical_kernel,lcb,,10,4,ok,50,/data/zhq7531/IDEAL/hetero_lvgp/benchmark/results/sixhump_camel/categorical_kernel/lcb/nrep10/seed04.npz,sixhump_camel/categorical_kernel/lcb/nrep10/seed04
sixhump_camel,categorical_kernel,lcb,,10,5,ok,50,/data/zhq7531/IDEAL/hetero_lvgp/benchmark/results/sixhump_camel/categorical_kernel/lcb/nrep10/seed05.npz,sixhump_camel/categorical_kernel/lcb/nrep10/seed05
sixhump_camel,categorical_kernel,lcb,,10,6,ok,50,/data/zhq7531/IDEAL/hetero_lvgp/benchmark/results/sixhump_camel/categorical_kernel/lcb/nrep10/seed06.npz,sixhump_camel/categorical_kernel/lcb/nrep10/seed06
sixhump_camel,categorical_kernel,lcb,,10,7,ok,50,/data/zhq7531/IDEAL/hetero_lvgp/benchmark/results/sixhump_camel/categorical_kernel/lcb/nrep10/seed07.npz,sixhump_camel/categorical_kernel/lcb/nrep10/seed07
sixhump_camel,categorical_kernel,lcb,,10,8,ok,50,/data/zhq7531/IDEAL/hetero_lvgp/benchmark/results/sixhump_camel/categorical_kernel/lcb/nrep10/seed08.npz,sixhump_camel/categorical_kernel/lcb/nrep10/seed08
sixhump_camel,categorical_kernel,lcb,,10,9,ok,50,/data/zhq7531/IDEAL/hetero_lvgp/benchmark/results/sixhump_camel/categorical_kernel/lcb/nrep10/seed09.npz,sixhump_camel/categorical_kernel/lcb/nrep10/seed09
sixhump_camel,categorical_kernel,lcb,,10,10,ok,50,/data/zhq7531/IDEAL/hetero_lvgp/benchmark/results/sixhump_camel/categorical_kernel/lcb/nrep10/seed10.npz,sixhump_camel/categorical_kernel/lcb/nrep10/seed10
sixhump_camel,categorical_kernel,lcb,,10,11,ok,50,/data/zhq7531/IDEAL/hetero_lvgp/benchmark/results/sixhump_camel/categorical_kernel/lcb/nrep10/seed11.npz,sixhump_camel/categorical_kernel/lcb/nrep10/seed11
sixhump_camel,categorical_kernel,lcb,,10,12,ok,50,/data/zhq7531/IDEAL/hetero_lvgp/benchmark/results/sixhump_camel/categorical_kernel/lcb/nrep10/seed12.npz,sixhump_camel/categorical_kernel/lcb/nrep10/seed12
sixhump_camel,categorical_kernel,lcb,,10,13,ok,50,/data/zhq7531/IDEAL/hetero_lvgp/benchmark/results/sixhump_camel/categorical_kernel/lcb/nrep10/seed13.npz,sixhump_camel/categorical_kernel/lcb/nrep10/seed13
sixhump_camel,categorical_kernel,lcb,,10,14,ok,50,/data/zhq7531/IDEAL/hetero_lvgp/benchmark/results/sixhump_camel/categorical_kernel/lcb/nrep10/seed14.npz,sixhump_camel/categorical_kernel/lcb/nrep10/seed14
sixhump_camel,categorical_kernel,lcb,,10,15,ok,50,/data/zhq7531/IDEAL/hetero_lvgp/benchmark/results/sixhump_camel/categorical_kernel/lcb/nrep10/seed15.npz,sixhump_camel/categorical_kernel/lcb/nrep10/seed15
sixhump_camel,categorical_kernel,lcb,,10,16,ok,50,/data/zhq7531/IDEAL/hetero_lvgp/benchmark/results/sixhump_camel/categorical_kernel/lcb/nrep10/seed16.npz,sixhump_camel/categorical_kernel/lcb/nrep10/seed16
sixhump_camel,categorical_kernel,lcb,,10,17,ok,50,/data/zhq7531/IDEAL/hetero_lvgp/benchmark/results/sixhump_camel/categorical_kernel/lcb/nrep10/seed17.npz,sixhump_camel/categorical_kernel/lcb/nrep10/seed17
sixhump_camel,categorical_kernel,lcb,,10,18,ok,50,/data/zhq7531/IDEAL/hetero_lvgp/benchmark/results/sixhump_camel/categorical_kernel/lcb/nrep10/seed18.npz,sixhump_camel/categorical_kernel/lcb/nrep10/seed18
sixhump_camel,categorical_kernel,lcb,,10,19,ok,50,/data/zhq7531/IDEAL/hetero_lvgp/benchmark/results/sixhump_camel/categorical_kernel/lcb/nrep10/seed19.npz,sixhump_camel/categorical_kernel/lcb/nrep10/seed19
sixhump_camel,categorical_kernel,lcb,,10,20,ok,50,/data/zhq7531/IDEAL/hetero_lvgp/benchmark/results/sixhump_camel/categorical_kernel/lcb/nrep10/seed20.npz,sixhump_camel/categorical_kernel/lcb/nrep10/seed20
sixhump_camel,categorical_kernel,lcb,,10,21,ok,50,/data/zhq7531/IDEAL/hetero_lvgp/benchmark/results/sixhump_camel/categorical_kernel/lcb/nrep10/seed21.npz,sixhump_camel/categorical_kernel/lcb/nrep10/seed21
sixhump_camel,categorical_kernel,lcb,,10,22,ok,50,/data/zhq7531/IDEAL/hetero_lvgp/benchmark/results/sixhump_camel/categorical_kernel/lcb/nrep10/seed22.npz,sixhump_camel/categorical_kernel/lcb/nrep10/seed22
sixhump_camel,categorical_kernel,lcb,,10,23,ok,50,/data/zhq7531/IDEAL/hetero_lvgp/benchmark/results/sixhump_camel/categorical_kernel/lcb/nrep10/seed23.npz,sixhump_camel/categorical_kernel/lcb/nrep10/seed23
sixhump_camel,categorical_kernel,lcb,,10,24,ok,50,/data/zhq7531/IDEAL/hetero_lvgp/benchmark/results/sixhump_camel/categorical_kernel/lcb/nrep10/seed24.npz,sixhump_camel/categorical_kernel/lcb/nrep10/seed24
sixhump_camel,categorical_kernel,lcb,,10,25,ok,50,/data/zhq7531/IDEAL/hetero_lvgp/benchmark/results/sixhump_camel/categorical_kernel/lcb/nrep10/seed25.npz,sixhump_camel/categorical_kernel/lcb/nrep10/seed25
sixhump_camel,categorical_kernel,lcb,,10,26,ok,50,/data/zhq7531/IDEAL/hetero_lvgp/benchmark/results/sixhump_camel/categorical_kernel/lcb/nrep10/seed26.npz,sixhump_camel/categorical_kernel/lcb/nrep10/seed26
sixhump_camel,categorical_kernel,lcb,,10,27,ok,50,/data/zhq7531/IDEAL/hetero_lvgp/benchmark/results/sixhump_camel/categorical_kernel/lcb/nrep10/seed27.npz,sixhump_camel/categorical_kernel/lcb/nrep10/seed27
sixhump_camel,categorical_kernel,lcb,,10,28,ok,50,/data/zhq7531/IDEAL/hetero_lvgp/benchmark/results/sixhump_camel/categorical_kernel/lcb/nrep10/seed28.npz,sixhump_camel/categorical_kernel/lcb/nrep10/seed28
sixhump_camel,categorical_kernel,lcb,,10,29,ok,50,/data/zhq7531/IDEAL/hetero_lvgp/benchmark/results/sixhump_camel/categorical_kernel/lcb/nrep10/seed29.npz,sixhump_camel/categorical_kernel/lcb/nrep10/seed29
sixhump_camel,categorical_kernel,lcb,,10,30,ok,50,/data/zhq7531/IDEAL/hetero_lvgp/benchmark/results/sixhump_camel/categorical_kernel/lcb/nrep10/seed30.npz,sixhump_camel/categorical_kernel/lcb/nrep10/seed30
sixhump_camel,categorical_kernel,pi,,3,1,ok,50,/data/zhq7531/IDEAL/hetero_lvgp/benchmark/results/sixhump_camel/categorical_kernel/pi/nrep03/seed01.npz,sixhump_camel/categorical_kernel/pi/nrep03/seed01
sixhump_camel,categorical_kernel,pi,,3,2,ok,50,/data/zhq7531/IDEAL/hetero_lvgp/benchmark/results/sixhump_camel/categorical_kernel/pi/nrep03/seed02.npz,sixhump_camel/categorical_kernel/pi/nrep03/seed02
sixhump_camel,categorical_kernel,pi,,3,3,ok,50,/data/zhq7531/IDEAL/hetero_lvgp/benchmark/results/sixhump_camel/categorical_kernel/pi/nrep03/seed03.npz,sixhump_camel/categorical_kernel/pi/nrep03/seed03
sixhump_camel,categorical_kernel,pi,,3,4,ok,50,/data/zhq7531/IDEAL/hetero_lvgp/benchmark/results/sixhump_camel/categorical_kernel/pi/nrep03/seed04.npz,sixhump_camel/categorical_kernel/pi/nrep03/seed04
sixhump_camel,categorical_kernel,pi,,3,5,ok,50,/data/zhq7531/IDEAL/hetero_lvgp/benchmark/results/sixhump_camel/categorical_kernel/pi/nrep03/seed05.npz,sixhump_camel/categorical_kernel/pi/nrep03/seed05
sixhump_camel,categorical_kernel,pi,,3,6,ok,50,/data/zhq7531/IDEAL/hetero_lvgp/benchmark/results/sixhump_camel/categorical_kernel/pi/nrep03/seed06.npz,sixhump_camel/categorical_kernel/pi/nrep03/seed06
sixhump_camel,categorical_kernel,pi,,3,7,ok,50,/data/zhq7531/IDEAL/hetero_lvgp/benchmark/results/sixhump_camel/categorical_kernel/pi/nrep03/seed07.npz,sixhump_camel/categorical_kernel/pi/nrep03/seed07
sixhump_camel,categorical_kernel,pi,,3,8,ok,50,/data/zhq7531/IDEAL/hetero_lvgp/benchmark/results/sixhump_camel/categorical_kernel/pi/nrep03/seed08.npz,sixhump_camel/categorical_kernel/pi/nrep03/seed08
sixhump_camel,categorical_kernel,pi,,3,9,ok,50,/data/zhq7531/IDEAL/hetero_lvgp/benchmark/results/sixhump_camel/categorical_kernel/pi/nrep03/seed09.npz,sixhump_camel/categorical_kernel/pi/nrep03/seed09
sixhump_camel,categorical_kernel,pi,,3,10,ok,50,/data/zhq7531/IDEAL/hetero_lvgp/benchmark/results/sixhump_camel/categorical_kernel/pi/nrep03/seed10.npz,sixhump_camel/categorical_kernel/pi/nrep03/seed10
sixhump_camel,categorical_kernel,pi,,3,11,ok,50,/data/zhq7531/IDEAL/hetero_lvgp/benchmark/results/sixhump_camel/categorical_kernel/pi/nrep03/seed11.npz,sixhump_camel/categorical_kernel/pi/nrep03/seed11
sixhump_camel,categorical_kernel,pi,,3,12,ok,50,/data/zhq7531/IDEAL/hetero_lvgp/benchmark/results/sixhump_camel/categorical_kernel/pi/nrep03/seed12.npz,sixhump_camel/categorical_kernel/pi/nrep03/seed12
sixhump_camel,categorical_kernel,pi,,3,13,ok,50,/data/zhq7531/IDEAL/hetero_lvgp/benchmark/results/sixhump_camel/categorical_kernel/pi/nrep03/seed13.npz,sixhump_camel/categorical_kernel/pi/nrep03/seed13
sixhump_camel,categorical_kernel,pi,,3,14,ok,50,/data/zhq7531/IDEAL/hetero_lvgp/benchmark/results/sixhump_camel/categorical_kernel/pi/nrep03/seed14.npz,sixhump_camel/categorical_kernel/pi/nrep03/seed14
sixhump_camel,categorical_kernel,pi,,3,15,ok,50,/data/zhq7531/IDEAL/hetero_lvgp/benchmark/results/sixhump_camel/categorical_kernel/pi/nrep03/seed15.npz,sixhump_camel/categorical_kernel/pi/nrep03/seed15
sixhump_camel,categorical_kernel,pi,,3,16,ok,50,/data/zhq7531/IDEAL/hetero_lvgp/benchmark/results/sixhump_camel/categorical_kernel/pi/nrep03/seed16.npz,sixhump_camel/categorical_kernel/pi/nrep03/seed16
sixhump_camel,categorical_kernel,pi,,3,17,ok,50,/data/zhq7531/IDEAL/hetero_lvgp/benchmark/results/sixhump_camel/categorical_kernel/pi/nrep03/seed17.npz,sixhump_camel/categorical_kernel/pi/nrep03/seed17
sixhump_camel,categorical_kernel,pi,,3,18,ok,50,/data/zhq7531/IDEAL/hetero_lvgp/benchmark/results/sixhump_camel/categorical_kernel/pi/nrep03/seed18.npz,sixhump_camel/categorical_kernel/pi/nrep03/seed18
sixhump_camel,categorical_kernel,pi,,3,19,ok,50,/data/zhq7531/IDEAL/hetero_lvgp/benchmark/results/sixhump_camel/categorical_kernel/pi/nrep03/seed19.npz,sixhump_camel/categorical_kernel/pi/nrep03/seed19
sixhump_camel,categorical_kernel,pi,,3,20,ok,50,/data/zhq7531/IDEAL/hetero_lvgp/benchmark/results/sixhump_camel/categorical_kernel/pi/nrep03/seed20.npz,sixhump_camel/categorical_kernel/pi/nrep03/seed20
sixhump_camel,categorical_kernel,pi,,3,21,ok,50,/data/zhq7531/IDEAL/hetero_lvgp/benchmark/results/sixhump_camel/categorical_kernel/pi/nrep03/seed21.npz,sixhump_camel/categorical_kernel/pi/nrep03/seed21
sixhump_camel,categorical_kernel,pi,,3,22,ok,50,/data/zhq7531/IDEAL/hetero_lvgp/benchmark/results/sixhump_camel/categorical_kernel/pi/nrep03/seed22.npz,sixhump_camel/categorical_kernel/pi/nrep03/seed22
sixhump_camel,categorical_kernel,pi,,3,23,ok,50,/data/zhq7531/IDEAL/hetero_lvgp/benchmark/results/sixhump_camel/categorical_kernel/pi/nrep03/seed23.npz,sixhump_camel/categorical_kernel/pi/nrep03/seed23
sixhump_camel,categorical_kernel,pi,,3,24,ok,50,/data/zhq7531/IDEAL/hetero_lvgp/benchmark/results/sixhump_camel/categorical_kernel/pi/nrep03/seed24.npz,sixhump_camel/categorical_kernel/pi/nrep03/seed24
sixhump_camel,categorical_kernel,pi,,3,25,ok,50,/data/zhq7531/IDEAL/hetero_lvgp/benchmark/results/sixhump_camel/categorical_kernel/pi/nrep03/seed25.npz,sixhump_camel/categorical_kernel/pi/nrep03/seed25
sixhump_camel,categorical_kernel,pi,,3,26,ok,50,/data/zhq7531/IDEAL/hetero_lvgp/benchmark/results/sixhump_camel/categorical_kernel/pi/nrep03/seed26.npz,sixhump_camel/categorical_kernel/pi/nrep03/seed26
sixhump_camel,categorical_kernel,pi,,3,27,ok,50,/data/zhq7531/IDEAL/hetero_lvgp/benchmark/results/sixhump_camel/categorical_kernel/pi/nrep03/seed27.npz,sixhump_camel/categorical_kernel/pi/nrep03/seed27
sixhump_camel,categorical_kernel,pi,,3,28,ok,50,/data/zhq7531/IDEAL/hetero_lvgp/benchmark/results/sixhump_camel/categorical_kernel/pi/nrep03/seed28.npz,sixhump_camel/categorical_kernel/pi/nrep03/seed28
sixhump_camel,categorical_kernel,pi,,3,29,ok,50,/data/zhq7531/IDEAL/hetero_lvgp/benchmark/results/sixhump_camel/categorical_kernel/pi/nrep03/seed29.npz,sixhump_camel/categorical_kernel/pi/nrep03/seed29
sixhump_camel,categorical_kernel,pi,,3,30,ok,50,/data/zhq7531/IDEAL/hetero_lvgp/benchmark/results/sixhump_camel/categorical_kernel/pi/nrep03/seed30.npz,sixhump_camel/categorical_kernel/pi/nrep03/seed30
sixhump_camel,categorical_kernel,pi,,10,1,ok,50,/data/zhq7531/IDEAL/hetero_lvgp/benchmark/results/sixhump_camel/categorical_kernel/pi/nrep10/seed01.npz,sixhump_camel/categorical_kernel/pi/nrep10/seed01
sixhump_camel,categorical_kernel,pi,,10,2,ok,50,/data/zhq7531/IDEAL/hetero_lvgp/benchmark/results/sixhump_camel/categorical_kernel/pi/nrep10/seed02.npz,sixhump_camel/categorical_kernel/pi/nrep10/seed02
sixhump_camel,categorical_kernel,pi,,10,3,ok,50,/data/zhq7531/IDEAL/hetero_lvgp/benchmark/results/sixhump_camel/categorical_kernel/pi/nrep10/seed03.npz,sixhump_camel/categorical_kernel/pi/nrep10/seed03
sixhump_camel,categorical_kernel,pi,,10,4,ok,50,/data/zhq7531/IDEAL/hetero_lvgp/benchmark/results/sixhump_camel/categorical_kernel/pi/nrep10/seed04.npz,sixhump_camel/categorical_kernel/pi/nrep10/seed04
sixhump_camel,categorical_kernel,pi,,10,5,ok,50,/data/zhq7531/IDEAL/hetero_lvgp/benchmark/results/sixhump_camel/categorical_kernel/pi/nrep10/seed05.npz,sixhump_camel/categorical_kernel/pi/nrep10/seed05
sixhump_camel,categorical_kernel,pi,,10,6,ok,50,/data/zhq7531/IDEAL/hetero_lvgp/benchmark/results/sixhump_camel/categorical_kernel/pi/nrep10/seed06.npz,sixhump_camel/categorical_kernel/pi/nrep10/seed06
sixhump_camel,categorical_kernel,pi,,10,7,ok,50,/data/zhq7531/IDEAL/hetero_lvgp/benchmark/results/sixhump_camel/categorical_kernel/pi/nrep10/seed07.npz,sixhump_camel/categorical_kernel/pi/nrep10/seed07
sixhump_camel,categorical_kernel,pi,,10,8,ok,50,/data/zhq7531/IDEAL/hetero_lvgp/benchmark/results/sixhump_camel/categorical_kernel/pi/nrep10/seed08.npz,sixhump_camel/categorical_kernel/pi/nrep10/seed08
sixhump_camel,categorical_kernel,pi,,10,9,ok,50,/data/zhq7531/IDEAL/hetero_lvgp/benchmark/results/sixhump_camel/categorical_kernel/pi/nrep10/seed09.npz,sixhump_camel/categorical_kernel/pi/nrep10/seed09
sixhump_camel,categorical_kernel,pi,,10,10,ok,50,/data/zhq7531/IDEAL/hetero_lvgp/benchmark/results/sixhump_camel/categorical_kernel/pi/nrep10/seed10.npz,sixhump_camel/categorical_kernel/pi/nrep10/seed10
sixhump_camel,categorical_kernel,pi,,10,11,ok,50,/data/zhq7531/IDEAL/hetero_lvgp/benchmark/results/sixhump_camel/categorical_kernel/pi/nrep10/seed11.npz,sixhump_camel/categorical_kernel/pi/nrep10/seed11
sixhump_camel,categorical_kernel,pi,,10,12,ok,50,/data/zhq7531/IDEAL/hetero_lvgp/benchmark/results/sixhump_camel/categorical_kernel/pi/nrep10/seed12.npz,sixhump_camel/categorical_kernel/pi/nrep10/seed12
sixhump_camel,categorical_kernel,pi,,10,13,ok,50,/data/zhq7531/IDEAL/hetero_lvgp/benchmark/results/sixhump_camel/categorical_kernel/pi/nrep10/seed13.npz,sixhump_camel/categorical_kernel/pi/nrep10/seed13
sixhump_camel,categorical_kernel,pi,,10,14,ok,50,/data/zhq7531/IDEAL/hetero_lvgp/benchmark/results/sixhump_camel/categorical_kernel/pi/nrep10/seed14.npz,sixhump_camel/categorical_kernel/pi/nrep10/seed14
sixhump_camel,categorical_kernel,pi,,10,15,ok,50,/data/zhq7531/IDEAL/hetero_lvgp/benchmark/results/sixhump_camel/categorical_kernel/pi/nrep10/seed15.npz,sixhump_camel/categorical_kernel/pi/nrep10/seed15
sixhump_camel,categorical_kernel,pi,,10,16,ok,50,/data/zhq7531/IDEAL/hetero_lvgp/benchmark/results/sixhump_camel/categorical_kernel/pi/nrep10/seed16.npz,sixhump_camel/categorical_kernel/pi/nrep10/seed16
sixhump_camel,categorical_kernel,pi,,10,17,ok,50,/data/zhq7531/IDEAL/hetero_lvgp/benchmark/results/sixhump_camel/categorical_kernel/pi/nrep10/seed17.npz,sixhump_camel/categorical_kernel/pi/nrep10/seed17
sixhump_camel,categorical_kernel,pi,,10,18,ok,50,/data/zhq7531/IDEAL/hetero_lvgp/benchmark/results/sixhump_camel/categorical_kernel/pi/nrep10/seed18.npz,sixhump_camel/categorical_kernel/pi/nrep10/seed18
sixhump_camel,categorical_kernel,pi,,10,19,ok,50,/data/zhq7531/IDEAL/hetero_lvgp/benchmark/results/sixhump_camel/categorical_kernel/pi/nrep10/seed19.npz,sixhump_camel/categorical_kernel/pi/nrep10/seed19
sixhump_camel,categorical_kernel,pi,,10,20,ok,50,/data/zhq7531/IDEAL/hetero_lvgp/benchmark/results/sixhump_camel/categorical_kernel/pi/nrep10/seed20.npz,sixhump_camel/categorical_kernel/pi/nrep10/seed20
sixhump_camel,categorical_kernel,pi,,10,21,ok,50,/data/zhq7531/IDEAL/hetero_lvgp/benchmark/results/sixhump_camel/categorical_kernel/pi/nrep10/seed21.npz,sixhump_camel/categorical_kernel/pi/nrep10/seed21
sixhump_camel,categorical_kernel,pi,,10,22,ok,50,/data/zhq7531/IDEAL/hetero_lvgp/benchmark/results/sixhump_camel/categorical_kernel/pi/nrep10/seed22.npz,sixhump_camel/categorical_kernel/pi/nrep10/seed22
sixhump_camel,categorical_kernel,pi,,10,23,ok,50,/data/zhq7531/IDEAL/hetero_lvgp/benchmark/results/sixhump_camel/categorical_kernel/pi/nrep10/seed23.npz,sixhump_camel/categorical_kernel/pi/nrep10/seed23
sixhump_camel,categorical_kernel,pi,,10,24,ok,50,/data/zhq7531/IDEAL/hetero_lvgp/benchmark/results/sixhump_camel/categorical_kernel/pi/nrep10/seed24.npz,sixhump_camel/categorical_kernel/pi/nrep10/seed24
sixhump_camel,categorical_kernel,pi,,10,25,ok,50,/data/zhq7531/IDEAL/hetero_lvgp/benchmark/results/sixhump_camel/categorical_kernel/pi/nrep10/seed25.npz,sixhump_camel/categorical_kernel/pi/nrep10/seed25
sixhump_camel,categorical_kernel,pi,,10,26,ok,50,/data/zhq7531/IDEAL/hetero_lvgp/benchmark/results/sixhump_camel/categorical_kernel/pi/nrep10/seed26.npz,sixhump_camel/categorical_kernel/pi/nrep10/seed26
sixhump_camel,categorical_kernel,pi,,10,27,ok,50,/data/zhq7531/IDEAL/hetero_lvgp/benchmark/results/sixhump_camel/categorical_kernel/pi/nrep10/seed27.npz,sixhump_camel/categorical_kernel/pi/nrep10/seed27
sixhump_camel,categorical_kernel,pi,,10,28,ok,50,/data/zhq7531/IDEAL/hetero_lvgp/benchmark/results/sixhump_camel/categorical_kernel/pi/nrep10/seed28.npz,sixhump_camel/categorical_kernel/pi/nrep10/seed28
sixhump_camel,categorical_kernel,pi,,10,29,ok,50,/data/zhq7531/IDEAL/hetero_lvgp/benchmark/results/sixhump_camel/categorical_kernel/pi/nrep10/seed29.npz,sixhump_camel/categorical_kernel/pi/nrep10/seed29
sixhump_camel,categorical_kernel,pi,,10,30,ok,50,/data/zhq7531/IDEAL/hetero_lvgp/benchmark/results/sixhump_camel/categorical_kernel/pi/nrep10/seed30.npz,sixhump_camel/categorical_kernel/pi/nrep10/seed30
sixhump_camel,categorical_kernel,ei,,3,1,ok,50,/data/zhq7531/IDEAL/hetero_lvgp/benchmark/results/sixhump_camel/categorical_kernel/ei/nrep03/seed01.npz,sixhump_camel/categorical_kernel/ei/nrep03/seed01
sixhump_camel,categorical_kernel,ei,,3,2,ok,50,/data/zhq7531/IDEAL/hetero_lvgp/benchmark/results/sixhump_camel/categorical_kernel/ei/nrep03/seed02.npz,sixhump_camel/categorical_kernel/ei/nrep03/seed02
sixhump_camel,categorical_kernel,ei,,3,3,ok,50,/data/zhq7531/IDEAL/hetero_lvgp/benchmark/results/sixhump_camel/categorical_kernel/ei/nrep03/seed03.npz,sixhump_camel/categorical_kernel/ei/nrep03/seed03
sixhump_camel,categorical_kernel,ei,,3,4,ok,50,/data/zhq7531/IDEAL/hetero_lvgp/benchmark/results/sixhump_camel/categorical_kernel/ei/nrep03/seed04.npz,sixhump_camel/categorical_kernel/ei/nrep03/seed04
sixhump_camel,categorical_kernel,ei,,3,5,ok,50,/data/zhq7531/IDEAL/hetero_lvgp/benchmark/results/sixhump_camel/categorical_kernel/ei/nrep03/seed05.npz,sixhump_camel/categorical_kernel/ei/nrep03/seed05
sixhump_camel,categorical_kernel,ei,,3,6,ok,50,/data/zhq7531/IDEAL/hetero_lvgp/benchmark/results/sixhump_camel/categorical_kernel/ei/nrep03/seed06.npz,sixhump_camel/categorical_kernel/ei/nrep03/seed06
sixhump_camel,categorical_kernel,ei,,3,7,ok,50,/data/zhq7531/IDEAL/hetero_lvgp/benchmark/results/sixhump_camel/categorical_kernel/ei/nrep03/seed07.npz,sixhump_camel/categorical_kernel/ei/nrep03/seed07
sixhump_camel,categorical_kernel,ei,,3,8,ok,50,/data/zhq7531/IDEAL/hetero_lvgp/benchmark/results/sixhump_camel/categorical_kernel/ei/nrep03/seed08.npz,sixhump_camel/categorical_kernel/ei/nrep03/seed08
sixhump_camel,categorical_kernel,ei,,3,9,ok,50,/data/zhq7531/IDEAL/hetero_lvgp/benchmark/results/sixhump_camel/categorical_kernel/ei/nrep03/seed09.npz,sixhump_camel/categorical_kernel/ei/nrep03/seed09
sixhump_camel,categorical_kernel,ei,,3,10,ok,50,/data/zhq7531/IDEAL/hetero_lvgp/benchmark/results/sixhump_camel/categorical_kernel/ei/nrep03/seed10.npz,sixhump_camel/categorical_kernel/ei/nrep03/seed10
sixhump_camel,categorical_kernel,ei,,3,11,ok,50,/data/zhq7531/IDEAL/hetero_lvgp/benchmark/results/sixhump_camel/categorical_kernel/ei/nrep03/seed11.npz,sixhump_camel/categorical_kernel/ei/nrep03/seed11
sixhump_camel,categorical_kernel,ei,,3,12,ok,50,/data/zhq7531/IDEAL/hetero_lvgp/benchmark/results/sixhump_camel/categorical_kernel/ei/nrep03/seed12.npz,sixhump_camel/categorical_kernel/ei/nrep03/seed12
sixhump_camel,categorical_kernel,ei,,3,13,ok,50,/data/zhq7531/IDEAL/hetero_lvgp/benchmark/results/sixhump_camel/categorical_kernel/ei/nrep03/seed13.npz,sixhump_camel/categorical_kernel/ei/nrep03/seed13
sixhump_camel,categorical_kernel,ei,,3,14,ok,50,/data/zhq7531/IDEAL/hetero_lvgp/benchmark/results/sixhump_camel/categorical_kernel/ei/nrep03/seed14.npz,sixhump_camel/categorical_kernel/ei/nrep03/seed14
sixhump_camel,categorical_kernel,ei,,3,15,ok,50,/data/zhq7531/IDEAL/hetero_lvgp/benchmark/results/sixhump_camel/categorical_kernel/ei/nrep03/seed15.npz,sixhump_camel/categorical_kernel/ei/nrep03/seed15
sixhump_camel,categorical_kernel,ei,,3,16,ok,50,/data/zhq7531/IDEAL/hetero_lvgp/benchmark/results/sixhump_camel/categorical_kernel/ei/nrep03/seed16.npz,sixhump_camel/categorical_kernel/ei/nrep03/seed16
sixhump_camel,categorical_kernel,ei,,3,17,ok,50,/data/zhq7531/IDEAL/hetero_lvgp/benchmark/results/sixhump_camel/categorical_kernel/ei/nrep03/seed17.npz,sixhump_camel/categorical_kernel/ei/nrep03/seed17
sixhump_camel,categorical_kernel,ei,,3,18,ok,50,/data/zhq7531/IDEAL/hetero_lvgp/benchmark/results/sixhump_camel/categorical_kernel/ei/nrep03/seed18.npz,sixhump_camel/categorical_kernel/ei/nrep03/seed18
sixhump_camel,categorical_kernel,ei,,3,19,ok,50,/data/zhq7531/IDEAL/hetero_lvgp/benchmark/results/sixhump_camel/categorical_kernel/ei/nrep03/seed19.npz,sixhump_camel/categorical_kernel/ei/nrep03/seed19
sixhump_camel,categorical_kernel,ei,,3,20,ok,50,/data/zhq7531/IDEAL/hetero_lvgp/benchmark/results/sixhump_camel/categorical_kernel/ei/nrep03/seed20.npz,sixhump_camel/categorical_kernel/ei/nrep03/seed20
sixhump_camel,categorical_kernel,ei,,3,21,ok,50,/data/zhq7531/IDEAL/hetero_lvgp/benchmark/results/sixhump_camel/categorical_kernel/ei/nrep03/seed21.npz,sixhump_camel/categorical_kernel/ei/nrep03/seed21
sixhump_camel,categorical_kernel,ei,,3,22,ok,50,/data/zhq7531/IDEAL/hetero_lvgp/benchmark/results/sixhump_camel/categorical_kernel/ei/nrep03/seed22.npz,sixhump_camel/categorical_kernel/ei/nrep03/seed22
sixhump_camel,categorical_kernel,ei,,3,23,ok,50,/data/zhq7531/IDEAL/hetero_lvgp/benchmark/results/sixhump_camel/categorical_kernel/ei/nrep03/seed23.npz,sixhump_camel/categorical_kernel/ei/nrep03/seed23
sixhump_camel,categorical_kernel,ei,,3,24,ok,50,/data/zhq7531/IDEAL/hetero_lvgp/benchmark/results/sixhump_camel/categorical_kernel/ei/nrep03/seed24.npz,sixhump_camel/categorical_kernel/ei/nrep03/seed24
sixhump_camel,categorical_kernel,ei,,3,25,ok,50,/data/zhq7531/IDEAL/hetero_lvgp/benchmark/results/sixhump_camel/categorical_kernel/ei/nrep03/seed25.npz,sixhump_camel/categorical_kernel/ei/nrep03/seed25
sixhump_camel,categorical_kernel,ei,,3,26,ok,50,/data/zhq7531/IDEAL/hetero_lvgp/benchmark/results/sixhump_camel/categorical_kernel/ei/nrep03/seed26.npz,sixhump_camel/categorical_kernel/ei/nrep03/seed26
sixhump_camel,categorical_kernel,ei,,3,27,ok,50,/data/zhq7531/IDEAL/hetero_lvgp/benchmark/results/sixhump_camel/categorical_kernel/ei/nrep03/seed27.npz,sixhump_camel/categorical_kernel/ei/nrep03/seed27
sixhump_camel,categorical_kernel,ei,,3,28,ok,50,/data/zhq7531/IDEAL/hetero_lvgp/benchmark/results/sixhump_camel/categorical_kernel/ei/nrep03/seed28.npz,sixhump_camel/categorical_kernel/ei/nrep03/seed28
sixhump_camel,categorical_kernel,ei,,3,29,ok,50,/data/zhq7531/IDEAL/hetero_lvgp/benchmark/results/sixhump_camel/categorical_kernel/ei/nrep03/seed29.npz,sixhump_camel/categorical_kernel/ei/nrep03/seed29
sixhump_camel,categorical_kernel,ei,,3,30,ok,50,/data/zhq7531/IDEAL/hetero_lvgp/benchmark/results/sixhump_camel/categorical_kernel/ei/nrep03/seed30.npz,sixhump_camel/categorical_kernel/ei/nrep03/seed30
sixhump_camel,categorical_kernel,ei,,10,1,ok,50,/data/zhq7531/IDEAL/hetero_lvgp/benchmark/results/sixhump_camel/categorical_kernel/ei/nrep10/seed01.npz,sixhump_camel/categorical_kernel/ei/nrep10/seed01
sixhump_camel,categorical_kernel,ei,,10,2,ok,50,/data/zhq7531/IDEAL/hetero_lvgp/benchmark/results/sixhump_camel/categorical_kernel/ei/nrep10/seed02.npz,sixhump_camel/categorical_kernel/ei/nrep10/seed02
sixhump_camel,categorical_kernel,ei,,10,3,ok,50,/data/zhq7531/IDEAL/hetero_lvgp/benchmark/results/sixhump_camel/categorical_kernel/ei/nrep10/seed03.npz,sixhump_camel/categorical_kernel/ei/nrep10/seed03
sixhump_camel,categorical_kernel,ei,,10,4,ok,50,/data/zhq7531/IDEAL/hetero_lvgp/benchmark/results/sixhump_camel/categorical_kernel/ei/nrep10/seed04.npz,sixhump_camel/categorical_kernel/ei/nrep10/seed04
sixhump_camel,categorical_kernel,ei,,10,5,ok,50,/data/zhq7531/IDEAL/hetero_lvgp/benchmark/results/sixhump_camel/categorical_kernel/ei/nrep10/seed05.npz,sixhump_camel/categorical_kernel/ei/nrep10/seed05
sixhump_camel,categorical_kernel,ei,,10,6,ok,50,/data/zhq7531/IDEAL/hetero_lvgp/benchmark/results/sixhump_camel/categorical_kernel/ei/nrep10/seed06.npz,sixhump_camel/categorical_kernel/ei/nrep10/seed06
sixhump_camel,categorical_kernel,ei,,10,7,ok,50,/data/zhq7531/IDEAL/hetero_lvgp/benchmark/results/sixhump_camel/categorical_kernel/ei/nrep10/seed07.npz,sixhump_camel/categorical_kernel/ei/nrep10/seed07
sixhump_camel,categorical_kernel,ei,,10,8,ok,50,/data/zhq7531/IDEAL/hetero_lvgp/benchmark/results/sixhump_camel/categorical_kernel/ei/nrep10/seed08.npz,sixhump_camel/categorical_kernel/ei/nrep10/seed08
sixhump_camel,categorical_kernel,ei,,10,9,ok,50,/data/zhq7531/IDEAL/hetero_lvgp/benchmark/results/sixhump_camel/categorical_kernel/ei/nrep10/seed09.npz,sixhump_camel/categorical_kernel/ei/nrep10/seed09
sixhump_camel,categorical_kernel,ei,,10,10,ok,50,/data/zhq7531/IDEAL/hetero_lvgp/benchmark/results/sixhump_camel/categorical_kernel/ei/nrep10/seed10.npz,sixhump_camel/categorical_kernel/ei/nrep10/seed10
sixhump_camel,categorical_kernel,ei,,10,11,ok,50,/data/zhq7531/IDEAL/hetero_lvgp/benchmark/results/sixhump_camel/categorical_kernel/ei/nrep10/seed11.npz,sixhump_camel/categorical_kernel/ei/nrep10/seed11
sixhump_camel,categorical_kernel,ei,,10,12,ok,50,/data/zhq7531/IDEAL/hetero_lvgp/benchmark/results/sixhump_camel/categorical_kernel/ei/nrep10/seed12.npz,sixhump_camel/categorical_kernel/ei/nrep10/seed12
sixhump_camel,categorical_kernel,ei,,10,13,ok,50,/data/zhq7531/IDEAL/hetero_lvgp/benchmark/results/sixhump_camel/categorical_kernel/ei/nrep10/seed13.npz,sixhump_camel/categorical_kernel/ei/nrep10/seed13
sixhump_camel,categorical_kernel,ei,,10,14,ok,50,/data/zhq7531/IDEAL/hetero_lvgp/benchmark/results/sixhump_camel/categorical_kernel/ei/nrep10/seed14.npz,sixhump_camel/categorical_kernel/ei/nrep10/seed14
sixhump_camel,categorical_kernel,ei,,10,15,ok,50,/data/zhq7531/IDEAL/hetero_lvgp/benchmark/results/sixhump_camel/categorical_kernel/ei/nrep10/seed15.npz,sixhump_camel/categorical_kernel/ei/nrep10/seed15
sixhump_camel,categorical_kernel,ei,,10,16,ok,50,/data/zhq7531/IDEAL/hetero_lvgp/benchmark/results/sixhump_camel/categorical_kernel/ei/nrep10/seed16.npz,sixhump_camel/categorical_kernel/ei/nrep10/seed16
sixhump_camel,categorical_kernel,ei,,10,17,ok,50,/data/zhq7531/IDEAL/hetero_lvgp/benchmark/results/sixhump_camel/categorical_kernel/ei/nrep10/seed17.npz,sixhump_camel/categorical_kernel/ei/nrep10/seed17
sixhump_camel,categorical_kernel,ei,,10,18,ok,50,/data/zhq7531/IDEAL/hetero_lvgp/benchmark/results/sixhump_camel/categorical_kernel/ei/nrep10/seed18.npz,sixhump_camel/categorical_kernel/ei/nrep10/seed18
sixhump_camel,categorical_kernel,ei,,10,19,ok,50,/data/zhq7531/IDEAL/hetero_lvgp/benchmark/results/sixhump_camel/categorical_kernel/ei/nrep10/seed19.npz,sixhump_camel/categorical_kernel/ei/nrep10/seed19
sixhump_camel,categorical_kernel,ei,,10,20,ok,50,/data/zhq7531/IDEAL/hetero_lvgp/benchmark/results/sixhump_camel/categorical_kernel/ei/nrep10/seed20.npz,sixhump_camel/categorical_kernel/ei/nrep10/seed20
sixhump_camel,categorical_kernel,ei,,10,21,ok,50,/data/zhq7531/IDEAL/hetero_lvgp/benchmark/results/sixhump_camel/categorical_kernel/ei/nrep10/seed21.npz,sixhump_camel/categorical_kernel/ei/nrep10/seed21
sixhump_camel,categorical_kernel,ei,,10,22,ok,50,/data/zhq7531/IDEAL/hetero_lvgp/benchmark/results/sixhump_camel/categorical_kernel/ei/nrep10/seed22.npz,sixhump_camel/categorical_kernel/ei/nrep10/seed22
sixhump_camel,categorical_kernel,ei,,10,23,ok,50,/data/zhq7531/IDEAL/hetero_lvgp/benchmark/results/sixhump_camel/categorical_kernel/ei/nrep10/seed23.npz,sixhump_camel/categorical_kernel/ei/nrep10/seed23
sixhump_camel,categorical_kernel,ei,,10,24,ok,50,/data/zhq7531/IDEAL/hetero_lvgp/benchmark/results/sixhump_camel/categorical_kernel/ei/nrep10/seed24.npz,sixhump_camel/categorical_kernel/ei/nrep10/seed24
sixhump_camel,categorical_kernel,ei,,10,25,ok,50,/data/zhq7531/IDEAL/hetero_lvgp/benchmark/results/sixhump_camel/categorical_kernel/ei/nrep10/seed25.npz,sixhump_camel/categorical_kernel/ei/nrep10/seed25
sixhump_camel,categorical_kernel,ei,,10,26,ok,50,/data/zhq7531/IDEAL/hetero_lvgp/benchmark/results/sixhump_camel/categorical_kernel/ei/nrep10/seed26.npz,sixhump_camel/categorical_kernel/ei/nrep10/seed26
sixhump_camel,categorical_kernel,ei,,10,27,ok,50,/data/zhq7531/IDEAL/hetero_lvgp/benchmark/results/sixhump_camel/categorical_kernel/ei/nrep10/seed27.npz,sixhump_camel/categorical_kernel/ei/nrep10/seed27
sixhump_camel,categorical_kernel,ei,,10,28,ok,50,/data/zhq7531/IDEAL/hetero_lvgp/benchmark/results/sixhump_camel/categorical_kernel/ei/nrep10/seed28.npz,sixhump_camel/categorical_kernel/ei/nrep10/seed28
sixhump_camel,categorical_kernel,ei,,10,29,ok,50,/data/zhq7531/IDEAL/hetero_lvgp/benchmark/results/sixhump_camel/categorical_kernel/ei/nrep10/seed29.npz,sixhump_camel/categorical_kernel/ei/nrep10/seed29
sixhump_camel,categorical_kernel,ei,,10,30,ok,50,/data/zhq7531/IDEAL/hetero_lvgp/benchmark/results/sixhump_camel/categorical_kernel/ei/nrep10/seed30.npz,sixhump_camel/categorical_kernel/ei/nrep10/seed30
sixhump_camel,categorical_kernel,haei,0.5,3,1,ok,50,/data/zhq7531/IDEAL/hetero_lvgp/benchmark/results/sixhump_camel/categorical_kernel/haei_g0.5/nrep03/seed01.npz,sixhump_camel/categorical_kernel/haei_g0.5/nrep03/seed01
sixhump_camel,categorical_kernel,haei,0.5,3,2,ok,50,/data/zhq7531/IDEAL/hetero_lvgp/benchmark/results/sixhump_camel/categorical_kernel/haei_g0.5/nrep03/seed02.npz,sixhump_camel/categorical_kernel/haei_g0.5/nrep03/seed02
sixhump_camel,categorical_kernel,haei,0.5,3,3,ok,50,/data/zhq7531/IDEAL/hetero_lvgp/benchmark/results/sixhump_camel/categorical_kernel/haei_g0.5/nrep03/seed03.npz,sixhump_camel/categorical_kernel/haei_g0.5/nrep03/seed03
sixhump_camel,categorical_kernel,haei,0.5,3,4,ok,50,/data/zhq7531/IDEAL/hetero_lvgp/benchmark/results/sixhump_camel/categorical_kernel/haei_g0.5/nrep03/seed04.npz,sixhump_camel/categorical_kernel/haei_g0.5/nrep03/seed04
sixhump_camel,categorical_kernel,haei,0.5,3,5,ok,50,/data/zhq7531/IDEAL/hetero_lvgp/benchmark/results/sixhump_camel/categorical_kernel/haei_g0.5/nrep03/seed05.npz,sixhump_camel/categorical_kernel/haei_g0.5/nrep03/seed05
sixhump_camel,categorical_kernel,haei,0.5,3,6,ok,50,/data/zhq7531/IDEAL/hetero_lvgp/benchmark/results/sixhump_camel/categorical_kernel/haei_g0.5/nrep03/seed06.npz,sixhump_camel/categorical_kernel/haei_g0.5/nrep03/seed06
sixhump_camel,categorical_kernel,haei,0.5,3,7,ok,50,/data/zhq7531/IDEAL/hetero_lvgp/benchmark/results/sixhump_camel/categorical_kernel/haei_g0.5/nrep03/seed07.npz,sixhump_camel/categorical_kernel/haei_g0.5/nrep03/seed07
sixhump_camel,categorical_kernel,haei,0.5,3,8,ok,50,/data/zhq7531/IDEAL/hetero_lvgp/benchmark/results/sixhump_camel/categorical_kernel/haei_g0.5/nrep03/seed08.npz,sixhump_camel/categorical_kernel/haei_g0.5/nrep03/seed08
sixhump_camel,categorical_kernel,haei,0.5,3,9,ok,50,/data/zhq7531/IDEAL/hetero_lvgp/benchmark/results/sixhump_camel/categorical_kernel/haei_g0.5/nrep03/seed09.npz,sixhump_camel/categorical_kernel/haei_g0.5/nrep03/seed09
sixhump_camel,categorical_kernel,haei,0.5,3,10,ok,50,/data/zhq7531/IDEAL/hetero_lvgp/benchmark/results/sixhump_camel/categorical_kernel/haei_g0.5/nrep03/seed10.npz,sixhump_camel/categorical_kernel/haei_g0.5/nrep03/seed10
sixhump_camel,categorical_kernel,haei,0.5,3,11,ok,50,/data/zhq7531/IDEAL/hetero_lvgp/benchmark/results/sixhump_camel/categorical_kernel/haei_g0.5/nrep03/seed11.npz,sixhump_camel/categorical_kernel/haei_g0.5/nrep03/seed11
sixhump_camel,categorical_kernel,haei,0.5,3,12,ok,50,/data/zhq7531/IDEAL/hetero_lvgp/benchmark/results/sixhump_camel/categorical_kernel/haei_g0.5/nrep03/seed12.npz,sixhump_camel/categorical_kernel/haei_g0.5/nrep03/seed12
sixhump_camel,categorical_kernel,haei,0.5,3,13,ok,50,/data/zhq7531/IDEAL/hetero_lvgp/benchmark/results/sixhump_camel/categorical_kernel/haei_g0.5/nrep03/seed13.npz,sixhump_camel/categorical_kernel/haei_g0.5/nrep03/seed13
sixhump_camel,categorical_kernel,haei,0.5,3,14,ok,50,/data/zhq7531/IDEAL/hetero_lvgp/benchmark/results/sixhump_camel/categorical_kernel/haei_g0.5/nrep03/seed14.npz,sixhump_camel/categorical_kernel/haei_g0.5/nrep03/seed14
sixhump_camel,categorical_kernel,haei,0.5,3,15,ok,50,/data/zhq7531/IDEAL/hetero_lvgp/benchmark/results/sixhump_camel/categorical_kernel/haei_g0.5/nrep03/seed15.npz,sixhump_camel/categorical_kernel/haei_g0.5/nrep03/seed15
sixhump_camel,categorical_kernel,haei,0.5,3,16,ok,50,/data/zhq7531/IDEAL/hetero_lvgp/benchmark/results/sixhump_camel/categorical_kernel/haei_g0.5/nrep03/seed16.npz,sixhump_camel/categorical_kernel/haei_g0.5/nrep03/seed16
sixhump_camel,categorical_kernel,haei,0.5,3,17,ok,50,/data/zhq7531/IDEAL/hetero_lvgp/benchmark/results/sixhump_camel/categorical_kernel/haei_g0.5/nrep03/seed17.npz,sixhump_camel/categorical_kernel/haei_g0.5/nrep03/seed17
sixhump_camel,categorical_kernel,haei,0.5,3,18,ok,50,/data/zhq7531/IDEAL/hetero_lvgp/benchmark/results/sixhump_camel/categorical_kernel/haei_g0.5/nrep03/seed18.npz,sixhump_camel/categorical_kernel/haei_g0.5/nrep03/seed18
sixhump_camel,categorical_kernel,haei,0.5,3,19,ok,50,/data/zhq7531/IDEAL/hetero_lvgp/benchmark/results/sixhump_camel/categorical_kernel/haei_g0.5/nrep03/seed19.npz,sixhump_camel/categorical_kernel/haei_g0.5/nrep03/seed19
sixhump_camel,categorical_kernel,haei,0.5,3,20,ok,50,/data/zhq7531/IDEAL/hetero_lvgp/benchmark/results/sixhump_camel/categorical_kernel/haei_g0.5/nrep03/seed20.npz,sixhump_camel/categorical_kernel/haei_g0.5/nrep03/seed20
sixhump_camel,categorical_kernel,haei,0.5,3,21,ok,50,/data/zhq7531/IDEAL/hetero_lvgp/benchmark/results/sixhump_camel/categorical_kernel/haei_g0.5/nrep03/seed21.npz,sixhump_camel/categorical_kernel/haei_g0.5/nrep03/seed21
sixhump_camel,categorical_kernel,haei,0.5,3,22,ok,50,/data/zhq7531/IDEAL/hetero_lvgp/benchmark/results/sixhump_camel/categorical_kernel/haei_g0.5/nrep03/seed22.npz,sixhump_camel/categorical_kernel/haei_g0.5/nrep03/seed22
sixhump_camel,categorical_kernel,haei,0.5,3,23,ok,50,/data/zhq7531/IDEAL/hetero_lvgp/benchmark/results/sixhump_camel/categorical_kernel/haei_g0.5/nrep03/seed23.npz,sixhump_camel/categorical_kernel/haei_g0.5/nrep03/seed23
sixhump_camel,categorical_kernel,haei,0.5,3,24,ok,50,/data/zhq7531/IDEAL/hetero_lvgp/benchmark/results/sixhump_camel/categorical_kernel/haei_g0.5/nrep03/seed24.npz,sixhump_camel/categorical_kernel/haei_g0.5/nrep03/seed24
sixhump_camel,categorical_kernel,haei,0.5,3,25,ok,50,/data/zhq7531/IDEAL/hetero_lvgp/benchmark/results/sixhump_camel/categorical_kernel/haei_g0.5/nrep03/seed25.npz,sixhump_camel/categorical_kernel/haei_g0.5/nrep03/seed25
sixhump_camel,categorical_kernel,haei,0.5,3,26,ok,50,/data/zhq7531/IDEAL/hetero_lvgp/benchmark/results/sixhump_camel/categorical_kernel/haei_g0.5/nrep03/seed26.npz,sixhump_camel/categorical_kernel/haei_g0.5/nrep03/seed26
sixhump_camel,categorical_kernel,haei,0.5,3,27,ok,50,/data/zhq7531/IDEAL/hetero_lvgp/benchmark/results/sixhump_camel/categorical_kernel/haei_g0.5/nrep03/seed27.npz,sixhump_camel/categorical_kernel/haei_g0.5/nrep03/seed27
sixhump_camel,categorical_kernel,haei,0.5,3,28,ok,50,/data/zhq7531/IDEAL/hetero_lvgp/benchmark/results/sixhump_camel/categorical_kernel/haei_g0.5/nrep03/seed28.npz,sixhump_camel/categorical_kernel/haei_g0.5/nrep03/seed28
sixhump_camel,categorical_kernel,haei,0.5,3,29,ok,50,/data/zhq7531/IDEAL/hetero_lvgp/benchmark/results/sixhump_camel/categorical_kernel/haei_g0.5/nrep03/seed29.npz,sixhump_camel/categorical_kernel/haei_g0.5/nrep03/seed29
sixhump_camel,categorical_kernel,haei,0.5,3,30,ok,50,/data/zhq7531/IDEAL/hetero_lvgp/benchmark/results/sixhump_camel/categorical_kernel/haei_g0.5/nrep03/seed30.npz,sixhump_camel/categorical_kernel/haei_g0.5/nrep03/seed30
sixhump_camel,categorical_kernel,haei,0.5,10,1,ok,50,/data/zhq7531/IDEAL/hetero_lvgp/benchmark/results/sixhump_camel/categorical_kernel/haei_g0.5/nrep10/seed01.npz,sixhump_camel/categorical_kernel/haei_g0.5/nrep10/seed01
sixhump_camel,categorical_kernel,haei,0.5,10,2,ok,50,/data/zhq7531/IDEAL/hetero_lvgp/benchmark/results/sixhump_camel/categorical_kernel/haei_g0.5/nrep10/seed02.npz,sixhump_camel/categorical_kernel/haei_g0.5/nrep10/seed02
sixhump_camel,categorical_kernel,haei,0.5,10,3,ok,50,/data/zhq7531/IDEAL/hetero_lvgp/benchmark/results/sixhump_camel/categorical_kernel/haei_g0.5/nrep10/seed03.npz,sixhump_camel/categorical_kernel/haei_g0.5/nrep10/seed03
sixhump_camel,categorical_kernel,haei,0.5,10,4,ok,50,/data/zhq7531/IDEAL/hetero_lvgp/benchmark/results/sixhump_camel/categorical_kernel/haei_g0.5/nrep10/seed04.npz,sixhump_camel/categorical_kernel/haei_g0.5/nrep10/seed04
sixhump_camel,categorical_kernel,haei,0.5,10,5,ok,50,/data/zhq7531/IDEAL/hetero_lvgp/benchmark/results/sixhump_camel/categorical_kernel/haei_g0.5/nrep10/seed05.npz,sixhump_camel/categorical_kernel/haei_g0.5/nrep10/seed05
sixhump_camel,categorical_kernel,haei,0.5,10,6,ok,50,/data/zhq7531/IDEAL/hetero_lvgp/benchmark/results/sixhump_camel/categorical_kernel/haei_g0.5/nrep10/seed06.npz,sixhump_camel/categorical_kernel/haei_g0.5/nrep10/seed06
sixhump_camel,categorical_kernel,haei,0.5,10,7,ok,50,/data/zhq7531/IDEAL/hetero_lvgp/benchmark/results/sixhump_camel/categorical_kernel/haei_g0.5/nrep10/seed07.npz,sixhump_camel/categorical_kernel/haei_g0.5/nrep10/seed07
sixhump_camel,categorical_kernel,haei,0.5,10,8,ok,50,/data/zhq7531/IDEAL/hetero_lvgp/benchmark/results/sixhump_camel/categorical_kernel/haei_g0.5/nrep10/seed08.npz,sixhump_camel/categorical_kernel/haei_g0.5/nrep10/seed08
sixhump_camel,categorical_kernel,haei,0.5,10,9,ok,50,/data/zhq7531/IDEAL/hetero_lvgp/benchmark/results/sixhump_camel/categorical_kernel/haei_g0.5/nrep10/seed09.npz,sixhump_camel/categorical_kernel/haei_g0.5/nrep10/seed09
sixhump_camel,categorical_kernel,haei,0.5,10,10,ok,50,/data/zhq7531/IDEAL/hetero_lvgp/benchmark/results/sixhump_camel/categorical_kernel/haei_g0.5/nrep10/seed10.npz,sixhump_camel/categorical_kernel/haei_g0.5/nrep10/seed10
sixhump_camel,categorical_kernel,haei,0.5,10,11,ok,50,/data/zhq7531/IDEAL/hetero_lvgp/benchmark/results/sixhump_camel/categorical_kernel/haei_g0.5/nrep10/seed11.npz,sixhump_camel/categorical_kernel/haei_g0.5/nrep10/seed11
sixhump_camel,categorical_kernel,haei,0.5,10,12,ok,50,/data/zhq7531/IDEAL/hetero_lvgp/benchmark/results/sixhump_camel/categorical_kernel/haei_g0.5/nrep10/seed12.npz,sixhump_camel/categorical_kernel/haei_g0.5/nrep10/seed12
sixhump_camel,categorical_kernel,haei,0.5,10,13,ok,50,/data/zhq7531/IDEAL/hetero_lvgp/benchmark/results/sixhump_camel/categorical_kernel/haei_g0.5/nrep10/seed13.npz,sixhump_camel/categorical_kernel/haei_g0.5/nrep10/seed13
sixhump_camel,categorical_kernel,haei,0.5,10,14,ok,50,/data/zhq7531/IDEAL/hetero_lvgp/benchmark/results/sixhump_camel/categorical_kernel/haei_g0.5/nrep10/seed14.npz,sixhump_camel/categorical_kernel/haei_g0.5/nrep10/seed14
sixhump_camel,categorical_kernel,haei,0.5,10,15,ok,50,/data/zhq7531/IDEAL/hetero_lvgp/benchmark/results/sixhump_camel/categorical_kernel/haei_g0.5/nrep10/seed15.npz,sixhump_camel/categorical_kernel/haei_g0.5/nrep10/seed15
sixhump_camel,categorical_kernel,haei,0.5,10,16,ok,50,/data/zhq7531/IDEAL/hetero_lvgp/benchmark/results/sixhump_camel/categorical_kernel/haei_g0.5/nrep10/seed16.npz,sixhump_camel/categorical_kernel/haei_g0.5/nrep10/seed16
sixhump_camel,categorical_kernel,haei,0.5,10,17,ok,50,/data/zhq7531/IDEAL/hetero_lvgp/benchmark/results/sixhump_camel/categorical_kernel/haei_g0.5/nrep10/seed17.npz,sixhump_camel/categorical_kernel/haei_g0.5/nrep10/seed17
sixhump_camel,categorical_kernel,haei,0.5,10,18,ok,50,/data/zhq7531/IDEAL/hetero_lvgp/benchmark/results/sixhump_camel/categorical_kernel/haei_g0.5/nrep10/seed18.npz,sixhump_camel/categorical_kernel/haei_g0.5/nrep10/seed18
sixhump_camel,categorical_kernel,haei,0.5,10,19,ok,50,/data/zhq7531/IDEAL/hetero_lvgp/benchmark/results/sixhump_camel/categorical_kernel/haei_g0.5/nrep10/seed19.npz,sixhump_camel/categorical_kernel/haei_g0.5/nrep10/seed19
sixhump_camel,categorical_kernel,haei,0.5,10,20,ok,50,/data/zhq7531/IDEAL/hetero_lvgp/benchmark/results/sixhump_camel/categorical_kernel/haei_g0.5/nrep10/seed20.npz,sixhump_camel/categorical_kernel/haei_g0.5/nrep10/seed20
sixhump_camel,categorical_kernel,haei,0.5,10,21,ok,50,/data/zhq7531/IDEAL/hetero_lvgp/benchmark/results/sixhump_camel/categorical_kernel/haei_g0.5/nrep10/seed21.npz,sixhump_camel/categorical_kernel/haei_g0.5/nrep10/seed21
sixhump_camel,categorical_kernel,haei,0.5,10,22,ok,50,/data/zhq7531/IDEAL/hetero_lvgp/benchmark/results/sixhump_camel/categorical_kernel/haei_g0.5/nrep10/seed22.npz,sixhump_camel/categorical_kernel/haei_g0.5/nrep10/seed22
sixhump_camel,categorical_kernel,haei,0.5,10,23,ok,50,/data/zhq7531/IDEAL/hetero_lvgp/benchmark/results/sixhump_camel/categorical_kernel/haei_g0.5/nrep10/seed23.npz,sixhump_camel/categorical_kernel/haei_g0.5/nrep10/seed23
sixhump_camel,categorical_kernel,haei,0.5,10,24,ok,50,/data/zhq7531/IDEAL/hetero_lvgp/benchmark/results/sixhump_camel/categorical_kernel/haei_g0.5/nrep10/seed24.npz,sixhump_camel/categorical_kernel/haei_g0.5/nrep10/seed24
sixhump_camel,categorical_kernel,haei,0.5,10,25,ok,50,/data/zhq7531/IDEAL/hetero_lvgp/benchmark/results/sixhump_camel/categorical_kernel/haei_g0.5/nrep10/seed25.npz,sixhump_camel/categorical_kernel/haei_g0.5/nrep10/seed25
sixhump_camel,categorical_kernel,haei,0.5,10,26,ok,50,/data/zhq7531/IDEAL/hetero_lvgp/benchmark/results/sixhump_camel/categorical_kernel/haei_g0.5/nrep10/seed26.npz,sixhump_camel/categorical_kernel/haei_g0.5/nrep10/seed26
sixhump_camel,categorical_kernel,haei,0.5,10,27,ok,50,/data/zhq7531/IDEAL/hetero_lvgp/benchmark/results/sixhump_camel/categorical_kernel/haei_g0.5/nrep10/seed27.npz,sixhump_camel/categorical_kernel/haei_g0.5/nrep10/seed27
sixhump_camel,categorical_kernel,haei,0.5,10,28,ok,50,/data/zhq7531/IDEAL/hetero_lvgp/benchmark/results/sixhump_camel/categorical_kernel/haei_g0.5/nrep10/seed28.npz,sixhump_camel/categorical_kernel/haei_g0.5/nrep10/seed28
sixhump_camel,categorical_kernel,haei,0.5,10,29,ok,50,/data/zhq7531/IDEAL/hetero_lvgp/benchmark/results/sixhump_camel/categorical_kernel/haei_g0.5/nrep10/seed29.npz,sixhump_camel/categorical_kernel/haei_g0.5/nrep10/seed29
sixhump_camel,categorical_kernel,haei,0.5,10,30,ok,50,/data/zhq7531/IDEAL/hetero_lvgp/benchmark/results/sixhump_camel/categorical_kernel/haei_g0.5/nrep10/seed30.npz,sixhump_camel/categorical_kernel/haei_g0.5/nrep10/seed30
sixhump_camel,categorical_kernel,anpei,0.8,3,1,ok,50,/data/zhq7531/IDEAL/hetero_lvgp/benchmark/results/sixhump_camel/categorical_kernel/anpei_b0.8/nrep03/seed01.npz,sixhump_camel/categorical_kernel/anpei_b0.8/nrep03/seed01
sixhump_camel,categorical_kernel,anpei,0.8,3,2,ok,50,/data/zhq7531/IDEAL/hetero_lvgp/benchmark/results/sixhump_camel/categorical_kernel/anpei_b0.8/nrep03/seed02.npz,sixhump_camel/categorical_kernel/anpei_b0.8/nrep03/seed02
sixhump_camel,categorical_kernel,anpei,0.8,3,3,ok,50,/data/zhq7531/IDEAL/hetero_lvgp/benchmark/results/sixhump_camel/categorical_kernel/anpei_b0.8/nrep03/seed03.npz,sixhump_camel/categorical_kernel/anpei_b0.8/nrep03/seed03
sixhump_camel,categorical_kernel,anpei,0.8,3,4,ok,50,/data/zhq7531/IDEAL/hetero_lvgp/benchmark/results/sixhump_camel/categorical_kernel/anpei_b0.8/nrep03/seed04.npz,sixhump_camel/categorical_kernel/anpei_b0.8/nrep03/seed04
sixhump_camel,categorical_kernel,anpei,0.8,3,5,ok,50,/data/zhq7531/IDEAL/hetero_lvgp/benchmark/results/sixhump_camel/categorical_kernel/anpei_b0.8/nrep03/seed05.npz,sixhump_camel/categorical_kernel/anpei_b0.8/nrep03/seed05
sixhump_camel,categorical_kernel,anpei,0.8,3,6,ok,50,/data/zhq7531/IDEAL/hetero_lvgp/benchmark/results/sixhump_camel/categorical_kernel/anpei_b0.8/nrep03/seed06.npz,sixhump_camel/categorical_kernel/anpei_b0.8/nrep03/seed06
sixhump_camel,categorical_kernel,anpei,0.8,3,7,ok,50,/data/zhq7531/IDEAL/hetero_lvgp/benchmark/results/sixhump_camel/categorical_kernel/anpei_b0.8/nrep03/seed07.npz,sixhump_camel/categorical_kernel/anpei_b0.8/nrep03/seed07
sixhump_camel,categorical_kernel,anpei,0.8,3,8,ok,50,/data/zhq7531/IDEAL/hetero_lvgp/benchmark/results/sixhump_camel/categorical_kernel/anpei_b0.8/nrep03/seed08.npz,sixhump_camel/categorical_kernel/anpei_b0.8/nrep03/seed08
sixhump_camel,categorical_kernel,anpei,0.8,3,9,ok,50,/data/zhq7531/IDEAL/hetero_lvgp/benchmark/results/sixhump_camel/categorical_kernel/anpei_b0.8/nrep03/seed09.npz,sixhump_camel/categorical_kernel/anpei_b0.8/nrep03/seed09
sixhump_camel,categorical_kernel,anpei,0.8,3,10,ok,50,/data/zhq7531/IDEAL/hetero_lvgp/benchmark/results/sixhump_camel/categorical_kernel/anpei_b0.8/nrep03/seed10.npz,sixhump_camel/categorical_kernel/anpei_b0.8/nrep03/seed10
sixhump_camel,categorical_kernel,anpei,0.8,3,11,ok,50,/data/zhq7531/IDEAL/hetero_lvgp/benchmark/results/sixhump_camel/categorical_kernel/anpei_b0.8/nrep03/seed11.npz,sixhump_camel/categorical_kernel/anpei_b0.8/nrep03/seed11
sixhump_camel,categorical_kernel,anpei,0.8,3,12,ok,50,/data/zhq7531/IDEAL/hetero_lvgp/benchmark/results/sixhump_camel/categorical_kernel/anpei_b0.8/nrep03/seed12.npz,sixhump_camel/categorical_kernel/anpei_b0.8/nrep03/seed12
sixhump_camel,categorical_kernel,anpei,0.8,3,13,ok,50,/data/zhq7531/IDEAL/hetero_lvgp/benchmark/results/sixhump_camel/categorical_kernel/anpei_b0.8/nrep03/seed13.npz,sixhump_camel/categorical_kernel/anpei_b0.8/nrep03/seed13
sixhump_camel,categorical_kernel,anpei,0.8,3,14,ok,50,/data/zhq7531/IDEAL/hetero_lvgp/benchmark/results/sixhump_camel/categorical_kernel/anpei_b0.8/nrep03/seed14.npz,sixhump_camel/categorical_kernel/anpei_b0.8/nrep03/seed14
sixhump_camel,categorical_kernel,anpei,0.8,3,15,ok,50,/data/zhq7531/IDEAL/hetero_lvgp/benchmark/results/sixhump_camel/categorical_kernel/anpei_b0.8/nrep03/seed15.npz,sixhump_camel/categorical_kernel/anpei_b0.8/nrep03/seed15
sixhump_camel,categorical_kernel,anpei,0.8,3,16,ok,50,/data/zhq7531/IDEAL/hetero_lvgp/benchmark/results/sixhump_camel/categorical_kernel/anpei_b0.8/nrep03/seed16.npz,sixhump_camel/categorical_kernel/anpei_b0.8/nrep03/seed16
sixhump_camel,categorical_kernel,anpei,0.8,3,17,ok,50,/data/zhq7531/IDEAL/hetero_lvgp/benchmark/results/sixhump_camel/categorical_kernel/anpei_b0.8/nrep03/seed17.npz,sixhump_camel/categorical_kernel/anpei_b0.8/nrep03/seed17
sixhump_camel,categorical_kernel,anpei,0.8,3,18,ok,50,/data/zhq7531/IDEAL/hetero_lvgp/benchmark/results/sixhump_camel/categorical_kernel/anpei_b0.8/nrep03/seed18.npz,sixhump_camel/categorical_kernel/anpei_b0.8/nrep03/seed18
sixhump_camel,categorical_kernel,anpei,0.8,3,19,ok,50,/data/zhq7531/IDEAL/hetero_lvgp/benchmark/results/sixhump_camel/categorical_kernel/anpei_b0.8/nrep03/seed19.npz,sixhump_camel/categorical_kernel/anpei_b0.8/nrep03/seed19
sixhump_camel,categorical_kernel,anpei,0.8,3,20,ok,50,/data/zhq7531/IDEAL/hetero_lvgp/benchmark/results/sixhump_camel/categorical_kernel/anpei_b0.8/nrep03/seed20.npz,sixhump_camel/categorical_kernel/anpei_b0.8/nrep03/seed20
sixhump_camel,categorical_kernel,anpei,0.8,3,21,ok,50,/data/zhq7531/IDEAL/hetero_lvgp/benchmark/results/sixhump_camel/categorical_kernel/anpei_b0.8/nrep03/seed21.npz,sixhump_camel/categorical_kernel/anpei_b0.8/nrep03/seed21
sixhump_camel,categorical_kernel,anpei,0.8,3,22,ok,50,/data/zhq7531/IDEAL/hetero_lvgp/benchmark/results/sixhump_camel/categorical_kernel/anpei_b0.8/nrep03/seed22.npz,sixhump_camel/categorical_kernel/anpei_b0.8/nrep03/seed22
sixhump_camel,categorical_kernel,anpei,0.8,3,23,ok,50,/data/zhq7531/IDEAL/hetero_lvgp/benchmark/results/sixhump_camel/categorical_kernel/anpei_b0.8/nrep03/seed23.npz,sixhump_camel/categorical_kernel/anpei_b0.8/nrep03/seed23
sixhump_camel,categorical_kernel,anpei,0.8,3,24,ok,50,/data/zhq7531/IDEAL/hetero_lvgp/benchmark/results/sixhump_camel/categorical_kernel/anpei_b0.8/nrep03/seed24.npz,sixhump_camel/categorical_kernel/anpei_b0.8/nrep03/seed24
sixhump_camel,categorical_kernel,anpei,0.8,3,25,ok,50,/data/zhq7531/IDEAL/hetero_lvgp/benchmark/results/sixhump_camel/categorical_kernel/anpei_b0.8/nrep03/seed25.npz,sixhump_camel/categorical_kernel/anpei_b0.8/nrep03/seed25
sixhump_camel,categorical_kernel,anpei,0.8,3,26,ok,50,/data/zhq7531/IDEAL/hetero_lvgp/benchmark/results/sixhump_camel/categorical_kernel/anpei_b0.8/nrep03/seed26.npz,sixhump_camel/categorical_kernel/anpei_b0.8/nrep03/seed26
sixhump_camel,categorical_kernel,anpei,0.8,3,27,ok,50,/data/zhq7531/IDEAL/hetero_lvgp/benchmark/results/sixhump_camel/categorical_kernel/anpei_b0.8/nrep03/seed27.npz,sixhump_camel/categorical_kernel/anpei_b0.8/nrep03/seed27
sixhump_camel,categorical_kernel,anpei,0.8,3,28,ok,50,/data/zhq7531/IDEAL/hetero_lvgp/benchmark/results/sixhump_camel/categorical_kernel/anpei_b0.8/nrep03/seed28.npz,sixhump_camel/categorical_kernel/anpei_b0.8/nrep03/seed28
sixhump_camel,categorical_kernel,anpei,0.8,3,29,ok,50,/data/zhq7531/IDEAL/hetero_lvgp/benchmark/results/sixhump_camel/categorical_kernel/anpei_b0.8/nrep03/seed29.npz,sixhump_camel/categorical_kernel/anpei_b0.8/nrep03/seed29
sixhump_camel,categorical_kernel,anpei,0.8,3,30,ok,50,/data/zhq7531/IDEAL/hetero_lvgp/benchmark/results/sixhump_camel/categorical_kernel/anpei_b0.8/nrep03/seed30.npz,sixhump_camel/categorical_kernel/anpei_b0.8/nrep03/seed30
sixhump_camel,categorical_kernel,anpei,0.8,10,1,ok,50,/data/zhq7531/IDEAL/hetero_lvgp/benchmark/results/sixhump_camel/categorical_kernel/anpei_b0.8/nrep10/seed01.npz,sixhump_camel/categorical_kernel/anpei_b0.8/nrep10/seed01
sixhump_camel,categorical_kernel,anpei,0.8,10,2,ok,50,/data/zhq7531/IDEAL/hetero_lvgp/benchmark/results/sixhump_camel/categorical_kernel/anpei_b0.8/nrep10/seed02.npz,sixhump_camel/categorical_kernel/anpei_b0.8/nrep10/seed02
sixhump_camel,categorical_kernel,anpei,0.8,10,3,ok,50,/data/zhq7531/IDEAL/hetero_lvgp/benchmark/results/sixhump_camel/categorical_kernel/anpei_b0.8/nrep10/seed03.npz,sixhump_camel/categorical_kernel/anpei_b0.8/nrep10/seed03
sixhump_camel,categorical_kernel,anpei,0.8,10,4,ok,50,/data/zhq7531/IDEAL/hetero_lvgp/benchmark/results/sixhump_camel/categorical_kernel/anpei_b0.8/nrep10/seed04.npz,sixhump_camel/categorical_kernel/anpei_b0.8/nrep10/seed04
sixhump_camel,categorical_kernel,anpei,0.8,10,5,ok,50,/data/zhq7531/IDEAL/hetero_lvgp/benchmark/results/sixhump_camel/categorical_kernel/anpei_b0.8/nrep10/seed05.npz,sixhump_camel/categorical_kernel/anpei_b0.8/nrep10/seed05
sixhump_camel,categorical_kernel,anpei,0.8,10,6,ok,50,/data/zhq7531/IDEAL/hetero_lvgp/benchmark/results/sixhump_camel/categorical_kernel/anpei_b0.8/nrep10/seed06.npz,sixhump_camel/categorical_kernel/anpei_b0.8/nrep10/seed06
sixhump_camel,categorical_kernel,anpei,0.8,10,7,ok,50,/data/zhq7531/IDEAL/hetero_lvgp/benchmark/results/sixhump_camel/categorical_kernel/anpei_b0.8/nrep10/seed07.npz,sixhump_camel/categorical_kernel/anpei_b0.8/nrep10/seed07
sixhump_camel,categorical_kernel,anpei,0.8,10,8,ok,50,/data/zhq7531/IDEAL/hetero_lvgp/benchmark/results/sixhump_camel/categorical_kernel/anpei_b0.8/nrep10/seed08.npz,sixhump_camel/categorical_kernel/anpei_b0.8/nrep10/seed08
sixhump_camel,categorical_kernel,anpei,0.8,10,9,ok,50,/data/zhq7531/IDEAL/hetero_lvgp/benchmark/results/sixhump_camel/categorical_kernel/anpei_b0.8/nrep10/seed09.npz,sixhump_camel/categorical_kernel/anpei_b0.8/nrep10/seed09
sixhump_camel,categorical_kernel,anpei,0.8,10,10,ok,50,/data/zhq7531/IDEAL/hetero_lvgp/benchmark/results/sixhump_camel/categorical_kernel/anpei_b0.8/nrep10/seed10.npz,sixhump_camel/categorical_kernel/anpei_b0.8/nrep10/seed10
sixhump_camel,categorical_kernel,anpei,0.8,10,11,ok,50,/data/zhq7531/IDEAL/hetero_lvgp/benchmark/results/sixhump_camel/categorical_kernel/anpei_b0.8/nrep10/seed11.npz,sixhump_camel/categorical_kernel/anpei_b0.8/nrep10/seed11
sixhump_camel,categorical_kernel,anpei,0.8,10,12,ok,50,/data/zhq7531/IDEAL/hetero_lvgp/benchmark/results/sixhump_camel/categorical_kernel/anpei_b0.8/nrep10/seed12.npz,sixhump_camel/categorical_kernel/anpei_b0.8/nrep10/seed12
sixhump_camel,categorical_kernel,anpei,0.8,10,13,ok,50,/data/zhq7531/IDEAL/hetero_lvgp/benchmark/results/sixhump_camel/categorical_kernel/anpei_b0.8/nrep10/seed13.npz,sixhump_camel/categorical_kernel/anpei_b0.8/nrep10/seed13
sixhump_camel,categorical_kernel,anpei,0.8,10,14,ok,50,/data/zhq7531/IDEAL/hetero_lvgp/benchmark/results/sixhump_camel/categorical_kernel/anpei_b0.8/nrep10/seed14.npz,sixhump_camel/categorical_kernel/anpei_b0.8/nrep10/seed14
sixhump_camel,categorical_kernel,anpei,0.8,10,15,ok,50,/data/zhq7531/IDEAL/hetero_lvgp/benchmark/results/sixhump_camel/categorical_kernel/anpei_b0.8/nrep10/seed15.npz,sixhump_camel/categorical_kernel/anpei_b0.8/nrep10/seed15
sixhump_camel,categorical_kernel,anpei,0.8,10,16,ok,50,/data/zhq7531/IDEAL/hetero_lvgp/benchmark/results/sixhump_camel/categorical_kernel/anpei_b0.8/nrep10/seed16.npz,sixhump_camel/categorical_kernel/anpei_b0.8/nrep10/seed16
sixhump_camel,categorical_kernel,anpei,0.8,10,17,ok,50,/data/zhq7531/IDEAL/hetero_lvgp/benchmark/results/sixhump_camel/categorical_kernel/anpei_b0.8/nrep10/seed17.npz,sixhump_camel/categorical_kernel/anpei_b0.8/nrep10/seed17
sixhump_camel,categorical_kernel,anpei,0.8,10,18,ok,50,/data/zhq7531/IDEAL/hetero_lvgp/benchmark/results/sixhump_camel/categorical_kernel/anpei_b0.8/nrep10/seed18.npz,sixhump_camel/categorical_kernel/anpei_b0.8/nrep10/seed18
sixhump_camel,categorical_kernel,anpei,0.8,10,19,ok,50,/data/zhq7531/IDEAL/hetero_lvgp/benchmark/results/sixhump_camel/categorical_kernel/anpei_b0.8/nrep10/seed19.npz,sixhump_camel/categorical_kernel/anpei_b0.8/nrep10/seed19
sixhump_camel,categorical_kernel,anpei,0.8,10,20,ok,50,/data/zhq7531/IDEAL/hetero_lvgp/benchmark/results/sixhump_camel/categorical_kernel/anpei_b0.8/nrep10/seed20.npz,sixhump_camel/categorical_kernel/anpei_b0.8/nrep10/seed20
sixhump_camel,categorical_kernel,anpei,0.8,10,21,ok,50,/data/zhq7531/IDEAL/hetero_lvgp/benchmark/results/sixhump_camel/categorical_kernel/anpei_b0.8/nrep10/seed21.npz,sixhump_camel/categorical_kernel/anpei_b0.8/nrep10/seed21
sixhump_camel,categorical_kernel,anpei,0.8,10,22,ok,50,/data/zhq7531/IDEAL/hetero_lvgp/benchmark/results/sixhump_camel/categorical_kernel/anpei_b0.8/nrep10/seed22.npz,sixhump_camel/categorical_kernel/anpei_b0.8/nrep10/seed22
sixhump_camel,categorical_kernel,anpei,0.8,10,23,ok,50,/data/zhq7531/IDEAL/hetero_lvgp/benchmark/results/sixhump_camel/categorical_kernel/anpei_b0.8/nrep10/seed23.npz,sixhump_camel/categorical_kernel/anpei_b0.8/nrep10/seed23
sixhump_camel,categorical_kernel,anpei,0.8,10,24,ok,50,/data/zhq7531/IDEAL/hetero_lvgp/benchmark/results/sixhump_camel/categorical_kernel/anpei_b0.8/nrep10/seed24.npz,sixhump_camel/categorical_kernel/anpei_b0.8/nrep10/seed24
sixhump_camel,categorical_kernel,anpei,0.8,10,25,ok,50,/data/zhq7531/IDEAL/hetero_lvgp/benchmark/results/sixhump_camel/categorical_kernel/anpei_b0.8/nrep10/seed25.npz,sixhump_camel/categorical_kernel/anpei_b0.8/nrep10/seed25
sixhump_camel,categorical_kernel,anpei,0.8,10,26,ok,50,/data/zhq7531/IDEAL/hetero_lvgp/benchmark/results/sixhump_camel/categorical_kernel/anpei_b0.8/nrep10/seed26.npz,sixhump_camel/categorical_kernel/anpei_b0.8/nrep10/seed26
sixhump_camel,categorical_kernel,anpei,0.8,10,27,ok,50,/data/zhq7531/IDEAL/hetero_lvgp/benchmark/results/sixhump_camel/categorical_kernel/anpei_b0.8/nrep10/seed27.npz,sixhump_camel/categorical_kernel/anpei_b0.8/nrep10/seed27
sixhump_camel,categorical_kernel,anpei,0.8,10,28,ok,50,/data/zhq7531/IDEAL/hetero_lvgp/benchmark/results/sixhump_camel/categorical_kernel/anpei_b0.8/nrep10/seed28.npz,sixhump_camel/categorical_kernel/anpei_b0.8/nrep10/seed28
sixhump_camel,categorical_kernel,anpei,0.8,10,29,ok,50,/data/zhq7531/IDEAL/hetero_lvgp/benchmark/results/sixhump_camel/categorical_kernel/anpei_b0.8/nrep10/seed29.npz,sixhump_camel/categorical_kernel/anpei_b0.8/nrep10/seed29
sixhump_camel,categorical_kernel,anpei,0.8,10,30,ok,50,/data/zhq7531/IDEAL/hetero_lvgp/benchmark/results/sixhump_camel/categorical_kernel/anpei_b0.8/nrep10/seed30.npz,sixhump_camel/categorical_kernel/anpei_b0.8/nrep10/seed30
sixhump_camel,categorical_kernel,rahbo,0.5,3,1,ok,50,/data/zhq7531/IDEAL/hetero_lvgp/benchmark/results/sixhump_camel/categorical_kernel/rahbo_a0.5/nrep03/seed01.npz,sixhump_camel/categorical_kernel/rahbo_a0.5/nrep03/seed01
sixhump_camel,categorical_kernel,rahbo,0.5,3,2,ok,50,/data/zhq7531/IDEAL/hetero_lvgp/benchmark/results/sixhump_camel/categorical_kernel/rahbo_a0.5/nrep03/seed02.npz,sixhump_camel/categorical_kernel/rahbo_a0.5/nrep03/seed02
sixhump_camel,categorical_kernel,rahbo,0.5,3,3,ok,50,/data/zhq7531/IDEAL/hetero_lvgp/benchmark/results/sixhump_camel/categorical_kernel/rahbo_a0.5/nrep03/seed03.npz,sixhump_camel/categorical_kernel/rahbo_a0.5/nrep03/seed03
sixhump_camel,categorical_kernel,rahbo,0.5,3,4,ok,50,/data/zhq7531/IDEAL/hetero_lvgp/benchmark/results/sixhump_camel/categorical_kernel/rahbo_a0.5/nrep03/seed04.npz,sixhump_camel/categorical_kernel/rahbo_a0.5/nrep03/seed04
sixhump_camel,categorical_kernel,rahbo,0.5,3,5,ok,50,/data/zhq7531/IDEAL/hetero_lvgp/benchmark/results/sixhump_camel/categorical_kernel/rahbo_a0.5/nrep03/seed05.npz,sixhump_camel/categorical_kernel/rahbo_a0.5/nrep03/seed05
sixhump_camel,categorical_kernel,rahbo,0.5,3,6,ok,50,/data/zhq7531/IDEAL/hetero_lvgp/benchmark/results/sixhump_camel/categorical_kernel/rahbo_a0.5/nrep03/seed06.npz,sixhump_camel/categorical_kernel/rahbo_a0.5/nrep03/seed06
sixhump_camel,categorical_kernel,rahbo,0.5,3,7,ok,50,/data/zhq7531/IDEAL/hetero_lvgp/benchmark/results/sixhump_camel/categorical_kernel/rahbo_a0.5/nrep03/seed07.npz,sixhump_camel/categorical_kernel/rahbo_a0.5/nrep03/seed07
sixhump_camel,categorical_kernel,rahbo,0.5,3,8,ok,50,/data/zhq7531/IDEAL/hetero_lvgp/benchmark/results/sixhump_camel/categorical_kernel/rahbo_a0.5/nrep03/seed08.npz,sixhump_camel/categorical_kernel/rahbo_a0.5/nrep03/seed08
sixhump_camel,categorical_kernel,rahbo,0.5,3,9,ok,50,/data/zhq7531/IDEAL/hetero_lvgp/benchmark/results/sixhump_camel/categorical_kernel/rahbo_a0.5/nrep03/seed09.npz,sixhump_camel/categorical_kernel/rahbo_a0.5/nrep03/seed09
sixhump_camel,categorical_kernel,rahbo,0.5,3,10,ok,50,/data/zhq7531/IDEAL/hetero_lvgp/benchmark/results/sixhump_camel/categorical_kernel/rahbo_a0.5/nrep03/seed10.npz,sixhump_camel/categorical_kernel/rahbo_a0.5/nrep03/seed10
sixhump_camel,categorical_kernel,rahbo,0.5,3,11,ok,50,/data/zhq7531/IDEAL/hetero_lvgp/benchmark/results/sixhump_camel/categorical_kernel/rahbo_a0.5/nrep03/seed11.npz,sixhump_camel/categorical_kernel/rahbo_a0.5/nrep03/seed11
sixhump_camel,categorical_kernel,rahbo,0.5,3,12,ok,50,/data/zhq7531/IDEAL/hetero_lvgp/benchmark/results/sixhump_camel/categorical_kernel/rahbo_a0.5/nrep03/seed12.npz,sixhump_camel/categorical_kernel/rahbo_a0.5/nrep03/seed12
sixhump_camel,categorical_kernel,rahbo,0.5,3,13,ok,50,/data/zhq7531/IDEAL/hetero_lvgp/benchmark/results/sixhump_camel/categorical_kernel/rahbo_a0.5/nrep03/seed13.npz,sixhump_camel/categorical_kernel/rahbo_a0.5/nrep03/seed13
sixhump_camel,categorical_kernel,rahbo,0.5,3,14,ok,50,/data/zhq7531/IDEAL/hetero_lvgp/benchmark/results/sixhump_camel/categorical_kernel/rahbo_a0.5/nrep03/seed14.npz,sixhump_camel/categorical_kernel/rahbo_a0.5/nrep03/seed14
sixhump_camel,categorical_kernel,rahbo,0.5,3,15,ok,50,/data/zhq7531/IDEAL/hetero_lvgp/benchmark/results/sixhump_camel/categorical_kernel/rahbo_a0.5/nrep03/seed15.npz,sixhump_camel/categorical_kernel/rahbo_a0.5/nrep03/seed15
sixhump_camel,categorical_kernel,rahbo,0.5,3,16,ok,50,/data/zhq7531/IDEAL/hetero_lvgp/benchmark/results/sixhump_camel/categorical_kernel/rahbo_a0.5/nrep03/seed16.npz,sixhump_camel/categorical_kernel/rahbo_a0.5/nrep03/seed16
sixhump_camel,categorical_kernel,rahbo,0.5,3,17,ok,50,/data/zhq7531/IDEAL/hetero_lvgp/benchmark/results/sixhump_camel/categorical_kernel/rahbo_a0.5/nrep03/seed17.npz,sixhump_camel/categorical_kernel/rahbo_a0.5/nrep03/seed17
sixhump_camel,categorical_kernel,rahbo,0.5,3,18,ok,50,/data/zhq7531/IDEAL/hetero_lvgp/benchmark/results/sixhump_camel/categorical_kernel/rahbo_a0.5/nrep03/seed18.npz,sixhump_camel/categorical_kernel/rahbo_a0.5/nrep03/seed18
sixhump_camel,categorical_kernel,rahbo,0.5,3,19,ok,50,/data/zhq7531/IDEAL/hetero_lvgp/benchmark/results/sixhump_camel/categorical_kernel/rahbo_a0.5/nrep03/seed19.npz,sixhump_camel/categorical_kernel/rahbo_a0.5/nrep03/seed19
sixhump_camel,categorical_kernel,rahbo,0.5,3,20,ok,50,/data/zhq7531/IDEAL/hetero_lvgp/benchmark/results/sixhump_camel/categorical_kernel/rahbo_a0.5/nrep03/seed20.npz,sixhump_camel/categorical_kernel/rahbo_a0.5/nrep03/seed20
sixhump_camel,categorical_kernel,rahbo,0.5,3,21,ok,50,/data/zhq7531/IDEAL/hetero_lvgp/benchmark/results/sixhump_camel/categorical_kernel/rahbo_a0.5/nrep03/seed21.npz,sixhump_camel/categorical_kernel/rahbo_a0.5/nrep03/seed21
sixhump_camel,categorical_kernel,rahbo,0.5,3,22,ok,50,/data/zhq7531/IDEAL/hetero_lvgp/benchmark/results/sixhump_camel/categorical_kernel/rahbo_a0.5/nrep03/seed22.npz,sixhump_camel/categorical_kernel/rahbo_a0.5/nrep03/seed22
sixhump_camel,categorical_kernel,rahbo,0.5,3,23,ok,50,/data/zhq7531/IDEAL/hetero_lvgp/benchmark/results/sixhump_camel/categorical_kernel/rahbo_a0.5/nrep03/seed23.npz,sixhump_camel/categorical_kernel/rahbo_a0.5/nrep03/seed23
sixhump_camel,categorical_kernel,rahbo,0.5,3,24,ok,50,/data/zhq7531/IDEAL/hetero_lvgp/benchmark/results/sixhump_camel/categorical_kernel/rahbo_a0.5/nrep03/seed24.npz,sixhump_camel/categorical_kernel/rahbo_a0.5/nrep03/seed24
sixhump_camel,categorical_kernel,rahbo,0.5,3,25,ok,50,/data/zhq7531/IDEAL/hetero_lvgp/benchmark/results/sixhump_camel/categorical_kernel/rahbo_a0.5/nrep03/seed25.npz,sixhump_camel/categorical_kernel/rahbo_a0.5/nrep03/seed25
sixhump_camel,categorical_kernel,rahbo,0.5,3,26,ok,50,/data/zhq7531/IDEAL/hetero_lvgp/benchmark/results/sixhump_camel/categorical_kernel/rahbo_a0.5/nrep03/seed26.npz,sixhump_camel/categorical_kernel/rahbo_a0.5/nrep03/seed26
sixhump_camel,categorical_kernel,rahbo,0.5,3,27,ok,50,/data/zhq7531/IDEAL/hetero_lvgp/benchmark/results/sixhump_camel/categorical_kernel/rahbo_a0.5/nrep03/seed27.npz,sixhump_camel/categorical_kernel/rahbo_a0.5/nrep03/seed27
sixhump_camel,categorical_kernel,rahbo,0.5,3,28,ok,50,/data/zhq7531/IDEAL/hetero_lvgp/benchmark/results/sixhump_camel/categorical_kernel/rahbo_a0.5/nrep03/seed28.npz,sixhump_camel/categorical_kernel/rahbo_a0.5/nrep03/seed28
sixhump_camel,categorical_kernel,rahbo,0.5,3,29,ok,50,/data/zhq7531/IDEAL/hetero_lvgp/benchmark/results/sixhump_camel/categorical_kernel/rahbo_a0.5/nrep03/seed29.npz,sixhump_camel/categorical_kernel/rahbo_a0.5/nrep03/seed29
sixhump_camel,categorical_kernel,rahbo,0.5,3,30,ok,50,/data/zhq7531/IDEAL/hetero_lvgp/benchmark/results/sixhump_camel/categorical_kernel/rahbo_a0.5/nrep03/seed30.npz,sixhump_camel/categorical_kernel/rahbo_a0.5/nrep03/seed30
sixhump_camel,categorical_kernel,rahbo,0.5,10,1,ok,50,/data/zhq7531/IDEAL/hetero_lvgp/benchmark/results/sixhump_camel/categorical_kernel/rahbo_a0.5/nrep10/seed01.npz,sixhump_camel/categorical_kernel/rahbo_a0.5/nrep10/seed01
sixhump_camel,categorical_kernel,rahbo,0.5,10,2,ok,50,/data/zhq7531/IDEAL/hetero_lvgp/benchmark/results/sixhump_camel/categorical_kernel/rahbo_a0.5/nrep10/seed02.npz,sixhump_camel/categorical_kernel/rahbo_a0.5/nrep10/seed02
sixhump_camel,categorical_kernel,rahbo,0.5,10,3,ok,50,/data/zhq7531/IDEAL/hetero_lvgp/benchmark/results/sixhump_camel/categorical_kernel/rahbo_a0.5/nrep10/seed03.npz,sixhump_camel/categorical_kernel/rahbo_a0.5/nrep10/seed03
sixhump_camel,categorical_kernel,rahbo,0.5,10,4,ok,50,/data/zhq7531/IDEAL/hetero_lvgp/benchmark/results/sixhump_camel/categorical_kernel/rahbo_a0.5/nrep10/seed04.npz,sixhump_camel/categorical_kernel/rahbo_a0.5/nrep10/seed04
sixhump_camel,categorical_kernel,rahbo,0.5,10,5,ok,50,/data/zhq7531/IDEAL/hetero_lvgp/benchmark/results/sixhump_camel/categorical_kernel/rahbo_a0.5/nrep10/seed05.npz,sixhump_camel/categorical_kernel/rahbo_a0.5/nrep10/seed05
sixhump_camel,categorical_kernel,rahbo,0.5,10,6,ok,50,/data/zhq7531/IDEAL/hetero_lvgp/benchmark/results/sixhump_camel/categorical_kernel/rahbo_a0.5/nrep10/seed06.npz,sixhump_camel/categorical_kernel/rahbo_a0.5/nrep10/seed06
sixhump_camel,categorical_kernel,rahbo,0.5,10,7,ok,50,/data/zhq7531/IDEAL/hetero_lvgp/benchmark/results/sixhump_camel/categorical_kernel/rahbo_a0.5/nrep10/seed07.npz,sixhump_camel/categorical_kernel/rahbo_a0.5/nrep10/seed07
sixhump_camel,categorical_kernel,rahbo,0.5,10,8,ok,50,/data/zhq7531/IDEAL/hetero_lvgp/benchmark/results/sixhump_camel/categorical_kernel/rahbo_a0.5/nrep10/seed08.npz,sixhump_camel/categorical_kernel/rahbo_a0.5/nrep10/seed08
sixhump_camel,categorical_kernel,rahbo,0.5,10,9,ok,50,/data/zhq7531/IDEAL/hetero_lvgp/benchmark/results/sixhump_camel/categorical_kernel/rahbo_a0.5/nrep10/seed09.npz,sixhump_camel/categorical_kernel/rahbo_a0.5/nrep10/seed09
sixhump_camel,categorical_kernel,rahbo,0.5,10,10,ok,50,/data/zhq7531/IDEAL/hetero_lvgp/benchmark/results/sixhump_camel/categorical_kernel/rahbo_a0.5/nrep10/seed10.npz,sixhump_camel/categorical_kernel/rahbo_a0.5/nrep10/seed10
sixhump_camel,categorical_kernel,rahbo,0.5,10,11,ok,50,/data/zhq7531/IDEAL/hetero_lvgp/benchmark/results/sixhump_camel/categorical_kernel/rahbo_a0.5/nrep10/seed11.npz,sixhump_camel/categorical_kernel/rahbo_a0.5/nrep10/seed11
sixhump_camel,categorical_kernel,rahbo,0.5,10,12,ok,50,/data/zhq7531/IDEAL/hetero_lvgp/benchmark/results/sixhump_camel/categorical_kernel/rahbo_a0.5/nrep10/seed12.npz,sixhump_camel/categorical_kernel/rahbo_a0.5/nrep10/seed12
sixhump_camel,categorical_kernel,rahbo,0.5,10,13,ok,50,/data/zhq7531/IDEAL/hetero_lvgp/benchmark/results/sixhump_camel/categorical_kernel/rahbo_a0.5/nrep10/seed13.npz,sixhump_camel/categorical_kernel/rahbo_a0.5/nrep10/seed13
sixhump_camel,categorical_kernel,rahbo,0.5,10,14,ok,50,/data/zhq7531/IDEAL/hetero_lvgp/benchmark/results/sixhump_camel/categorical_kernel/rahbo_a0.5/nrep10/seed14.npz,sixhump_camel/categorical_kernel/rahbo_a0.5/nrep10/seed14
sixhump_camel,categorical_kernel,rahbo,0.5,10,15,ok,50,/data/zhq7531/IDEAL/hetero_lvgp/benchmark/results/sixhump_camel/categorical_kernel/rahbo_a0.5/nrep10/seed15.npz,sixhump_camel/categorical_kernel/rahbo_a0.5/nrep10/seed15
sixhump_camel,categorical_kernel,rahbo,0.5,10,16,ok,50,/data/zhq7531/IDEAL/hetero_lvgp/benchmark/results/sixhump_camel/categorical_kernel/rahbo_a0.5/nrep10/seed16.npz,sixhump_camel/categorical_kernel/rahbo_a0.5/nrep10/seed16
sixhump_camel,categorical_kernel,rahbo,0.5,10,17,ok,50,/data/zhq7531/IDEAL/hetero_lvgp/benchmark/results/sixhump_camel/categorical_kernel/rahbo_a0.5/nrep10/seed17.npz,sixhump_camel/categorical_kernel/rahbo_a0.5/nrep10/seed17
sixhump_camel,categorical_kernel,rahbo,0.5,10,18,ok,50,/data/zhq7531/IDEAL/hetero_lvgp/benchmark/results/sixhump_camel/categorical_kernel/rahbo_a0.5/nrep10/seed18.npz,sixhump_camel/categorical_kernel/rahbo_a0.5/nrep10/seed18
sixhump_camel,categorical_kernel,rahbo,0.5,10,19,ok,50,/data/zhq7531/IDEAL/hetero_lvgp/benchmark/results/sixhump_camel/categorical_kernel/rahbo_a0.5/nrep10/seed19.npz,sixhump_camel/categorical_kernel/rahbo_a0.5/nrep10/seed19
sixhump_camel,categorical_kernel,rahbo,0.5,10,20,ok,50,/data/zhq7531/IDEAL/hetero_lvgp/benchmark/results/sixhump_camel/categorical_kernel/rahbo_a0.5/nrep10/seed20.npz,sixhump_camel/categorical_kernel/rahbo_a0.5/nrep10/seed20
sixhump_camel,categorical_kernel,rahbo,0.5,10,21,ok,50,/data/zhq7531/IDEAL/hetero_lvgp/benchmark/results/sixhump_camel/categorical_kernel/rahbo_a0.5/nrep10/seed21.npz,sixhump_camel/categorical_kernel/rahbo_a0.5/nrep10/seed21
sixhump_camel,categorical_kernel,rahbo,0.5,10,22,ok,50,/data/zhq7531/IDEAL/hetero_lvgp/benchmark/results/sixhump_camel/categorical_kernel/rahbo_a0.5/nrep10/seed22.npz,sixhump_camel/categorical_kernel/rahbo_a0.5/nrep10/seed22
sixhump_camel,categorical_kernel,rahbo,0.5,10,23,ok,50,/data/zhq7531/IDEAL/hetero_lvgp/benchmark/results/sixhump_camel/categorical_kernel/rahbo_a0.5/nrep10/seed23.npz,sixhump_camel/categorical_kernel/rahbo_a0.5/nrep10/seed23
sixhump_camel,categorical_kernel,rahbo,0.5,10,24,ok,50,/data/zhq7531/IDEAL/hetero_lvgp/benchmark/results/sixhump_camel/categorical_kernel/rahbo_a0.5/nrep10/seed24.npz,sixhump_camel/categorical_kernel/rahbo_a0.5/nrep10/seed24
sixhump_camel,categorical_kernel,rahbo,0.5,10,25,ok,50,/data/zhq7531/IDEAL/hetero_lvgp/benchmark/results/sixhump_camel/categorical_kernel/rahbo_a0.5/nrep10/seed25.npz,sixhump_camel/categorical_kernel/rahbo_a0.5/nrep10/seed25
sixhump_camel,categorical_kernel,rahbo,0.5,10,26,ok,50,/data/zhq7531/IDEAL/hetero_lvgp/benchmark/results/sixhump_camel/categorical_kernel/rahbo_a0.5/nrep10/seed26.npz,sixhump_camel/categorical_kernel/rahbo_a0.5/nrep10/seed26
sixhump_camel,categorical_kernel,rahbo,0.5,10,27,ok,50,/data/zhq7531/IDEAL/hetero_lvgp/benchmark/results/sixhump_camel/categorical_kernel/rahbo_a0.5/nrep10/seed27.npz,sixhump_camel/categorical_kernel/rahbo_a0.5/nrep10/seed27
sixhump_camel,categorical_kernel,rahbo,0.5,10,28,ok,50,/data/zhq7531/IDEAL/hetero_lvgp/benchmark/results/sixhump_camel/categorical_kernel/rahbo_a0.5/nrep10/seed28.npz,sixhump_camel/categorical_kernel/rahbo_a0.5/nrep10/seed28
sixhump_camel,categorical_kernel,rahbo,0.5,10,29,ok,50,/data/zhq7531/IDEAL/hetero_lvgp/benchmark/results/sixhump_camel/categorical_kernel/rahbo_a0.5/nrep10/seed29.npz,sixhump_camel/categorical_kernel/rahbo_a0.5/nrep10/seed29
sixhump_camel,categorical_kernel,rahbo,0.5,10,30,ok,50,/data/zhq7531/IDEAL/hetero_lvgp/benchmark/results/sixhump_camel/categorical_kernel/rahbo_a0.5/nrep10/seed30.npz,sixhump_camel/categorical_kernel/rahbo_a0.5/nrep10/seed30
sixhump_camel,standard_LVGP,lcb,,3,1,ok,50,/data/zhq7531/IDEAL/hetero_lvgp/benchmark/results/sixhump_camel/standard_LVGP/lcb/nrep03/seed01.mat,sixhump_camel/standard_LVGP/lcb/nrep03/seed01
sixhump_camel,standard_LVGP,lcb,,3,2,ok,50,/data/zhq7531/IDEAL/hetero_lvgp/benchmark/results/sixhump_camel/standard_LVGP/lcb/nrep03/seed02.mat,sixhump_camel/standard_LVGP/lcb/nrep03/seed02
sixhump_camel,standard_LVGP,lcb,,3,3,ok,50,/data/zhq7531/IDEAL/hetero_lvgp/benchmark/results/sixhump_camel/standard_LVGP/lcb/nrep03/seed03.mat,sixhump_camel/standard_LVGP/lcb/nrep03/seed03
sixhump_camel,standard_LVGP,lcb,,3,4,ok,50,/data/zhq7531/IDEAL/hetero_lvgp/benchmark/results/sixhump_camel/standard_LVGP/lcb/nrep03/seed04.mat,sixhump_camel/standard_LVGP/lcb/nrep03/seed04
sixhump_camel,standard_LVGP,lcb,,3,5,ok,50,/data/zhq7531/IDEAL/hetero_lvgp/benchmark/results/sixhump_camel/standard_LVGP/lcb/nrep03/seed05.mat,sixhump_camel/standard_LVGP/lcb/nrep03/seed05
sixhump_camel,standard_LVGP,lcb,,3,6,ok,50,/data/zhq7531/IDEAL/hetero_lvgp/benchmark/results/sixhump_camel/standard_LVGP/lcb/nrep03/seed06.mat,sixhump_camel/standard_LVGP/lcb/nrep03/seed06
sixhump_camel,standard_LVGP,lcb,,3,7,ok,50,/data/zhq7531/IDEAL/hetero_lvgp/benchmark/results/sixhump_camel/standard_LVGP/lcb/nrep03/seed07.mat,sixhump_camel/standard_LVGP/lcb/nrep03/seed07
sixhump_camel,standard_LVGP,lcb,,3,8,ok,50,/data/zhq7531/IDEAL/hetero_lvgp/benchmark/results/sixhump_camel/standard_LVGP/lcb/nrep03/seed08.mat,sixhump_camel/standard_LVGP/lcb/nrep03/seed08
sixhump_camel,standard_LVGP,lcb,,3,9,ok,50,/data/zhq7531/IDEAL/hetero_lvgp/benchmark/results/sixhump_camel/standard_LVGP/lcb/nrep03/seed09.mat,sixhump_camel/standard_LVGP/lcb/nrep03/seed09
sixhump_camel,standard_LVGP,lcb,,3,10,ok,50,/data/zhq7531/IDEAL/hetero_lvgp/benchmark/results/sixhump_camel/standard_LVGP/lcb/nrep03/seed10.mat,sixhump_camel/standard_LVGP/lcb/nrep03/seed10
sixhump_camel,standard_LVGP,lcb,,3,11,ok,50,/data/zhq7531/IDEAL/hetero_lvgp/benchmark/results/sixhump_camel/standard_LVGP/lcb/nrep03/seed11.mat,sixhump_camel/standard_LVGP/lcb/nrep03/seed11
sixhump_camel,standard_LVGP,lcb,,3,12,ok,50,/data/zhq7531/IDEAL/hetero_lvgp/benchmark/results/sixhump_camel/standard_LVGP/lcb/nrep03/seed12.mat,sixhump_camel/standard_LVGP/lcb/nrep03/seed12
sixhump_camel,standard_LVGP,lcb,,3,13,ok,50,/data/zhq7531/IDEAL/hetero_lvgp/benchmark/results/sixhump_camel/standard_LVGP/lcb/nrep03/seed13.mat,sixhump_camel/standard_LVGP/lcb/nrep03/seed13
sixhump_camel,standard_LVGP,lcb,,3,14,ok,50,/data/zhq7531/IDEAL/hetero_lvgp/benchmark/results/sixhump_camel/standard_LVGP/lcb/nrep03/seed14.mat,sixhump_camel/standard_LVGP/lcb/nrep03/seed14
sixhump_camel,standard_LVGP,lcb,,3,15,ok,50,/data/zhq7531/IDEAL/hetero_lvgp/benchmark/results/sixhump_camel/standard_LVGP/lcb/nrep03/seed15.mat,sixhump_camel/standard_LVGP/lcb/nrep03/seed15
sixhump_camel,standard_LVGP,lcb,,3,16,ok,50,/data/zhq7531/IDEAL/hetero_lvgp/benchmark/results/sixhump_camel/standard_LVGP/lcb/nrep03/seed16.mat,sixhump_camel/standard_LVGP/lcb/nrep03/seed16
sixhump_camel,standard_LVGP,lcb,,3,17,ok,50,/data/zhq7531/IDEAL/hetero_lvgp/benchmark/results/sixhump_camel/standard_LVGP/lcb/nrep03/seed17.mat,sixhump_camel/standard_LVGP/lcb/nrep03/seed17
sixhump_camel,standard_LVGP,lcb,,3,18,ok,50,/data/zhq7531/IDEAL/hetero_lvgp/benchmark/results/sixhump_camel/standard_LVGP/lcb/nrep03/seed18.mat,sixhump_camel/standard_LVGP/lcb/nrep03/seed18
sixhump_camel,standard_LVGP,lcb,,3,19,ok,50,/data/zhq7531/IDEAL/hetero_lvgp/benchmark/results/sixhump_camel/standard_LVGP/lcb/nrep03/seed19.mat,sixhump_camel/standard_LVGP/lcb/nrep03/seed19
sixhump_camel,standard_LVGP,lcb,,3,20,ok,50,/data/zhq7531/IDEAL/hetero_lvgp/benchmark/results/sixhump_camel/standard_LVGP/lcb/nrep03/seed20.mat,sixhump_camel/standard_LVGP/lcb/nrep03/seed20
sixhump_camel,standard_LVGP,lcb,,3,21,ok,50,/data/zhq7531/IDEAL/hetero_lvgp/benchmark/results/sixhump_camel/standard_LVGP/lcb/nrep03/seed21.mat,sixhump_camel/standard_LVGP/lcb/nrep03/seed21
sixhump_camel,standard_LVGP,lcb,,3,22,ok,50,/data/zhq7531/IDEAL/hetero_lvgp/benchmark/results/sixhump_camel/standard_LVGP/lcb/nrep03/seed22.mat,sixhump_camel/standard_LVGP/lcb/nrep03/seed22
sixhump_camel,standard_LVGP,lcb,,3,23,ok,50,/data/zhq7531/IDEAL/hetero_lvgp/benchmark/results/sixhump_camel/standard_LVGP/lcb/nrep03/seed23.mat,sixhump_camel/standard_LVGP/lcb/nrep03/seed23
sixhump_camel,standard_LVGP,lcb,,3,24,ok,50,/data/zhq7531/IDEAL/hetero_lvgp/benchmark/results/sixhump_camel/standard_LVGP/lcb/nrep03/seed24.mat,sixhump_camel/standard_LVGP/lcb/nrep03/seed24
sixhump_camel,standard_LVGP,lcb,,3,25,ok,50,/data/zhq7531/IDEAL/hetero_lvgp/benchmark/results/sixhump_camel/standard_LVGP/lcb/nrep03/seed25.mat,sixhump_camel/standard_LVGP/lcb/nrep03/seed25
sixhump_camel,standard_LVGP,lcb,,3,26,ok,50,/data/zhq7531/IDEAL/hetero_lvgp/benchmark/results/sixhump_camel/standard_LVGP/lcb/nrep03/seed26.mat,sixhump_camel/standard_LVGP/lcb/nrep03/seed26
sixhump_camel,standard_LVGP,lcb,,3,27,ok,50,/data/zhq7531/IDEAL/hetero_lvgp/benchmark/results/sixhump_camel/standard_LVGP/lcb/nrep03/seed27.mat,sixhump_camel/standard_LVGP/lcb/nrep03/seed27
sixhump_camel,standard_LVGP,lcb,,3,28,ok,50,/data/zhq7531/IDEAL/hetero_lvgp/benchmark/results/sixhump_camel/standard_LVGP/lcb/nrep03/seed28.mat,sixhump_camel/standard_LVGP/lcb/nrep03/seed28
sixhump_camel,standard_LVGP,lcb,,3,29,ok,50,/data/zhq7531/IDEAL/hetero_lvgp/benchmark/results/sixhump_camel/standard_LVGP/lcb/nrep03/seed29.mat,sixhump_camel/standard_LVGP/lcb/nrep03/seed29
sixhump_camel,standard_LVGP,lcb,,3,30,ok,50,/data/zhq7531/IDEAL/hetero_lvgp/benchmark/results/sixhump_camel/standard_LVGP/lcb/nrep03/seed30.mat,sixhump_camel/standard_LVGP/lcb/nrep03/seed30
sixhump_camel,standard_LVGP,lcb,,10,1,ok,50,/data/zhq7531/IDEAL/hetero_lvgp/benchmark/results/sixhump_camel/standard_LVGP/lcb/nrep10/seed01.mat,sixhump_camel/standard_LVGP/lcb/nrep10/seed01
sixhump_camel,standard_LVGP,lcb,,10,2,ok,50,/data/zhq7531/IDEAL/hetero_lvgp/benchmark/results/sixhump_camel/standard_LVGP/lcb/nrep10/seed02.mat,sixhump_camel/standard_LVGP/lcb/nrep10/seed02
sixhump_camel,standard_LVGP,lcb,,10,3,ok,50,/data/zhq7531/IDEAL/hetero_lvgp/benchmark/results/sixhump_camel/standard_LVGP/lcb/nrep10/seed03.mat,sixhump_camel/standard_LVGP/lcb/nrep10/seed03
sixhump_camel,standard_LVGP,lcb,,10,4,ok,50,/data/zhq7531/IDEAL/hetero_lvgp/benchmark/results/sixhump_camel/standard_LVGP/lcb/nrep10/seed04.mat,sixhump_camel/standard_LVGP/lcb/nrep10/seed04
sixhump_camel,standard_LVGP,lcb,,10,5,ok,50,/data/zhq7531/IDEAL/hetero_lvgp/benchmark/results/sixhump_camel/standard_LVGP/lcb/nrep10/seed05.mat,sixhump_camel/standard_LVGP/lcb/nrep10/seed05
sixhump_camel,standard_LVGP,lcb,,10,6,ok,50,/data/zhq7531/IDEAL/hetero_lvgp/benchmark/results/sixhump_camel/standard_LVGP/lcb/nrep10/seed06.mat,sixhump_camel/standard_LVGP/lcb/nrep10/seed06
sixhump_camel,standard_LVGP,lcb,,10,7,ok,50,/data/zhq7531/IDEAL/hetero_lvgp/benchmark/results/sixhump_camel/standard_LVGP/lcb/nrep10/seed07.mat,sixhump_camel/standard_LVGP/lcb/nrep10/seed07
sixhump_camel,standard_LVGP,lcb,,10,8,ok,50,/data/zhq7531/IDEAL/hetero_lvgp/benchmark/results/sixhump_camel/standard_LVGP/lcb/nrep10/seed08.mat,sixhump_camel/standard_LVGP/lcb/nrep10/seed08
sixhump_camel,standard_LVGP,lcb,,10,9,ok,50,/data/zhq7531/IDEAL/hetero_lvgp/benchmark/results/sixhump_camel/standard_LVGP/lcb/nrep10/seed09.mat,sixhump_camel/standard_LVGP/lcb/nrep10/seed09
sixhump_camel,standard_LVGP,lcb,,10,10,ok,50,/data/zhq7531/IDEAL/hetero_lvgp/benchmark/results/sixhump_camel/standard_LVGP/lcb/nrep10/seed10.mat,sixhump_camel/standard_LVGP/lcb/nrep10/seed10
sixhump_camel,standard_LVGP,lcb,,10,11,ok,50,/data/zhq7531/IDEAL/hetero_lvgp/benchmark/results/sixhump_camel/standard_LVGP/lcb/nrep10/seed11.mat,sixhump_camel/standard_LVGP/lcb/nrep10/seed11
sixhump_camel,standard_LVGP,lcb,,10,12,ok,50,/data/zhq7531/IDEAL/hetero_lvgp/benchmark/results/sixhump_camel/standard_LVGP/lcb/nrep10/seed12.mat,sixhump_camel/standard_LVGP/lcb/nrep10/seed12
sixhump_camel,standard_LVGP,lcb,,10,13,ok,50,/data/zhq7531/IDEAL/hetero_lvgp/benchmark/results/sixhump_camel/standard_LVGP/lcb/nrep10/seed13.mat,sixhump_camel/standard_LVGP/lcb/nrep10/seed13
sixhump_camel,standard_LVGP,lcb,,10,14,ok,50,/data/zhq7531/IDEAL/hetero_lvgp/benchmark/results/sixhump_camel/standard_LVGP/lcb/nrep10/seed14.mat,sixhump_camel/standard_LVGP/lcb/nrep10/seed14
sixhump_camel,standard_LVGP,lcb,,10,15,ok,50,/data/zhq7531/IDEAL/hetero_lvgp/benchmark/results/sixhump_camel/standard_LVGP/lcb/nrep10/seed15.mat,sixhump_camel/standard_LVGP/lcb/nrep10/seed15
sixhump_camel,standard_LVGP,lcb,,10,16,ok,50,/data/zhq7531/IDEAL/hetero_lvgp/benchmark/results/sixhump_camel/standard_LVGP/lcb/nrep10/seed16.mat,sixhump_camel/standard_LVGP/lcb/nrep10/seed16
sixhump_camel,standard_LVGP,lcb,,10,17,ok,50,/data/zhq7531/IDEAL/hetero_lvgp/benchmark/results/sixhump_camel/standard_LVGP/lcb/nrep10/seed17.mat,sixhump_camel/standard_LVGP/lcb/nrep10/seed17
sixhump_camel,standard_LVGP,lcb,,10,18,ok,50,/data/zhq7531/IDEAL/hetero_lvgp/benchmark/results/sixhump_camel/standard_LVGP/lcb/nrep10/seed18.mat,sixhump_camel/standard_LVGP/lcb/nrep10/seed18
sixhump_camel,standard_LVGP,lcb,,10,19,ok,50,/data/zhq7531/IDEAL/hetero_lvgp/benchmark/results/sixhump_camel/standard_LVGP/lcb/nrep10/seed19.mat,sixhump_camel/standard_LVGP/lcb/nrep10/seed19
sixhump_camel,standard_LVGP,lcb,,10,20,ok,50,/data/zhq7531/IDEAL/hetero_lvgp/benchmark/results/sixhump_camel/standard_LVGP/lcb/nrep10/seed20.mat,sixhump_camel/standard_LVGP/lcb/nrep10/seed20
sixhump_camel,standard_LVGP,lcb,,10,21,ok,50,/data/zhq7531/IDEAL/hetero_lvgp/benchmark/results/sixhump_camel/standard_LVGP/lcb/nrep10/seed21.mat,sixhump_camel/standard_LVGP/lcb/nrep10/seed21
sixhump_camel,standard_LVGP,lcb,,10,22,ok,50,/data/zhq7531/IDEAL/hetero_lvgp/benchmark/results/sixhump_camel/standard_LVGP/lcb/nrep10/seed22.mat,sixhump_camel/standard_LVGP/lcb/nrep10/seed22
sixhump_camel,standard_LVGP,lcb,,10,23,ok,50,/data/zhq7531/IDEAL/hetero_lvgp/benchmark/results/sixhump_camel/standard_LVGP/lcb/nrep10/seed23.mat,sixhump_camel/standard_LVGP/lcb/nrep10/seed23
sixhump_camel,standard_LVGP,lcb,,10,24,ok,50,/data/zhq7531/IDEAL/hetero_lvgp/benchmark/results/sixhump_camel/standard_LVGP/lcb/nrep10/seed24.mat,sixhump_camel/standard_LVGP/lcb/nrep10/seed24
sixhump_camel,standard_LVGP,lcb,,10,25,ok,50,/data/zhq7531/IDEAL/hetero_lvgp/benchmark/results/sixhump_camel/standard_LVGP/lcb/nrep10/seed25.mat,sixhump_camel/standard_LVGP/lcb/nrep10/seed25
sixhump_camel,standard_LVGP,lcb,,10,26,ok,50,/data/zhq7531/IDEAL/hetero_lvgp/benchmark/results/sixhump_camel/standard_LVGP/lcb/nrep10/seed26.mat,sixhump_camel/standard_LVGP/lcb/nrep10/seed26
sixhump_camel,standard_LVGP,lcb,,10,27,ok,50,/data/zhq7531/IDEAL/hetero_lvgp/benchmark/results/sixhump_camel/standard_LVGP/lcb/nrep10/seed27.mat,sixhump_camel/standard_LVGP/lcb/nrep10/seed27
sixhump_camel,standard_LVGP,lcb,,10,28,ok,50,/data/zhq7531/IDEAL/hetero_lvgp/benchmark/results/sixhump_camel/standard_LVGP/lcb/nrep10/seed28.mat,sixhump_camel/standard_LVGP/lcb/nrep10/seed28
sixhump_camel,standard_LVGP,lcb,,10,29,ok,50,/data/zhq7531/IDEAL/hetero_lvgp/benchmark/results/sixhump_camel/standard_LVGP/lcb/nrep10/seed29.mat,sixhump_camel/standard_LVGP/lcb/nrep10/seed29
sixhump_camel,standard_LVGP,lcb,,10,30,ok,50,/data/zhq7531/IDEAL/hetero_lvgp/benchmark/results/sixhump_camel/standard_LVGP/lcb/nrep10/seed30.mat,sixhump_camel/standard_LVGP/lcb/nrep10/seed30
sixhump_camel,standard_LVGP,pi,,3,1,ok,50,/data/zhq7531/IDEAL/hetero_lvgp/benchmark/results/sixhump_camel/standard_LVGP/pi/nrep03/seed01.mat,sixhump_camel/standard_LVGP/pi/nrep03/seed01
sixhump_camel,standard_LVGP,pi,,3,2,ok,50,/data/zhq7531/IDEAL/hetero_lvgp/benchmark/results/sixhump_camel/standard_LVGP/pi/nrep03/seed02.mat,sixhump_camel/standard_LVGP/pi/nrep03/seed02
sixhump_camel,standard_LVGP,pi,,3,3,ok,50,/data/zhq7531/IDEAL/hetero_lvgp/benchmark/results/sixhump_camel/standard_LVGP/pi/nrep03/seed03.mat,sixhump_camel/standard_LVGP/pi/nrep03/seed03
sixhump_camel,standard_LVGP,pi,,3,4,ok,50,/data/zhq7531/IDEAL/hetero_lvgp/benchmark/results/sixhump_camel/standard_LVGP/pi/nrep03/seed04.mat,sixhump_camel/standard_LVGP/pi/nrep03/seed04
sixhump_camel,standard_LVGP,pi,,3,5,ok,50,/data/zhq7531/IDEAL/hetero_lvgp/benchmark/results/sixhump_camel/standard_LVGP/pi/nrep03/seed05.mat,sixhump_camel/standard_LVGP/pi/nrep03/seed05
sixhump_camel,standard_LVGP,pi,,3,6,ok,50,/data/zhq7531/IDEAL/hetero_lvgp/benchmark/results/sixhump_camel/standard_LVGP/pi/nrep03/seed06.mat,sixhump_camel/standard_LVGP/pi/nrep03/seed06
sixhump_camel,standard_LVGP,pi,,3,7,ok,50,/data/zhq7531/IDEAL/hetero_lvgp/benchmark/results/sixhump_camel/standard_LVGP/pi/nrep03/seed07.mat,sixhump_camel/standard_LVGP/pi/nrep03/seed07
sixhump_camel,standard_LVGP,pi,,3,8,ok,50,/data/zhq7531/IDEAL/hetero_lvgp/benchmark/results/sixhump_camel/standard_LVGP/pi/nrep03/seed08.mat,sixhump_camel/standard_LVGP/pi/nrep03/seed08
sixhump_camel,standard_LVGP,pi,,3,9,ok,50,/data/zhq7531/IDEAL/hetero_lvgp/benchmark/results/sixhump_camel/standard_LVGP/pi/nrep03/seed09.mat,sixhump_camel/standard_LVGP/pi/nrep03/seed09
sixhump_camel,standard_LVGP,pi,,3,10,ok,50,/data/zhq7531/IDEAL/hetero_lvgp/benchmark/results/sixhump_camel/standard_LVGP/pi/nrep03/seed10.mat,sixhump_camel/standard_LVGP/pi/nrep03/seed10
sixhump_camel,standard_LVGP,pi,,3,11,ok,50,/data/zhq7531/IDEAL/hetero_lvgp/benchmark/results/sixhump_camel/standard_LVGP/pi/nrep03/seed11.mat,sixhump_camel/standard_LVGP/pi/nrep03/seed11
sixhump_camel,standard_LVGP,pi,,3,12,ok,50,/data/zhq7531/IDEAL/hetero_lvgp/benchmark/results/sixhump_camel/standard_LVGP/pi/nrep03/seed12.mat,sixhump_camel/standard_LVGP/pi/nrep03/seed12
sixhump_camel,standard_LVGP,pi,,3,13,ok,50,/data/zhq7531/IDEAL/hetero_lvgp/benchmark/results/sixhump_camel/standard_LVGP/pi/nrep03/seed13.mat,sixhump_camel/standard_LVGP/pi/nrep03/seed13
sixhump_camel,standard_LVGP,pi,,3,14,ok,50,/data/zhq7531/IDEAL/hetero_lvgp/benchmark/results/sixhump_camel/standard_LVGP/pi/nrep03/seed14.mat,sixhump_camel/standard_LVGP/pi/nrep03/seed14
sixhump_camel,standard_LVGP,pi,,3,15,ok,50,/data/zhq7531/IDEAL/hetero_lvgp/benchmark/results/sixhump_camel/standard_LVGP/pi/nrep03/seed15.mat,sixhump_camel/standard_LVGP/pi/nrep03/seed15
sixhump_camel,standard_LVGP,pi,,3,16,ok,50,/data/zhq7531/IDEAL/hetero_lvgp/benchmark/results/sixhump_camel/standard_LVGP/pi/nrep03/seed16.mat,sixhump_camel/standard_LVGP/pi/nrep03/seed16
sixhump_camel,standard_LVGP,pi,,3,17,ok,50,/data/zhq7531/IDEAL/hetero_lvgp/benchmark/results/sixhump_camel/standard_LVGP/pi/nrep03/seed17.mat,sixhump_camel/standard_LVGP/pi/nrep03/seed17
sixhump_camel,standard_LVGP,pi,,3,18,ok,50,/data/zhq7531/IDEAL/hetero_lvgp/benchmark/results/sixhump_camel/standard_LVGP/pi/nrep03/seed18.mat,sixhump_camel/standard_LVGP/pi/nrep03/seed18
sixhump_camel,standard_LVGP,pi,,3,19,ok,50,/data/zhq7531/IDEAL/hetero_lvgp/benchmark/results/sixhump_camel/standard_LVGP/pi/nrep03/seed19.mat,sixhump_camel/standard_LVGP/pi/nrep03/seed19
sixhump_camel,standard_LVGP,pi,,3,20,ok,50,/data/zhq7531/IDEAL/hetero_lvgp/benchmark/results/sixhump_camel/standard_LVGP/pi/nrep03/seed20.mat,sixhump_camel/standard_LVGP/pi/nrep03/seed20
sixhump_camel,standard_LVGP,pi,,3,21,ok,50,/data/zhq7531/IDEAL/hetero_lvgp/benchmark/results/sixhump_camel/standard_LVGP/pi/nrep03/seed21.mat,sixhump_camel/standard_LVGP/pi/nrep03/seed21
sixhump_camel,standard_LVGP,pi,,3,22,ok,50,/data/zhq7531/IDEAL/hetero_lvgp/benchmark/results/sixhump_camel/standard_LVGP/pi/nrep03/seed22.mat,sixhump_camel/standard_LVGP/pi/nrep03/seed22
sixhump_camel,standard_LVGP,pi,,3,23,ok,50,/data/zhq7531/IDEAL/hetero_lvgp/benchmark/results/sixhump_camel/standard_LVGP/pi/nrep03/seed23.mat,sixhump_camel/standard_LVGP/pi/nrep03/seed23
sixhump_camel,standard_LVGP,pi,,3,24,ok,50,/data/zhq7531/IDEAL/hetero_lvgp/benchmark/results/sixhump_camel/standard_LVGP/pi/nrep03/seed24.mat,sixhump_camel/standard_LVGP/pi/nrep03/seed24
sixhump_camel,standard_LVGP,pi,,3,25,ok,50,/data/zhq7531/IDEAL/hetero_lvgp/benchmark/results/sixhump_camel/standard_LVGP/pi/nrep03/seed25.mat,sixhump_camel/standard_LVGP/pi/nrep03/seed25
sixhump_camel,standard_LVGP,pi,,3,26,ok,50,/data/zhq7531/IDEAL/hetero_lvgp/benchmark/results/sixhump_camel/standard_LVGP/pi/nrep03/seed26.mat,sixhump_camel/standard_LVGP/pi/nrep03/seed26
sixhump_camel,standard_LVGP,pi,,3,27,ok,50,/data/zhq7531/IDEAL/hetero_lvgp/benchmark/results/sixhump_camel/standard_LVGP/pi/nrep03/seed27.mat,sixhump_camel/standard_LVGP/pi/nrep03/seed27
sixhump_camel,standard_LVGP,pi,,3,28,ok,50,/data/zhq7531/IDEAL/hetero_lvgp/benchmark/results/sixhump_camel/standard_LVGP/pi/nrep03/seed28.mat,sixhump_camel/standard_LVGP/pi/nrep03/seed28
sixhump_camel,standard_LVGP,pi,,3,29,ok,50,/data/zhq7531/IDEAL/hetero_lvgp/benchmark/results/sixhump_camel/standard_LVGP/pi/nrep03/seed29.mat,sixhump_camel/standard_LVGP/pi/nrep03/seed29
sixhump_camel,standard_LVGP,pi,,3,30,ok,50,/data/zhq7531/IDEAL/hetero_lvgp/benchmark/results/sixhump_camel/standard_LVGP/pi/nrep03/seed30.mat,sixhump_camel/standard_LVGP/pi/nrep03/seed30
sixhump_camel,standard_LVGP,pi,,10,1,ok,50,/data/zhq7531/IDEAL/hetero_lvgp/benchmark/results/sixhump_camel/standard_LVGP/pi/nrep10/seed01.mat,sixhump_camel/standard_LVGP/pi/nrep10/seed01
sixhump_camel,standard_LVGP,pi,,10,2,ok,50,/data/zhq7531/IDEAL/hetero_lvgp/benchmark/results/sixhump_camel/standard_LVGP/pi/nrep10/seed02.mat,sixhump_camel/standard_LVGP/pi/nrep10/seed02
sixhump_camel,standard_LVGP,pi,,10,3,ok,50,/data/zhq7531/IDEAL/hetero_lvgp/benchmark/results/sixhump_camel/standard_LVGP/pi/nrep10/seed03.mat,sixhump_camel/standard_LVGP/pi/nrep10/seed03
sixhump_camel,standard_LVGP,pi,,10,4,ok,50,/data/zhq7531/IDEAL/hetero_lvgp/benchmark/results/sixhump_camel/standard_LVGP/pi/nrep10/seed04.mat,sixhump_camel/standard_LVGP/pi/nrep10/seed04
sixhump_camel,standard_LVGP,pi,,10,5,ok,50,/data/zhq7531/IDEAL/hetero_lvgp/benchmark/results/sixhump_camel/standard_LVGP/pi/nrep10/seed05.mat,sixhump_camel/standard_LVGP/pi/nrep10/seed05
sixhump_camel,standard_LVGP,pi,,10,6,ok,50,/data/zhq7531/IDEAL/hetero_lvgp/benchmark/results/sixhump_camel/standard_LVGP/pi/nrep10/seed06.mat,sixhump_camel/standard_LVGP/pi/nrep10/seed06
sixhump_camel,standard_LVGP,pi,,10,7,ok,50,/data/zhq7531/IDEAL/hetero_lvgp/benchmark/results/sixhump_camel/standard_LVGP/pi/nrep10/seed07.mat,sixhump_camel/standard_LVGP/pi/nrep10/seed07
sixhump_camel,standard_LVGP,pi,,10,8,ok,50,/data/zhq7531/IDEAL/hetero_lvgp/benchmark/results/sixhump_camel/standard_LVGP/pi/nrep10/seed08.mat,sixhump_camel/standard_LVGP/pi/nrep10/seed08
sixhump_camel,standard_LVGP,pi,,10,9,ok,50,/data/zhq7531/IDEAL/hetero_lvgp/benchmark/results/sixhump_camel/standard_LVGP/pi/nrep10/seed09.mat,sixhump_camel/standard_LVGP/pi/nrep10/seed09
sixhump_camel,standard_LVGP,pi,,10,10,ok,50,/data/zhq7531/IDEAL/hetero_lvgp/benchmark/results/sixhump_camel/standard_LVGP/pi/nrep10/seed10.mat,sixhump_camel/standard_LVGP/pi/nrep10/seed10
sixhump_camel,standard_LVGP,pi,,10,11,ok,50,/data/zhq7531/IDEAL/hetero_lvgp/benchmark/results/sixhump_camel/standard_LVGP/pi/nrep10/seed11.mat,sixhump_camel/standard_LVGP/pi/nrep10/seed11
sixhump_camel,standard_LVGP,pi,,10,12,ok,50,/data/zhq7531/IDEAL/hetero_lvgp/benchmark/results/sixhump_camel/standard_LVGP/pi/nrep10/seed12.mat,sixhump_camel/standard_LVGP/pi/nrep10/seed12
sixhump_camel,standard_LVGP,pi,,10,13,ok,50,/data/zhq7531/IDEAL/hetero_lvgp/benchmark/results/sixhump_camel/standard_LVGP/pi/nrep10/seed13.mat,sixhump_camel/standard_LVGP/pi/nrep10/seed13
sixhump_camel,standard_LVGP,pi,,10,14,ok,50,/data/zhq7531/IDEAL/hetero_lvgp/benchmark/results/sixhump_camel/standard_LVGP/pi/nrep10/seed14.mat,sixhump_camel/standard_LVGP/pi/nrep10/seed14
sixhump_camel,standard_LVGP,pi,,10,15,ok,50,/data/zhq7531/IDEAL/hetero_lvgp/benchmark/results/sixhump_camel/standard_LVGP/pi/nrep10/seed15.mat,sixhump_camel/standard_LVGP/pi/nrep10/seed15
sixhump_camel,standard_LVGP,pi,,10,16,ok,50,/data/zhq7531/IDEAL/hetero_lvgp/benchmark/results/sixhump_camel/standard_LVGP/pi/nrep10/seed16.mat,sixhump_camel/standard_LVGP/pi/nrep10/seed16
sixhump_camel,standard_LVGP,pi,,10,17,ok,50,/data/zhq7531/IDEAL/hetero_lvgp/benchmark/results/sixhump_camel/standard_LVGP/pi/nrep10/seed17.mat,sixhump_camel/standard_LVGP/pi/nrep10/seed17
sixhump_camel,standard_LVGP,pi,,10,18,ok,50,/data/zhq7531/IDEAL/hetero_lvgp/benchmark/results/sixhump_camel/standard_LVGP/pi/nrep10/seed18.mat,sixhump_camel/standard_LVGP/pi/nrep10/seed18
sixhump_camel,standard_LVGP,pi,,10,19,ok,50,/data/zhq7531/IDEAL/hetero_lvgp/benchmark/results/sixhump_camel/standard_LVGP/pi/nrep10/seed19.mat,sixhump_camel/standard_LVGP/pi/nrep10/seed19
sixhump_camel,standard_LVGP,pi,,10,20,ok,50,/data/zhq7531/IDEAL/hetero_lvgp/benchmark/results/sixhump_camel/standard_LVGP/pi/nrep10/seed20.mat,sixhump_camel/standard_LVGP/pi/nrep10/seed20
sixhump_camel,standard_LVGP,pi,,10,21,ok,50,/data/zhq7531/IDEAL/hetero_lvgp/benchmark/results/sixhump_camel/standard_LVGP/pi/nrep10/seed21.mat,sixhump_camel/standard_LVGP/pi/nrep10/seed21
sixhump_camel,standard_LVGP,pi,,10,22,ok,50,/data/zhq7531/IDEAL/hetero_lvgp/benchmark/results/sixhump_camel/standard_LVGP/pi/nrep10/seed22.mat,sixhump_camel/standard_LVGP/pi/nrep10/seed22
sixhump_camel,standard_LVGP,pi,,10,23,ok,50,/data/zhq7531/IDEAL/hetero_lvgp/benchmark/results/sixhump_camel/standard_LVGP/pi/nrep10/seed23.mat,sixhump_camel/standard_LVGP/pi/nrep10/seed23
sixhump_camel,standard_LVGP,pi,,10,24,ok,50,/data/zhq7531/IDEAL/hetero_lvgp/benchmark/results/sixhump_camel/standard_LVGP/pi/nrep10/seed24.mat,sixhump_camel/standard_LVGP/pi/nrep10/seed24
sixhump_camel,standard_LVGP,pi,,10,25,ok,50,/data/zhq7531/IDEAL/hetero_lvgp/benchmark/results/sixhump_camel/standard_LVGP/pi/nrep10/seed25.mat,sixhump_camel/standard_LVGP/pi/nrep10/seed25
sixhump_camel,standard_LVGP,pi,,10,26,ok,50,/data/zhq7531/IDEAL/hetero_lvgp/benchmark/results/sixhump_camel/standard_LVGP/pi/nrep10/seed26.mat,sixhump_camel/standard_LVGP/pi/nrep10/seed26
sixhump_camel,standard_LVGP,pi,,10,27,ok,50,/data/zhq7531/IDEAL/hetero_lvgp/benchmark/results/sixhump_camel/standard_LVGP/pi/nrep10/seed27.mat,sixhump_camel/standard_LVGP/pi/nrep10/seed27
sixhump_camel,standard_LVGP,pi,,10,28,ok,50,/data/zhq7531/IDEAL/hetero_lvgp/benchmark/results/sixhump_camel/standard_LVGP/pi/nrep10/seed28.mat,sixhump_camel/standard_LVGP/pi/nrep10/seed28
sixhump_camel,standard_LVGP,pi,,10,29,ok,50,/data/zhq7531/IDEAL/hetero_lvgp/benchmark/results/sixhump_camel/standard_LVGP/pi/nrep10/seed29.mat,sixhump_camel/standard_LVGP/pi/nrep10/seed29
sixhump_camel,standard_LVGP,pi,,10,30,ok,50,/data/zhq7531/IDEAL/hetero_lvgp/benchmark/results/sixhump_camel/standard_LVGP/pi/nrep10/seed30.mat,sixhump_camel/standard_LVGP/pi/nrep10/seed30
sixhump_camel,standard_LVGP,ei,,3,1,ok,50,/data/zhq7531/IDEAL/hetero_lvgp/benchmark/results/sixhump_camel/standard_LVGP/ei/nrep03/seed01.mat,sixhump_camel/standard_LVGP/ei/nrep03/seed01
sixhump_camel,standard_LVGP,ei,,3,2,ok,50,/data/zhq7531/IDEAL/hetero_lvgp/benchmark/results/sixhump_camel/standard_LVGP/ei/nrep03/seed02.mat,sixhump_camel/standard_LVGP/ei/nrep03/seed02
sixhump_camel,standard_LVGP,ei,,3,3,ok,50,/data/zhq7531/IDEAL/hetero_lvgp/benchmark/results/sixhump_camel/standard_LVGP/ei/nrep03/seed03.mat,sixhump_camel/standard_LVGP/ei/nrep03/seed03
sixhump_camel,standard_LVGP,ei,,3,4,ok,50,/data/zhq7531/IDEAL/hetero_lvgp/benchmark/results/sixhump_camel/standard_LVGP/ei/nrep03/seed04.mat,sixhump_camel/standard_LVGP/ei/nrep03/seed04
sixhump_camel,standard_LVGP,ei,,3,5,ok,50,/data/zhq7531/IDEAL/hetero_lvgp/benchmark/results/sixhump_camel/standard_LVGP/ei/nrep03/seed05.mat,sixhump_camel/standard_LVGP/ei/nrep03/seed05
sixhump_camel,standard_LVGP,ei,,3,6,ok,50,/data/zhq7531/IDEAL/hetero_lvgp/benchmark/results/sixhump_camel/standard_LVGP/ei/nrep03/seed06.mat,sixhump_camel/standard_LVGP/ei/nrep03/seed06
sixhump_camel,standard_LVGP,ei,,3,7,ok,50,/data/zhq7531/IDEAL/hetero_lvgp/benchmark/results/sixhump_camel/standard_LVGP/ei/nrep03/seed07.mat,sixhump_camel/standard_LVGP/ei/nrep03/seed07
sixhump_camel,standard_LVGP,ei,,3,8,ok,50,/data/zhq7531/IDEAL/hetero_lvgp/benchmark/results/sixhump_camel/standard_LVGP/ei/nrep03/seed08.mat,sixhump_camel/standard_LVGP/ei/nrep03/seed08
sixhump_camel,standard_LVGP,ei,,3,9,ok,50,/data/zhq7531/IDEAL/hetero_lvgp/benchmark/results/sixhump_camel/standard_LVGP/ei/nrep03/seed09.mat,sixhump_camel/standard_LVGP/ei/nrep03/seed09
sixhump_camel,standard_LVGP,ei,,3,10,ok,50,/data/zhq7531/IDEAL/hetero_lvgp/benchmark/results/sixhump_camel/standard_LVGP/ei/nrep03/seed10.mat,sixhump_camel/standard_LVGP/ei/nrep03/seed10
sixhump_camel,standard_LVGP,ei,,3,11,ok,50,/data/zhq7531/IDEAL/hetero_lvgp/benchmark/results/sixhump_camel/standard_LVGP/ei/nrep03/seed11.mat,sixhump_camel/standard_LVGP/ei/nrep03/seed11
sixhump_camel,standard_LVGP,ei,,3,12,ok,50,/data/zhq7531/IDEAL/hetero_lvgp/benchmark/results/sixhump_camel/standard_LVGP/ei/nrep03/seed12.mat,sixhump_camel/standard_LVGP/ei/nrep03/seed12
sixhump_camel,standard_LVGP,ei,,3,13,ok,50,/data/zhq7531/IDEAL/hetero_lvgp/benchmark/results/sixhump_camel/standard_LVGP/ei/nrep03/seed13.mat,sixhump_camel/standard_LVGP/ei/nrep03/seed13
sixhump_camel,standard_LVGP,ei,,3,14,ok,50,/data/zhq7531/IDEAL/hetero_lvgp/benchmark/results/sixhump_camel/standard_LVGP/ei/nrep03/seed14.mat,sixhump_camel/standard_LVGP/ei/nrep03/seed14
sixhump_camel,standard_LVGP,ei,,3,15,ok,50,/data/zhq7531/IDEAL/hetero_lvgp/benchmark/results/sixhump_camel/standard_LVGP/ei/nrep03/seed15.mat,sixhump_camel/standard_LVGP/ei/nrep03/seed15
sixhump_camel,standard_LVGP,ei,,3,16,ok,50,/data/zhq7531/IDEAL/hetero_lvgp/benchmark/results/sixhump_camel/standard_LVGP/ei/nrep03/seed16.mat,sixhump_camel/standard_LVGP/ei/nrep03/seed16
sixhump_camel,standard_LVGP,ei,,3,17,ok,50,/data/zhq7531/IDEAL/hetero_lvgp/benchmark/results/sixhump_camel/standard_LVGP/ei/nrep03/seed17.mat,sixhump_camel/standard_LVGP/ei/nrep03/seed17
sixhump_camel,standard_LVGP,ei,,3,18,ok,50,/data/zhq7531/IDEAL/hetero_lvgp/benchmark/results/sixhump_camel/standard_LVGP/ei/nrep03/seed18.mat,sixhump_camel/standard_LVGP/ei/nrep03/seed18
sixhump_camel,standard_LVGP,ei,,3,19,ok,50,/data/zhq7531/IDEAL/hetero_lvgp/benchmark/results/sixhump_camel/standard_LVGP/ei/nrep03/seed19.mat,sixhump_camel/standard_LVGP/ei/nrep03/seed19
sixhump_camel,standard_LVGP,ei,,3,20,ok,50,/data/zhq7531/IDEAL/hetero_lvgp/benchmark/results/sixhump_camel/standard_LVGP/ei/nrep03/seed20.mat,sixhump_camel/standard_LVGP/ei/nrep03/seed20
sixhump_camel,standard_LVGP,ei,,3,21,ok,50,/data/zhq7531/IDEAL/hetero_lvgp/benchmark/results/sixhump_camel/standard_LVGP/ei/nrep03/seed21.mat,sixhump_camel/standard_LVGP/ei/nrep03/seed21
sixhump_camel,standard_LVGP,ei,,3,22,ok,50,/data/zhq7531/IDEAL/hetero_lvgp/benchmark/results/sixhump_camel/standard_LVGP/ei/nrep03/seed22.mat,sixhump_camel/standard_LVGP/ei/nrep03/seed22
sixhump_camel,standard_LVGP,ei,,3,23,ok,50,/data/zhq7531/IDEAL/hetero_lvgp/benchmark/results/sixhump_camel/standard_LVGP/ei/nrep03/seed23.mat,sixhump_camel/standard_LVGP/ei/nrep03/seed23
sixhump_camel,standard_LVGP,ei,,3,24,ok,50,/data/zhq7531/IDEAL/hetero_lvgp/benchmark/results/sixhump_camel/standard_LVGP/ei/nrep03/seed24.mat,sixhump_camel/standard_LVGP/ei/nrep03/seed24
sixhump_camel,standard_LVGP,ei,,3,25,ok,50,/data/zhq7531/IDEAL/hetero_lvgp/benchmark/results/sixhump_camel/standard_LVGP/ei/nrep03/seed25.mat,sixhump_camel/standard_LVGP/ei/nrep03/seed25
sixhump_camel,standard_LVGP,ei,,3,26,ok,50,/data/zhq7531/IDEAL/hetero_lvgp/benchmark/results/sixhump_camel/standard_LVGP/ei/nrep03/seed26.mat,sixhump_camel/standard_LVGP/ei/nrep03/seed26
sixhump_camel,standard_LVGP,ei,,3,27,ok,50,/data/zhq7531/IDEAL/hetero_lvgp/benchmark/results/sixhump_camel/standard_LVGP/ei/nrep03/seed27.mat,sixhump_camel/standard_LVGP/ei/nrep03/seed27
sixhump_camel,standard_LVGP,ei,,3,28,ok,50,/data/zhq7531/IDEAL/hetero_lvgp/benchmark/results/sixhump_camel/standard_LVGP/ei/nrep03/seed28.mat,sixhump_camel/standard_LVGP/ei/nrep03/seed28
sixhump_camel,standard_LVGP,ei,,3,29,ok,50,/data/zhq7531/IDEAL/hetero_lvgp/benchmark/results/sixhump_camel/standard_LVGP/ei/nrep03/seed29.mat,sixhump_camel/standard_LVGP/ei/nrep03/seed29
sixhump_camel,standard_LVGP,ei,,3,30,ok,50,/data/zhq7531/IDEAL/hetero_lvgp/benchmark/results/sixhump_camel/standard_LVGP/ei/nrep03/seed30.mat,sixhump_camel/standard_LVGP/ei/nrep03/seed30
sixhump_camel,standard_LVGP,ei,,10,1,ok,50,/data/zhq7531/IDEAL/hetero_lvgp/benchmark/results/sixhump_camel/standard_LVGP/ei/nrep10/seed01.mat,sixhump_camel/standard_LVGP/ei/nrep10/seed01
sixhump_camel,standard_LVGP,ei,,10,2,ok,50,/data/zhq7531/IDEAL/hetero_lvgp/benchmark/results/sixhump_camel/standard_LVGP/ei/nrep10/seed02.mat,sixhump_camel/standard_LVGP/ei/nrep10/seed02
sixhump_camel,standard_LVGP,ei,,10,3,ok,50,/data/zhq7531/IDEAL/hetero_lvgp/benchmark/results/sixhump_camel/standard_LVGP/ei/nrep10/seed03.mat,sixhump_camel/standard_LVGP/ei/nrep10/seed03
sixhump_camel,standard_LVGP,ei,,10,4,ok,50,/data/zhq7531/IDEAL/hetero_lvgp/benchmark/results/sixhump_camel/standard_LVGP/ei/nrep10/seed04.mat,sixhump_camel/standard_LVGP/ei/nrep10/seed04
sixhump_camel,standard_LVGP,ei,,10,5,ok,50,/data/zhq7531/IDEAL/hetero_lvgp/benchmark/results/sixhump_camel/standard_LVGP/ei/nrep10/seed05.mat,sixhump_camel/standard_LVGP/ei/nrep10/seed05
sixhump_camel,standard_LVGP,ei,,10,6,ok,50,/data/zhq7531/IDEAL/hetero_lvgp/benchmark/results/sixhump_camel/standard_LVGP/ei/nrep10/seed06.mat,sixhump_camel/standard_LVGP/ei/nrep10/seed06
sixhump_camel,standard_LVGP,ei,,10,7,ok,50,/data/zhq7531/IDEAL/hetero_lvgp/benchmark/results/sixhump_camel/standard_LVGP/ei/nrep10/seed07.mat,sixhump_camel/standard_LVGP/ei/nrep10/seed07
sixhump_camel,standard_LVGP,ei,,10,8,ok,50,/data/zhq7531/IDEAL/hetero_lvgp/benchmark/results/sixhump_camel/standard_LVGP/ei/nrep10/seed08.mat,sixhump_camel/standard_LVGP/ei/nrep10/seed08
sixhump_camel,standard_LVGP,ei,,10,9,ok,50,/data/zhq7531/IDEAL/hetero_lvgp/benchmark/results/sixhump_camel/standard_LVGP/ei/nrep10/seed09.mat,sixhump_camel/standard_LVGP/ei/nrep10/seed09
sixhump_camel,standard_LVGP,ei,,10,10,ok,50,/data/zhq7531/IDEAL/hetero_lvgp/benchmark/results/sixhump_camel/standard_LVGP/ei/nrep10/seed10.mat,sixhump_camel/standard_LVGP/ei/nrep10/seed10
sixhump_camel,standard_LVGP,ei,,10,11,ok,50,/data/zhq7531/IDEAL/hetero_lvgp/benchmark/results/sixhump_camel/standard_LVGP/ei/nrep10/seed11.mat,sixhump_camel/standard_LVGP/ei/nrep10/seed11
sixhump_camel,standard_LVGP,ei,,10,12,ok,50,/data/zhq7531/IDEAL/hetero_lvgp/benchmark/results/sixhump_camel/standard_LVGP/ei/nrep10/seed12.mat,sixhump_camel/standard_LVGP/ei/nrep10/seed12
sixhump_camel,standard_LVGP,ei,,10,13,ok,50,/data/zhq7531/IDEAL/hetero_lvgp/benchmark/results/sixhump_camel/standard_LVGP/ei/nrep10/seed13.mat,sixhump_camel/standard_LVGP/ei/nrep10/seed13
sixhump_camel,standard_LVGP,ei,,10,14,ok,50,/data/zhq7531/IDEAL/hetero_lvgp/benchmark/results/sixhump_camel/standard_LVGP/ei/nrep10/seed14.mat,sixhump_camel/standard_LVGP/ei/nrep10/seed14
sixhump_camel,standard_LVGP,ei,,10,15,ok,50,/data/zhq7531/IDEAL/hetero_lvgp/benchmark/results/sixhump_camel/standard_LVGP/ei/nrep10/seed15.mat,sixhump_camel/standard_LVGP/ei/nrep10/seed15
sixhump_camel,standard_LVGP,ei,,10,16,ok,50,/data/zhq7531/IDEAL/hetero_lvgp/benchmark/results/sixhump_camel/standard_LVGP/ei/nrep10/seed16.mat,sixhump_camel/standard_LVGP/ei/nrep10/seed16
sixhump_camel,standard_LVGP,ei,,10,17,ok,50,/data/zhq7531/IDEAL/hetero_lvgp/benchmark/results/sixhump_camel/standard_LVGP/ei/nrep10/seed17.mat,sixhump_camel/standard_LVGP/ei/nrep10/seed17
sixhump_camel,standard_LVGP,ei,,10,18,ok,50,/data/zhq7531/IDEAL/hetero_lvgp/benchmark/results/sixhump_camel/standard_LVGP/ei/nrep10/seed18.mat,sixhump_camel/standard_LVGP/ei/nrep10/seed18
sixhump_camel,standard_LVGP,ei,,10,19,ok,50,/data/zhq7531/IDEAL/hetero_lvgp/benchmark/results/sixhump_camel/standard_LVGP/ei/nrep10/seed19.mat,sixhump_camel/standard_LVGP/ei/nrep10/seed19
sixhump_camel,standard_LVGP,ei,,10,20,ok,50,/data/zhq7531/IDEAL/hetero_lvgp/benchmark/results/sixhump_camel/standard_LVGP/ei/nrep10/seed20.mat,sixhump_camel/standard_LVGP/ei/nrep10/seed20
sixhump_camel,standard_LVGP,ei,,10,21,ok,50,/data/zhq7531/IDEAL/hetero_lvgp/benchmark/results/sixhump_camel/standard_LVGP/ei/nrep10/seed21.mat,sixhump_camel/standard_LVGP/ei/nrep10/seed21
sixhump_camel,standard_LVGP,ei,,10,22,ok,50,/data/zhq7531/IDEAL/hetero_lvgp/benchmark/results/sixhump_camel/standard_LVGP/ei/nrep10/seed22.mat,sixhump_camel/standard_LVGP/ei/nrep10/seed22
sixhump_camel,standard_LVGP,ei,,10,23,ok,50,/data/zhq7531/IDEAL/hetero_lvgp/benchmark/results/sixhump_camel/standard_LVGP/ei/nrep10/seed23.mat,sixhump_camel/standard_LVGP/ei/nrep10/seed23
sixhump_camel,standard_LVGP,ei,,10,24,ok,50,/data/zhq7531/IDEAL/hetero_lvgp/benchmark/results/sixhump_camel/standard_LVGP/ei/nrep10/seed24.mat,sixhump_camel/standard_LVGP/ei/nrep10/seed24
sixhump_camel,standard_LVGP,ei,,10,25,ok,50,/data/zhq7531/IDEAL/hetero_lvgp/benchmark/results/sixhump_camel/standard_LVGP/ei/nrep10/seed25.mat,sixhump_camel/standard_LVGP/ei/nrep10/seed25
sixhump_camel,standard_LVGP,ei,,10,26,ok,50,/data/zhq7531/IDEAL/hetero_lvgp/benchmark/results/sixhump_camel/standard_LVGP/ei/nrep10/seed26.mat,sixhump_camel/standard_LVGP/ei/nrep10/seed26
sixhump_camel,standard_LVGP,ei,,10,27,ok,50,/data/zhq7531/IDEAL/hetero_lvgp/benchmark/results/sixhump_camel/standard_LVGP/ei/nrep10/seed27.mat,sixhump_camel/standard_LVGP/ei/nrep10/seed27
sixhump_camel,standard_LVGP,ei,,10,28,ok,50,/data/zhq7531/IDEAL/hetero_lvgp/benchmark/results/sixhump_camel/standard_LVGP/ei/nrep10/seed28.mat,sixhump_camel/standard_LVGP/ei/nrep10/seed28
sixhump_camel,standard_LVGP,ei,,10,29,ok,50,/data/zhq7531/IDEAL/hetero_lvgp/benchmark/results/sixhump_camel/standard_LVGP/ei/nrep10/seed29.mat,sixhump_camel/standard_LVGP/ei/nrep10/seed29
sixhump_camel,standard_LVGP,ei,,10,30,ok,50,/data/zhq7531/IDEAL/hetero_lvgp/benchmark/results/sixhump_camel/standard_LVGP/ei/nrep10/seed30.mat,sixhump_camel/standard_LVGP/ei/nrep10/seed30
sixhump_camel,heter_LVGP,lcb,,3,1,ok,50,/data/zhq7531/IDEAL/hetero_lvgp/benchmark/results/sixhump_camel/heter_LVGP/lcb/nrep03/seed01.mat,sixhump_camel/heter_LVGP/lcb/nrep03/seed01
sixhump_camel,heter_LVGP,lcb,,3,2,ok,50,/data/zhq7531/IDEAL/hetero_lvgp/benchmark/results/sixhump_camel/heter_LVGP/lcb/nrep03/seed02.mat,sixhump_camel/heter_LVGP/lcb/nrep03/seed02
sixhump_camel,heter_LVGP,lcb,,3,3,ok,50,/data/zhq7531/IDEAL/hetero_lvgp/benchmark/results/sixhump_camel/heter_LVGP/lcb/nrep03/seed03.mat,sixhump_camel/heter_LVGP/lcb/nrep03/seed03
sixhump_camel,heter_LVGP,lcb,,3,4,ok,50,/data/zhq7531/IDEAL/hetero_lvgp/benchmark/results/sixhump_camel/heter_LVGP/lcb/nrep03/seed04.mat,sixhump_camel/heter_LVGP/lcb/nrep03/seed04
sixhump_camel,heter_LVGP,lcb,,3,5,ok,50,/data/zhq7531/IDEAL/hetero_lvgp/benchmark/results/sixhump_camel/heter_LVGP/lcb/nrep03/seed05.mat,sixhump_camel/heter_LVGP/lcb/nrep03/seed05
sixhump_camel,heter_LVGP,lcb,,3,6,ok,50,/data/zhq7531/IDEAL/hetero_lvgp/benchmark/results/sixhump_camel/heter_LVGP/lcb/nrep03/seed06.mat,sixhump_camel/heter_LVGP/lcb/nrep03/seed06
sixhump_camel,heter_LVGP,lcb,,3,7,ok,50,/data/zhq7531/IDEAL/hetero_lvgp/benchmark/results/sixhump_camel/heter_LVGP/lcb/nrep03/seed07.mat,sixhump_camel/heter_LVGP/lcb/nrep03/seed07
sixhump_camel,heter_LVGP,lcb,,3,8,ok,50,/data/zhq7531/IDEAL/hetero_lvgp/benchmark/results/sixhump_camel/heter_LVGP/lcb/nrep03/seed08.mat,sixhump_camel/heter_LVGP/lcb/nrep03/seed08
sixhump_camel,heter_LVGP,lcb,,3,9,ok,50,/data/zhq7531/IDEAL/hetero_lvgp/benchmark/results/sixhump_camel/heter_LVGP/lcb/nrep03/seed09.mat,sixhump_camel/heter_LVGP/lcb/nrep03/seed09
sixhump_camel,heter_LVGP,lcb,,3,10,ok,50,/data/zhq7531/IDEAL/hetero_lvgp/benchmark/results/sixhump_camel/heter_LVGP/lcb/nrep03/seed10.mat,sixhump_camel/heter_LVGP/lcb/nrep03/seed10
sixhump_camel,heter_LVGP,lcb,,3,11,ok,50,/data/zhq7531/IDEAL/hetero_lvgp/benchmark/results/sixhump_camel/heter_LVGP/lcb/nrep03/seed11.mat,sixhump_camel/heter_LVGP/lcb/nrep03/seed11
sixhump_camel,heter_LVGP,lcb,,3,12,ok,50,/data/zhq7531/IDEAL/hetero_lvgp/benchmark/results/sixhump_camel/heter_LVGP/lcb/nrep03/seed12.mat,sixhump_camel/heter_LVGP/lcb/nrep03/seed12
sixhump_camel,heter_LVGP,lcb,,3,13,ok,50,/data/zhq7531/IDEAL/hetero_lvgp/benchmark/results/sixhump_camel/heter_LVGP/lcb/nrep03/seed13.mat,sixhump_camel/heter_LVGP/lcb/nrep03/seed13
sixhump_camel,heter_LVGP,lcb,,3,14,ok,50,/data/zhq7531/IDEAL/hetero_lvgp/benchmark/results/sixhump_camel/heter_LVGP/lcb/nrep03/seed14.mat,sixhump_camel/heter_LVGP/lcb/nrep03/seed14
sixhump_camel,heter_LVGP,lcb,,3,15,ok,50,/data/zhq7531/IDEAL/hetero_lvgp/benchmark/results/sixhump_camel/heter_LVGP/lcb/nrep03/seed15.mat,sixhump_camel/heter_LVGP/lcb/nrep03/seed15
sixhump_camel,heter_LVGP,lcb,,3,16,ok,50,/data/zhq7531/IDEAL/hetero_lvgp/benchmark/results/sixhump_camel/heter_LVGP/lcb/nrep03/seed16.mat,sixhump_camel/heter_LVGP/lcb/nrep03/seed16
sixhump_camel,heter_LVGP,lcb,,3,17,ok,50,/data/zhq7531/IDEAL/hetero_lvgp/benchmark/results/sixhump_camel/heter_LVGP/lcb/nrep03/seed17.mat,sixhump_camel/heter_LVGP/lcb/nrep03/seed17
sixhump_camel,heter_LVGP,lcb,,3,18,ok,50,/data/zhq7531/IDEAL/hetero_lvgp/benchmark/results/sixhump_camel/heter_LVGP/lcb/nrep03/seed18.mat,sixhump_camel/heter_LVGP/lcb/nrep03/seed18
sixhump_camel,heter_LVGP,lcb,,3,19,ok,50,/data/zhq7531/IDEAL/hetero_lvgp/benchmark/results/sixhump_camel/heter_LVGP/lcb/nrep03/seed19.mat,sixhump_camel/heter_LVGP/lcb/nrep03/seed19
sixhump_camel,heter_LVGP,lcb,,3,20,ok,50,/data/zhq7531/IDEAL/hetero_lvgp/benchmark/results/sixhump_camel/heter_LVGP/lcb/nrep03/seed20.mat,sixhump_camel/heter_LVGP/lcb/nrep03/seed20
sixhump_camel,heter_LVGP,lcb,,3,21,ok,50,/data/zhq7531/IDEAL/hetero_lvgp/benchmark/results/sixhump_camel/heter_LVGP/lcb/nrep03/seed21.mat,sixhump_camel/heter_LVGP/lcb/nrep03/seed21
sixhump_camel,heter_LVGP,lcb,,3,22,ok,50,/data/zhq7531/IDEAL/hetero_lvgp/benchmark/results/sixhump_camel/heter_LVGP/lcb/nrep03/seed22.mat,sixhump_camel/heter_LVGP/lcb/nrep03/seed22
sixhump_camel,heter_LVGP,lcb,,3,23,ok,50,/data/zhq7531/IDEAL/hetero_lvgp/benchmark/results/sixhump_camel/heter_LVGP/lcb/nrep03/seed23.mat,sixhump_camel/heter_LVGP/lcb/nrep03/seed23
sixhump_camel,heter_LVGP,lcb,,3,24,ok,50,/data/zhq7531/IDEAL/hetero_lvgp/benchmark/results/sixhump_camel/heter_LVGP/lcb/nrep03/seed24.mat,sixhump_camel/heter_LVGP/lcb/nrep03/seed24
sixhump_camel,heter_LVGP,lcb,,3,25,ok,50,/data/zhq7531/IDEAL/hetero_lvgp/benchmark/results/sixhump_camel/heter_LVGP/lcb/nrep03/seed25.mat,sixhump_camel/heter_LVGP/lcb/nrep03/seed25
sixhump_camel,heter_LVGP,lcb,,3,26,ok,50,/data/zhq7531/IDEAL/hetero_lvgp/benchmark/results/sixhump_camel/heter_LVGP/lcb/nrep03/seed26.mat,sixhump_camel/heter_LVGP/lcb/nrep03/seed26
sixhump_camel,heter_LVGP,lcb,,3,27,ok,50,/data/zhq7531/IDEAL/hetero_lvgp/benchmark/results/sixhump_camel/heter_LVGP/lcb/nrep03/seed27.mat,sixhump_camel/heter_LVGP/lcb/nrep03/seed27
sixhump_camel,heter_LVGP,lcb,,3,28,ok,50,/data/zhq7531/IDEAL/hetero_lvgp/benchmark/results/sixhump_camel/heter_LVGP/lcb/nrep03/seed28.mat,sixhump_camel/heter_LVGP/lcb/nrep03/seed28
sixhump_camel,heter_LVGP,lcb,,3,29,ok,50,/data/zhq7531/IDEAL/hetero_lvgp/benchmark/results/sixhump_camel/heter_LVGP/lcb/nrep03/seed29.mat,sixhump_camel/heter_LVGP/lcb/nrep03/seed29
sixhump_camel,heter_LVGP,lcb,,3,30,ok,50,/data/zhq7531/IDEAL/hetero_lvgp/benchmark/results/sixhump_camel/heter_LVGP/lcb/nrep03/seed30.mat,sixhump_camel/heter_LVGP/lcb/nrep03/seed30
sixhump_camel,heter_LVGP,lcb,,10,1,ok,50,/data/zhq7531/IDEAL/hetero_lvgp/benchmark/results/sixhump_camel/heter_LVGP/lcb/nrep10/seed01.mat,sixhump_camel/heter_LVGP/lcb/nrep10/seed01
sixhump_camel,heter_LVGP,lcb,,10,2,ok,50,/data/zhq7531/IDEAL/hetero_lvgp/benchmark/results/sixhump_camel/heter_LVGP/lcb/nrep10/seed02.mat,sixhump_camel/heter_LVGP/lcb/nrep10/seed02
sixhump_camel,heter_LVGP,lcb,,10,3,ok,50,/data/zhq7531/IDEAL/hetero_lvgp/benchmark/results/sixhump_camel/heter_LVGP/lcb/nrep10/seed03.mat,sixhump_camel/heter_LVGP/lcb/nrep10/seed03
sixhump_camel,heter_LVGP,lcb,,10,4,ok,50,/data/zhq7531/IDEAL/hetero_lvgp/benchmark/results/sixhump_camel/heter_LVGP/lcb/nrep10/seed04.mat,sixhump_camel/heter_LVGP/lcb/nrep10/seed04
sixhump_camel,heter_LVGP,lcb,,10,5,ok,50,/data/zhq7531/IDEAL/hetero_lvgp/benchmark/results/sixhump_camel/heter_LVGP/lcb/nrep10/seed05.mat,sixhump_camel/heter_LVGP/lcb/nrep10/seed05
sixhump_camel,heter_LVGP,lcb,,10,6,ok,50,/data/zhq7531/IDEAL/hetero_lvgp/benchmark/results/sixhump_camel/heter_LVGP/lcb/nrep10/seed06.mat,sixhump_camel/heter_LVGP/lcb/nrep10/seed06
sixhump_camel,heter_LVGP,lcb,,10,7,ok,50,/data/zhq7531/IDEAL/hetero_lvgp/benchmark/results/sixhump_camel/heter_LVGP/lcb/nrep10/seed07.mat,sixhump_camel/heter_LVGP/lcb/nrep10/seed07
sixhump_camel,heter_LVGP,lcb,,10,8,ok,50,/data/zhq7531/IDEAL/hetero_lvgp/benchmark/results/sixhump_camel/heter_LVGP/lcb/nrep10/seed08.mat,sixhump_camel/heter_LVGP/lcb/nrep10/seed08
sixhump_camel,heter_LVGP,lcb,,10,9,ok,50,/data/zhq7531/IDEAL/hetero_lvgp/benchmark/results/sixhump_camel/heter_LVGP/lcb/nrep10/seed09.mat,sixhump_camel/heter_LVGP/lcb/nrep10/seed09
sixhump_camel,heter_LVGP,lcb,,10,10,ok,50,/data/zhq7531/IDEAL/hetero_lvgp/benchmark/results/sixhump_camel/heter_LVGP/lcb/nrep10/seed10.mat,sixhump_camel/heter_LVGP/lcb/nrep10/seed10
sixhump_camel,heter_LVGP,lcb,,10,11,ok,50,/data/zhq7531/IDEAL/hetero_lvgp/benchmark/results/sixhump_camel/heter_LVGP/lcb/nrep10/seed11.mat,sixhump_camel/heter_LVGP/lcb/nrep10/seed11
sixhump_camel,heter_LVGP,lcb,,10,12,ok,50,/data/zhq7531/IDEAL/hetero_lvgp/benchmark/results/sixhump_camel/heter_LVGP/lcb/nrep10/seed12.mat,sixhump_camel/heter_LVGP/lcb/nrep10/seed12
sixhump_camel,heter_LVGP,lcb,,10,13,ok,50,/data/zhq7531/IDEAL/hetero_lvgp/benchmark/results/sixhump_camel/heter_LVGP/lcb/nrep10/seed13.mat,sixhump_camel/heter_LVGP/lcb/nrep10/seed13
sixhump_camel,heter_LVGP,lcb,,10,14,ok,50,/data/zhq7531/IDEAL/hetero_lvgp/benchmark/results/sixhump_camel/heter_LVGP/lcb/nrep10/seed14.mat,sixhump_camel/heter_LVGP/lcb/nrep10/seed14
sixhump_camel,heter_LVGP,lcb,,10,15,ok,50,/data/zhq7531/IDEAL/hetero_lvgp/benchmark/results/sixhump_camel/heter_LVGP/lcb/nrep10/seed15.mat,sixhump_camel/heter_LVGP/lcb/nrep10/seed15
sixhump_camel,heter_LVGP,lcb,,10,16,ok,50,/data/zhq7531/IDEAL/hetero_lvgp/benchmark/results/sixhump_camel/heter_LVGP/lcb/nrep10/seed16.mat,sixhump_camel/heter_LVGP/lcb/nrep10/seed16
sixhump_camel,heter_LVGP,lcb,,10,17,ok,50,/data/zhq7531/IDEAL/hetero_lvgp/benchmark/results/sixhump_camel/heter_LVGP/lcb/nrep10/seed17.mat,sixhump_camel/heter_LVGP/lcb/nrep10/seed17
sixhump_camel,heter_LVGP,lcb,,10,18,ok,50,/data/zhq7531/IDEAL/hetero_lvgp/benchmark/results/sixhump_camel/heter_LVGP/lcb/nrep10/seed18.mat,sixhump_camel/heter_LVGP/lcb/nrep10/seed18
sixhump_camel,heter_LVGP,lcb,,10,19,ok,50,/data/zhq7531/IDEAL/hetero_lvgp/benchmark/results/sixhump_camel/heter_LVGP/lcb/nrep10/seed19.mat,sixhump_camel/heter_LVGP/lcb/nrep10/seed19
sixhump_camel,heter_LVGP,lcb,,10,20,ok,50,/data/zhq7531/IDEAL/hetero_lvgp/benchmark/results/sixhump_camel/heter_LVGP/lcb/nrep10/seed20.mat,sixhump_camel/heter_LVGP/lcb/nrep10/seed20
sixhump_camel,heter_LVGP,lcb,,10,21,ok,50,/data/zhq7531/IDEAL/hetero_lvgp/benchmark/results/sixhump_camel/heter_LVGP/lcb/nrep10/seed21.mat,sixhump_camel/heter_LVGP/lcb/nrep10/seed21
sixhump_camel,heter_LVGP,lcb,,10,22,ok,50,/data/zhq7531/IDEAL/hetero_lvgp/benchmark/results/sixhump_camel/heter_LVGP/lcb/nrep10/seed22.mat,sixhump_camel/heter_LVGP/lcb/nrep10/seed22
sixhump_camel,heter_LVGP,lcb,,10,23,ok,50,/data/zhq7531/IDEAL/hetero_lvgp/benchmark/results/sixhump_camel/heter_LVGP/lcb/nrep10/seed23.mat,sixhump_camel/heter_LVGP/lcb/nrep10/seed23
sixhump_camel,heter_LVGP,lcb,,10,24,ok,50,/data/zhq7531/IDEAL/hetero_lvgp/benchmark/results/sixhump_camel/heter_LVGP/lcb/nrep10/seed24.mat,sixhump_camel/heter_LVGP/lcb/nrep10/seed24
sixhump_camel,heter_LVGP,lcb,,10,25,ok,50,/data/zhq7531/IDEAL/hetero_lvgp/benchmark/results/sixhump_camel/heter_LVGP/lcb/nrep10/seed25.mat,sixhump_camel/heter_LVGP/lcb/nrep10/seed25
sixhump_camel,heter_LVGP,lcb,,10,26,ok,50,/data/zhq7531/IDEAL/hetero_lvgp/benchmark/results/sixhump_camel/heter_LVGP/lcb/nrep10/seed26.mat,sixhump_camel/heter_LVGP/lcb/nrep10/seed26
sixhump_camel,heter_LVGP,lcb,,10,27,ok,50,/data/zhq7531/IDEAL/hetero_lvgp/benchmark/results/sixhump_camel/heter_LVGP/lcb/nrep10/seed27.mat,sixhump_camel/heter_LVGP/lcb/nrep10/seed27
sixhump_camel,heter_LVGP,lcb,,10,28,ok,50,/data/zhq7531/IDEAL/hetero_lvgp/benchmark/results/sixhump_camel/heter_LVGP/lcb/nrep10/seed28.mat,sixhump_camel/heter_LVGP/lcb/nrep10/seed28
sixhump_camel,heter_LVGP,lcb,,10,29,ok,50,/data/zhq7531/IDEAL/hetero_lvgp/benchmark/results/sixhump_camel/heter_LVGP/lcb/nrep10/seed29.mat,sixhump_camel/heter_LVGP/lcb/nrep10/seed29
sixhump_camel,heter_LVGP,lcb,,10,30,ok,50,/data/zhq7531/IDEAL/hetero_lvgp/benchmark/results/sixhump_camel/heter_LVGP/lcb/nrep10/seed30.mat,sixhump_camel/heter_LVGP/lcb/nrep10/seed30
sixhump_camel,heter_LVGP,pi,,3,1,ok,50,/data/zhq7531/IDEAL/hetero_lvgp/benchmark/results/sixhump_camel/heter_LVGP/pi/nrep03/seed01.mat,sixhump_camel/heter_LVGP/pi/nrep03/seed01
sixhump_camel,heter_LVGP,pi,,3,2,ok,50,/data/zhq7531/IDEAL/hetero_lvgp/benchmark/results/sixhump_camel/heter_LVGP/pi/nrep03/seed02.mat,sixhump_camel/heter_LVGP/pi/nrep03/seed02
sixhump_camel,heter_LVGP,pi,,3,3,ok,50,/data/zhq7531/IDEAL/hetero_lvgp/benchmark/results/sixhump_camel/heter_LVGP/pi/nrep03/seed03.mat,sixhump_camel/heter_LVGP/pi/nrep03/seed03
sixhump_camel,heter_LVGP,pi,,3,4,ok,50,/data/zhq7531/IDEAL/hetero_lvgp/benchmark/results/sixhump_camel/heter_LVGP/pi/nrep03/seed04.mat,sixhump_camel/heter_LVGP/pi/nrep03/seed04
sixhump_camel,heter_LVGP,pi,,3,5,ok,50,/data/zhq7531/IDEAL/hetero_lvgp/benchmark/results/sixhump_camel/heter_LVGP/pi/nrep03/seed05.mat,sixhump_camel/heter_LVGP/pi/nrep03/seed05
sixhump_camel,heter_LVGP,pi,,3,6,ok,50,/data/zhq7531/IDEAL/hetero_lvgp/benchmark/results/sixhump_camel/heter_LVGP/pi/nrep03/seed06.mat,sixhump_camel/heter_LVGP/pi/nrep03/seed06
sixhump_camel,heter_LVGP,pi,,3,7,ok,50,/data/zhq7531/IDEAL/hetero_lvgp/benchmark/results/sixhump_camel/heter_LVGP/pi/nrep03/seed07.mat,sixhump_camel/heter_LVGP/pi/nrep03/seed07
sixhump_camel,heter_LVGP,pi,,3,8,ok,50,/data/zhq7531/IDEAL/hetero_lvgp/benchmark/results/sixhump_camel/heter_LVGP/pi/nrep03/seed08.mat,sixhump_camel/heter_LVGP/pi/nrep03/seed08
sixhump_camel,heter_LVGP,pi,,3,9,ok,50,/data/zhq7531/IDEAL/hetero_lvgp/benchmark/results/sixhump_camel/heter_LVGP/pi/nrep03/seed09.mat,sixhump_camel/heter_LVGP/pi/nrep03/seed09
sixhump_camel,heter_LVGP,pi,,3,10,ok,50,/data/zhq7531/IDEAL/hetero_lvgp/benchmark/results/sixhump_camel/heter_LVGP/pi/nrep03/seed10.mat,sixhump_camel/heter_LVGP/pi/nrep03/seed10
sixhump_camel,heter_LVGP,pi,,3,11,ok,50,/data/zhq7531/IDEAL/hetero_lvgp/benchmark/results/sixhump_camel/heter_LVGP/pi/nrep03/seed11.mat,sixhump_camel/heter_LVGP/pi/nrep03/seed11
sixhump_camel,heter_LVGP,pi,,3,12,ok,50,/data/zhq7531/IDEAL/hetero_lvgp/benchmark/results/sixhump_camel/heter_LVGP/pi/nrep03/seed12.mat,sixhump_camel/heter_LVGP/pi/nrep03/seed12
sixhump_camel,heter_LVGP,pi,,3,13,ok,50,/data/zhq7531/IDEAL/hetero_lvgp/benchmark/results/sixhump_camel/heter_LVGP/pi/nrep03/seed13.mat,sixhump_camel/heter_LVGP/pi/nrep03/seed13
sixhump_camel,heter_LVGP,pi,,3,14,ok,50,/data/zhq7531/IDEAL/hetero_lvgp/benchmark/results/sixhump_camel/heter_LVGP/pi/nrep03/seed14.mat,sixhump_camel/heter_LVGP/pi/nrep03/seed14
sixhump_camel,heter_LVGP,pi,,3,15,ok,50,/data/zhq7531/IDEAL/hetero_lvgp/benchmark/results/sixhump_camel/heter_LVGP/pi/nrep03/seed15.mat,sixhump_camel/heter_LVGP/pi/nrep03/seed15
sixhump_camel,heter_LVGP,pi,,3,16,ok,50,/data/zhq7531/IDEAL/hetero_lvgp/benchmark/results/sixhump_camel/heter_LVGP/pi/nrep03/seed16.mat,sixhump_camel/heter_LVGP/pi/nrep03/seed16
sixhump_camel,heter_LVGP,pi,,3,17,ok,50,/data/zhq7531/IDEAL/hetero_lvgp/benchmark/results/sixhump_camel/heter_LVGP/pi/nrep03/seed17.mat,sixhump_camel/heter_LVGP/pi/nrep03/seed17
sixhump_camel,heter_LVGP,pi,,3,18,ok,50,/data/zhq7531/IDEAL/hetero_lvgp/benchmark/results/sixhump_camel/heter_LVGP/pi/nrep03/seed18.mat,sixhump_camel/heter_LVGP/pi/nrep03/seed18
sixhump_camel,heter_LVGP,pi,,3,19,ok,50,/data/zhq7531/IDEAL/hetero_lvgp/benchmark/results/sixhump_camel/heter_LVGP/pi/nrep03/seed19.mat,sixhump_camel/heter_LVGP/pi/nrep03/seed19
sixhump_camel,heter_LVGP,pi,,3,20,ok,50,/data/zhq7531/IDEAL/hetero_lvgp/benchmark/results/sixhump_camel/heter_LVGP/pi/nrep03/seed20.mat,sixhump_camel/heter_LVGP/pi/nrep03/seed20
sixhump_camel,heter_LVGP,pi,,3,21,ok,50,/data/zhq7531/IDEAL/hetero_lvgp/benchmark/results/sixhump_camel/heter_LVGP/pi/nrep03/seed21.mat,sixhump_camel/heter_LVGP/pi/nrep03/seed21
sixhump_camel,heter_LVGP,pi,,3,22,ok,50,/data/zhq7531/IDEAL/hetero_lvgp/benchmark/results/sixhump_camel/heter_LVGP/pi/nrep03/seed22.mat,sixhump_camel/heter_LVGP/pi/nrep03/seed22
sixhump_camel,heter_LVGP,pi,,3,23,ok,50,/data/zhq7531/IDEAL/hetero_lvgp/benchmark/results/sixhump_camel/heter_LVGP/pi/nrep03/seed23.mat,sixhump_camel/heter_LVGP/pi/nrep03/seed23
sixhump_camel,heter_LVGP,pi,,3,24,ok,50,/data/zhq7531/IDEAL/hetero_lvgp/benchmark/results/sixhump_camel/heter_LVGP/pi/nrep03/seed24.mat,sixhump_camel/heter_LVGP/pi/nrep03/seed24
sixhump_camel,heter_LVGP,pi,,3,25,ok,50,/data/zhq7531/IDEAL/hetero_lvgp/benchmark/results/sixhump_camel/heter_LVGP/pi/nrep03/seed25.mat,sixhump_camel/heter_LVGP/pi/nrep03/seed25
sixhump_camel,heter_LVGP,pi,,3,26,ok,50,/data/zhq7531/IDEAL/hetero_lvgp/benchmark/results/sixhump_camel/heter_LVGP/pi/nrep03/seed26.mat,sixhump_camel/heter_LVGP/pi/nrep03/seed26
sixhump_camel,heter_LVGP,pi,,3,27,ok,50,/data/zhq7531/IDEAL/hetero_lvgp/benchmark/results/sixhump_camel/heter_LVGP/pi/nrep03/seed27.mat,sixhump_camel/heter_LVGP/pi/nrep03/seed27
sixhump_camel,heter_LVGP,pi,,3,28,ok,50,/data/zhq7531/IDEAL/hetero_lvgp/benchmark/results/sixhump_camel/heter_LVGP/pi/nrep03/seed28.mat,sixhump_camel/heter_LVGP/pi/nrep03/seed28
sixhump_camel,heter_LVGP,pi,,3,29,ok,50,/data/zhq7531/IDEAL/hetero_lvgp/benchmark/results/sixhump_camel/heter_LVGP/pi/nrep03/seed29.mat,sixhump_camel/heter_LVGP/pi/nrep03/seed29
sixhump_camel,heter_LVGP,pi,,3,30,ok,50,/data/zhq7531/IDEAL/hetero_lvgp/benchmark/results/sixhump_camel/heter_LVGP/pi/nrep03/seed30.mat,sixhump_camel/heter_LVGP/pi/nrep03/seed30
sixhump_camel,heter_LVGP,pi,,10,1,ok,50,/data/zhq7531/IDEAL/hetero_lvgp/benchmark/results/sixhump_camel/heter_LVGP/pi/nrep10/seed01.mat,sixhump_camel/heter_LVGP/pi/nrep10/seed01
sixhump_camel,heter_LVGP,pi,,10,2,ok,50,/data/zhq7531/IDEAL/hetero_lvgp/benchmark/results/sixhump_camel/heter_LVGP/pi/nrep10/seed02.mat,sixhump_camel/heter_LVGP/pi/nrep10/seed02
sixhump_camel,heter_LVGP,pi,,10,3,ok,50,/data/zhq7531/IDEAL/hetero_lvgp/benchmark/results/sixhump_camel/heter_LVGP/pi/nrep10/seed03.mat,sixhump_camel/heter_LVGP/pi/nrep10/seed03
sixhump_camel,heter_LVGP,pi,,10,4,ok,50,/data/zhq7531/IDEAL/hetero_lvgp/benchmark/results/sixhump_camel/heter_LVGP/pi/nrep10/seed04.mat,sixhump_camel/heter_LVGP/pi/nrep10/seed04
sixhump_camel,heter_LVGP,pi,,10,5,ok,50,/data/zhq7531/IDEAL/hetero_lvgp/benchmark/results/sixhump_camel/heter_LVGP/pi/nrep10/seed05.mat,sixhump_camel/heter_LVGP/pi/nrep10/seed05
sixhump_camel,heter_LVGP,pi,,10,6,ok,50,/data/zhq7531/IDEAL/hetero_lvgp/benchmark/results/sixhump_camel/heter_LVGP/pi/nrep10/seed06.mat,sixhump_camel/heter_LVGP/pi/nrep10/seed06
sixhump_camel,heter_LVGP,pi,,10,7,ok,50,/data/zhq7531/IDEAL/hetero_lvgp/benchmark/results/sixhump_camel/heter_LVGP/pi/nrep10/seed07.mat,sixhump_camel/heter_LVGP/pi/nrep10/seed07
sixhump_camel,heter_LVGP,pi,,10,8,ok,50,/data/zhq7531/IDEAL/hetero_lvgp/benchmark/results/sixhump_camel/heter_LVGP/pi/nrep10/seed08.mat,sixhump_camel/heter_LVGP/pi/nrep10/seed08
sixhump_camel,heter_LVGP,pi,,10,9,ok,50,/data/zhq7531/IDEAL/hetero_lvgp/benchmark/results/sixhump_camel/heter_LVGP/pi/nrep10/seed09.mat,sixhump_camel/heter_LVGP/pi/nrep10/seed09
sixhump_camel,heter_LVGP,pi,,10,10,ok,50,/data/zhq7531/IDEAL/hetero_lvgp/benchmark/results/sixhump_camel/heter_LVGP/pi/nrep10/seed10.mat,sixhump_camel/heter_LVGP/pi/nrep10/seed10
sixhump_camel,heter_LVGP,pi,,10,11,ok,50,/data/zhq7531/IDEAL/hetero_lvgp/benchmark/results/sixhump_camel/heter_LVGP/pi/nrep10/seed11.mat,sixhump_camel/heter_LVGP/pi/nrep10/seed11
sixhump_camel,heter_LVGP,pi,,10,12,ok,50,/data/zhq7531/IDEAL/hetero_lvgp/benchmark/results/sixhump_camel/heter_LVGP/pi/nrep10/seed12.mat,sixhump_camel/heter_LVGP/pi/nrep10/seed12
sixhump_camel,heter_LVGP,pi,,10,13,ok,50,/data/zhq7531/IDEAL/hetero_lvgp/benchmark/results/sixhump_camel/heter_LVGP/pi/nrep10/seed13.mat,sixhump_camel/heter_LVGP/pi/nrep10/seed13
sixhump_camel,heter_LVGP,pi,,10,14,ok,50,/data/zhq7531/IDEAL/hetero_lvgp/benchmark/results/sixhump_camel/heter_LVGP/pi/nrep10/seed14.mat,sixhump_camel/heter_LVGP/pi/nrep10/seed14
sixhump_camel,heter_LVGP,pi,,10,15,ok,50,/data/zhq7531/IDEAL/hetero_lvgp/benchmark/results/sixhump_camel/heter_LVGP/pi/nrep10/seed15.mat,sixhump_camel/heter_LVGP/pi/nrep10/seed15
sixhump_camel,heter_LVGP,pi,,10,16,ok,50,/data/zhq7531/IDEAL/hetero_lvgp/benchmark/results/sixhump_camel/heter_LVGP/pi/nrep10/seed16.mat,sixhump_camel/heter_LVGP/pi/nrep10/seed16
sixhump_camel,heter_LVGP,pi,,10,17,ok,50,/data/zhq7531/IDEAL/hetero_lvgp/benchmark/results/sixhump_camel/heter_LVGP/pi/nrep10/seed17.mat,sixhump_camel/heter_LVGP/pi/nrep10/seed17
sixhump_camel,heter_LVGP,pi,,10,18,ok,50,/data/zhq7531/IDEAL/hetero_lvgp/benchmark/results/sixhump_camel/heter_LVGP/pi/nrep10/seed18.mat,sixhump_camel/heter_LVGP/pi/nrep10/seed18
sixhump_camel,heter_LVGP,pi,,10,19,ok,50,/data/zhq7531/IDEAL/hetero_lvgp/benchmark/results/sixhump_camel/heter_LVGP/pi/nrep10/seed19.mat,sixhump_camel/heter_LVGP/pi/nrep10/seed19
sixhump_camel,heter_LVGP,pi,,10,20,ok,50,/data/zhq7531/IDEAL/hetero_lvgp/benchmark/results/sixhump_camel/heter_LVGP/pi/nrep10/seed20.mat,sixhump_camel/heter_LVGP/pi/nrep10/seed20
sixhump_camel,heter_LVGP,pi,,10,21,ok,50,/data/zhq7531/IDEAL/hetero_lvgp/benchmark/results/sixhump_camel/heter_LVGP/pi/nrep10/seed21.mat,sixhump_camel/heter_LVGP/pi/nrep10/seed21
sixhump_camel,heter_LVGP,pi,,10,22,ok,50,/data/zhq7531/IDEAL/hetero_lvgp/benchmark/results/sixhump_camel/heter_LVGP/pi/nrep10/seed22.mat,sixhump_camel/heter_LVGP/pi/nrep10/seed22
sixhump_camel,heter_LVGP,pi,,10,23,ok,50,/data/zhq7531/IDEAL/hetero_lvgp/benchmark/results/sixhump_camel/heter_LVGP/pi/nrep10/seed23.mat,sixhump_camel/heter_LVGP/pi/nrep10/seed23
sixhump_camel,heter_LVGP,pi,,10,24,ok,50,/data/zhq7531/IDEAL/hetero_lvgp/benchmark/results/sixhump_camel/heter_LVGP/pi/nrep10/seed24.mat,sixhump_camel/heter_LVGP/pi/nrep10/seed24
sixhump_camel,heter_LVGP,pi,,10,25,ok,50,/data/zhq7531/IDEAL/hetero_lvgp/benchmark/results/sixhump_camel/heter_LVGP/pi/nrep10/seed25.mat,sixhump_camel/heter_LVGP/pi/nrep10/seed25
sixhump_camel,heter_LVGP,pi,,10,26,ok,50,/data/zhq7531/IDEAL/hetero_lvgp/benchmark/results/sixhump_camel/heter_LVGP/pi/nrep10/seed26.mat,sixhump_camel/heter_LVGP/pi/nrep10/seed26
sixhump_camel,heter_LVGP,pi,,10,27,ok,50,/data/zhq7531/IDEAL/hetero_lvgp/benchmark/results/sixhump_camel/heter_LVGP/pi/nrep10/seed27.mat,sixhump_camel/heter_LVGP/pi/nrep10/seed27
sixhump_camel,heter_LVGP,pi,,10,28,ok,50,/data/zhq7531/IDEAL/hetero_lvgp/benchmark/results/sixhump_camel/heter_LVGP/pi/nrep10/seed28.mat,sixhump_camel/heter_LVGP/pi/nrep10/seed28
sixhump_camel,heter_LVGP,pi,,10,29,ok,50,/data/zhq7531/IDEAL/hetero_lvgp/benchmark/results/sixhump_camel/heter_LVGP/pi/nrep10/seed29.mat,sixhump_camel/heter_LVGP/pi/nrep10/seed29
sixhump_camel,heter_LVGP,pi,,10,30,ok,50,/data/zhq7531/IDEAL/hetero_lvgp/benchmark/results/sixhump_camel/heter_LVGP/pi/nrep10/seed30.mat,sixhump_camel/heter_LVGP/pi/nrep10/seed30
sixhump_camel,heter_LVGP,ei,,3,1,ok,50,/data/zhq7531/IDEAL/hetero_lvgp/benchmark/results/sixhump_camel/heter_LVGP/ei/nrep03/seed01.mat,sixhump_camel/heter_LVGP/ei/nrep03/seed01
sixhump_camel,heter_LVGP,ei,,3,2,ok,50,/data/zhq7531/IDEAL/hetero_lvgp/benchmark/results/sixhump_camel/heter_LVGP/ei/nrep03/seed02.mat,sixhump_camel/heter_LVGP/ei/nrep03/seed02
sixhump_camel,heter_LVGP,ei,,3,3,ok,50,/data/zhq7531/IDEAL/hetero_lvgp/benchmark/results/sixhump_camel/heter_LVGP/ei/nrep03/seed03.mat,sixhump_camel/heter_LVGP/ei/nrep03/seed03
sixhump_camel,heter_LVGP,ei,,3,4,ok,50,/data/zhq7531/IDEAL/hetero_lvgp/benchmark/results/sixhump_camel/heter_LVGP/ei/nrep03/seed04.mat,sixhump_camel/heter_LVGP/ei/nrep03/seed04
sixhump_camel,heter_LVGP,ei,,3,5,ok,50,/data/zhq7531/IDEAL/hetero_lvgp/benchmark/results/sixhump_camel/heter_LVGP/ei/nrep03/seed05.mat,sixhump_camel/heter_LVGP/ei/nrep03/seed05
sixhump_camel,heter_LVGP,ei,,3,6,ok,50,/data/zhq7531/IDEAL/hetero_lvgp/benchmark/results/sixhump_camel/heter_LVGP/ei/nrep03/seed06.mat,sixhump_camel/heter_LVGP/ei/nrep03/seed06
sixhump_camel,heter_LVGP,ei,,3,7,ok,50,/data/zhq7531/IDEAL/hetero_lvgp/benchmark/results/sixhump_camel/heter_LVGP/ei/nrep03/seed07.mat,sixhump_camel/heter_LVGP/ei/nrep03/seed07
sixhump_camel,heter_LVGP,ei,,3,8,ok,50,/data/zhq7531/IDEAL/hetero_lvgp/benchmark/results/sixhump_camel/heter_LVGP/ei/nrep03/seed08.mat,sixhump_camel/heter_LVGP/ei/nrep03/seed08
sixhump_camel,heter_LVGP,ei,,3,9,ok,50,/data/zhq7531/IDEAL/hetero_lvgp/benchmark/results/sixhump_camel/heter_LVGP/ei/nrep03/seed09.mat,sixhump_camel/heter_LVGP/ei/nrep03/seed09
sixhump_camel,heter_LVGP,ei,,3,10,ok,50,/data/zhq7531/IDEAL/hetero_lvgp/benchmark/results/sixhump_camel/heter_LVGP/ei/nrep03/seed10.mat,sixhump_camel/heter_LVGP/ei/nrep03/seed10
sixhump_camel,heter_LVGP,ei,,3,11,ok,50,/data/zhq7531/IDEAL/hetero_lvgp/benchmark/results/sixhump_camel/heter_LVGP/ei/nrep03/seed11.mat,sixhump_camel/heter_LVGP/ei/nrep03/seed11
sixhump_camel,heter_LVGP,ei,,3,12,ok,50,/data/zhq7531/IDEAL/hetero_lvgp/benchmark/results/sixhump_camel/heter_LVGP/ei/nrep03/seed12.mat,sixhump_camel/heter_LVGP/ei/nrep03/seed12
sixhump_camel,heter_LVGP,ei,,3,13,ok,50,/data/zhq7531/IDEAL/hetero_lvgp/benchmark/results/sixhump_camel/heter_LVGP/ei/nrep03/seed13.mat,sixhump_camel/heter_LVGP/ei/nrep03/seed13
sixhump_camel,heter_LVGP,ei,,3,14,ok,50,/data/zhq7531/IDEAL/hetero_lvgp/benchmark/results/sixhump_camel/heter_LVGP/ei/nrep03/seed14.mat,sixhump_camel/heter_LVGP/ei/nrep03/seed14
sixhump_camel,heter_LVGP,ei,,3,15,ok,50,/data/zhq7531/IDEAL/hetero_lvgp/benchmark/results/sixhump_camel/heter_LVGP/ei/nrep03/seed15.mat,sixhump_camel/heter_LVGP/ei/nrep03/seed15
sixhump_camel,heter_LVGP,ei,,3,16,ok,50,/data/zhq7531/IDEAL/hetero_lvgp/benchmark/results/sixhump_camel/heter_LVGP/ei/nrep03/seed16.mat,sixhump_camel/heter_LVGP/ei/nrep03/seed16
sixhump_camel,heter_LVGP,ei,,3,17,ok,50,/data/zhq7531/IDEAL/hetero_lvgp/benchmark/results/sixhump_camel/heter_LVGP/ei/nrep03/seed17.mat,sixhump_camel/heter_LVGP/ei/nrep03/seed17
sixhump_camel,heter_LVGP,ei,,3,18,ok,50,/data/zhq7531/IDEAL/hetero_lvgp/benchmark/results/sixhump_camel/heter_LVGP/ei/nrep03/seed18.mat,sixhump_camel/heter_LVGP/ei/nrep03/seed18
sixhump_camel,heter_LVGP,ei,,3,19,ok,50,/data/zhq7531/IDEAL/hetero_lvgp/benchmark/results/sixhump_camel/heter_LVGP/ei/nrep03/seed19.mat,sixhump_camel/heter_LVGP/ei/nrep03/seed19
sixhump_camel,heter_LVGP,ei,,3,20,ok,50,/data/zhq7531/IDEAL/hetero_lvgp/benchmark/results/sixhump_camel/heter_LVGP/ei/nrep03/seed20.mat,sixhump_camel/heter_LVGP/ei/nrep03/seed20
sixhump_camel,heter_LVGP,ei,,3,21,ok,50,/data/zhq7531/IDEAL/hetero_lvgp/benchmark/results/sixhump_camel/heter_LVGP/ei/nrep03/seed21.mat,sixhump_camel/heter_LVGP/ei/nrep03/seed21
sixhump_camel,heter_LVGP,ei,,3,22,ok,50,/data/zhq7531/IDEAL/hetero_lvgp/benchmark/results/sixhump_camel/heter_LVGP/ei/nrep03/seed22.mat,sixhump_camel/heter_LVGP/ei/nrep03/seed22
sixhump_camel,heter_LVGP,ei,,3,23,ok,50,/data/zhq7531/IDEAL/hetero_lvgp/benchmark/results/sixhump_camel/heter_LVGP/ei/nrep03/seed23.mat,sixhump_camel/heter_LVGP/ei/nrep03/seed23
sixhump_camel,heter_LVGP,ei,,3,24,ok,50,/data/zhq7531/IDEAL/hetero_lvgp/benchmark/results/sixhump_camel/heter_LVGP/ei/nrep03/seed24.mat,sixhump_camel/heter_LVGP/ei/nrep03/seed24
sixhump_camel,heter_LVGP,ei,,3,25,ok,50,/data/zhq7531/IDEAL/hetero_lvgp/benchmark/results/sixhump_camel/heter_LVGP/ei/nrep03/seed25.mat,sixhump_camel/heter_LVGP/ei/nrep03/seed25
sixhump_camel,heter_LVGP,ei,,3,26,ok,50,/data/zhq7531/IDEAL/hetero_lvgp/benchmark/results/sixhump_camel/heter_LVGP/ei/nrep03/seed26.mat,sixhump_camel/heter_LVGP/ei/nrep03/seed26
sixhump_camel,heter_LVGP,ei,,3,27,ok,50,/data/zhq7531/IDEAL/hetero_lvgp/benchmark/results/sixhump_camel/heter_LVGP/ei/nrep03/seed27.mat,sixhump_camel/heter_LVGP/ei/nrep03/seed27
sixhump_camel,heter_LVGP,ei,,3,28,ok,50,/data/zhq7531/IDEAL/hetero_lvgp/benchmark/results/sixhump_camel/heter_LVGP/ei/nrep03/seed28.mat,sixhump_camel/heter_LVGP/ei/nrep03/seed28
sixhump_camel,heter_LVGP,ei,,3,29,ok,50,/data/zhq7531/IDEAL/hetero_lvgp/benchmark/results/sixhump_camel/heter_LVGP/ei/nrep03/seed29.mat,sixhump_camel/heter_LVGP/ei/nrep03/seed29
sixhump_camel,heter_LVGP,ei,,3,30,ok,50,/data/zhq7531/IDEAL/hetero_lvgp/benchmark/results/sixhump_camel/heter_LVGP/ei/nrep03/seed30.mat,sixhump_camel/heter_LVGP/ei/nrep03/seed30
sixhump_camel,heter_LVGP,ei,,10,1,ok,50,/data/zhq7531/IDEAL/hetero_lvgp/benchmark/results/sixhump_camel/heter_LVGP/ei/nrep10/seed01.mat,sixhump_camel/heter_LVGP/ei/nrep10/seed01
sixhump_camel,heter_LVGP,ei,,10,2,ok,50,/data/zhq7531/IDEAL/hetero_lvgp/benchmark/results/sixhump_camel/heter_LVGP/ei/nrep10/seed02.mat,sixhump_camel/heter_LVGP/ei/nrep10/seed02
sixhump_camel,heter_LVGP,ei,,10,3,ok,50,/data/zhq7531/IDEAL/hetero_lvgp/benchmark/results/sixhump_camel/heter_LVGP/ei/nrep10/seed03.mat,sixhump_camel/heter_LVGP/ei/nrep10/seed03
sixhump_camel,heter_LVGP,ei,,10,4,ok,50,/data/zhq7531/IDEAL/hetero_lvgp/benchmark/results/sixhump_camel/heter_LVGP/ei/nrep10/seed04.mat,sixhump_camel/heter_LVGP/ei/nrep10/seed04
sixhump_camel,heter_LVGP,ei,,10,5,ok,50,/data/zhq7531/IDEAL/hetero_lvgp/benchmark/results/sixhump_camel/heter_LVGP/ei/nrep10/seed05.mat,sixhump_camel/heter_LVGP/ei/nrep10/seed05
sixhump_camel,heter_LVGP,ei,,10,6,ok,50,/data/zhq7531/IDEAL/hetero_lvgp/benchmark/results/sixhump_camel/heter_LVGP/ei/nrep10/seed06.mat,sixhump_camel/heter_LVGP/ei/nrep10/seed06
sixhump_camel,heter_LVGP,ei,,10,7,ok,50,/data/zhq7531/IDEAL/hetero_lvgp/benchmark/results/sixhump_camel/heter_LVGP/ei/nrep10/seed07.mat,sixhump_camel/heter_LVGP/ei/nrep10/seed07
sixhump_camel,heter_LVGP,ei,,10,8,ok,50,/data/zhq7531/IDEAL/hetero_lvgp/benchmark/results/sixhump_camel/heter_LVGP/ei/nrep10/seed08.mat,sixhump_camel/heter_LVGP/ei/nrep10/seed08
sixhump_camel,heter_LVGP,ei,,10,9,ok,50,/data/zhq7531/IDEAL/hetero_lvgp/benchmark/results/sixhump_camel/heter_LVGP/ei/nrep10/seed09.mat,sixhump_camel/heter_LVGP/ei/nrep10/seed09
sixhump_camel,heter_LVGP,ei,,10,10,ok,50,/data/zhq7531/IDEAL/hetero_lvgp/benchmark/results/sixhump_camel/heter_LVGP/ei/nrep10/seed10.mat,sixhump_camel/heter_LVGP/ei/nrep10/seed10
sixhump_camel,heter_LVGP,ei,,10,11,ok,50,/data/zhq7531/IDEAL/hetero_lvgp/benchmark/results/sixhump_camel/heter_LVGP/ei/nrep10/seed11.mat,sixhump_camel/heter_LVGP/ei/nrep10/seed11
sixhump_camel,heter_LVGP,ei,,10,12,ok,50,/data/zhq7531/IDEAL/hetero_lvgp/benchmark/results/sixhump_camel/heter_LVGP/ei/nrep10/seed12.mat,sixhump_camel/heter_LVGP/ei/nrep10/seed12
sixhump_camel,heter_LVGP,ei,,10,13,ok,50,/data/zhq7531/IDEAL/hetero_lvgp/benchmark/results/sixhump_camel/heter_LVGP/ei/nrep10/seed13.mat,sixhump_camel/heter_LVGP/ei/nrep10/seed13
sixhump_camel,heter_LVGP,ei,,10,14,ok,50,/data/zhq7531/IDEAL/hetero_lvgp/benchmark/results/sixhump_camel/heter_LVGP/ei/nrep10/seed14.mat,sixhump_camel/heter_LVGP/ei/nrep10/seed14
sixhump_camel,heter_LVGP,ei,,10,15,ok,50,/data/zhq7531/IDEAL/hetero_lvgp/benchmark/results/sixhump_camel/heter_LVGP/ei/nrep10/seed15.mat,sixhump_camel/heter_LVGP/ei/nrep10/seed15
sixhump_camel,heter_LVGP,ei,,10,16,ok,50,/data/zhq7531/IDEAL/hetero_lvgp/benchmark/results/sixhump_camel/heter_LVGP/ei/nrep10/seed16.mat,sixhump_camel/heter_LVGP/ei/nrep10/seed16
sixhump_camel,heter_LVGP,ei,,10,17,ok,50,/data/zhq7531/IDEAL/hetero_lvgp/benchmark/results/sixhump_camel/heter_LVGP/ei/nrep10/seed17.mat,sixhump_camel/heter_LVGP/ei/nrep10/seed17
sixhump_camel,heter_LVGP,ei,,10,18,ok,50,/data/zhq7531/IDEAL/hetero_lvgp/benchmark/results/sixhump_camel/heter_LVGP/ei/nrep10/seed18.mat,sixhump_camel/heter_LVGP/ei/nrep10/seed18
sixhump_camel,heter_LVGP,ei,,10,19,ok,50,/data/zhq7531/IDEAL/hetero_lvgp/benchmark/results/sixhump_camel/heter_LVGP/ei/nrep10/seed19.mat,sixhump_camel/heter_LVGP/ei/nrep10/seed19
sixhump_camel,heter_LVGP,ei,,10,20,ok,50,/data/zhq7531/IDEAL/hetero_lvgp/benchmark/results/sixhump_camel/heter_LVGP/ei/nrep10/seed20.mat,sixhump_camel/heter_LVGP/ei/nrep10/seed20
sixhump_camel,heter_LVGP,ei,,10,21,ok,50,/data/zhq7531/IDEAL/hetero_lvgp/benchmark/results/sixhump_camel/heter_LVGP/ei/nrep10/seed21.mat,sixhump_camel/heter_LVGP/ei/nrep10/seed21
sixhump_camel,heter_LVGP,ei,,10,22,ok,50,/data/zhq7531/IDEAL/hetero_lvgp/benchmark/results/sixhump_camel/heter_LVGP/ei/nrep10/seed22.mat,sixhump_camel/heter_LVGP/ei/nrep10/seed22
sixhump_camel,heter_LVGP,ei,,10,23,ok,50,/data/zhq7531/IDEAL/hetero_lvgp/benchmark/results/sixhump_camel/heter_LVGP/ei/nrep10/seed23.mat,sixhump_camel/heter_LVGP/ei/nrep10/seed23
sixhump_camel,heter_LVGP,ei,,10,24,ok,50,/data/zhq7531/IDEAL/hetero_lvgp/benchmark/results/sixhump_camel/heter_LVGP/ei/nrep10/seed24.mat,sixhump_camel/heter_LVGP/ei/nrep10/seed24
sixhump_camel,heter_LVGP,ei,,10,25,ok,50,/data/zhq7531/IDEAL/hetero_lvgp/benchmark/results/sixhump_camel/heter_LVGP/ei/nrep10/seed25.mat,sixhump_camel/heter_LVGP/ei/nrep10/seed25
sixhump_camel,heter_LVGP,ei,,10,26,ok,50,/data/zhq7531/IDEAL/hetero_lvgp/benchmark/results/sixhump_camel/heter_LVGP/ei/nrep10/seed26.mat,sixhump_camel/heter_LVGP/ei/nrep10/seed26
sixhump_camel,heter_LVGP,ei,,10,27,ok,50,/data/zhq7531/IDEAL/hetero_lvgp/benchmark/results/sixhump_camel/heter_LVGP/ei/nrep10/seed27.mat,sixhump_camel/heter_LVGP/ei/nrep10/seed27
sixhump_camel,heter_LVGP,ei,,10,28,ok,50,/data/zhq7531/IDEAL/hetero_lvgp/benchmark/results/sixhump_camel/heter_LVGP/ei/nrep10/seed28.mat,sixhump_camel/heter_LVGP/ei/nrep10/seed28
sixhump_camel,heter_LVGP,ei,,10,29,ok,50,/data/zhq7531/IDEAL/hetero_lvgp/benchmark/results/sixhump_camel/heter_LVGP/ei/nrep10/seed29.mat,sixhump_camel/heter_LVGP/ei/nrep10/seed29
sixhump_camel,heter_LVGP,ei,,10,30,ok,50,/data/zhq7531/IDEAL/hetero_lvgp/benchmark/results/sixhump_camel/heter_LVGP/ei/nrep10/seed30.mat,sixhump_camel/heter_LVGP/ei/nrep10/seed30
sixhump_camel,heter_LVGP,haei,0.5,3,1,ok,50,/data/zhq7531/IDEAL/hetero_lvgp/benchmark/results/sixhump_camel/heter_LVGP/haei_g0.5/nrep03/seed01.mat,sixhump_camel/heter_LVGP/haei_g0.5/nrep03/seed01
sixhump_camel,heter_LVGP,haei,0.5,3,2,ok,50,/data/zhq7531/IDEAL/hetero_lvgp/benchmark/results/sixhump_camel/heter_LVGP/haei_g0.5/nrep03/seed02.mat,sixhump_camel/heter_LVGP/haei_g0.5/nrep03/seed02
sixhump_camel,heter_LVGP,haei,0.5,3,3,ok,50,/data/zhq7531/IDEAL/hetero_lvgp/benchmark/results/sixhump_camel/heter_LVGP/haei_g0.5/nrep03/seed03.mat,sixhump_camel/heter_LVGP/haei_g0.5/nrep03/seed03
sixhump_camel,heter_LVGP,haei,0.5,3,4,ok,50,/data/zhq7531/IDEAL/hetero_lvgp/benchmark/results/sixhump_camel/heter_LVGP/haei_g0.5/nrep03/seed04.mat,sixhump_camel/heter_LVGP/haei_g0.5/nrep03/seed04
sixhump_camel,heter_LVGP,haei,0.5,3,5,ok,50,/data/zhq7531/IDEAL/hetero_lvgp/benchmark/results/sixhump_camel/heter_LVGP/haei_g0.5/nrep03/seed05.mat,sixhump_camel/heter_LVGP/haei_g0.5/nrep03/seed05
sixhump_camel,heter_LVGP,haei,0.5,3,6,ok,50,/data/zhq7531/IDEAL/hetero_lvgp/benchmark/results/sixhump_camel/heter_LVGP/haei_g0.5/nrep03/seed06.mat,sixhump_camel/heter_LVGP/haei_g0.5/nrep03/seed06
sixhump_camel,heter_LVGP,haei,0.5,3,7,ok,50,/data/zhq7531/IDEAL/hetero_lvgp/benchmark/results/sixhump_camel/heter_LVGP/haei_g0.5/nrep03/seed07.mat,sixhump_camel/heter_LVGP/haei_g0.5/nrep03/seed07
sixhump_camel,heter_LVGP,haei,0.5,3,8,ok,50,/data/zhq7531/IDEAL/hetero_lvgp/benchmark/results/sixhump_camel/heter_LVGP/haei_g0.5/nrep03/seed08.mat,sixhump_camel/heter_LVGP/haei_g0.5/nrep03/seed08
sixhump_camel,heter_LVGP,haei,0.5,3,9,ok,50,/data/zhq7531/IDEAL/hetero_lvgp/benchmark/results/sixhump_camel/heter_LVGP/haei_g0.5/nrep03/seed09.mat,sixhump_camel/heter_LVGP/haei_g0.5/nrep03/seed09
sixhump_camel,heter_LVGP,haei,0.5,3,10,ok,50,/data/zhq7531/IDEAL/hetero_lvgp/benchmark/results/sixhump_camel/heter_LVGP/haei_g0.5/nrep03/seed10.mat,sixhump_camel/heter_LVGP/haei_g0.5/nrep03/seed10
sixhump_camel,heter_LVGP,haei,0.5,3,11,ok,50,/data/zhq7531/IDEAL/hetero_lvgp/benchmark/results/sixhump_camel/heter_LVGP/haei_g0.5/nrep03/seed11.mat,sixhump_camel/heter_LVGP/haei_g0.5/nrep03/seed11
sixhump_camel,heter_LVGP,haei,0.5,3,12,ok,50,/data/zhq7531/IDEAL/hetero_lvgp/benchmark/results/sixhump_camel/heter_LVGP/haei_g0.5/nrep03/seed12.mat,sixhump_camel/heter_LVGP/haei_g0.5/nrep03/seed12
sixhump_camel,heter_LVGP,haei,0.5,3,13,ok,50,/data/zhq7531/IDEAL/hetero_lvgp/benchmark/results/sixhump_camel/heter_LVGP/haei_g0.5/nrep03/seed13.mat,sixhump_camel/heter_LVGP/haei_g0.5/nrep03/seed13
sixhump_camel,heter_LVGP,haei,0.5,3,14,ok,50,/data/zhq7531/IDEAL/hetero_lvgp/benchmark/results/sixhump_camel/heter_LVGP/haei_g0.5/nrep03/seed14.mat,sixhump_camel/heter_LVGP/haei_g0.5/nrep03/seed14
sixhump_camel,heter_LVGP,haei,0.5,3,15,ok,50,/data/zhq7531/IDEAL/hetero_lvgp/benchmark/results/sixhump_camel/heter_LVGP/haei_g0.5/nrep03/seed15.mat,sixhump_camel/heter_LVGP/haei_g0.5/nrep03/seed15
sixhump_camel,heter_LVGP,haei,0.5,3,16,ok,50,/data/zhq7531/IDEAL/hetero_lvgp/benchmark/results/sixhump_camel/heter_LVGP/haei_g0.5/nrep03/seed16.mat,sixhump_camel/heter_LVGP/haei_g0.5/nrep03/seed16
sixhump_camel,heter_LVGP,haei,0.5,3,17,ok,50,/data/zhq7531/IDEAL/hetero_lvgp/benchmark/results/sixhump_camel/heter_LVGP/haei_g0.5/nrep03/seed17.mat,sixhump_camel/heter_LVGP/haei_g0.5/nrep03/seed17
sixhump_camel,heter_LVGP,haei,0.5,3,18,ok,50,/data/zhq7531/IDEAL/hetero_lvgp/benchmark/results/sixhump_camel/heter_LVGP/haei_g0.5/nrep03/seed18.mat,sixhump_camel/heter_LVGP/haei_g0.5/nrep03/seed18
sixhump_camel,heter_LVGP,haei,0.5,3,19,ok,50,/data/zhq7531/IDEAL/hetero_lvgp/benchmark/results/sixhump_camel/heter_LVGP/haei_g0.5/nrep03/seed19.mat,sixhump_camel/heter_LVGP/haei_g0.5/nrep03/seed19
sixhump_camel,heter_LVGP,haei,0.5,3,20,ok,50,/data/zhq7531/IDEAL/hetero_lvgp/benchmark/results/sixhump_camel/heter_LVGP/haei_g0.5/nrep03/seed20.mat,sixhump_camel/heter_LVGP/haei_g0.5/nrep03/seed20
sixhump_camel,heter_LVGP,haei,0.5,3,21,ok,50,/data/zhq7531/IDEAL/hetero_lvgp/benchmark/results/sixhump_camel/heter_LVGP/haei_g0.5/nrep03/seed21.mat,sixhump_camel/heter_LVGP/haei_g0.5/nrep03/seed21
sixhump_camel,heter_LVGP,haei,0.5,3,22,ok,50,/data/zhq7531/IDEAL/hetero_lvgp/benchmark/results/sixhump_camel/heter_LVGP/haei_g0.5/nrep03/seed22.mat,sixhump_camel/heter_LVGP/haei_g0.5/nrep03/seed22
sixhump_camel,heter_LVGP,haei,0.5,3,23,ok,50,/data/zhq7531/IDEAL/hetero_lvgp/benchmark/results/sixhump_camel/heter_LVGP/haei_g0.5/nrep03/seed23.mat,sixhump_camel/heter_LVGP/haei_g0.5/nrep03/seed23
sixhump_camel,heter_LVGP,haei,0.5,3,24,ok,50,/data/zhq7531/IDEAL/hetero_lvgp/benchmark/results/sixhump_camel/heter_LVGP/haei_g0.5/nrep03/seed24.mat,sixhump_camel/heter_LVGP/haei_g0.5/nrep03/seed24
sixhump_camel,heter_LVGP,haei,0.5,3,25,ok,50,/data/zhq7531/IDEAL/hetero_lvgp/benchmark/results/sixhump_camel/heter_LVGP/haei_g0.5/nrep03/seed25.mat,sixhump_camel/heter_LVGP/haei_g0.5/nrep03/seed25
sixhump_camel,heter_LVGP,haei,0.5,3,26,ok,50,/data/zhq7531/IDEAL/hetero_lvgp/benchmark/results/sixhump_camel/heter_LVGP/haei_g0.5/nrep03/seed26.mat,sixhump_camel/heter_LVGP/haei_g0.5/nrep03/seed26
sixhump_camel,heter_LVGP,haei,0.5,3,27,ok,50,/data/zhq7531/IDEAL/hetero_lvgp/benchmark/results/sixhump_camel/heter_LVGP/haei_g0.5/nrep03/seed27.mat,sixhump_camel/heter_LVGP/haei_g0.5/nrep03/seed27
sixhump_camel,heter_LVGP,haei,0.5,3,28,ok,50,/data/zhq7531/IDEAL/hetero_lvgp/benchmark/results/sixhump_camel/heter_LVGP/haei_g0.5/nrep03/seed28.mat,sixhump_camel/heter_LVGP/haei_g0.5/nrep03/seed28
sixhump_camel,heter_LVGP,haei,0.5,3,29,ok,50,/data/zhq7531/IDEAL/hetero_lvgp/benchmark/results/sixhump_camel/heter_LVGP/haei_g0.5/nrep03/seed29.mat,sixhump_camel/heter_LVGP/haei_g0.5/nrep03/seed29
sixhump_camel,heter_LVGP,haei,0.5,3,30,ok,50,/data/zhq7531/IDEAL/hetero_lvgp/benchmark/results/sixhump_camel/heter_LVGP/haei_g0.5/nrep03/seed30.mat,sixhump_camel/heter_LVGP/haei_g0.5/nrep03/seed30
sixhump_camel,heter_LVGP,haei,0.5,10,1,ok,50,/data/zhq7531/IDEAL/hetero_lvgp/benchmark/results/sixhump_camel/heter_LVGP/haei_g0.5/nrep10/seed01.mat,sixhump_camel/heter_LVGP/haei_g0.5/nrep10/seed01
sixhump_camel,heter_LVGP,haei,0.5,10,2,ok,50,/data/zhq7531/IDEAL/hetero_lvgp/benchmark/results/sixhump_camel/heter_LVGP/haei_g0.5/nrep10/seed02.mat,sixhump_camel/heter_LVGP/haei_g0.5/nrep10/seed02
sixhump_camel,heter_LVGP,haei,0.5,10,3,ok,50,/data/zhq7531/IDEAL/hetero_lvgp/benchmark/results/sixhump_camel/heter_LVGP/haei_g0.5/nrep10/seed03.mat,sixhump_camel/heter_LVGP/haei_g0.5/nrep10/seed03
sixhump_camel,heter_LVGP,haei,0.5,10,4,ok,50,/data/zhq7531/IDEAL/hetero_lvgp/benchmark/results/sixhump_camel/heter_LVGP/haei_g0.5/nrep10/seed04.mat,sixhump_camel/heter_LVGP/haei_g0.5/nrep10/seed04
sixhump_camel,heter_LVGP,haei,0.5,10,5,ok,50,/data/zhq7531/IDEAL/hetero_lvgp/benchmark/results/sixhump_camel/heter_LVGP/haei_g0.5/nrep10/seed05.mat,sixhump_camel/heter_LVGP/haei_g0.5/nrep10/seed05
sixhump_camel,heter_LVGP,haei,0.5,10,6,ok,50,/data/zhq7531/IDEAL/hetero_lvgp/benchmark/results/sixhump_camel/heter_LVGP/haei_g0.5/nrep10/seed06.mat,sixhump_camel/heter_LVGP/haei_g0.5/nrep10/seed06
sixhump_camel,heter_LVGP,haei,0.5,10,7,ok,50,/data/zhq7531/IDEAL/hetero_lvgp/benchmark/results/sixhump_camel/heter_LVGP/haei_g0.5/nrep10/seed07.mat,sixhump_camel/heter_LVGP/haei_g0.5/nrep10/seed07
sixhump_camel,heter_LVGP,haei,0.5,10,8,ok,50,/data/zhq7531/IDEAL/hetero_lvgp/benchmark/results/sixhump_camel/heter_LVGP/haei_g0.5/nrep10/seed08.mat,sixhump_camel/heter_LVGP/haei_g0.5/nrep10/seed08
sixhump_camel,heter_LVGP,haei,0.5,10,9,ok,50,/data/zhq7531/IDEAL/hetero_lvgp/benchmark/results/sixhump_camel/heter_LVGP/haei_g0.5/nrep10/seed09.mat,sixhump_camel/heter_LVGP/haei_g0.5/nrep10/seed09
sixhump_camel,heter_LVGP,haei,0.5,10,10,ok,50,/data/zhq7531/IDEAL/hetero_lvgp/benchmark/results/sixhump_camel/heter_LVGP/haei_g0.5/nrep10/seed10.mat,sixhump_camel/heter_LVGP/haei_g0.5/nrep10/seed10
sixhump_camel,heter_LVGP,haei,0.5,10,11,ok,50,/data/zhq7531/IDEAL/hetero_lvgp/benchmark/results/sixhump_camel/heter_LVGP/haei_g0.5/nrep10/seed11.mat,sixhump_camel/heter_LVGP/haei_g0.5/nrep10/seed11
sixhump_camel,heter_LVGP,haei,0.5,10,12,ok,50,/data/zhq7531/IDEAL/hetero_lvgp/benchmark/results/sixhump_camel/heter_LVGP/haei_g0.5/nrep10/seed12.mat,sixhump_camel/heter_LVGP/haei_g0.5/nrep10/seed12
sixhump_camel,heter_LVGP,haei,0.5,10,13,ok,50,/data/zhq7531/IDEAL/hetero_lvgp/benchmark/results/sixhump_camel/heter_LVGP/haei_g0.5/nrep10/seed13.mat,sixhump_camel/heter_LVGP/haei_g0.5/nrep10/seed13
sixhump_camel,heter_LVGP,haei,0.5,10,14,ok,50,/data/zhq7531/IDEAL/hetero_lvgp/benchmark/results/sixhump_camel/heter_LVGP/haei_g0.5/nrep10/seed14.mat,sixhump_camel/heter_LVGP/haei_g0.5/nrep10/seed14
sixhump_camel,heter_LVGP,haei,0.5,10,15,ok,50,/data/zhq7531/IDEAL/hetero_lvgp/benchmark/results/sixhump_camel/heter_LVGP/haei_g0.5/nrep10/seed15.mat,sixhump_camel/heter_LVGP/haei_g0.5/nrep10/seed15
sixhump_camel,heter_LVGP,haei,0.5,10,16,ok,50,/data/zhq7531/IDEAL/hetero_lvgp/benchmark/results/sixhump_camel/heter_LVGP/haei_g0.5/nrep10/seed16.mat,sixhump_camel/heter_LVGP/haei_g0.5/nrep10/seed16
sixhump_camel,heter_LVGP,haei,0.5,10,17,ok,50,/data/zhq7531/IDEAL/hetero_lvgp/benchmark/results/sixhump_camel/heter_LVGP/haei_g0.5/nrep10/seed17.mat,sixhump_camel/heter_LVGP/haei_g0.5/nrep10/seed17
sixhump_camel,heter_LVGP,haei,0.5,10,18,ok,50,/data/zhq7531/IDEAL/hetero_lvgp/benchmark/results/sixhump_camel/heter_LVGP/haei_g0.5/nrep10/seed18.mat,sixhump_camel/heter_LVGP/haei_g0.5/nrep10/seed18
sixhump_camel,heter_LVGP,haei,0.5,10,19,ok,50,/data/zhq7531/IDEAL/hetero_lvgp/benchmark/results/sixhump_camel/heter_LVGP/haei_g0.5/nrep10/seed19.mat,sixhump_camel/heter_LVGP/haei_g0.5/nrep10/seed19
sixhump_camel,heter_LVGP,haei,0.5,10,20,ok,50,/data/zhq7531/IDEAL/hetero_lvgp/benchmark/results/sixhump_camel/heter_LVGP/haei_g0.5/nrep10/seed20.mat,sixhump_camel/heter_LVGP/haei_g0.5/nrep10/seed20
sixhump_camel,heter_LVGP,haei,0.5,10,21,ok,50,/data/zhq7531/IDEAL/hetero_lvgp/benchmark/results/sixhump_camel/heter_LVGP/haei_g0.5/nrep10/seed21.mat,sixhump_camel/heter_LVGP/haei_g0.5/nrep10/seed21
sixhump_camel,heter_LVGP,haei,0.5,10,22,ok,50,/data/zhq7531/IDEAL/hetero_lvgp/benchmark/results/sixhump_camel/heter_LVGP/haei_g0.5/nrep10/seed22.mat,sixhump_camel/heter_LVGP/haei_g0.5/nrep10/seed22
sixhump_camel,heter_LVGP,haei,0.5,10,23,ok,50,/data/zhq7531/IDEAL/hetero_lvgp/benchmark/results/sixhump_camel/heter_LVGP/haei_g0.5/nrep10/seed23.mat,sixhump_camel/heter_LVGP/haei_g0.5/nrep10/seed23
sixhump_camel,heter_LVGP,haei,0.5,10,24,ok,50,/data/zhq7531/IDEAL/hetero_lvgp/benchmark/results/sixhump_camel/heter_LVGP/haei_g0.5/nrep10/seed24.mat,sixhump_camel/heter_LVGP/haei_g0.5/nrep10/seed24
sixhump_camel,heter_LVGP,haei,0.5,10,25,ok,50,/data/zhq7531/IDEAL/hetero_lvgp/benchmark/results/sixhump_camel/heter_LVGP/haei_g0.5/nrep10/seed25.mat,sixhump_camel/heter_LVGP/haei_g0.5/nrep10/seed25
sixhump_camel,heter_LVGP,haei,0.5,10,26,ok,50,/data/zhq7531/IDEAL/hetero_lvgp/benchmark/results/sixhump_camel/heter_LVGP/haei_g0.5/nrep10/seed26.mat,sixhump_camel/heter_LVGP/haei_g0.5/nrep10/seed26
sixhump_camel,heter_LVGP,haei,0.5,10,27,ok,50,/data/zhq7531/IDEAL/hetero_lvgp/benchmark/results/sixhump_camel/heter_LVGP/haei_g0.5/nrep10/seed27.mat,sixhump_camel/heter_LVGP/haei_g0.5/nrep10/seed27
sixhump_camel,heter_LVGP,haei,0.5,10,28,ok,50,/data/zhq7531/IDEAL/hetero_lvgp/benchmark/results/sixhump_camel/heter_LVGP/haei_g0.5/nrep10/seed28.mat,sixhump_camel/heter_LVGP/haei_g0.5/nrep10/seed28
sixhump_camel,heter_LVGP,haei,0.5,10,29,ok,50,/data/zhq7531/IDEAL/hetero_lvgp/benchmark/results/sixhump_camel/heter_LVGP/haei_g0.5/nrep10/seed29.mat,sixhump_camel/heter_LVGP/haei_g0.5/nrep10/seed29
sixhump_camel,heter_LVGP,haei,0.5,10,30,ok,50,/data/zhq7531/IDEAL/hetero_lvgp/benchmark/results/sixhump_camel/heter_LVGP/haei_g0.5/nrep10/seed30.mat,sixhump_camel/heter_LVGP/haei_g0.5/nrep10/seed30
sixhump_camel,heter_LVGP,anpei,0.8,3,1,ok,50,/data/zhq7531/IDEAL/hetero_lvgp/benchmark/results/sixhump_camel/heter_LVGP/anpei_b0.8/nrep03/seed01.mat,sixhump_camel/heter_LVGP/anpei_b0.8/nrep03/seed01
sixhump_camel,heter_LVGP,anpei,0.8,3,2,ok,50,/data/zhq7531/IDEAL/hetero_lvgp/benchmark/results/sixhump_camel/heter_LVGP/anpei_b0.8/nrep03/seed02.mat,sixhump_camel/heter_LVGP/anpei_b0.8/nrep03/seed02
sixhump_camel,heter_LVGP,anpei,0.8,3,3,ok,50,/data/zhq7531/IDEAL/hetero_lvgp/benchmark/results/sixhump_camel/heter_LVGP/anpei_b0.8/nrep03/seed03.mat,sixhump_camel/heter_LVGP/anpei_b0.8/nrep03/seed03
sixhump_camel,heter_LVGP,anpei,0.8,3,4,ok,50,/data/zhq7531/IDEAL/hetero_lvgp/benchmark/results/sixhump_camel/heter_LVGP/anpei_b0.8/nrep03/seed04.mat,sixhump_camel/heter_LVGP/anpei_b0.8/nrep03/seed04
sixhump_camel,heter_LVGP,anpei,0.8,3,5,ok,50,/data/zhq7531/IDEAL/hetero_lvgp/benchmark/results/sixhump_camel/heter_LVGP/anpei_b0.8/nrep03/seed05.mat,sixhump_camel/heter_LVGP/anpei_b0.8/nrep03/seed05
sixhump_camel,heter_LVGP,anpei,0.8,3,6,ok,50,/data/zhq7531/IDEAL/hetero_lvgp/benchmark/results/sixhump_camel/heter_LVGP/anpei_b0.8/nrep03/seed06.mat,sixhump_camel/heter_LVGP/anpei_b0.8/nrep03/seed06
sixhump_camel,heter_LVGP,anpei,0.8,3,7,ok,50,/data/zhq7531/IDEAL/hetero_lvgp/benchmark/results/sixhump_camel/heter_LVGP/anpei_b0.8/nrep03/seed07.mat,sixhump_camel/heter_LVGP/anpei_b0.8/nrep03/seed07
sixhump_camel,heter_LVGP,anpei,0.8,3,8,ok,50,/data/zhq7531/IDEAL/hetero_lvgp/benchmark/results/sixhump_camel/heter_LVGP/anpei_b0.8/nrep03/seed08.mat,sixhump_camel/heter_LVGP/anpei_b0.8/nrep03/seed08
sixhump_camel,heter_LVGP,anpei,0.8,3,9,ok,50,/data/zhq7531/IDEAL/hetero_lvgp/benchmark/results/sixhump_camel/heter_LVGP/anpei_b0.8/nrep03/seed09.mat,sixhump_camel/heter_LVGP/anpei_b0.8/nrep03/seed09
sixhump_camel,heter_LVGP,anpei,0.8,3,10,ok,50,/data/zhq7531/IDEAL/hetero_lvgp/benchmark/results/sixhump_camel/heter_LVGP/anpei_b0.8/nrep03/seed10.mat,sixhump_camel/heter_LVGP/anpei_b0.8/nrep03/seed10
sixhump_camel,heter_LVGP,anpei,0.8,3,11,ok,50,/data/zhq7531/IDEAL/hetero_lvgp/benchmark/results/sixhump_camel/heter_LVGP/anpei_b0.8/nrep03/seed11.mat,sixhump_camel/heter_LVGP/anpei_b0.8/nrep03/seed11
sixhump_camel,heter_LVGP,anpei,0.8,3,12,ok,50,/data/zhq7531/IDEAL/hetero_lvgp/benchmark/results/sixhump_camel/heter_LVGP/anpei_b0.8/nrep03/seed12.mat,sixhump_camel/heter_LVGP/anpei_b0.8/nrep03/seed12
sixhump_camel,heter_LVGP,anpei,0.8,3,13,ok,50,/data/zhq7531/IDEAL/hetero_lvgp/benchmark/results/sixhump_camel/heter_LVGP/anpei_b0.8/nrep03/seed13.mat,sixhump_camel/heter_LVGP/anpei_b0.8/nrep03/seed13
sixhump_camel,heter_LVGP,anpei,0.8,3,14,ok,50,/data/zhq7531/IDEAL/hetero_lvgp/benchmark/results/sixhump_camel/heter_LVGP/anpei_b0.8/nrep03/seed14.mat,sixhump_camel/heter_LVGP/anpei_b0.8/nrep03/seed14
sixhump_camel,heter_LVGP,anpei,0.8,3,15,ok,50,/data/zhq7531/IDEAL/hetero_lvgp/benchmark/results/sixhump_camel/heter_LVGP/anpei_b0.8/nrep03/seed15.mat,sixhump_camel/heter_LVGP/anpei_b0.8/nrep03/seed15
sixhump_camel,heter_LVGP,anpei,0.8,3,16,ok,50,/data/zhq7531/IDEAL/hetero_lvgp/benchmark/results/sixhump_camel/heter_LVGP/anpei_b0.8/nrep03/seed16.mat,sixhump_camel/heter_LVGP/anpei_b0.8/nrep03/seed16
sixhump_camel,heter_LVGP,anpei,0.8,3,17,ok,50,/data/zhq7531/IDEAL/hetero_lvgp/benchmark/results/sixhump_camel/heter_LVGP/anpei_b0.8/nrep03/seed17.mat,sixhump_camel/heter_LVGP/anpei_b0.8/nrep03/seed17
sixhump_camel,heter_LVGP,anpei,0.8,3,18,ok,50,/data/zhq7531/IDEAL/hetero_lvgp/benchmark/results/sixhump_camel/heter_LVGP/anpei_b0.8/nrep03/seed18.mat,sixhump_camel/heter_LVGP/anpei_b0.8/nrep03/seed18
sixhump_camel,heter_LVGP,anpei,0.8,3,19,ok,50,/data/zhq7531/IDEAL/hetero_lvgp/benchmark/results/sixhump_camel/heter_LVGP/anpei_b0.8/nrep03/seed19.mat,sixhump_camel/heter_LVGP/anpei_b0.8/nrep03/seed19
sixhump_camel,heter_LVGP,anpei,0.8,3,20,ok,50,/data/zhq7531/IDEAL/hetero_lvgp/benchmark/results/sixhump_camel/heter_LVGP/anpei_b0.8/nrep03/seed20.mat,sixhump_camel/heter_LVGP/anpei_b0.8/nrep03/seed20
sixhump_camel,heter_LVGP,anpei,0.8,3,21,ok,50,/data/zhq7531/IDEAL/hetero_lvgp/benchmark/results/sixhump_camel/heter_LVGP/anpei_b0.8/nrep03/seed21.mat,sixhump_camel/heter_LVGP/anpei_b0.8/nrep03/seed21
sixhump_camel,heter_LVGP,anpei,0.8,3,22,ok,50,/data/zhq7531/IDEAL/hetero_lvgp/benchmark/results/sixhump_camel/heter_LVGP/anpei_b0.8/nrep03/seed22.mat,sixhump_camel/heter_LVGP/anpei_b0.8/nrep03/seed22
sixhump_camel,heter_LVGP,anpei,0.8,3,23,ok,50,/data/zhq7531/IDEAL/hetero_lvgp/benchmark/results/sixhump_camel/heter_LVGP/anpei_b0.8/nrep03/seed23.mat,sixhump_camel/heter_LVGP/anpei_b0.8/nrep03/seed23
sixhump_camel,heter_LVGP,anpei,0.8,3,24,ok,50,/data/zhq7531/IDEAL/hetero_lvgp/benchmark/results/sixhump_camel/heter_LVGP/anpei_b0.8/nrep03/seed24.mat,sixhump_camel/heter_LVGP/anpei_b0.8/nrep03/seed24
sixhump_camel,heter_LVGP,anpei,0.8,3,25,ok,50,/data/zhq7531/IDEAL/hetero_lvgp/benchmark/results/sixhump_camel/heter_LVGP/anpei_b0.8/nrep03/seed25.mat,sixhump_camel/heter_LVGP/anpei_b0.8/nrep03/seed25
sixhump_camel,heter_LVGP,anpei,0.8,3,26,ok,50,/data/zhq7531/IDEAL/hetero_lvgp/benchmark/results/sixhump_camel/heter_LVGP/anpei_b0.8/nrep03/seed26.mat,sixhump_camel/heter_LVGP/anpei_b0.8/nrep03/seed26
sixhump_camel,heter_LVGP,anpei,0.8,3,27,ok,50,/data/zhq7531/IDEAL/hetero_lvgp/benchmark/results/sixhump_camel/heter_LVGP/anpei_b0.8/nrep03/seed27.mat,sixhump_camel/heter_LVGP/anpei_b0.8/nrep03/seed27
sixhump_camel,heter_LVGP,anpei,0.8,3,28,ok,50,/data/zhq7531/IDEAL/hetero_lvgp/benchmark/results/sixhump_camel/heter_LVGP/anpei_b0.8/nrep03/seed28.mat,sixhump_camel/heter_LVGP/anpei_b0.8/nrep03/seed28
sixhump_camel,heter_LVGP,anpei,0.8,3,29,ok,50,/data/zhq7531/IDEAL/hetero_lvgp/benchmark/results/sixhump_camel/heter_LVGP/anpei_b0.8/nrep03/seed29.mat,sixhump_camel/heter_LVGP/anpei_b0.8/nrep03/seed29
sixhump_camel,heter_LVGP,anpei,0.8,3,30,ok,50,/data/zhq7531/IDEAL/hetero_lvgp/benchmark/results/sixhump_camel/heter_LVGP/anpei_b0.8/nrep03/seed30.mat,sixhump_camel/heter_LVGP/anpei_b0.8/nrep03/seed30
sixhump_camel,heter_LVGP,anpei,0.8,10,1,ok,50,/data/zhq7531/IDEAL/hetero_lvgp/benchmark/results/sixhump_camel/heter_LVGP/anpei_b0.8/nrep10/seed01.mat,sixhump_camel/heter_LVGP/anpei_b0.8/nrep10/seed01
sixhump_camel,heter_LVGP,anpei,0.8,10,2,ok,50,/data/zhq7531/IDEAL/hetero_lvgp/benchmark/results/sixhump_camel/heter_LVGP/anpei_b0.8/nrep10/seed02.mat,sixhump_camel/heter_LVGP/anpei_b0.8/nrep10/seed02
sixhump_camel,heter_LVGP,anpei,0.8,10,3,ok,50,/data/zhq7531/IDEAL/hetero_lvgp/benchmark/results/sixhump_camel/heter_LVGP/anpei_b0.8/nrep10/seed03.mat,sixhump_camel/heter_LVGP/anpei_b0.8/nrep10/seed03
sixhump_camel,heter_LVGP,anpei,0.8,10,4,ok,50,/data/zhq7531/IDEAL/hetero_lvgp/benchmark/results/sixhump_camel/heter_LVGP/anpei_b0.8/nrep10/seed04.mat,sixhump_camel/heter_LVGP/anpei_b0.8/nrep10/seed04
sixhump_camel,heter_LVGP,anpei,0.8,10,5,ok,50,/data/zhq7531/IDEAL/hetero_lvgp/benchmark/results/sixhump_camel/heter_LVGP/anpei_b0.8/nrep10/seed05.mat,sixhump_camel/heter_LVGP/anpei_b0.8/nrep10/seed05
sixhump_camel,heter_LVGP,anpei,0.8,10,6,ok,50,/data/zhq7531/IDEAL/hetero_lvgp/benchmark/results/sixhump_camel/heter_LVGP/anpei_b0.8/nrep10/seed06.mat,sixhump_camel/heter_LVGP/anpei_b0.8/nrep10/seed06
sixhump_camel,heter_LVGP,anpei,0.8,10,7,ok,50,/data/zhq7531/IDEAL/hetero_lvgp/benchmark/results/sixhump_camel/heter_LVGP/anpei_b0.8/nrep10/seed07.mat,sixhump_camel/heter_LVGP/anpei_b0.8/nrep10/seed07
sixhump_camel,heter_LVGP,anpei,0.8,10,8,ok,50,/data/zhq7531/IDEAL/hetero_lvgp/benchmark/results/sixhump_camel/heter_LVGP/anpei_b0.8/nrep10/seed08.mat,sixhump_camel/heter_LVGP/anpei_b0.8/nrep10/seed08
sixhump_camel,heter_LVGP,anpei,0.8,10,9,ok,50,/data/zhq7531/IDEAL/hetero_lvgp/benchmark/results/sixhump_camel/heter_LVGP/anpei_b0.8/nrep10/seed09.mat,sixhump_camel/heter_LVGP/anpei_b0.8/nrep10/seed09
sixhump_camel,heter_LVGP,anpei,0.8,10,10,ok,50,/data/zhq7531/IDEAL/hetero_lvgp/benchmark/results/sixhump_camel/heter_LVGP/anpei_b0.8/nrep10/seed10.mat,sixhump_camel/heter_LVGP/anpei_b0.8/nrep10/seed10
sixhump_camel,heter_LVGP,anpei,0.8,10,11,ok,50,/data/zhq7531/IDEAL/hetero_lvgp/benchmark/results/sixhump_camel/heter_LVGP/anpei_b0.8/nrep10/seed11.mat,sixhump_camel/heter_LVGP/anpei_b0.8/nrep10/seed11
sixhump_camel,heter_LVGP,anpei,0.8,10,12,ok,50,/data/zhq7531/IDEAL/hetero_lvgp/benchmark/results/sixhump_camel/heter_LVGP/anpei_b0.8/nrep10/seed12.mat,sixhump_camel/heter_LVGP/anpei_b0.8/nrep10/seed12
sixhump_camel,heter_LVGP,anpei,0.8,10,13,ok,50,/data/zhq7531/IDEAL/hetero_lvgp/benchmark/results/sixhump_camel/heter_LVGP/anpei_b0.8/nrep10/seed13.mat,sixhump_camel/heter_LVGP/anpei_b0.8/nrep10/seed13
sixhump_camel,heter_LVGP,anpei,0.8,10,14,ok,50,/data/zhq7531/IDEAL/hetero_lvgp/benchmark/results/sixhump_camel/heter_LVGP/anpei_b0.8/nrep10/seed14.mat,sixhump_camel/heter_LVGP/anpei_b0.8/nrep10/seed14
sixhump_camel,heter_LVGP,anpei,0.8,10,15,ok,50,/data/zhq7531/IDEAL/hetero_lvgp/benchmark/results/sixhump_camel/heter_LVGP/anpei_b0.8/nrep10/seed15.mat,sixhump_camel/heter_LVGP/anpei_b0.8/nrep10/seed15
sixhump_camel,heter_LVGP,anpei,0.8,10,16,ok,50,/data/zhq7531/IDEAL/hetero_lvgp/benchmark/results/sixhump_camel/heter_LVGP/anpei_b0.8/nrep10/seed16.mat,sixhump_camel/heter_LVGP/anpei_b0.8/nrep10/seed16
sixhump_camel,heter_LVGP,anpei,0.8,10,17,ok,50,/data/zhq7531/IDEAL/hetero_lvgp/benchmark/results/sixhump_camel/heter_LVGP/anpei_b0.8/nrep10/seed17.mat,sixhump_camel/heter_LVGP/anpei_b0.8/nrep10/seed17
sixhump_camel,heter_LVGP,anpei,0.8,10,18,ok,50,/data/zhq7531/IDEAL/hetero_lvgp/benchmark/results/sixhump_camel/heter_LVGP/anpei_b0.8/nrep10/seed18.mat,sixhump_camel/heter_LVGP/anpei_b0.8/nrep10/seed18
sixhump_camel,heter_LVGP,anpei,0.8,10,19,ok,50,/data/zhq7531/IDEAL/hetero_lvgp/benchmark/results/sixhump_camel/heter_LVGP/anpei_b0.8/nrep10/seed19.mat,sixhump_camel/heter_LVGP/anpei_b0.8/nrep10/seed19
sixhump_camel,heter_LVGP,anpei,0.8,10,20,ok,50,/data/zhq7531/IDEAL/hetero_lvgp/benchmark/results/sixhump_camel/heter_LVGP/anpei_b0.8/nrep10/seed20.mat,sixhump_camel/heter_LVGP/anpei_b0.8/nrep10/seed20
sixhump_camel,heter_LVGP,anpei,0.8,10,21,ok,50,/data/zhq7531/IDEAL/hetero_lvgp/benchmark/results/sixhump_camel/heter_LVGP/anpei_b0.8/nrep10/seed21.mat,sixhump_camel/heter_LVGP/anpei_b0.8/nrep10/seed21
sixhump_camel,heter_LVGP,anpei,0.8,10,22,ok,50,/data/zhq7531/IDEAL/hetero_lvgp/benchmark/results/sixhump_camel/heter_LVGP/anpei_b0.8/nrep10/seed22.mat,sixhump_camel/heter_LVGP/anpei_b0.8/nrep10/seed22
sixhump_camel,heter_LVGP,anpei,0.8,10,23,ok,50,/data/zhq7531/IDEAL/hetero_lvgp/benchmark/results/sixhump_camel/heter_LVGP/anpei_b0.8/nrep10/seed23.mat,sixhump_camel/heter_LVGP/anpei_b0.8/nrep10/seed23
sixhump_camel,heter_LVGP,anpei,0.8,10,24,ok,50,/data/zhq7531/IDEAL/hetero_lvgp/benchmark/results/sixhump_camel/heter_LVGP/anpei_b0.8/nrep10/seed24.mat,sixhump_camel/heter_LVGP/anpei_b0.8/nrep10/seed24
sixhump_camel,heter_LVGP,anpei,0.8,10,25,ok,50,/data/zhq7531/IDEAL/hetero_lvgp/benchmark/results/sixhump_camel/heter_LVGP/anpei_b0.8/nrep10/seed25.mat,sixhump_camel/heter_LVGP/anpei_b0.8/nrep10/seed25
sixhump_camel,heter_LVGP,anpei,0.8,10,26,ok,50,/data/zhq7531/IDEAL/hetero_lvgp/benchmark/results/sixhump_camel/heter_LVGP/anpei_b0.8/nrep10/seed26.mat,sixhump_camel/heter_LVGP/anpei_b0.8/nrep10/seed26
sixhump_camel,heter_LVGP,anpei,0.8,10,27,ok,50,/data/zhq7531/IDEAL/hetero_lvgp/benchmark/results/sixhump_camel/heter_LVGP/anpei_b0.8/nrep10/seed27.mat,sixhump_camel/heter_LVGP/anpei_b0.8/nrep10/seed27
sixhump_camel,heter_LVGP,anpei,0.8,10,28,ok,50,/data/zhq7531/IDEAL/hetero_lvgp/benchmark/results/sixhump_camel/heter_LVGP/anpei_b0.8/nrep10/seed28.mat,sixhump_camel/heter_LVGP/anpei_b0.8/nrep10/seed28
sixhump_camel,heter_LVGP,anpei,0.8,10,29,ok,50,/data/zhq7531/IDEAL/hetero_lvgp/benchmark/results/sixhump_camel/heter_LVGP/anpei_b0.8/nrep10/seed29.mat,sixhump_camel/heter_LVGP/anpei_b0.8/nrep10/seed29
sixhump_camel,heter_LVGP,anpei,0.8,10,30,ok,50,/data/zhq7531/IDEAL/hetero_lvgp/benchmark/results/sixhump_camel/heter_LVGP/anpei_b0.8/nrep10/seed30.mat,sixhump_camel/heter_LVGP/anpei_b0.8/nrep10/seed30
sixhump_camel,heter_LVGP,rahbo,0.5,3,1,ok,50,/data/zhq7531/IDEAL/hetero_lvgp/benchmark/results/sixhump_camel/heter_LVGP/rahbo_a0.5/nrep03/seed01.mat,sixhump_camel/heter_LVGP/rahbo_a0.5/nrep03/seed01
sixhump_camel,heter_LVGP,rahbo,0.5,3,2,ok,50,/data/zhq7531/IDEAL/hetero_lvgp/benchmark/results/sixhump_camel/heter_LVGP/rahbo_a0.5/nrep03/seed02.mat,sixhump_camel/heter_LVGP/rahbo_a0.5/nrep03/seed02
sixhump_camel,heter_LVGP,rahbo,0.5,3,3,ok,50,/data/zhq7531/IDEAL/hetero_lvgp/benchmark/results/sixhump_camel/heter_LVGP/rahbo_a0.5/nrep03/seed03.mat,sixhump_camel/heter_LVGP/rahbo_a0.5/nrep03/seed03
sixhump_camel,heter_LVGP,rahbo,0.5,3,4,ok,50,/data/zhq7531/IDEAL/hetero_lvgp/benchmark/results/sixhump_camel/heter_LVGP/rahbo_a0.5/nrep03/seed04.mat,sixhump_camel/heter_LVGP/rahbo_a0.5/nrep03/seed04
sixhump_camel,heter_LVGP,rahbo,0.5,3,5,ok,50,/data/zhq7531/IDEAL/hetero_lvgp/benchmark/results/sixhump_camel/heter_LVGP/rahbo_a0.5/nrep03/seed05.mat,sixhump_camel/heter_LVGP/rahbo_a0.5/nrep03/seed05
sixhump_camel,heter_LVGP,rahbo,0.5,3,6,ok,50,/data/zhq7531/IDEAL/hetero_lvgp/benchmark/results/sixhump_camel/heter_LVGP/rahbo_a0.5/nrep03/seed06.mat,sixhump_camel/heter_LVGP/rahbo_a0.5/nrep03/seed06
sixhump_camel,heter_LVGP,rahbo,0.5,3,7,ok,50,/data/zhq7531/IDEAL/hetero_lvgp/benchmark/results/sixhump_camel/heter_LVGP/rahbo_a0.5/nrep03/seed07.mat,sixhump_camel/heter_LVGP/rahbo_a0.5/nrep03/seed07
sixhump_camel,heter_LVGP,rahbo,0.5,3,8,ok,50,/data/zhq7531/IDEAL/hetero_lvgp/benchmark/results/sixhump_camel/heter_LVGP/rahbo_a0.5/nrep03/seed08.mat,sixhump_camel/heter_LVGP/rahbo_a0.5/nrep03/seed08
sixhump_camel,heter_LVGP,rahbo,0.5,3,9,ok,50,/data/zhq7531/IDEAL/hetero_lvgp/benchmark/results/sixhump_camel/heter_LVGP/rahbo_a0.5/nrep03/seed09.mat,sixhump_camel/heter_LVGP/rahbo_a0.5/nrep03/seed09
sixhump_camel,heter_LVGP,rahbo,0.5,3,10,ok,50,/data/zhq7531/IDEAL/hetero_lvgp/benchmark/results/sixhump_camel/heter_LVGP/rahbo_a0.5/nrep03/seed10.mat,sixhump_camel/heter_LVGP/rahbo_a0.5/nrep03/seed10
sixhump_camel,heter_LVGP,rahbo,0.5,3,11,ok,50,/data/zhq7531/IDEAL/hetero_lvgp/benchmark/results/sixhump_camel/heter_LVGP/rahbo_a0.5/nrep03/seed11.mat,sixhump_camel/heter_LVGP/rahbo_a0.5/nrep03/seed11
sixhump_camel,heter_LVGP,rahbo,0.5,3,12,ok,50,/data/zhq7531/IDEAL/hetero_lvgp/benchmark/results/sixhump_camel/heter_LVGP/rahbo_a0.5/nrep03/seed12.mat,sixhump_camel/heter_LVGP/rahbo_a0.5/nrep03/seed12
sixhump_camel,heter_LVGP,rahbo,0.5,3,13,ok,50,/data/zhq7531/IDEAL/hetero_lvgp/benchmark/results/sixhump_camel/heter_LVGP/rahbo_a0.5/nrep03/seed13.mat,sixhump_camel/heter_LVGP/rahbo_a0.5/nrep03/seed13
sixhump_camel,heter_LVGP,rahbo,0.5,3,14,ok,50,/data/zhq7531/IDEAL/hetero_lvgp/benchmark/results/sixhump_camel/heter_LVGP/rahbo_a0.5/nrep03/seed14.mat,sixhump_camel/heter_LVGP/rahbo_a0.5/nrep03/seed14
sixhump_camel,heter_LVGP,rahbo,0.5,3,15,ok,50,/data/zhq7531/IDEAL/hetero_lvgp/benchmark/results/sixhump_camel/heter_LVGP/rahbo_a0.5/nrep03/seed15.mat,sixhump_camel/heter_LVGP/rahbo_a0.5/nrep03/seed15
sixhump_camel,heter_LVGP,rahbo,0.5,3,16,ok,50,/data/zhq7531/IDEAL/hetero_lvgp/benchmark/results/sixhump_camel/heter_LVGP/rahbo_a0.5/nrep03/seed16.mat,sixhump_camel/heter_LVGP/rahbo_a0.5/nrep03/seed16
sixhump_camel,heter_LVGP,rahbo,0.5,3,17,ok,50,/data/zhq7531/IDEAL/hetero_lvgp/benchmark/results/sixhump_camel/heter_LVGP/rahbo_a0.5/nrep03/seed17.mat,sixhump_camel/heter_LVGP/rahbo_a0.5/nrep03/seed17
sixhump_camel,heter_LVGP,rahbo,0.5,3,18,ok,50,/data/zhq7531/IDEAL/hetero_lvgp/benchmark/results/sixhump_camel/heter_LVGP/rahbo_a0.5/nrep03/seed18.mat,sixhump_camel/heter_LVGP/rahbo_a0.5/nrep03/seed18
sixhump_camel,heter_LVGP,rahbo,0.5,3,19,ok,50,/data/zhq7531/IDEAL/hetero_lvgp/benchmark/results/sixhump_camel/heter_LVGP/rahbo_a0.5/nrep03/seed19.mat,sixhump_camel/heter_LVGP/rahbo_a0.5/nrep03/seed19
sixhump_camel,heter_LVGP,rahbo,0.5,3,20,ok,50,/data/zhq7531/IDEAL/hetero_lvgp/benchmark/results/sixhump_camel/heter_LVGP/rahbo_a0.5/nrep03/seed20.mat,sixhump_camel/heter_LVGP/rahbo_a0.5/nrep03/seed20
sixhump_camel,heter_LVGP,rahbo,0.5,3,21,ok,50,/data/zhq7531/IDEAL/hetero_lvgp/benchmark/results/sixhump_camel/heter_LVGP/rahbo_a0.5/nrep03/seed21.mat,sixhump_camel/heter_LVGP/rahbo_a0.5/nrep03/seed21
sixhump_camel,heter_LVGP,rahbo,0.5,3,22,ok,50,/data/zhq7531/IDEAL/hetero_lvgp/benchmark/results/sixhump_camel/heter_LVGP/rahbo_a0.5/nrep03/seed22.mat,sixhump_camel/heter_LVGP/rahbo_a0.5/nrep03/seed22
sixhump_camel,heter_LVGP,rahbo,0.5,3,23,ok,50,/data/zhq7531/IDEAL/hetero_lvgp/benchmark/results/sixhump_camel/heter_LVGP/rahbo_a0.5/nrep03/seed23.mat,sixhump_camel/heter_LVGP/rahbo_a0.5/nrep03/seed23
sixhump_camel,heter_LVGP,rahbo,0.5,3,24,ok,50,/data/zhq7531/IDEAL/hetero_lvgp/benchmark/results/sixhump_camel/heter_LVGP/rahbo_a0.5/nrep03/seed24.mat,sixhump_camel/heter_LVGP/rahbo_a0.5/nrep03/seed24
sixhump_camel,heter_LVGP,rahbo,0.5,3,25,ok,50,/data/zhq7531/IDEAL/hetero_lvgp/benchmark/results/sixhump_camel/heter_LVGP/rahbo_a0.5/nrep03/seed25.mat,sixhump_camel/heter_LVGP/rahbo_a0.5/nrep03/seed25
sixhump_camel,heter_LVGP,rahbo,0.5,3,26,ok,50,/data/zhq7531/IDEAL/hetero_lvgp/benchmark/results/sixhump_camel/heter_LVGP/rahbo_a0.5/nrep03/seed26.mat,sixhump_camel/heter_LVGP/rahbo_a0.5/nrep03/seed26
sixhump_camel,heter_LVGP,rahbo,0.5,3,27,ok,50,/data/zhq7531/IDEAL/hetero_lvgp/benchmark/results/sixhump_camel/heter_LVGP/rahbo_a0.5/nrep03/seed27.mat,sixhump_camel/heter_LVGP/rahbo_a0.5/nrep03/seed27
sixhump_camel,heter_LVGP,rahbo,0.5,3,28,ok,50,/data/zhq7531/IDEAL/hetero_lvgp/benchmark/results/sixhump_camel/heter_LVGP/rahbo_a0.5/nrep03/seed28.mat,sixhump_camel/heter_LVGP/rahbo_a0.5/nrep03/seed28
sixhump_camel,heter_LVGP,rahbo,0.5,3,29,ok,50,/data/zhq7531/IDEAL/hetero_lvgp/benchmark/results/sixhump_camel/heter_LVGP/rahbo_a0.5/nrep03/seed29.mat,sixhump_camel/heter_LVGP/rahbo_a0.5/nrep03/seed29
sixhump_camel,heter_LVGP,rahbo,0.5,3,30,ok,50,/data/zhq7531/IDEAL/hetero_lvgp/benchmark/results/sixhump_camel/heter_LVGP/rahbo_a0.5/nrep03/seed30.mat,sixhump_camel/heter_LVGP/rahbo_a0.5/nrep03/seed30
sixhump_camel,heter_LVGP,rahbo,0.5,10,1,ok,50,/data/zhq7531/IDEAL/hetero_lvgp/benchmark/results/sixhump_camel/heter_LVGP/rahbo_a0.5/nrep10/seed01.mat,sixhump_camel/heter_LVGP/rahbo_a0.5/nrep10/seed01
sixhump_camel,heter_LVGP,rahbo,0.5,10,2,ok,50,/data/zhq7531/IDEAL/hetero_lvgp/benchmark/results/sixhump_camel/heter_LVGP/rahbo_a0.5/nrep10/seed02.mat,sixhump_camel/heter_LVGP/rahbo_a0.5/nrep10/seed02
sixhump_camel,heter_LVGP,rahbo,0.5,10,3,ok,50,/data/zhq7531/IDEAL/hetero_lvgp/benchmark/results/sixhump_camel/heter_LVGP/rahbo_a0.5/nrep10/seed03.mat,sixhump_camel/heter_LVGP/rahbo_a0.5/nrep10/seed03
sixhump_camel,heter_LVGP,rahbo,0.5,10,4,ok,50,/data/zhq7531/IDEAL/hetero_lvgp/benchmark/results/sixhump_camel/heter_LVGP/rahbo_a0.5/nrep10/seed04.mat,sixhump_camel/heter_LVGP/rahbo_a0.5/nrep10/seed04
sixhump_camel,heter_LVGP,rahbo,0.5,10,5,ok,50,/data/zhq7531/IDEAL/hetero_lvgp/benchmark/results/sixhump_camel/heter_LVGP/rahbo_a0.5/nrep10/seed05.mat,sixhump_camel/heter_LVGP/rahbo_a0.5/nrep10/seed05
sixhump_camel,heter_LVGP,rahbo,0.5,10,6,ok,50,/data/zhq7531/IDEAL/hetero_lvgp/benchmark/results/sixhump_camel/heter_LVGP/rahbo_a0.5/nrep10/seed06.mat,sixhump_camel/heter_LVGP/rahbo_a0.5/nrep10/seed06
sixhump_camel,heter_LVGP,rahbo,0.5,10,7,ok,50,/data/zhq7531/IDEAL/hetero_lvgp/benchmark/results/sixhump_camel/heter_LVGP/rahbo_a0.5/nrep10/seed07.mat,sixhump_camel/heter_LVGP/rahbo_a0.5/nrep10/seed07
sixhump_camel,heter_LVGP,rahbo,0.5,10,8,ok,50,/data/zhq7531/IDEAL/hetero_lvgp/benchmark/results/sixhump_camel/heter_LVGP/rahbo_a0.5/nrep10/seed08.mat,sixhump_camel/heter_LVGP/rahbo_a0.5/nrep10/seed08
sixhump_camel,heter_LVGP,rahbo,0.5,10,9,ok,50,/data/zhq7531/IDEAL/hetero_lvgp/benchmark/results/sixhump_camel/heter_LVGP/rahbo_a0.5/nrep10/seed09.mat,sixhump_camel/heter_LVGP/rahbo_a0.5/nrep10/seed09
sixhump_camel,heter_LVGP,rahbo,0.5,10,10,ok,50,/data/zhq7531/IDEAL/hetero_lvgp/benchmark/results/sixhump_camel/heter_LVGP/rahbo_a0.5/nrep10/seed10.mat,sixhump_camel/heter_LVGP/rahbo_a0.5/nrep10/seed10
sixhump_camel,heter_LVGP,rahbo,0.5,10,11,ok,50,/data/zhq7531/IDEAL/hetero_lvgp/benchmark/results/sixhump_camel/heter_LVGP/rahbo_a0.5/nrep10/seed11.mat,sixhump_camel/heter_LVGP/rahbo_a0.5/nrep10/seed11
sixhump_camel,heter_LVGP,rahbo,0.5,10,12,ok,50,/data/zhq7531/IDEAL/hetero_lvgp/benchmark/results/sixhump_camel/heter_LVGP/rahbo_a0.5/nrep10/seed12.mat,sixhump_camel/heter_LVGP/rahbo_a0.5/nrep10/seed12
sixhump_camel,heter_LVGP,rahbo,0.5,10,13,ok,50,/data/zhq7531/IDEAL/hetero_lvgp/benchmark/results/sixhump_camel/heter_LVGP/rahbo_a0.5/nrep10/seed13.mat,sixhump_camel/heter_LVGP/rahbo_a0.5/nrep10/seed13
sixhump_camel,heter_LVGP,rahbo,0.5,10,14,ok,50,/data/zhq7531/IDEAL/hetero_lvgp/benchmark/results/sixhump_camel/heter_LVGP/rahbo_a0.5/nrep10/seed14.mat,sixhump_camel/heter_LVGP/rahbo_a0.5/nrep10/seed14
sixhump_camel,heter_LVGP,rahbo,0.5,10,15,ok,50,/data/zhq7531/IDEAL/hetero_lvgp/benchmark/results/sixhump_camel/heter_LVGP/rahbo_a0.5/nrep10/seed15.mat,sixhump_camel/heter_LVGP/rahbo_a0.5/nrep10/seed15
sixhump_camel,heter_LVGP,rahbo,0.5,10,16,ok,50,/data/zhq7531/IDEAL/hetero_lvgp/benchmark/results/sixhump_camel/heter_LVGP/rahbo_a0.5/nrep10/seed16.mat,sixhump_camel/heter_LVGP/rahbo_a0.5/nrep10/seed16
sixhump_camel,heter_LVGP,rahbo,0.5,10,17,ok,50,/data/zhq7531/IDEAL/hetero_lvgp/benchmark/results/sixhump_camel/heter_LVGP/rahbo_a0.5/nrep10/seed17.mat,sixhump_camel/heter_LVGP/rahbo_a0.5/nrep10/seed17
sixhump_camel,heter_LVGP,rahbo,0.5,10,18,ok,50,/data/zhq7531/IDEAL/hetero_lvgp/benchmark/results/sixhump_camel/heter_LVGP/rahbo_a0.5/nrep10/seed18.mat,sixhump_camel/heter_LVGP/rahbo_a0.5/nrep10/seed18
sixhump_camel,heter_LVGP,rahbo,0.5,10,19,ok,50,/data/zhq7531/IDEAL/hetero_lvgp/benchmark/results/sixhump_camel/heter_LVGP/rahbo_a0.5/nrep10/seed19.mat,sixhump_camel/heter_LVGP/rahbo_a0.5/nrep10/seed19
sixhump_camel,heter_LVGP,rahbo,0.5,10,20,ok,50,/data/zhq7531/IDEAL/hetero_lvgp/benchmark/results/sixhump_camel/heter_LVGP/rahbo_a0.5/nrep10/seed20.mat,sixhump_camel/heter_LVGP/rahbo_a0.5/nrep10/seed20
sixhump_camel,heter_LVGP,rahbo,0.5,10,21,ok,50,/data/zhq7531/IDEAL/hetero_lvgp/benchmark/results/sixhump_camel/heter_LVGP/rahbo_a0.5/nrep10/seed21.mat,sixhump_camel/heter_LVGP/rahbo_a0.5/nrep10/seed21
sixhump_camel,heter_LVGP,rahbo,0.5,10,22,ok,50,/data/zhq7531/IDEAL/hetero_lvgp/benchmark/results/sixhump_camel/heter_LVGP/rahbo_a0.5/nrep10/seed22.mat,sixhump_camel/heter_LVGP/rahbo_a0.5/nrep10/seed22
sixhump_camel,heter_LVGP,rahbo,0.5,10,23,ok,50,/data/zhq7531/IDEAL/hetero_lvgp/benchmark/results/sixhump_camel/heter_LVGP/rahbo_a0.5/nrep10/seed23.mat,sixhump_camel/heter_LVGP/rahbo_a0.5/nrep10/seed23
sixhump_camel,heter_LVGP,rahbo,0.5,10,24,ok,50,/data/zhq7531/IDEAL/hetero_lvgp/benchmark/results/sixhump_camel/heter_LVGP/rahbo_a0.5/nrep10/seed24.mat,sixhump_camel/heter_LVGP/rahbo_a0.5/nrep10/seed24
sixhump_camel,heter_LVGP,rahbo,0.5,10,25,ok,50,/data/zhq7531/IDEAL/hetero_lvgp/benchmark/results/sixhump_camel/heter_LVGP/rahbo_a0.5/nrep10/seed25.mat,sixhump_camel/heter_LVGP/rahbo_a0.5/nrep10/seed25
sixhump_camel,heter_LVGP,rahbo,0.5,10,26,ok,50,/data/zhq7531/IDEAL/hetero_lvgp/benchmark/results/sixhump_camel/heter_LVGP/rahbo_a0.5/nrep10/seed26.mat,sixhump_camel/heter_LVGP/rahbo_a0.5/nrep10/seed26
sixhump_camel,heter_LVGP,rahbo,0.5,10,27,ok,50,/data/zhq7531/IDEAL/hetero_lvgp/benchmark/results/sixhump_camel/heter_LVGP/rahbo_a0.5/nrep10/seed27.mat,sixhump_camel/heter_LVGP/rahbo_a0.5/nrep10/seed27
sixhump_camel,heter_LVGP,rahbo,0.5,10,28,ok,50,/data/zhq7531/IDEAL/hetero_lvgp/benchmark/results/sixhump_camel/heter_LVGP/rahbo_a0.5/nrep10/seed28.mat,sixhump_camel/heter_LVGP/rahbo_a0.5/nrep10/seed28
sixhump_camel,heter_LVGP,rahbo,0.5,10,29,ok,50,/data/zhq7531/IDEAL/hetero_lvgp/benchmark/results/sixhump_camel/heter_LVGP/rahbo_a0.5/nrep10/seed29.mat,sixhump_camel/heter_LVGP/rahbo_a0.5/nrep10/seed29
sixhump_camel,heter_LVGP,rahbo,0.5,10,30,ok,50,/data/zhq7531/IDEAL/hetero_lvgp/benchmark/results/sixhump_camel/heter_LVGP/rahbo_a0.5/nrep10/seed30.mat,sixhump_camel/heter_LVGP/rahbo_a0.5/nrep10/seed30
griewank_2d,separate_gp,lcb,,3,1,ok,50,/data/zhq7531/IDEAL/hetero_lvgp/benchmark/results/griewank_2d/separate_gp/lcb/nrep03/seed01.npz,griewank_2d/separate_gp/lcb/nrep03/seed01
griewank_2d,separate_gp,lcb,,3,2,ok,50,/data/zhq7531/IDEAL/hetero_lvgp/benchmark/results/griewank_2d/separate_gp/lcb/nrep03/seed02.npz,griewank_2d/separate_gp/lcb/nrep03/seed02
griewank_2d,separate_gp,lcb,,3,3,ok,50,/data/zhq7531/IDEAL/hetero_lvgp/benchmark/results/griewank_2d/separate_gp/lcb/nrep03/seed03.npz,griewank_2d/separate_gp/lcb/nrep03/seed03
griewank_2d,separate_gp,lcb,,3,4,ok,50,/data/zhq7531/IDEAL/hetero_lvgp/benchmark/results/griewank_2d/separate_gp/lcb/nrep03/seed04.npz,griewank_2d/separate_gp/lcb/nrep03/seed04
griewank_2d,separate_gp,lcb,,3,5,ok,50,/data/zhq7531/IDEAL/hetero_lvgp/benchmark/results/griewank_2d/separate_gp/lcb/nrep03/seed05.npz,griewank_2d/separate_gp/lcb/nrep03/seed05
griewank_2d,separate_gp,lcb,,3,6,ok,50,/data/zhq7531/IDEAL/hetero_lvgp/benchmark/results/griewank_2d/separate_gp/lcb/nrep03/seed06.npz,griewank_2d/separate_gp/lcb/nrep03/seed06
griewank_2d,separate_gp,lcb,,3,7,ok,50,/data/zhq7531/IDEAL/hetero_lvgp/benchmark/results/griewank_2d/separate_gp/lcb/nrep03/seed07.npz,griewank_2d/separate_gp/lcb/nrep03/seed07
griewank_2d,separate_gp,lcb,,3,8,ok,50,/data/zhq7531/IDEAL/hetero_lvgp/benchmark/results/griewank_2d/separate_gp/lcb/nrep03/seed08.npz,griewank_2d/separate_gp/lcb/nrep03/seed08
griewank_2d,separate_gp,lcb,,3,9,ok,50,/data/zhq7531/IDEAL/hetero_lvgp/benchmark/results/griewank_2d/separate_gp/lcb/nrep03/seed09.npz,griewank_2d/separate_gp/lcb/nrep03/seed09
griewank_2d,separate_gp,lcb,,3,10,ok,50,/data/zhq7531/IDEAL/hetero_lvgp/benchmark/results/griewank_2d/separate_gp/lcb/nrep03/seed10.npz,griewank_2d/separate_gp/lcb/nrep03/seed10
griewank_2d,separate_gp,lcb,,3,11,ok,50,/data/zhq7531/IDEAL/hetero_lvgp/benchmark/results/griewank_2d/separate_gp/lcb/nrep03/seed11.npz,griewank_2d/separate_gp/lcb/nrep03/seed11
griewank_2d,separate_gp,lcb,,3,12,ok,50,/data/zhq7531/IDEAL/hetero_lvgp/benchmark/results/griewank_2d/separate_gp/lcb/nrep03/seed12.npz,griewank_2d/separate_gp/lcb/nrep03/seed12
griewank_2d,separate_gp,lcb,,3,13,ok,50,/data/zhq7531/IDEAL/hetero_lvgp/benchmark/results/griewank_2d/separate_gp/lcb/nrep03/seed13.npz,griewank_2d/separate_gp/lcb/nrep03/seed13
griewank_2d,separate_gp,lcb,,3,14,ok,50,/data/zhq7531/IDEAL/hetero_lvgp/benchmark/results/griewank_2d/separate_gp/lcb/nrep03/seed14.npz,griewank_2d/separate_gp/lcb/nrep03/seed14
griewank_2d,separate_gp,lcb,,3,15,ok,50,/data/zhq7531/IDEAL/hetero_lvgp/benchmark/results/griewank_2d/separate_gp/lcb/nrep03/seed15.npz,griewank_2d/separate_gp/lcb/nrep03/seed15
griewank_2d,separate_gp,lcb,,3,16,ok,50,/data/zhq7531/IDEAL/hetero_lvgp/benchmark/results/griewank_2d/separate_gp/lcb/nrep03/seed16.npz,griewank_2d/separate_gp/lcb/nrep03/seed16
griewank_2d,separate_gp,lcb,,3,17,ok,50,/data/zhq7531/IDEAL/hetero_lvgp/benchmark/results/griewank_2d/separate_gp/lcb/nrep03/seed17.npz,griewank_2d/separate_gp/lcb/nrep03/seed17
griewank_2d,separate_gp,lcb,,3,18,ok,50,/data/zhq7531/IDEAL/hetero_lvgp/benchmark/results/griewank_2d/separate_gp/lcb/nrep03/seed18.npz,griewank_2d/separate_gp/lcb/nrep03/seed18
griewank_2d,separate_gp,lcb,,3,19,ok,50,/data/zhq7531/IDEAL/hetero_lvgp/benchmark/results/griewank_2d/separate_gp/lcb/nrep03/seed19.npz,griewank_2d/separate_gp/lcb/nrep03/seed19
griewank_2d,separate_gp,lcb,,3,20,ok,50,/data/zhq7531/IDEAL/hetero_lvgp/benchmark/results/griewank_2d/separate_gp/lcb/nrep03/seed20.npz,griewank_2d/separate_gp/lcb/nrep03/seed20
griewank_2d,separate_gp,lcb,,3,21,ok,50,/data/zhq7531/IDEAL/hetero_lvgp/benchmark/results/griewank_2d/separate_gp/lcb/nrep03/seed21.npz,griewank_2d/separate_gp/lcb/nrep03/seed21
griewank_2d,separate_gp,lcb,,3,22,ok,50,/data/zhq7531/IDEAL/hetero_lvgp/benchmark/results/griewank_2d/separate_gp/lcb/nrep03/seed22.npz,griewank_2d/separate_gp/lcb/nrep03/seed22
griewank_2d,separate_gp,lcb,,3,23,ok,50,/data/zhq7531/IDEAL/hetero_lvgp/benchmark/results/griewank_2d/separate_gp/lcb/nrep03/seed23.npz,griewank_2d/separate_gp/lcb/nrep03/seed23
griewank_2d,separate_gp,lcb,,3,24,ok,50,/data/zhq7531/IDEAL/hetero_lvgp/benchmark/results/griewank_2d/separate_gp/lcb/nrep03/seed24.npz,griewank_2d/separate_gp/lcb/nrep03/seed24
griewank_2d,separate_gp,lcb,,3,25,ok,50,/data/zhq7531/IDEAL/hetero_lvgp/benchmark/results/griewank_2d/separate_gp/lcb/nrep03/seed25.npz,griewank_2d/separate_gp/lcb/nrep03/seed25
griewank_2d,separate_gp,lcb,,3,26,ok,50,/data/zhq7531/IDEAL/hetero_lvgp/benchmark/results/griewank_2d/separate_gp/lcb/nrep03/seed26.npz,griewank_2d/separate_gp/lcb/nrep03/seed26
griewank_2d,separate_gp,lcb,,3,27,ok,50,/data/zhq7531/IDEAL/hetero_lvgp/benchmark/results/griewank_2d/separate_gp/lcb/nrep03/seed27.npz,griewank_2d/separate_gp/lcb/nrep03/seed27
griewank_2d,separate_gp,lcb,,3,28,ok,50,/data/zhq7531/IDEAL/hetero_lvgp/benchmark/results/griewank_2d/separate_gp/lcb/nrep03/seed28.npz,griewank_2d/separate_gp/lcb/nrep03/seed28
griewank_2d,separate_gp,lcb,,3,29,ok,50,/data/zhq7531/IDEAL/hetero_lvgp/benchmark/results/griewank_2d/separate_gp/lcb/nrep03/seed29.npz,griewank_2d/separate_gp/lcb/nrep03/seed29
griewank_2d,separate_gp,lcb,,3,30,ok,50,/data/zhq7531/IDEAL/hetero_lvgp/benchmark/results/griewank_2d/separate_gp/lcb/nrep03/seed30.npz,griewank_2d/separate_gp/lcb/nrep03/seed30
griewank_2d,separate_gp,lcb,,10,1,ok,50,/data/zhq7531/IDEAL/hetero_lvgp/benchmark/results/griewank_2d/separate_gp/lcb/nrep10/seed01.npz,griewank_2d/separate_gp/lcb/nrep10/seed01
griewank_2d,separate_gp,lcb,,10,2,ok,50,/data/zhq7531/IDEAL/hetero_lvgp/benchmark/results/griewank_2d/separate_gp/lcb/nrep10/seed02.npz,griewank_2d/separate_gp/lcb/nrep10/seed02
griewank_2d,separate_gp,lcb,,10,3,ok,50,/data/zhq7531/IDEAL/hetero_lvgp/benchmark/results/griewank_2d/separate_gp/lcb/nrep10/seed03.npz,griewank_2d/separate_gp/lcb/nrep10/seed03
griewank_2d,separate_gp,lcb,,10,4,ok,50,/data/zhq7531/IDEAL/hetero_lvgp/benchmark/results/griewank_2d/separate_gp/lcb/nrep10/seed04.npz,griewank_2d/separate_gp/lcb/nrep10/seed04
griewank_2d,separate_gp,lcb,,10,5,ok,50,/data/zhq7531/IDEAL/hetero_lvgp/benchmark/results/griewank_2d/separate_gp/lcb/nrep10/seed05.npz,griewank_2d/separate_gp/lcb/nrep10/seed05
griewank_2d,separate_gp,lcb,,10,6,ok,50,/data/zhq7531/IDEAL/hetero_lvgp/benchmark/results/griewank_2d/separate_gp/lcb/nrep10/seed06.npz,griewank_2d/separate_gp/lcb/nrep10/seed06
griewank_2d,separate_gp,lcb,,10,7,ok,50,/data/zhq7531/IDEAL/hetero_lvgp/benchmark/results/griewank_2d/separate_gp/lcb/nrep10/seed07.npz,griewank_2d/separate_gp/lcb/nrep10/seed07
griewank_2d,separate_gp,lcb,,10,8,ok,50,/data/zhq7531/IDEAL/hetero_lvgp/benchmark/results/griewank_2d/separate_gp/lcb/nrep10/seed08.npz,griewank_2d/separate_gp/lcb/nrep10/seed08
griewank_2d,separate_gp,lcb,,10,9,ok,50,/data/zhq7531/IDEAL/hetero_lvgp/benchmark/results/griewank_2d/separate_gp/lcb/nrep10/seed09.npz,griewank_2d/separate_gp/lcb/nrep10/seed09
griewank_2d,separate_gp,lcb,,10,10,ok,50,/data/zhq7531/IDEAL/hetero_lvgp/benchmark/results/griewank_2d/separate_gp/lcb/nrep10/seed10.npz,griewank_2d/separate_gp/lcb/nrep10/seed10
griewank_2d,separate_gp,lcb,,10,11,ok,50,/data/zhq7531/IDEAL/hetero_lvgp/benchmark/results/griewank_2d/separate_gp/lcb/nrep10/seed11.npz,griewank_2d/separate_gp/lcb/nrep10/seed11
griewank_2d,separate_gp,lcb,,10,12,ok,50,/data/zhq7531/IDEAL/hetero_lvgp/benchmark/results/griewank_2d/separate_gp/lcb/nrep10/seed12.npz,griewank_2d/separate_gp/lcb/nrep10/seed12
griewank_2d,separate_gp,lcb,,10,13,ok,50,/data/zhq7531/IDEAL/hetero_lvgp/benchmark/results/griewank_2d/separate_gp/lcb/nrep10/seed13.npz,griewank_2d/separate_gp/lcb/nrep10/seed13
griewank_2d,separate_gp,lcb,,10,14,ok,50,/data/zhq7531/IDEAL/hetero_lvgp/benchmark/results/griewank_2d/separate_gp/lcb/nrep10/seed14.npz,griewank_2d/separate_gp/lcb/nrep10/seed14
griewank_2d,separate_gp,lcb,,10,15,ok,50,/data/zhq7531/IDEAL/hetero_lvgp/benchmark/results/griewank_2d/separate_gp/lcb/nrep10/seed15.npz,griewank_2d/separate_gp/lcb/nrep10/seed15
griewank_2d,separate_gp,lcb,,10,16,ok,50,/data/zhq7531/IDEAL/hetero_lvgp/benchmark/results/griewank_2d/separate_gp/lcb/nrep10/seed16.npz,griewank_2d/separate_gp/lcb/nrep10/seed16
griewank_2d,separate_gp,lcb,,10,17,ok,50,/data/zhq7531/IDEAL/hetero_lvgp/benchmark/results/griewank_2d/separate_gp/lcb/nrep10/seed17.npz,griewank_2d/separate_gp/lcb/nrep10/seed17
griewank_2d,separate_gp,lcb,,10,18,ok,50,/data/zhq7531/IDEAL/hetero_lvgp/benchmark/results/griewank_2d/separate_gp/lcb/nrep10/seed18.npz,griewank_2d/separate_gp/lcb/nrep10/seed18
griewank_2d,separate_gp,lcb,,10,19,ok,50,/data/zhq7531/IDEAL/hetero_lvgp/benchmark/results/griewank_2d/separate_gp/lcb/nrep10/seed19.npz,griewank_2d/separate_gp/lcb/nrep10/seed19
griewank_2d,separate_gp,lcb,,10,20,ok,50,/data/zhq7531/IDEAL/hetero_lvgp/benchmark/results/griewank_2d/separate_gp/lcb/nrep10/seed20.npz,griewank_2d/separate_gp/lcb/nrep10/seed20
griewank_2d,separate_gp,lcb,,10,21,ok,50,/data/zhq7531/IDEAL/hetero_lvgp/benchmark/results/griewank_2d/separate_gp/lcb/nrep10/seed21.npz,griewank_2d/separate_gp/lcb/nrep10/seed21
griewank_2d,separate_gp,lcb,,10,22,ok,50,/data/zhq7531/IDEAL/hetero_lvgp/benchmark/results/griewank_2d/separate_gp/lcb/nrep10/seed22.npz,griewank_2d/separate_gp/lcb/nrep10/seed22
griewank_2d,separate_gp,lcb,,10,23,ok,50,/data/zhq7531/IDEAL/hetero_lvgp/benchmark/results/griewank_2d/separate_gp/lcb/nrep10/seed23.npz,griewank_2d/separate_gp/lcb/nrep10/seed23
griewank_2d,separate_gp,lcb,,10,24,ok,50,/data/zhq7531/IDEAL/hetero_lvgp/benchmark/results/griewank_2d/separate_gp/lcb/nrep10/seed24.npz,griewank_2d/separate_gp/lcb/nrep10/seed24
griewank_2d,separate_gp,lcb,,10,25,ok,50,/data/zhq7531/IDEAL/hetero_lvgp/benchmark/results/griewank_2d/separate_gp/lcb/nrep10/seed25.npz,griewank_2d/separate_gp/lcb/nrep10/seed25
griewank_2d,separate_gp,lcb,,10,26,ok,50,/data/zhq7531/IDEAL/hetero_lvgp/benchmark/results/griewank_2d/separate_gp/lcb/nrep10/seed26.npz,griewank_2d/separate_gp/lcb/nrep10/seed26
griewank_2d,separate_gp,lcb,,10,27,ok,50,/data/zhq7531/IDEAL/hetero_lvgp/benchmark/results/griewank_2d/separate_gp/lcb/nrep10/seed27.npz,griewank_2d/separate_gp/lcb/nrep10/seed27
griewank_2d,separate_gp,lcb,,10,28,ok,50,/data/zhq7531/IDEAL/hetero_lvgp/benchmark/results/griewank_2d/separate_gp/lcb/nrep10/seed28.npz,griewank_2d/separate_gp/lcb/nrep10/seed28
griewank_2d,separate_gp,lcb,,10,29,ok,50,/data/zhq7531/IDEAL/hetero_lvgp/benchmark/results/griewank_2d/separate_gp/lcb/nrep10/seed29.npz,griewank_2d/separate_gp/lcb/nrep10/seed29
griewank_2d,separate_gp,lcb,,10,30,ok,50,/data/zhq7531/IDEAL/hetero_lvgp/benchmark/results/griewank_2d/separate_gp/lcb/nrep10/seed30.npz,griewank_2d/separate_gp/lcb/nrep10/seed30
griewank_2d,separate_gp,pi,,3,1,ok,50,/data/zhq7531/IDEAL/hetero_lvgp/benchmark/results/griewank_2d/separate_gp/pi/nrep03/seed01.npz,griewank_2d/separate_gp/pi/nrep03/seed01
griewank_2d,separate_gp,pi,,3,2,ok,50,/data/zhq7531/IDEAL/hetero_lvgp/benchmark/results/griewank_2d/separate_gp/pi/nrep03/seed02.npz,griewank_2d/separate_gp/pi/nrep03/seed02
griewank_2d,separate_gp,pi,,3,3,ok,50,/data/zhq7531/IDEAL/hetero_lvgp/benchmark/results/griewank_2d/separate_gp/pi/nrep03/seed03.npz,griewank_2d/separate_gp/pi/nrep03/seed03
griewank_2d,separate_gp,pi,,3,4,ok,50,/data/zhq7531/IDEAL/hetero_lvgp/benchmark/results/griewank_2d/separate_gp/pi/nrep03/seed04.npz,griewank_2d/separate_gp/pi/nrep03/seed04
griewank_2d,separate_gp,pi,,3,5,ok,50,/data/zhq7531/IDEAL/hetero_lvgp/benchmark/results/griewank_2d/separate_gp/pi/nrep03/seed05.npz,griewank_2d/separate_gp/pi/nrep03/seed05
griewank_2d,separate_gp,pi,,3,6,ok,50,/data/zhq7531/IDEAL/hetero_lvgp/benchmark/results/griewank_2d/separate_gp/pi/nrep03/seed06.npz,griewank_2d/separate_gp/pi/nrep03/seed06
griewank_2d,separate_gp,pi,,3,7,ok,50,/data/zhq7531/IDEAL/hetero_lvgp/benchmark/results/griewank_2d/separate_gp/pi/nrep03/seed07.npz,griewank_2d/separate_gp/pi/nrep03/seed07
griewank_2d,separate_gp,pi,,3,8,ok,50,/data/zhq7531/IDEAL/hetero_lvgp/benchmark/results/griewank_2d/separate_gp/pi/nrep03/seed08.npz,griewank_2d/separate_gp/pi/nrep03/seed08
griewank_2d,separate_gp,pi,,3,9,ok,50,/data/zhq7531/IDEAL/hetero_lvgp/benchmark/results/griewank_2d/separate_gp/pi/nrep03/seed09.npz,griewank_2d/separate_gp/pi/nrep03/seed09
griewank_2d,separate_gp,pi,,3,10,ok,50,/data/zhq7531/IDEAL/hetero_lvgp/benchmark/results/griewank_2d/separate_gp/pi/nrep03/seed10.npz,griewank_2d/separate_gp/pi/nrep03/seed10
griewank_2d,separate_gp,pi,,3,11,ok,50,/data/zhq7531/IDEAL/hetero_lvgp/benchmark/results/griewank_2d/separate_gp/pi/nrep03/seed11.npz,griewank_2d/separate_gp/pi/nrep03/seed11
griewank_2d,separate_gp,pi,,3,12,ok,50,/data/zhq7531/IDEAL/hetero_lvgp/benchmark/results/griewank_2d/separate_gp/pi/nrep03/seed12.npz,griewank_2d/separate_gp/pi/nrep03/seed12
griewank_2d,separate_gp,pi,,3,13,ok,50,/data/zhq7531/IDEAL/hetero_lvgp/benchmark/results/griewank_2d/separate_gp/pi/nrep03/seed13.npz,griewank_2d/separate_gp/pi/nrep03/seed13
griewank_2d,separate_gp,pi,,3,14,ok,50,/data/zhq7531/IDEAL/hetero_lvgp/benchmark/results/griewank_2d/separate_gp/pi/nrep03/seed14.npz,griewank_2d/separate_gp/pi/nrep03/seed14
griewank_2d,separate_gp,pi,,3,15,ok,50,/data/zhq7531/IDEAL/hetero_lvgp/benchmark/results/griewank_2d/separate_gp/pi/nrep03/seed15.npz,griewank_2d/separate_gp/pi/nrep03/seed15
griewank_2d,separate_gp,pi,,3,16,ok,50,/data/zhq7531/IDEAL/hetero_lvgp/benchmark/results/griewank_2d/separate_gp/pi/nrep03/seed16.npz,griewank_2d/separate_gp/pi/nrep03/seed16
griewank_2d,separate_gp,pi,,3,17,ok,50,/data/zhq7531/IDEAL/hetero_lvgp/benchmark/results/griewank_2d/separate_gp/pi/nrep03/seed17.npz,griewank_2d/separate_gp/pi/nrep03/seed17
griewank_2d,separate_gp,pi,,3,18,ok,50,/data/zhq7531/IDEAL/hetero_lvgp/benchmark/results/griewank_2d/separate_gp/pi/nrep03/seed18.npz,griewank_2d/separate_gp/pi/nrep03/seed18
griewank_2d,separate_gp,pi,,3,19,ok,50,/data/zhq7531/IDEAL/hetero_lvgp/benchmark/results/griewank_2d/separate_gp/pi/nrep03/seed19.npz,griewank_2d/separate_gp/pi/nrep03/seed19
griewank_2d,separate_gp,pi,,3,20,ok,50,/data/zhq7531/IDEAL/hetero_lvgp/benchmark/results/griewank_2d/separate_gp/pi/nrep03/seed20.npz,griewank_2d/separate_gp/pi/nrep03/seed20
griewank_2d,separate_gp,pi,,3,21,ok,50,/data/zhq7531/IDEAL/hetero_lvgp/benchmark/results/griewank_2d/separate_gp/pi/nrep03/seed21.npz,griewank_2d/separate_gp/pi/nrep03/seed21
griewank_2d,separate_gp,pi,,3,22,ok,50,/data/zhq7531/IDEAL/hetero_lvgp/benchmark/results/griewank_2d/separate_gp/pi/nrep03/seed22.npz,griewank_2d/separate_gp/pi/nrep03/seed22
griewank_2d,separate_gp,pi,,3,23,ok,50,/data/zhq7531/IDEAL/hetero_lvgp/benchmark/results/griewank_2d/separate_gp/pi/nrep03/seed23.npz,griewank_2d/separate_gp/pi/nrep03/seed23
griewank_2d,separate_gp,pi,,3,24,ok,50,/data/zhq7531/IDEAL/hetero_lvgp/benchmark/results/griewank_2d/separate_gp/pi/nrep03/seed24.npz,griewank_2d/separate_gp/pi/nrep03/seed24
griewank_2d,separate_gp,pi,,3,25,ok,50,/data/zhq7531/IDEAL/hetero_lvgp/benchmark/results/griewank_2d/separate_gp/pi/nrep03/seed25.npz,griewank_2d/separate_gp/pi/nrep03/seed25
griewank_2d,separate_gp,pi,,3,26,ok,50,/data/zhq7531/IDEAL/hetero_lvgp/benchmark/results/griewank_2d/separate_gp/pi/nrep03/seed26.npz,griewank_2d/separate_gp/pi/nrep03/seed26
griewank_2d,separate_gp,pi,,3,27,ok,50,/data/zhq7531/IDEAL/hetero_lvgp/benchmark/results/griewank_2d/separate_gp/pi/nrep03/seed27.npz,griewank_2d/separate_gp/pi/nrep03/seed27
griewank_2d,separate_gp,pi,,3,28,ok,50,/data/zhq7531/IDEAL/hetero_lvgp/benchmark/results/griewank_2d/separate_gp/pi/nrep03/seed28.npz,griewank_2d/separate_gp/pi/nrep03/seed28
griewank_2d,separate_gp,pi,,3,29,ok,50,/data/zhq7531/IDEAL/hetero_lvgp/benchmark/results/griewank_2d/separate_gp/pi/nrep03/seed29.npz,griewank_2d/separate_gp/pi/nrep03/seed29
griewank_2d,separate_gp,pi,,3,30,ok,50,/data/zhq7531/IDEAL/hetero_lvgp/benchmark/results/griewank_2d/separate_gp/pi/nrep03/seed30.npz,griewank_2d/separate_gp/pi/nrep03/seed30
griewank_2d,separate_gp,pi,,10,1,ok,50,/data/zhq7531/IDEAL/hetero_lvgp/benchmark/results/griewank_2d/separate_gp/pi/nrep10/seed01.npz,griewank_2d/separate_gp/pi/nrep10/seed01
griewank_2d,separate_gp,pi,,10,2,ok,50,/data/zhq7531/IDEAL/hetero_lvgp/benchmark/results/griewank_2d/separate_gp/pi/nrep10/seed02.npz,griewank_2d/separate_gp/pi/nrep10/seed02
griewank_2d,separate_gp,pi,,10,3,ok,50,/data/zhq7531/IDEAL/hetero_lvgp/benchmark/results/griewank_2d/separate_gp/pi/nrep10/seed03.npz,griewank_2d/separate_gp/pi/nrep10/seed03
griewank_2d,separate_gp,pi,,10,4,ok,50,/data/zhq7531/IDEAL/hetero_lvgp/benchmark/results/griewank_2d/separate_gp/pi/nrep10/seed04.npz,griewank_2d/separate_gp/pi/nrep10/seed04
griewank_2d,separate_gp,pi,,10,5,ok,50,/data/zhq7531/IDEAL/hetero_lvgp/benchmark/results/griewank_2d/separate_gp/pi/nrep10/seed05.npz,griewank_2d/separate_gp/pi/nrep10/seed05
griewank_2d,separate_gp,pi,,10,6,ok,50,/data/zhq7531/IDEAL/hetero_lvgp/benchmark/results/griewank_2d/separate_gp/pi/nrep10/seed06.npz,griewank_2d/separate_gp/pi/nrep10/seed06
griewank_2d,separate_gp,pi,,10,7,ok,50,/data/zhq7531/IDEAL/hetero_lvgp/benchmark/results/griewank_2d/separate_gp/pi/nrep10/seed07.npz,griewank_2d/separate_gp/pi/nrep10/seed07
griewank_2d,separate_gp,pi,,10,8,ok,50,/data/zhq7531/IDEAL/hetero_lvgp/benchmark/results/griewank_2d/separate_gp/pi/nrep10/seed08.npz,griewank_2d/separate_gp/pi/nrep10/seed08
griewank_2d,separate_gp,pi,,10,9,ok,50,/data/zhq7531/IDEAL/hetero_lvgp/benchmark/results/griewank_2d/separate_gp/pi/nrep10/seed09.npz,griewank_2d/separate_gp/pi/nrep10/seed09
griewank_2d,separate_gp,pi,,10,10,ok,50,/data/zhq7531/IDEAL/hetero_lvgp/benchmark/results/griewank_2d/separate_gp/pi/nrep10/seed10.npz,griewank_2d/separate_gp/pi/nrep10/seed10
griewank_2d,separate_gp,pi,,10,11,ok,50,/data/zhq7531/IDEAL/hetero_lvgp/benchmark/results/griewank_2d/separate_gp/pi/nrep10/seed11.npz,griewank_2d/separate_gp/pi/nrep10/seed11
griewank_2d,separate_gp,pi,,10,12,ok,50,/data/zhq7531/IDEAL/hetero_lvgp/benchmark/results/griewank_2d/separate_gp/pi/nrep10/seed12.npz,griewank_2d/separate_gp/pi/nrep10/seed12
griewank_2d,separate_gp,pi,,10,13,ok,50,/data/zhq7531/IDEAL/hetero_lvgp/benchmark/results/griewank_2d/separate_gp/pi/nrep10/seed13.npz,griewank_2d/separate_gp/pi/nrep10/seed13
griewank_2d,separate_gp,pi,,10,14,ok,50,/data/zhq7531/IDEAL/hetero_lvgp/benchmark/results/griewank_2d/separate_gp/pi/nrep10/seed14.npz,griewank_2d/separate_gp/pi/nrep10/seed14
griewank_2d,separate_gp,pi,,10,15,ok,50,/data/zhq7531/IDEAL/hetero_lvgp/benchmark/results/griewank_2d/separate_gp/pi/nrep10/seed15.npz,griewank_2d/separate_gp/pi/nrep10/seed15
griewank_2d,separate_gp,pi,,10,16,ok,50,/data/zhq7531/IDEAL/hetero_lvgp/benchmark/results/griewank_2d/separate_gp/pi/nrep10/seed16.npz,griewank_2d/separate_gp/pi/nrep10/seed16
griewank_2d,separate_gp,pi,,10,17,ok,50,/data/zhq7531/IDEAL/hetero_lvgp/benchmark/results/griewank_2d/separate_gp/pi/nrep10/seed17.npz,griewank_2d/separate_gp/pi/nrep10/seed17
griewank_2d,separate_gp,pi,,10,18,ok,50,/data/zhq7531/IDEAL/hetero_lvgp/benchmark/results/griewank_2d/separate_gp/pi/nrep10/seed18.npz,griewank_2d/separate_gp/pi/nrep10/seed18
griewank_2d,separate_gp,pi,,10,19,ok,50,/data/zhq7531/IDEAL/hetero_lvgp/benchmark/results/griewank_2d/separate_gp/pi/nrep10/seed19.npz,griewank_2d/separate_gp/pi/nrep10/seed19
griewank_2d,separate_gp,pi,,10,20,ok,50,/data/zhq7531/IDEAL/hetero_lvgp/benchmark/results/griewank_2d/separate_gp/pi/nrep10/seed20.npz,griewank_2d/separate_gp/pi/nrep10/seed20
griewank_2d,separate_gp,pi,,10,21,ok,50,/data/zhq7531/IDEAL/hetero_lvgp/benchmark/results/griewank_2d/separate_gp/pi/nrep10/seed21.npz,griewank_2d/separate_gp/pi/nrep10/seed21
griewank_2d,separate_gp,pi,,10,22,ok,50,/data/zhq7531/IDEAL/hetero_lvgp/benchmark/results/griewank_2d/separate_gp/pi/nrep10/seed22.npz,griewank_2d/separate_gp/pi/nrep10/seed22
griewank_2d,separate_gp,pi,,10,23,ok,50,/data/zhq7531/IDEAL/hetero_lvgp/benchmark/results/griewank_2d/separate_gp/pi/nrep10/seed23.npz,griewank_2d/separate_gp/pi/nrep10/seed23
griewank_2d,separate_gp,pi,,10,24,ok,50,/data/zhq7531/IDEAL/hetero_lvgp/benchmark/results/griewank_2d/separate_gp/pi/nrep10/seed24.npz,griewank_2d/separate_gp/pi/nrep10/seed24
griewank_2d,separate_gp,pi,,10,25,ok,50,/data/zhq7531/IDEAL/hetero_lvgp/benchmark/results/griewank_2d/separate_gp/pi/nrep10/seed25.npz,griewank_2d/separate_gp/pi/nrep10/seed25
griewank_2d,separate_gp,pi,,10,26,ok,50,/data/zhq7531/IDEAL/hetero_lvgp/benchmark/results/griewank_2d/separate_gp/pi/nrep10/seed26.npz,griewank_2d/separate_gp/pi/nrep10/seed26
griewank_2d,separate_gp,pi,,10,27,ok,50,/data/zhq7531/IDEAL/hetero_lvgp/benchmark/results/griewank_2d/separate_gp/pi/nrep10/seed27.npz,griewank_2d/separate_gp/pi/nrep10/seed27
griewank_2d,separate_gp,pi,,10,28,ok,50,/data/zhq7531/IDEAL/hetero_lvgp/benchmark/results/griewank_2d/separate_gp/pi/nrep10/seed28.npz,griewank_2d/separate_gp/pi/nrep10/seed28
griewank_2d,separate_gp,pi,,10,29,ok,50,/data/zhq7531/IDEAL/hetero_lvgp/benchmark/results/griewank_2d/separate_gp/pi/nrep10/seed29.npz,griewank_2d/separate_gp/pi/nrep10/seed29
griewank_2d,separate_gp,pi,,10,30,ok,50,/data/zhq7531/IDEAL/hetero_lvgp/benchmark/results/griewank_2d/separate_gp/pi/nrep10/seed30.npz,griewank_2d/separate_gp/pi/nrep10/seed30
griewank_2d,separate_gp,ei,,3,1,ok,50,/data/zhq7531/IDEAL/hetero_lvgp/benchmark/results/griewank_2d/separate_gp/ei/nrep03/seed01.npz,griewank_2d/separate_gp/ei/nrep03/seed01
griewank_2d,separate_gp,ei,,3,2,ok,50,/data/zhq7531/IDEAL/hetero_lvgp/benchmark/results/griewank_2d/separate_gp/ei/nrep03/seed02.npz,griewank_2d/separate_gp/ei/nrep03/seed02
griewank_2d,separate_gp,ei,,3,3,ok,50,/data/zhq7531/IDEAL/hetero_lvgp/benchmark/results/griewank_2d/separate_gp/ei/nrep03/seed03.npz,griewank_2d/separate_gp/ei/nrep03/seed03
griewank_2d,separate_gp,ei,,3,4,ok,50,/data/zhq7531/IDEAL/hetero_lvgp/benchmark/results/griewank_2d/separate_gp/ei/nrep03/seed04.npz,griewank_2d/separate_gp/ei/nrep03/seed04
griewank_2d,separate_gp,ei,,3,5,ok,50,/data/zhq7531/IDEAL/hetero_lvgp/benchmark/results/griewank_2d/separate_gp/ei/nrep03/seed05.npz,griewank_2d/separate_gp/ei/nrep03/seed05
griewank_2d,separate_gp,ei,,3,6,ok,50,/data/zhq7531/IDEAL/hetero_lvgp/benchmark/results/griewank_2d/separate_gp/ei/nrep03/seed06.npz,griewank_2d/separate_gp/ei/nrep03/seed06
griewank_2d,separate_gp,ei,,3,7,ok,50,/data/zhq7531/IDEAL/hetero_lvgp/benchmark/results/griewank_2d/separate_gp/ei/nrep03/seed07.npz,griewank_2d/separate_gp/ei/nrep03/seed07
griewank_2d,separate_gp,ei,,3,8,ok,50,/data/zhq7531/IDEAL/hetero_lvgp/benchmark/results/griewank_2d/separate_gp/ei/nrep03/seed08.npz,griewank_2d/separate_gp/ei/nrep03/seed08
griewank_2d,separate_gp,ei,,3,9,ok,50,/data/zhq7531/IDEAL/hetero_lvgp/benchmark/results/griewank_2d/separate_gp/ei/nrep03/seed09.npz,griewank_2d/separate_gp/ei/nrep03/seed09
griewank_2d,separate_gp,ei,,3,10,ok,50,/data/zhq7531/IDEAL/hetero_lvgp/benchmark/results/griewank_2d/separate_gp/ei/nrep03/seed10.npz,griewank_2d/separate_gp/ei/nrep03/seed10
griewank_2d,separate_gp,ei,,3,11,ok,50,/data/zhq7531/IDEAL/hetero_lvgp/benchmark/results/griewank_2d/separate_gp/ei/nrep03/seed11.npz,griewank_2d/separate_gp/ei/nrep03/seed11
griewank_2d,separate_gp,ei,,3,12,ok,50,/data/zhq7531/IDEAL/hetero_lvgp/benchmark/results/griewank_2d/separate_gp/ei/nrep03/seed12.npz,griewank_2d/separate_gp/ei/nrep03/seed12
griewank_2d,separate_gp,ei,,3,13,ok,50,/data/zhq7531/IDEAL/hetero_lvgp/benchmark/results/griewank_2d/separate_gp/ei/nrep03/seed13.npz,griewank_2d/separate_gp/ei/nrep03/seed13
griewank_2d,separate_gp,ei,,3,14,ok,50,/data/zhq7531/IDEAL/hetero_lvgp/benchmark/results/griewank_2d/separate_gp/ei/nrep03/seed14.npz,griewank_2d/separate_gp/ei/nrep03/seed14
griewank_2d,separate_gp,ei,,3,15,ok,50,/data/zhq7531/IDEAL/hetero_lvgp/benchmark/results/griewank_2d/separate_gp/ei/nrep03/seed15.npz,griewank_2d/separate_gp/ei/nrep03/seed15
griewank_2d,separate_gp,ei,,3,16,ok,50,/data/zhq7531/IDEAL/hetero_lvgp/benchmark/results/griewank_2d/separate_gp/ei/nrep03/seed16.npz,griewank_2d/separate_gp/ei/nrep03/seed16
griewank_2d,separate_gp,ei,,3,17,ok,50,/data/zhq7531/IDEAL/hetero_lvgp/benchmark/results/griewank_2d/separate_gp/ei/nrep03/seed17.npz,griewank_2d/separate_gp/ei/nrep03/seed17
griewank_2d,separate_gp,ei,,3,18,ok,50,/data/zhq7531/IDEAL/hetero_lvgp/benchmark/results/griewank_2d/separate_gp/ei/nrep03/seed18.npz,griewank_2d/separate_gp/ei/nrep03/seed18
griewank_2d,separate_gp,ei,,3,19,ok,50,/data/zhq7531/IDEAL/hetero_lvgp/benchmark/results/griewank_2d/separate_gp/ei/nrep03/seed19.npz,griewank_2d/separate_gp/ei/nrep03/seed19
griewank_2d,separate_gp,ei,,3,20,ok,50,/data/zhq7531/IDEAL/hetero_lvgp/benchmark/results/griewank_2d/separate_gp/ei/nrep03/seed20.npz,griewank_2d/separate_gp/ei/nrep03/seed20
griewank_2d,separate_gp,ei,,3,21,ok,50,/data/zhq7531/IDEAL/hetero_lvgp/benchmark/results/griewank_2d/separate_gp/ei/nrep03/seed21.npz,griewank_2d/separate_gp/ei/nrep03/seed21
griewank_2d,separate_gp,ei,,3,22,ok,50,/data/zhq7531/IDEAL/hetero_lvgp/benchmark/results/griewank_2d/separate_gp/ei/nrep03/seed22.npz,griewank_2d/separate_gp/ei/nrep03/seed22
griewank_2d,separate_gp,ei,,3,23,ok,50,/data/zhq7531/IDEAL/hetero_lvgp/benchmark/results/griewank_2d/separate_gp/ei/nrep03/seed23.npz,griewank_2d/separate_gp/ei/nrep03/seed23
griewank_2d,separate_gp,ei,,3,24,ok,50,/data/zhq7531/IDEAL/hetero_lvgp/benchmark/results/griewank_2d/separate_gp/ei/nrep03/seed24.npz,griewank_2d/separate_gp/ei/nrep03/seed24
griewank_2d,separate_gp,ei,,3,25,ok,50,/data/zhq7531/IDEAL/hetero_lvgp/benchmark/results/griewank_2d/separate_gp/ei/nrep03/seed25.npz,griewank_2d/separate_gp/ei/nrep03/seed25
griewank_2d,separate_gp,ei,,3,26,ok,50,/data/zhq7531/IDEAL/hetero_lvgp/benchmark/results/griewank_2d/separate_gp/ei/nrep03/seed26.npz,griewank_2d/separate_gp/ei/nrep03/seed26
griewank_2d,separate_gp,ei,,3,27,ok,50,/data/zhq7531/IDEAL/hetero_lvgp/benchmark/results/griewank_2d/separate_gp/ei/nrep03/seed27.npz,griewank_2d/separate_gp/ei/nrep03/seed27
griewank_2d,separate_gp,ei,,3,28,ok,50,/data/zhq7531/IDEAL/hetero_lvgp/benchmark/results/griewank_2d/separate_gp/ei/nrep03/seed28.npz,griewank_2d/separate_gp/ei/nrep03/seed28
griewank_2d,separate_gp,ei,,3,29,ok,50,/data/zhq7531/IDEAL/hetero_lvgp/benchmark/results/griewank_2d/separate_gp/ei/nrep03/seed29.npz,griewank_2d/separate_gp/ei/nrep03/seed29
griewank_2d,separate_gp,ei,,3,30,ok,50,/data/zhq7531/IDEAL/hetero_lvgp/benchmark/results/griewank_2d/separate_gp/ei/nrep03/seed30.npz,griewank_2d/separate_gp/ei/nrep03/seed30
griewank_2d,separate_gp,ei,,10,1,ok,50,/data/zhq7531/IDEAL/hetero_lvgp/benchmark/results/griewank_2d/separate_gp/ei/nrep10/seed01.npz,griewank_2d/separate_gp/ei/nrep10/seed01
griewank_2d,separate_gp,ei,,10,2,ok,50,/data/zhq7531/IDEAL/hetero_lvgp/benchmark/results/griewank_2d/separate_gp/ei/nrep10/seed02.npz,griewank_2d/separate_gp/ei/nrep10/seed02
griewank_2d,separate_gp,ei,,10,3,ok,50,/data/zhq7531/IDEAL/hetero_lvgp/benchmark/results/griewank_2d/separate_gp/ei/nrep10/seed03.npz,griewank_2d/separate_gp/ei/nrep10/seed03
griewank_2d,separate_gp,ei,,10,4,ok,50,/data/zhq7531/IDEAL/hetero_lvgp/benchmark/results/griewank_2d/separate_gp/ei/nrep10/seed04.npz,griewank_2d/separate_gp/ei/nrep10/seed04
griewank_2d,separate_gp,ei,,10,5,ok,50,/data/zhq7531/IDEAL/hetero_lvgp/benchmark/results/griewank_2d/separate_gp/ei/nrep10/seed05.npz,griewank_2d/separate_gp/ei/nrep10/seed05
griewank_2d,separate_gp,ei,,10,6,ok,50,/data/zhq7531/IDEAL/hetero_lvgp/benchmark/results/griewank_2d/separate_gp/ei/nrep10/seed06.npz,griewank_2d/separate_gp/ei/nrep10/seed06
griewank_2d,separate_gp,ei,,10,7,ok,50,/data/zhq7531/IDEAL/hetero_lvgp/benchmark/results/griewank_2d/separate_gp/ei/nrep10/seed07.npz,griewank_2d/separate_gp/ei/nrep10/seed07
griewank_2d,separate_gp,ei,,10,8,ok,50,/data/zhq7531/IDEAL/hetero_lvgp/benchmark/results/griewank_2d/separate_gp/ei/nrep10/seed08.npz,griewank_2d/separate_gp/ei/nrep10/seed08
griewank_2d,separate_gp,ei,,10,9,ok,50,/data/zhq7531/IDEAL/hetero_lvgp/benchmark/results/griewank_2d/separate_gp/ei/nrep10/seed09.npz,griewank_2d/separate_gp/ei/nrep10/seed09
griewank_2d,separate_gp,ei,,10,10,ok,50,/data/zhq7531/IDEAL/hetero_lvgp/benchmark/results/griewank_2d/separate_gp/ei/nrep10/seed10.npz,griewank_2d/separate_gp/ei/nrep10/seed10
griewank_2d,separate_gp,ei,,10,11,ok,50,/data/zhq7531/IDEAL/hetero_lvgp/benchmark/results/griewank_2d/separate_gp/ei/nrep10/seed11.npz,griewank_2d/separate_gp/ei/nrep10/seed11
griewank_2d,separate_gp,ei,,10,12,ok,50,/data/zhq7531/IDEAL/hetero_lvgp/benchmark/results/griewank_2d/separate_gp/ei/nrep10/seed12.npz,griewank_2d/separate_gp/ei/nrep10/seed12
griewank_2d,separate_gp,ei,,10,13,ok,50,/data/zhq7531/IDEAL/hetero_lvgp/benchmark/results/griewank_2d/separate_gp/ei/nrep10/seed13.npz,griewank_2d/separate_gp/ei/nrep10/seed13
griewank_2d,separate_gp,ei,,10,14,ok,50,/data/zhq7531/IDEAL/hetero_lvgp/benchmark/results/griewank_2d/separate_gp/ei/nrep10/seed14.npz,griewank_2d/separate_gp/ei/nrep10/seed14
griewank_2d,separate_gp,ei,,10,15,ok,50,/data/zhq7531/IDEAL/hetero_lvgp/benchmark/results/griewank_2d/separate_gp/ei/nrep10/seed15.npz,griewank_2d/separate_gp/ei/nrep10/seed15
griewank_2d,separate_gp,ei,,10,16,ok,50,/data/zhq7531/IDEAL/hetero_lvgp/benchmark/results/griewank_2d/separate_gp/ei/nrep10/seed16.npz,griewank_2d/separate_gp/ei/nrep10/seed16
griewank_2d,separate_gp,ei,,10,17,ok,50,/data/zhq7531/IDEAL/hetero_lvgp/benchmark/results/griewank_2d/separate_gp/ei/nrep10/seed17.npz,griewank_2d/separate_gp/ei/nrep10/seed17
griewank_2d,separate_gp,ei,,10,18,ok,50,/data/zhq7531/IDEAL/hetero_lvgp/benchmark/results/griewank_2d/separate_gp/ei/nrep10/seed18.npz,griewank_2d/separate_gp/ei/nrep10/seed18
griewank_2d,separate_gp,ei,,10,19,ok,50,/data/zhq7531/IDEAL/hetero_lvgp/benchmark/results/griewank_2d/separate_gp/ei/nrep10/seed19.npz,griewank_2d/separate_gp/ei/nrep10/seed19
griewank_2d,separate_gp,ei,,10,20,ok,50,/data/zhq7531/IDEAL/hetero_lvgp/benchmark/results/griewank_2d/separate_gp/ei/nrep10/seed20.npz,griewank_2d/separate_gp/ei/nrep10/seed20
griewank_2d,separate_gp,ei,,10,21,ok,50,/data/zhq7531/IDEAL/hetero_lvgp/benchmark/results/griewank_2d/separate_gp/ei/nrep10/seed21.npz,griewank_2d/separate_gp/ei/nrep10/seed21
griewank_2d,separate_gp,ei,,10,22,ok,50,/data/zhq7531/IDEAL/hetero_lvgp/benchmark/results/griewank_2d/separate_gp/ei/nrep10/seed22.npz,griewank_2d/separate_gp/ei/nrep10/seed22
griewank_2d,separate_gp,ei,,10,23,ok,50,/data/zhq7531/IDEAL/hetero_lvgp/benchmark/results/griewank_2d/separate_gp/ei/nrep10/seed23.npz,griewank_2d/separate_gp/ei/nrep10/seed23
griewank_2d,separate_gp,ei,,10,24,ok,50,/data/zhq7531/IDEAL/hetero_lvgp/benchmark/results/griewank_2d/separate_gp/ei/nrep10/seed24.npz,griewank_2d/separate_gp/ei/nrep10/seed24
griewank_2d,separate_gp,ei,,10,25,ok,50,/data/zhq7531/IDEAL/hetero_lvgp/benchmark/results/griewank_2d/separate_gp/ei/nrep10/seed25.npz,griewank_2d/separate_gp/ei/nrep10/seed25
griewank_2d,separate_gp,ei,,10,26,ok,50,/data/zhq7531/IDEAL/hetero_lvgp/benchmark/results/griewank_2d/separate_gp/ei/nrep10/seed26.npz,griewank_2d/separate_gp/ei/nrep10/seed26
griewank_2d,separate_gp,ei,,10,27,ok,50,/data/zhq7531/IDEAL/hetero_lvgp/benchmark/results/griewank_2d/separate_gp/ei/nrep10/seed27.npz,griewank_2d/separate_gp/ei/nrep10/seed27
griewank_2d,separate_gp,ei,,10,28,ok,50,/data/zhq7531/IDEAL/hetero_lvgp/benchmark/results/griewank_2d/separate_gp/ei/nrep10/seed28.npz,griewank_2d/separate_gp/ei/nrep10/seed28
griewank_2d,separate_gp,ei,,10,29,ok,50,/data/zhq7531/IDEAL/hetero_lvgp/benchmark/results/griewank_2d/separate_gp/ei/nrep10/seed29.npz,griewank_2d/separate_gp/ei/nrep10/seed29
griewank_2d,separate_gp,ei,,10,30,ok,50,/data/zhq7531/IDEAL/hetero_lvgp/benchmark/results/griewank_2d/separate_gp/ei/nrep10/seed30.npz,griewank_2d/separate_gp/ei/nrep10/seed30
griewank_2d,separate_gp,haei,0.5,3,1,ok,50,/data/zhq7531/IDEAL/hetero_lvgp/benchmark/results/griewank_2d/separate_gp/haei_g0.5/nrep03/seed01.npz,griewank_2d/separate_gp/haei_g0.5/nrep03/seed01
griewank_2d,separate_gp,haei,0.5,3,2,ok,50,/data/zhq7531/IDEAL/hetero_lvgp/benchmark/results/griewank_2d/separate_gp/haei_g0.5/nrep03/seed02.npz,griewank_2d/separate_gp/haei_g0.5/nrep03/seed02
griewank_2d,separate_gp,haei,0.5,3,3,ok,50,/data/zhq7531/IDEAL/hetero_lvgp/benchmark/results/griewank_2d/separate_gp/haei_g0.5/nrep03/seed03.npz,griewank_2d/separate_gp/haei_g0.5/nrep03/seed03
griewank_2d,separate_gp,haei,0.5,3,4,ok,50,/data/zhq7531/IDEAL/hetero_lvgp/benchmark/results/griewank_2d/separate_gp/haei_g0.5/nrep03/seed04.npz,griewank_2d/separate_gp/haei_g0.5/nrep03/seed04
griewank_2d,separate_gp,haei,0.5,3,5,ok,50,/data/zhq7531/IDEAL/hetero_lvgp/benchmark/results/griewank_2d/separate_gp/haei_g0.5/nrep03/seed05.npz,griewank_2d/separate_gp/haei_g0.5/nrep03/seed05
griewank_2d,separate_gp,haei,0.5,3,6,ok,50,/data/zhq7531/IDEAL/hetero_lvgp/benchmark/results/griewank_2d/separate_gp/haei_g0.5/nrep03/seed06.npz,griewank_2d/separate_gp/haei_g0.5/nrep03/seed06
griewank_2d,separate_gp,haei,0.5,3,7,ok,50,/data/zhq7531/IDEAL/hetero_lvgp/benchmark/results/griewank_2d/separate_gp/haei_g0.5/nrep03/seed07.npz,griewank_2d/separate_gp/haei_g0.5/nrep03/seed07
griewank_2d,separate_gp,haei,0.5,3,8,ok,50,/data/zhq7531/IDEAL/hetero_lvgp/benchmark/results/griewank_2d/separate_gp/haei_g0.5/nrep03/seed08.npz,griewank_2d/separate_gp/haei_g0.5/nrep03/seed08
griewank_2d,separate_gp,haei,0.5,3,9,ok,50,/data/zhq7531/IDEAL/hetero_lvgp/benchmark/results/griewank_2d/separate_gp/haei_g0.5/nrep03/seed09.npz,griewank_2d/separate_gp/haei_g0.5/nrep03/seed09
griewank_2d,separate_gp,haei,0.5,3,10,ok,50,/data/zhq7531/IDEAL/hetero_lvgp/benchmark/results/griewank_2d/separate_gp/haei_g0.5/nrep03/seed10.npz,griewank_2d/separate_gp/haei_g0.5/nrep03/seed10
griewank_2d,separate_gp,haei,0.5,3,11,ok,50,/data/zhq7531/IDEAL/hetero_lvgp/benchmark/results/griewank_2d/separate_gp/haei_g0.5/nrep03/seed11.npz,griewank_2d/separate_gp/haei_g0.5/nrep03/seed11
griewank_2d,separate_gp,haei,0.5,3,12,ok,50,/data/zhq7531/IDEAL/hetero_lvgp/benchmark/results/griewank_2d/separate_gp/haei_g0.5/nrep03/seed12.npz,griewank_2d/separate_gp/haei_g0.5/nrep03/seed12
griewank_2d,separate_gp,haei,0.5,3,13,ok,50,/data/zhq7531/IDEAL/hetero_lvgp/benchmark/results/griewank_2d/separate_gp/haei_g0.5/nrep03/seed13.npz,griewank_2d/separate_gp/haei_g0.5/nrep03/seed13
griewank_2d,separate_gp,haei,0.5,3,14,ok,50,/data/zhq7531/IDEAL/hetero_lvgp/benchmark/results/griewank_2d/separate_gp/haei_g0.5/nrep03/seed14.npz,griewank_2d/separate_gp/haei_g0.5/nrep03/seed14
griewank_2d,separate_gp,haei,0.5,3,15,ok,50,/data/zhq7531/IDEAL/hetero_lvgp/benchmark/results/griewank_2d/separate_gp/haei_g0.5/nrep03/seed15.npz,griewank_2d/separate_gp/haei_g0.5/nrep03/seed15
griewank_2d,separate_gp,haei,0.5,3,16,ok,50,/data/zhq7531/IDEAL/hetero_lvgp/benchmark/results/griewank_2d/separate_gp/haei_g0.5/nrep03/seed16.npz,griewank_2d/separate_gp/haei_g0.5/nrep03/seed16
griewank_2d,separate_gp,haei,0.5,3,17,ok,50,/data/zhq7531/IDEAL/hetero_lvgp/benchmark/results/griewank_2d/separate_gp/haei_g0.5/nrep03/seed17.npz,griewank_2d/separate_gp/haei_g0.5/nrep03/seed17
griewank_2d,separate_gp,haei,0.5,3,18,ok,50,/data/zhq7531/IDEAL/hetero_lvgp/benchmark/results/griewank_2d/separate_gp/haei_g0.5/nrep03/seed18.npz,griewank_2d/separate_gp/haei_g0.5/nrep03/seed18
griewank_2d,separate_gp,haei,0.5,3,19,ok,50,/data/zhq7531/IDEAL/hetero_lvgp/benchmark/results/griewank_2d/separate_gp/haei_g0.5/nrep03/seed19.npz,griewank_2d/separate_gp/haei_g0.5/nrep03/seed19
griewank_2d,separate_gp,haei,0.5,3,20,ok,50,/data/zhq7531/IDEAL/hetero_lvgp/benchmark/results/griewank_2d/separate_gp/haei_g0.5/nrep03/seed20.npz,griewank_2d/separate_gp/haei_g0.5/nrep03/seed20
griewank_2d,separate_gp,haei,0.5,3,21,ok,50,/data/zhq7531/IDEAL/hetero_lvgp/benchmark/results/griewank_2d/separate_gp/haei_g0.5/nrep03/seed21.npz,griewank_2d/separate_gp/haei_g0.5/nrep03/seed21
griewank_2d,separate_gp,haei,0.5,3,22,ok,50,/data/zhq7531/IDEAL/hetero_lvgp/benchmark/results/griewank_2d/separate_gp/haei_g0.5/nrep03/seed22.npz,griewank_2d/separate_gp/haei_g0.5/nrep03/seed22
griewank_2d,separate_gp,haei,0.5,3,23,ok,50,/data/zhq7531/IDEAL/hetero_lvgp/benchmark/results/griewank_2d/separate_gp/haei_g0.5/nrep03/seed23.npz,griewank_2d/separate_gp/haei_g0.5/nrep03/seed23
griewank_2d,separate_gp,haei,0.5,3,24,ok,50,/data/zhq7531/IDEAL/hetero_lvgp/benchmark/results/griewank_2d/separate_gp/haei_g0.5/nrep03/seed24.npz,griewank_2d/separate_gp/haei_g0.5/nrep03/seed24
griewank_2d,separate_gp,haei,0.5,3,25,ok,50,/data/zhq7531/IDEAL/hetero_lvgp/benchmark/results/griewank_2d/separate_gp/haei_g0.5/nrep03/seed25.npz,griewank_2d/separate_gp/haei_g0.5/nrep03/seed25
griewank_2d,separate_gp,haei,0.5,3,26,ok,50,/data/zhq7531/IDEAL/hetero_lvgp/benchmark/results/griewank_2d/separate_gp/haei_g0.5/nrep03/seed26.npz,griewank_2d/separate_gp/haei_g0.5/nrep03/seed26
griewank_2d,separate_gp,haei,0.5,3,27,ok,50,/data/zhq7531/IDEAL/hetero_lvgp/benchmark/results/griewank_2d/separate_gp/haei_g0.5/nrep03/seed27.npz,griewank_2d/separate_gp/haei_g0.5/nrep03/seed27
griewank_2d,separate_gp,haei,0.5,3,28,ok,50,/data/zhq7531/IDEAL/hetero_lvgp/benchmark/results/griewank_2d/separate_gp/haei_g0.5/nrep03/seed28.npz,griewank_2d/separate_gp/haei_g0.5/nrep03/seed28
griewank_2d,separate_gp,haei,0.5,3,29,ok,50,/data/zhq7531/IDEAL/hetero_lvgp/benchmark/results/griewank_2d/separate_gp/haei_g0.5/nrep03/seed29.npz,griewank_2d/separate_gp/haei_g0.5/nrep03/seed29
griewank_2d,separate_gp,haei,0.5,3,30,ok,50,/data/zhq7531/IDEAL/hetero_lvgp/benchmark/results/griewank_2d/separate_gp/haei_g0.5/nrep03/seed30.npz,griewank_2d/separate_gp/haei_g0.5/nrep03/seed30
griewank_2d,separate_gp,haei,0.5,10,1,ok,50,/data/zhq7531/IDEAL/hetero_lvgp/benchmark/results/griewank_2d/separate_gp/haei_g0.5/nrep10/seed01.npz,griewank_2d/separate_gp/haei_g0.5/nrep10/seed01
griewank_2d,separate_gp,haei,0.5,10,2,ok,50,/data/zhq7531/IDEAL/hetero_lvgp/benchmark/results/griewank_2d/separate_gp/haei_g0.5/nrep10/seed02.npz,griewank_2d/separate_gp/haei_g0.5/nrep10/seed02
griewank_2d,separate_gp,haei,0.5,10,3,ok,50,/data/zhq7531/IDEAL/hetero_lvgp/benchmark/results/griewank_2d/separate_gp/haei_g0.5/nrep10/seed03.npz,griewank_2d/separate_gp/haei_g0.5/nrep10/seed03
griewank_2d,separate_gp,haei,0.5,10,4,ok,50,/data/zhq7531/IDEAL/hetero_lvgp/benchmark/results/griewank_2d/separate_gp/haei_g0.5/nrep10/seed04.npz,griewank_2d/separate_gp/haei_g0.5/nrep10/seed04
griewank_2d,separate_gp,haei,0.5,10,5,ok,50,/data/zhq7531/IDEAL/hetero_lvgp/benchmark/results/griewank_2d/separate_gp/haei_g0.5/nrep10/seed05.npz,griewank_2d/separate_gp/haei_g0.5/nrep10/seed05
griewank_2d,separate_gp,haei,0.5,10,6,ok,50,/data/zhq7531/IDEAL/hetero_lvgp/benchmark/results/griewank_2d/separate_gp/haei_g0.5/nrep10/seed06.npz,griewank_2d/separate_gp/haei_g0.5/nrep10/seed06
griewank_2d,separate_gp,haei,0.5,10,7,ok,50,/data/zhq7531/IDEAL/hetero_lvgp/benchmark/results/griewank_2d/separate_gp/haei_g0.5/nrep10/seed07.npz,griewank_2d/separate_gp/haei_g0.5/nrep10/seed07
griewank_2d,separate_gp,haei,0.5,10,8,ok,50,/data/zhq7531/IDEAL/hetero_lvgp/benchmark/results/griewank_2d/separate_gp/haei_g0.5/nrep10/seed08.npz,griewank_2d/separate_gp/haei_g0.5/nrep10/seed08
griewank_2d,separate_gp,haei,0.5,10,9,ok,50,/data/zhq7531/IDEAL/hetero_lvgp/benchmark/results/griewank_2d/separate_gp/haei_g0.5/nrep10/seed09.npz,griewank_2d/separate_gp/haei_g0.5/nrep10/seed09
griewank_2d,separate_gp,haei,0.5,10,10,ok,50,/data/zhq7531/IDEAL/hetero_lvgp/benchmark/results/griewank_2d/separate_gp/haei_g0.5/nrep10/seed10.npz,griewank_2d/separate_gp/haei_g0.5/nrep10/seed10
griewank_2d,separate_gp,haei,0.5,10,11,ok,50,/data/zhq7531/IDEAL/hetero_lvgp/benchmark/results/griewank_2d/separate_gp/haei_g0.5/nrep10/seed11.npz,griewank_2d/separate_gp/haei_g0.5/nrep10/seed11
griewank_2d,separate_gp,haei,0.5,10,12,ok,50,/data/zhq7531/IDEAL/hetero_lvgp/benchmark/results/griewank_2d/separate_gp/haei_g0.5/nrep10/seed12.npz,griewank_2d/separate_gp/haei_g0.5/nrep10/seed12
griewank_2d,separate_gp,haei,0.5,10,13,ok,50,/data/zhq7531/IDEAL/hetero_lvgp/benchmark/results/griewank_2d/separate_gp/haei_g0.5/nrep10/seed13.npz,griewank_2d/separate_gp/haei_g0.5/nrep10/seed13
griewank_2d,separate_gp,haei,0.5,10,14,ok,50,/data/zhq7531/IDEAL/hetero_lvgp/benchmark/results/griewank_2d/separate_gp/haei_g0.5/nrep10/seed14.npz,griewank_2d/separate_gp/haei_g0.5/nrep10/seed14
griewank_2d,separate_gp,haei,0.5,10,15,ok,50,/data/zhq7531/IDEAL/hetero_lvgp/benchmark/results/griewank_2d/separate_gp/haei_g0.5/nrep10/seed15.npz,griewank_2d/separate_gp/haei_g0.5/nrep10/seed15
griewank_2d,separate_gp,haei,0.5,10,16,ok,50,/data/zhq7531/IDEAL/hetero_lvgp/benchmark/results/griewank_2d/separate_gp/haei_g0.5/nrep10/seed16.npz,griewank_2d/separate_gp/haei_g0.5/nrep10/seed16
griewank_2d,separate_gp,haei,0.5,10,17,ok,50,/data/zhq7531/IDEAL/hetero_lvgp/benchmark/results/griewank_2d/separate_gp/haei_g0.5/nrep10/seed17.npz,griewank_2d/separate_gp/haei_g0.5/nrep10/seed17
griewank_2d,separate_gp,haei,0.5,10,18,ok,50,/data/zhq7531/IDEAL/hetero_lvgp/benchmark/results/griewank_2d/separate_gp/haei_g0.5/nrep10/seed18.npz,griewank_2d/separate_gp/haei_g0.5/nrep10/seed18
griewank_2d,separate_gp,haei,0.5,10,19,ok,50,/data/zhq7531/IDEAL/hetero_lvgp/benchmark/results/griewank_2d/separate_gp/haei_g0.5/nrep10/seed19.npz,griewank_2d/separate_gp/haei_g0.5/nrep10/seed19
griewank_2d,separate_gp,haei,0.5,10,20,ok,50,/data/zhq7531/IDEAL/hetero_lvgp/benchmark/results/griewank_2d/separate_gp/haei_g0.5/nrep10/seed20.npz,griewank_2d/separate_gp/haei_g0.5/nrep10/seed20
griewank_2d,separate_gp,haei,0.5,10,21,ok,50,/data/zhq7531/IDEAL/hetero_lvgp/benchmark/results/griewank_2d/separate_gp/haei_g0.5/nrep10/seed21.npz,griewank_2d/separate_gp/haei_g0.5/nrep10/seed21
griewank_2d,separate_gp,haei,0.5,10,22,ok,50,/data/zhq7531/IDEAL/hetero_lvgp/benchmark/results/griewank_2d/separate_gp/haei_g0.5/nrep10/seed22.npz,griewank_2d/separate_gp/haei_g0.5/nrep10/seed22
griewank_2d,separate_gp,haei,0.5,10,23,ok,50,/data/zhq7531/IDEAL/hetero_lvgp/benchmark/results/griewank_2d/separate_gp/haei_g0.5/nrep10/seed23.npz,griewank_2d/separate_gp/haei_g0.5/nrep10/seed23
griewank_2d,separate_gp,haei,0.5,10,24,ok,50,/data/zhq7531/IDEAL/hetero_lvgp/benchmark/results/griewank_2d/separate_gp/haei_g0.5/nrep10/seed24.npz,griewank_2d/separate_gp/haei_g0.5/nrep10/seed24
griewank_2d,separate_gp,haei,0.5,10,25,ok,50,/data/zhq7531/IDEAL/hetero_lvgp/benchmark/results/griewank_2d/separate_gp/haei_g0.5/nrep10/seed25.npz,griewank_2d/separate_gp/haei_g0.5/nrep10/seed25
griewank_2d,separate_gp,haei,0.5,10,26,ok,50,/data/zhq7531/IDEAL/hetero_lvgp/benchmark/results/griewank_2d/separate_gp/haei_g0.5/nrep10/seed26.npz,griewank_2d/separate_gp/haei_g0.5/nrep10/seed26
griewank_2d,separate_gp,haei,0.5,10,27,ok,50,/data/zhq7531/IDEAL/hetero_lvgp/benchmark/results/griewank_2d/separate_gp/haei_g0.5/nrep10/seed27.npz,griewank_2d/separate_gp/haei_g0.5/nrep10/seed27
griewank_2d,separate_gp,haei,0.5,10,28,ok,50,/data/zhq7531/IDEAL/hetero_lvgp/benchmark/results/griewank_2d/separate_gp/haei_g0.5/nrep10/seed28.npz,griewank_2d/separate_gp/haei_g0.5/nrep10/seed28
griewank_2d,separate_gp,haei,0.5,10,29,ok,50,/data/zhq7531/IDEAL/hetero_lvgp/benchmark/results/griewank_2d/separate_gp/haei_g0.5/nrep10/seed29.npz,griewank_2d/separate_gp/haei_g0.5/nrep10/seed29
griewank_2d,separate_gp,haei,0.5,10,30,ok,50,/data/zhq7531/IDEAL/hetero_lvgp/benchmark/results/griewank_2d/separate_gp/haei_g0.5/nrep10/seed30.npz,griewank_2d/separate_gp/haei_g0.5/nrep10/seed30
griewank_2d,separate_gp,anpei,0.8,3,1,ok,50,/data/zhq7531/IDEAL/hetero_lvgp/benchmark/results/griewank_2d/separate_gp/anpei_b0.8/nrep03/seed01.npz,griewank_2d/separate_gp/anpei_b0.8/nrep03/seed01
griewank_2d,separate_gp,anpei,0.8,3,2,ok,50,/data/zhq7531/IDEAL/hetero_lvgp/benchmark/results/griewank_2d/separate_gp/anpei_b0.8/nrep03/seed02.npz,griewank_2d/separate_gp/anpei_b0.8/nrep03/seed02
griewank_2d,separate_gp,anpei,0.8,3,3,ok,50,/data/zhq7531/IDEAL/hetero_lvgp/benchmark/results/griewank_2d/separate_gp/anpei_b0.8/nrep03/seed03.npz,griewank_2d/separate_gp/anpei_b0.8/nrep03/seed03
griewank_2d,separate_gp,anpei,0.8,3,4,ok,50,/data/zhq7531/IDEAL/hetero_lvgp/benchmark/results/griewank_2d/separate_gp/anpei_b0.8/nrep03/seed04.npz,griewank_2d/separate_gp/anpei_b0.8/nrep03/seed04
griewank_2d,separate_gp,anpei,0.8,3,5,ok,50,/data/zhq7531/IDEAL/hetero_lvgp/benchmark/results/griewank_2d/separate_gp/anpei_b0.8/nrep03/seed05.npz,griewank_2d/separate_gp/anpei_b0.8/nrep03/seed05
griewank_2d,separate_gp,anpei,0.8,3,6,ok,50,/data/zhq7531/IDEAL/hetero_lvgp/benchmark/results/griewank_2d/separate_gp/anpei_b0.8/nrep03/seed06.npz,griewank_2d/separate_gp/anpei_b0.8/nrep03/seed06
griewank_2d,separate_gp,anpei,0.8,3,7,ok,50,/data/zhq7531/IDEAL/hetero_lvgp/benchmark/results/griewank_2d/separate_gp/anpei_b0.8/nrep03/seed07.npz,griewank_2d/separate_gp/anpei_b0.8/nrep03/seed07
griewank_2d,separate_gp,anpei,0.8,3,8,ok,50,/data/zhq7531/IDEAL/hetero_lvgp/benchmark/results/griewank_2d/separate_gp/anpei_b0.8/nrep03/seed08.npz,griewank_2d/separate_gp/anpei_b0.8/nrep03/seed08
griewank_2d,separate_gp,anpei,0.8,3,9,ok,50,/data/zhq7531/IDEAL/hetero_lvgp/benchmark/results/griewank_2d/separate_gp/anpei_b0.8/nrep03/seed09.npz,griewank_2d/separate_gp/anpei_b0.8/nrep03/seed09
griewank_2d,separate_gp,anpei,0.8,3,10,ok,50,/data/zhq7531/IDEAL/hetero_lvgp/benchmark/results/griewank_2d/separate_gp/anpei_b0.8/nrep03/seed10.npz,griewank_2d/separate_gp/anpei_b0.8/nrep03/seed10
griewank_2d,separate_gp,anpei,0.8,3,11,ok,50,/data/zhq7531/IDEAL/hetero_lvgp/benchmark/results/griewank_2d/separate_gp/anpei_b0.8/nrep03/seed11.npz,griewank_2d/separate_gp/anpei_b0.8/nrep03/seed11
griewank_2d,separate_gp,anpei,0.8,3,12,ok,50,/data/zhq7531/IDEAL/hetero_lvgp/benchmark/results/griewank_2d/separate_gp/anpei_b0.8/nrep03/seed12.npz,griewank_2d/separate_gp/anpei_b0.8/nrep03/seed12
griewank_2d,separate_gp,anpei,0.8,3,13,ok,50,/data/zhq7531/IDEAL/hetero_lvgp/benchmark/results/griewank_2d/separate_gp/anpei_b0.8/nrep03/seed13.npz,griewank_2d/separate_gp/anpei_b0.8/nrep03/seed13
griewank_2d,separate_gp,anpei,0.8,3,14,ok,50,/data/zhq7531/IDEAL/hetero_lvgp/benchmark/results/griewank_2d/separate_gp/anpei_b0.8/nrep03/seed14.npz,griewank_2d/separate_gp/anpei_b0.8/nrep03/seed14
griewank_2d,separate_gp,anpei,0.8,3,15,ok,50,/data/zhq7531/IDEAL/hetero_lvgp/benchmark/results/griewank_2d/separate_gp/anpei_b0.8/nrep03/seed15.npz,griewank_2d/separate_gp/anpei_b0.8/nrep03/seed15
griewank_2d,separate_gp,anpei,0.8,3,16,ok,50,/data/zhq7531/IDEAL/hetero_lvgp/benchmark/results/griewank_2d/separate_gp/anpei_b0.8/nrep03/seed16.npz,griewank_2d/separate_gp/anpei_b0.8/nrep03/seed16
griewank_2d,separate_gp,anpei,0.8,3,17,ok,50,/data/zhq7531/IDEAL/hetero_lvgp/benchmark/results/griewank_2d/separate_gp/anpei_b0.8/nrep03/seed17.npz,griewank_2d/separate_gp/anpei_b0.8/nrep03/seed17
griewank_2d,separate_gp,anpei,0.8,3,18,ok,50,/data/zhq7531/IDEAL/hetero_lvgp/benchmark/results/griewank_2d/separate_gp/anpei_b0.8/nrep03/seed18.npz,griewank_2d/separate_gp/anpei_b0.8/nrep03/seed18
griewank_2d,separate_gp,anpei,0.8,3,19,ok,50,/data/zhq7531/IDEAL/hetero_lvgp/benchmark/results/griewank_2d/separate_gp/anpei_b0.8/nrep03/seed19.npz,griewank_2d/separate_gp/anpei_b0.8/nrep03/seed19
griewank_2d,separate_gp,anpei,0.8,3,20,ok,50,/data/zhq7531/IDEAL/hetero_lvgp/benchmark/results/griewank_2d/separate_gp/anpei_b0.8/nrep03/seed20.npz,griewank_2d/separate_gp/anpei_b0.8/nrep03/seed20
griewank_2d,separate_gp,anpei,0.8,3,21,ok,50,/data/zhq7531/IDEAL/hetero_lvgp/benchmark/results/griewank_2d/separate_gp/anpei_b0.8/nrep03/seed21.npz,griewank_2d/separate_gp/anpei_b0.8/nrep03/seed21
griewank_2d,separate_gp,anpei,0.8,3,22,ok,50,/data/zhq7531/IDEAL/hetero_lvgp/benchmark/results/griewank_2d/separate_gp/anpei_b0.8/nrep03/seed22.npz,griewank_2d/separate_gp/anpei_b0.8/nrep03/seed22
griewank_2d,separate_gp,anpei,0.8,3,23,ok,50,/data/zhq7531/IDEAL/hetero_lvgp/benchmark/results/griewank_2d/separate_gp/anpei_b0.8/nrep03/seed23.npz,griewank_2d/separate_gp/anpei_b0.8/nrep03/seed23
griewank_2d,separate_gp,anpei,0.8,3,24,ok,50,/data/zhq7531/IDEAL/hetero_lvgp/benchmark/results/griewank_2d/separate_gp/anpei_b0.8/nrep03/seed24.npz,griewank_2d/separate_gp/anpei_b0.8/nrep03/seed24
griewank_2d,separate_gp,anpei,0.8,3,25,ok,50,/data/zhq7531/IDEAL/hetero_lvgp/benchmark/results/griewank_2d/separate_gp/anpei_b0.8/nrep03/seed25.npz,griewank_2d/separate_gp/anpei_b0.8/nrep03/seed25
griewank_2d,separate_gp,anpei,0.8,3,26,ok,50,/data/zhq7531/IDEAL/hetero_lvgp/benchmark/results/griewank_2d/separate_gp/anpei_b0.8/nrep03/seed26.npz,griewank_2d/separate_gp/anpei_b0.8/nrep03/seed26
griewank_2d,separate_gp,anpei,0.8,3,27,ok,50,/data/zhq7531/IDEAL/hetero_lvgp/benchmark/results/griewank_2d/separate_gp/anpei_b0.8/nrep03/seed27.npz,griewank_2d/separate_gp/anpei_b0.8/nrep03/seed27
griewank_2d,separate_gp,anpei,0.8,3,28,ok,50,/data/zhq7531/IDEAL/hetero_lvgp/benchmark/results/griewank_2d/separate_gp/anpei_b0.8/nrep03/seed28.npz,griewank_2d/separate_gp/anpei_b0.8/nrep03/seed28
griewank_2d,separate_gp,anpei,0.8,3,29,ok,50,/data/zhq7531/IDEAL/hetero_lvgp/benchmark/results/griewank_2d/separate_gp/anpei_b0.8/nrep03/seed29.npz,griewank_2d/separate_gp/anpei_b0.8/nrep03/seed29
griewank_2d,separate_gp,anpei,0.8,3,30,ok,50,/data/zhq7531/IDEAL/hetero_lvgp/benchmark/results/griewank_2d/separate_gp/anpei_b0.8/nrep03/seed30.npz,griewank_2d/separate_gp/anpei_b0.8/nrep03/seed30
griewank_2d,separate_gp,anpei,0.8,10,1,ok,50,/data/zhq7531/IDEAL/hetero_lvgp/benchmark/results/griewank_2d/separate_gp/anpei_b0.8/nrep10/seed01.npz,griewank_2d/separate_gp/anpei_b0.8/nrep10/seed01
griewank_2d,separate_gp,anpei,0.8,10,2,ok,50,/data/zhq7531/IDEAL/hetero_lvgp/benchmark/results/griewank_2d/separate_gp/anpei_b0.8/nrep10/seed02.npz,griewank_2d/separate_gp/anpei_b0.8/nrep10/seed02
griewank_2d,separate_gp,anpei,0.8,10,3,ok,50,/data/zhq7531/IDEAL/hetero_lvgp/benchmark/results/griewank_2d/separate_gp/anpei_b0.8/nrep10/seed03.npz,griewank_2d/separate_gp/anpei_b0.8/nrep10/seed03
griewank_2d,separate_gp,anpei,0.8,10,4,ok,50,/data/zhq7531/IDEAL/hetero_lvgp/benchmark/results/griewank_2d/separate_gp/anpei_b0.8/nrep10/seed04.npz,griewank_2d/separate_gp/anpei_b0.8/nrep10/seed04
griewank_2d,separate_gp,anpei,0.8,10,5,ok,50,/data/zhq7531/IDEAL/hetero_lvgp/benchmark/results/griewank_2d/separate_gp/anpei_b0.8/nrep10/seed05.npz,griewank_2d/separate_gp/anpei_b0.8/nrep10/seed05
griewank_2d,separate_gp,anpei,0.8,10,6,ok,50,/data/zhq7531/IDEAL/hetero_lvgp/benchmark/results/griewank_2d/separate_gp/anpei_b0.8/nrep10/seed06.npz,griewank_2d/separate_gp/anpei_b0.8/nrep10/seed06
griewank_2d,separate_gp,anpei,0.8,10,7,ok,50,/data/zhq7531/IDEAL/hetero_lvgp/benchmark/results/griewank_2d/separate_gp/anpei_b0.8/nrep10/seed07.npz,griewank_2d/separate_gp/anpei_b0.8/nrep10/seed07
griewank_2d,separate_gp,anpei,0.8,10,8,ok,50,/data/zhq7531/IDEAL/hetero_lvgp/benchmark/results/griewank_2d/separate_gp/anpei_b0.8/nrep10/seed08.npz,griewank_2d/separate_gp/anpei_b0.8/nrep10/seed08
griewank_2d,separate_gp,anpei,0.8,10,9,ok,50,/data/zhq7531/IDEAL/hetero_lvgp/benchmark/results/griewank_2d/separate_gp/anpei_b0.8/nrep10/seed09.npz,griewank_2d/separate_gp/anpei_b0.8/nrep10/seed09
griewank_2d,separate_gp,anpei,0.8,10,10,ok,50,/data/zhq7531/IDEAL/hetero_lvgp/benchmark/results/griewank_2d/separate_gp/anpei_b0.8/nrep10/seed10.npz,griewank_2d/separate_gp/anpei_b0.8/nrep10/seed10
griewank_2d,separate_gp,anpei,0.8,10,11,ok,50,/data/zhq7531/IDEAL/hetero_lvgp/benchmark/results/griewank_2d/separate_gp/anpei_b0.8/nrep10/seed11.npz,griewank_2d/separate_gp/anpei_b0.8/nrep10/seed11
griewank_2d,separate_gp,anpei,0.8,10,12,ok,50,/data/zhq7531/IDEAL/hetero_lvgp/benchmark/results/griewank_2d/separate_gp/anpei_b0.8/nrep10/seed12.npz,griewank_2d/separate_gp/anpei_b0.8/nrep10/seed12
griewank_2d,separate_gp,anpei,0.8,10,13,ok,50,/data/zhq7531/IDEAL/hetero_lvgp/benchmark/results/griewank_2d/separate_gp/anpei_b0.8/nrep10/seed13.npz,griewank_2d/separate_gp/anpei_b0.8/nrep10/seed13
griewank_2d,separate_gp,anpei,0.8,10,14,ok,50,/data/zhq7531/IDEAL/hetero_lvgp/benchmark/results/griewank_2d/separate_gp/anpei_b0.8/nrep10/seed14.npz,griewank_2d/separate_gp/anpei_b0.8/nrep10/seed14
griewank_2d,separate_gp,anpei,0.8,10,15,ok,50,/data/zhq7531/IDEAL/hetero_lvgp/benchmark/results/griewank_2d/separate_gp/anpei_b0.8/nrep10/seed15.npz,griewank_2d/separate_gp/anpei_b0.8/nrep10/seed15
griewank_2d,separate_gp,anpei,0.8,10,16,ok,50,/data/zhq7531/IDEAL/hetero_lvgp/benchmark/results/griewank_2d/separate_gp/anpei_b0.8/nrep10/seed16.npz,griewank_2d/separate_gp/anpei_b0.8/nrep10/seed16
griewank_2d,separate_gp,anpei,0.8,10,17,ok,50,/data/zhq7531/IDEAL/hetero_lvgp/benchmark/results/griewank_2d/separate_gp/anpei_b0.8/nrep10/seed17.npz,griewank_2d/separate_gp/anpei_b0.8/nrep10/seed17
griewank_2d,separate_gp,anpei,0.8,10,18,ok,50,/data/zhq7531/IDEAL/hetero_lvgp/benchmark/results/griewank_2d/separate_gp/anpei_b0.8/nrep10/seed18.npz,griewank_2d/separate_gp/anpei_b0.8/nrep10/seed18
griewank_2d,separate_gp,anpei,0.8,10,19,ok,50,/data/zhq7531/IDEAL/hetero_lvgp/benchmark/results/griewank_2d/separate_gp/anpei_b0.8/nrep10/seed19.npz,griewank_2d/separate_gp/anpei_b0.8/nrep10/seed19
griewank_2d,separate_gp,anpei,0.8,10,20,ok,50,/data/zhq7531/IDEAL/hetero_lvgp/benchmark/results/griewank_2d/separate_gp/anpei_b0.8/nrep10/seed20.npz,griewank_2d/separate_gp/anpei_b0.8/nrep10/seed20
griewank_2d,separate_gp,anpei,0.8,10,21,ok,50,/data/zhq7531/IDEAL/hetero_lvgp/benchmark/results/griewank_2d/separate_gp/anpei_b0.8/nrep10/seed21.npz,griewank_2d/separate_gp/anpei_b0.8/nrep10/seed21
griewank_2d,separate_gp,anpei,0.8,10,22,ok,50,/data/zhq7531/IDEAL/hetero_lvgp/benchmark/results/griewank_2d/separate_gp/anpei_b0.8/nrep10/seed22.npz,griewank_2d/separate_gp/anpei_b0.8/nrep10/seed22
griewank_2d,separate_gp,anpei,0.8,10,23,ok,50,/data/zhq7531/IDEAL/hetero_lvgp/benchmark/results/griewank_2d/separate_gp/anpei_b0.8/nrep10/seed23.npz,griewank_2d/separate_gp/anpei_b0.8/nrep10/seed23
griewank_2d,separate_gp,anpei,0.8,10,24,ok,50,/data/zhq7531/IDEAL/hetero_lvgp/benchmark/results/griewank_2d/separate_gp/anpei_b0.8/nrep10/seed24.npz,griewank_2d/separate_gp/anpei_b0.8/nrep10/seed24
griewank_2d,separate_gp,anpei,0.8,10,25,ok,50,/data/zhq7531/IDEAL/hetero_lvgp/benchmark/results/griewank_2d/separate_gp/anpei_b0.8/nrep10/seed25.npz,griewank_2d/separate_gp/anpei_b0.8/nrep10/seed25
griewank_2d,separate_gp,anpei,0.8,10,26,ok,50,/data/zhq7531/IDEAL/hetero_lvgp/benchmark/results/griewank_2d/separate_gp/anpei_b0.8/nrep10/seed26.npz,griewank_2d/separate_gp/anpei_b0.8/nrep10/seed26
griewank_2d,separate_gp,anpei,0.8,10,27,ok,50,/data/zhq7531/IDEAL/hetero_lvgp/benchmark/results/griewank_2d/separate_gp/anpei_b0.8/nrep10/seed27.npz,griewank_2d/separate_gp/anpei_b0.8/nrep10/seed27
griewank_2d,separate_gp,anpei,0.8,10,28,ok,50,/data/zhq7531/IDEAL/hetero_lvgp/benchmark/results/griewank_2d/separate_gp/anpei_b0.8/nrep10/seed28.npz,griewank_2d/separate_gp/anpei_b0.8/nrep10/seed28
griewank_2d,separate_gp,anpei,0.8,10,29,ok,50,/data/zhq7531/IDEAL/hetero_lvgp/benchmark/results/griewank_2d/separate_gp/anpei_b0.8/nrep10/seed29.npz,griewank_2d/separate_gp/anpei_b0.8/nrep10/seed29
griewank_2d,separate_gp,anpei,0.8,10,30,ok,50,/data/zhq7531/IDEAL/hetero_lvgp/benchmark/results/griewank_2d/separate_gp/anpei_b0.8/nrep10/seed30.npz,griewank_2d/separate_gp/anpei_b0.8/nrep10/seed30
griewank_2d,separate_gp,rahbo,0.5,3,1,ok,50,/data/zhq7531/IDEAL/hetero_lvgp/benchmark/results/griewank_2d/separate_gp/rahbo_a0.5/nrep03/seed01.npz,griewank_2d/separate_gp/rahbo_a0.5/nrep03/seed01
griewank_2d,separate_gp,rahbo,0.5,3,2,ok,50,/data/zhq7531/IDEAL/hetero_lvgp/benchmark/results/griewank_2d/separate_gp/rahbo_a0.5/nrep03/seed02.npz,griewank_2d/separate_gp/rahbo_a0.5/nrep03/seed02
griewank_2d,separate_gp,rahbo,0.5,3,3,ok,50,/data/zhq7531/IDEAL/hetero_lvgp/benchmark/results/griewank_2d/separate_gp/rahbo_a0.5/nrep03/seed03.npz,griewank_2d/separate_gp/rahbo_a0.5/nrep03/seed03
griewank_2d,separate_gp,rahbo,0.5,3,4,ok,50,/data/zhq7531/IDEAL/hetero_lvgp/benchmark/results/griewank_2d/separate_gp/rahbo_a0.5/nrep03/seed04.npz,griewank_2d/separate_gp/rahbo_a0.5/nrep03/seed04
griewank_2d,separate_gp,rahbo,0.5,3,5,ok,50,/data/zhq7531/IDEAL/hetero_lvgp/benchmark/results/griewank_2d/separate_gp/rahbo_a0.5/nrep03/seed05.npz,griewank_2d/separate_gp/rahbo_a0.5/nrep03/seed05
griewank_2d,separate_gp,rahbo,0.5,3,6,ok,50,/data/zhq7531/IDEAL/hetero_lvgp/benchmark/results/griewank_2d/separate_gp/rahbo_a0.5/nrep03/seed06.npz,griewank_2d/separate_gp/rahbo_a0.5/nrep03/seed06
griewank_2d,separate_gp,rahbo,0.5,3,7,ok,50,/data/zhq7531/IDEAL/hetero_lvgp/benchmark/results/griewank_2d/separate_gp/rahbo_a0.5/nrep03/seed07.npz,griewank_2d/separate_gp/rahbo_a0.5/nrep03/seed07
griewank_2d,separate_gp,rahbo,0.5,3,8,ok,50,/data/zhq7531/IDEAL/hetero_lvgp/benchmark/results/griewank_2d/separate_gp/rahbo_a0.5/nrep03/seed08.npz,griewank_2d/separate_gp/rahbo_a0.5/nrep03/seed08
griewank_2d,separate_gp,rahbo,0.5,3,9,ok,50,/data/zhq7531/IDEAL/hetero_lvgp/benchmark/results/griewank_2d/separate_gp/rahbo_a0.5/nrep03/seed09.npz,griewank_2d/separate_gp/rahbo_a0.5/nrep03/seed09
griewank_2d,separate_gp,rahbo,0.5,3,10,ok,50,/data/zhq7531/IDEAL/hetero_lvgp/benchmark/results/griewank_2d/separate_gp/rahbo_a0.5/nrep03/seed10.npz,griewank_2d/separate_gp/rahbo_a0.5/nrep03/seed10
griewank_2d,separate_gp,rahbo,0.5,3,11,ok,50,/data/zhq7531/IDEAL/hetero_lvgp/benchmark/results/griewank_2d/separate_gp/rahbo_a0.5/nrep03/seed11.npz,griewank_2d/separate_gp/rahbo_a0.5/nrep03/seed11
griewank_2d,separate_gp,rahbo,0.5,3,12,ok,50,/data/zhq7531/IDEAL/hetero_lvgp/benchmark/results/griewank_2d/separate_gp/rahbo_a0.5/nrep03/seed12.npz,griewank_2d/separate_gp/rahbo_a0.5/nrep03/seed12
griewank_2d,separate_gp,rahbo,0.5,3,13,ok,50,/data/zhq7531/IDEAL/hetero_lvgp/benchmark/results/griewank_2d/separate_gp/rahbo_a0.5/nrep03/seed13.npz,griewank_2d/separate_gp/rahbo_a0.5/nrep03/seed13
griewank_2d,separate_gp,rahbo,0.5,3,14,ok,50,/data/zhq7531/IDEAL/hetero_lvgp/benchmark/results/griewank_2d/separate_gp/rahbo_a0.5/nrep03/seed14.npz,griewank_2d/separate_gp/rahbo_a0.5/nrep03/seed14
griewank_2d,separate_gp,rahbo,0.5,3,15,ok,50,/data/zhq7531/IDEAL/hetero_lvgp/benchmark/results/griewank_2d/separate_gp/rahbo_a0.5/nrep03/seed15.npz,griewank_2d/separate_gp/rahbo_a0.5/nrep03/seed15
griewank_2d,separate_gp,rahbo,0.5,3,16,ok,50,/data/zhq7531/IDEAL/hetero_lvgp/benchmark/results/griewank_2d/separate_gp/rahbo_a0.5/nrep03/seed16.npz,griewank_2d/separate_gp/rahbo_a0.5/nrep03/seed16
griewank_2d,separate_gp,rahbo,0.5,3,17,ok,50,/data/zhq7531/IDEAL/hetero_lvgp/benchmark/results/griewank_2d/separate_gp/rahbo_a0.5/nrep03/seed17.npz,griewank_2d/separate_gp/rahbo_a0.5/nrep03/seed17
griewank_2d,separate_gp,rahbo,0.5,3,18,ok,50,/data/zhq7531/IDEAL/hetero_lvgp/benchmark/results/griewank_2d/separate_gp/rahbo_a0.5/nrep03/seed18.npz,griewank_2d/separate_gp/rahbo_a0.5/nrep03/seed18
griewank_2d,separate_gp,rahbo,0.5,3,19,ok,50,/data/zhq7531/IDEAL/hetero_lvgp/benchmark/results/griewank_2d/separate_gp/rahbo_a0.5/nrep03/seed19.npz,griewank_2d/separate_gp/rahbo_a0.5/nrep03/seed19
griewank_2d,separate_gp,rahbo,0.5,3,20,ok,50,/data/zhq7531/IDEAL/hetero_lvgp/benchmark/results/griewank_2d/separate_gp/rahbo_a0.5/nrep03/seed20.npz,griewank_2d/separate_gp/rahbo_a0.5/nrep03/seed20
griewank_2d,separate_gp,rahbo,0.5,3,21,ok,50,/data/zhq7531/IDEAL/hetero_lvgp/benchmark/results/griewank_2d/separate_gp/rahbo_a0.5/nrep03/seed21.npz,griewank_2d/separate_gp/rahbo_a0.5/nrep03/seed21
griewank_2d,separate_gp,rahbo,0.5,3,22,ok,50,/data/zhq7531/IDEAL/hetero_lvgp/benchmark/results/griewank_2d/separate_gp/rahbo_a0.5/nrep03/seed22.npz,griewank_2d/separate_gp/rahbo_a0.5/nrep03/seed22
griewank_2d,separate_gp,rahbo,0.5,3,23,ok,50,/data/zhq7531/IDEAL/hetero_lvgp/benchmark/results/griewank_2d/separate_gp/rahbo_a0.5/nrep03/seed23.npz,griewank_2d/separate_gp/rahbo_a0.5/nrep03/seed23
griewank_2d,separate_gp,rahbo,0.5,3,24,ok,50,/data/zhq7531/IDEAL/hetero_lvgp/benchmark/results/griewank_2d/separate_gp/rahbo_a0.5/nrep03/seed24.npz,griewank_2d/separate_gp/rahbo_a0.5/nrep03/seed24
griewank_2d,separate_gp,rahbo,0.5,3,25,ok,50,/data/zhq7531/IDEAL/hetero_lvgp/benchmark/results/griewank_2d/separate_gp/rahbo_a0.5/nrep03/seed25.npz,griewank_2d/separate_gp/rahbo_a0.5/nrep03/seed25
griewank_2d,separate_gp,rahbo,0.5,3,26,ok,50,/data/zhq7531/IDEAL/hetero_lvgp/benchmark/results/griewank_2d/separate_gp/rahbo_a0.5/nrep03/seed26.npz,griewank_2d/separate_gp/rahbo_a0.5/nrep03/seed26
griewank_2d,separate_gp,rahbo,0.5,3,27,ok,50,/data/zhq7531/IDEAL/hetero_lvgp/benchmark/results/griewank_2d/separate_gp/rahbo_a0.5/nrep03/seed27.npz,griewank_2d/separate_gp/rahbo_a0.5/nrep03/seed27
griewank_2d,separate_gp,rahbo,0.5,3,28,ok,50,/data/zhq7531/IDEAL/hetero_lvgp/benchmark/results/griewank_2d/separate_gp/rahbo_a0.5/nrep03/seed28.npz,griewank_2d/separate_gp/rahbo_a0.5/nrep03/seed28
griewank_2d,separate_gp,rahbo,0.5,3,29,ok,50,/data/zhq7531/IDEAL/hetero_lvgp/benchmark/results/griewank_2d/separate_gp/rahbo_a0.5/nrep03/seed29.npz,griewank_2d/separate_gp/rahbo_a0.5/nrep03/seed29
griewank_2d,separate_gp,rahbo,0.5,3,30,ok,50,/data/zhq7531/IDEAL/hetero_lvgp/benchmark/results/griewank_2d/separate_gp/rahbo_a0.5/nrep03/seed30.npz,griewank_2d/separate_gp/rahbo_a0.5/nrep03/seed30
griewank_2d,separate_gp,rahbo,0.5,10,1,ok,50,/data/zhq7531/IDEAL/hetero_lvgp/benchmark/results/griewank_2d/separate_gp/rahbo_a0.5/nrep10/seed01.npz,griewank_2d/separate_gp/rahbo_a0.5/nrep10/seed01
griewank_2d,separate_gp,rahbo,0.5,10,2,ok,50,/data/zhq7531/IDEAL/hetero_lvgp/benchmark/results/griewank_2d/separate_gp/rahbo_a0.5/nrep10/seed02.npz,griewank_2d/separate_gp/rahbo_a0.5/nrep10/seed02
griewank_2d,separate_gp,rahbo,0.5,10,3,ok,50,/data/zhq7531/IDEAL/hetero_lvgp/benchmark/results/griewank_2d/separate_gp/rahbo_a0.5/nrep10/seed03.npz,griewank_2d/separate_gp/rahbo_a0.5/nrep10/seed03
griewank_2d,separate_gp,rahbo,0.5,10,4,ok,50,/data/zhq7531/IDEAL/hetero_lvgp/benchmark/results/griewank_2d/separate_gp/rahbo_a0.5/nrep10/seed04.npz,griewank_2d/separate_gp/rahbo_a0.5/nrep10/seed04
griewank_2d,separate_gp,rahbo,0.5,10,5,ok,50,/data/zhq7531/IDEAL/hetero_lvgp/benchmark/results/griewank_2d/separate_gp/rahbo_a0.5/nrep10/seed05.npz,griewank_2d/separate_gp/rahbo_a0.5/nrep10/seed05
griewank_2d,separate_gp,rahbo,0.5,10,6,ok,50,/data/zhq7531/IDEAL/hetero_lvgp/benchmark/results/griewank_2d/separate_gp/rahbo_a0.5/nrep10/seed06.npz,griewank_2d/separate_gp/rahbo_a0.5/nrep10/seed06
griewank_2d,separate_gp,rahbo,0.5,10,7,ok,50,/data/zhq7531/IDEAL/hetero_lvgp/benchmark/results/griewank_2d/separate_gp/rahbo_a0.5/nrep10/seed07.npz,griewank_2d/separate_gp/rahbo_a0.5/nrep10/seed07
griewank_2d,separate_gp,rahbo,0.5,10,8,ok,50,/data/zhq7531/IDEAL/hetero_lvgp/benchmark/results/griewank_2d/separate_gp/rahbo_a0.5/nrep10/seed08.npz,griewank_2d/separate_gp/rahbo_a0.5/nrep10/seed08
griewank_2d,separate_gp,rahbo,0.5,10,9,ok,50,/data/zhq7531/IDEAL/hetero_lvgp/benchmark/results/griewank_2d/separate_gp/rahbo_a0.5/nrep10/seed09.npz,griewank_2d/separate_gp/rahbo_a0.5/nrep10/seed09
griewank_2d,separate_gp,rahbo,0.5,10,10,ok,50,/data/zhq7531/IDEAL/hetero_lvgp/benchmark/results/griewank_2d/separate_gp/rahbo_a0.5/nrep10/seed10.npz,griewank_2d/separate_gp/rahbo_a0.5/nrep10/seed10
griewank_2d,separate_gp,rahbo,0.5,10,11,ok,50,/data/zhq7531/IDEAL/hetero_lvgp/benchmark/results/griewank_2d/separate_gp/rahbo_a0.5/nrep10/seed11.npz,griewank_2d/separate_gp/rahbo_a0.5/nrep10/seed11
griewank_2d,separate_gp,rahbo,0.5,10,12,ok,50,/data/zhq7531/IDEAL/hetero_lvgp/benchmark/results/griewank_2d/separate_gp/rahbo_a0.5/nrep10/seed12.npz,griewank_2d/separate_gp/rahbo_a0.5/nrep10/seed12
griewank_2d,separate_gp,rahbo,0.5,10,13,ok,50,/data/zhq7531/IDEAL/hetero_lvgp/benchmark/results/griewank_2d/separate_gp/rahbo_a0.5/nrep10/seed13.npz,griewank_2d/separate_gp/rahbo_a0.5/nrep10/seed13
griewank_2d,separate_gp,rahbo,0.5,10,14,ok,50,/data/zhq7531/IDEAL/hetero_lvgp/benchmark/results/griewank_2d/separate_gp/rahbo_a0.5/nrep10/seed14.npz,griewank_2d/separate_gp/rahbo_a0.5/nrep10/seed14
griewank_2d,separate_gp,rahbo,0.5,10,15,ok,50,/data/zhq7531/IDEAL/hetero_lvgp/benchmark/results/griewank_2d/separate_gp/rahbo_a0.5/nrep10/seed15.npz,griewank_2d/separate_gp/rahbo_a0.5/nrep10/seed15
griewank_2d,separate_gp,rahbo,0.5,10,16,ok,50,/data/zhq7531/IDEAL/hetero_lvgp/benchmark/results/griewank_2d/separate_gp/rahbo_a0.5/nrep10/seed16.npz,griewank_2d/separate_gp/rahbo_a0.5/nrep10/seed16
griewank_2d,separate_gp,rahbo,0.5,10,17,ok,50,/data/zhq7531/IDEAL/hetero_lvgp/benchmark/results/griewank_2d/separate_gp/rahbo_a0.5/nrep10/seed17.npz,griewank_2d/separate_gp/rahbo_a0.5/nrep10/seed17
griewank_2d,separate_gp,rahbo,0.5,10,18,ok,50,/data/zhq7531/IDEAL/hetero_lvgp/benchmark/results/griewank_2d/separate_gp/rahbo_a0.5/nrep10/seed18.npz,griewank_2d/separate_gp/rahbo_a0.5/nrep10/seed18
griewank_2d,separate_gp,rahbo,0.5,10,19,ok,50,/data/zhq7531/IDEAL/hetero_lvgp/benchmark/results/griewank_2d/separate_gp/rahbo_a0.5/nrep10/seed19.npz,griewank_2d/separate_gp/rahbo_a0.5/nrep10/seed19
griewank_2d,separate_gp,rahbo,0.5,10,20,ok,50,/data/zhq7531/IDEAL/hetero_lvgp/benchmark/results/griewank_2d/separate_gp/rahbo_a0.5/nrep10/seed20.npz,griewank_2d/separate_gp/rahbo_a0.5/nrep10/seed20
griewank_2d,separate_gp,rahbo,0.5,10,21,ok,50,/data/zhq7531/IDEAL/hetero_lvgp/benchmark/results/griewank_2d/separate_gp/rahbo_a0.5/nrep10/seed21.npz,griewank_2d/separate_gp/rahbo_a0.5/nrep10/seed21
griewank_2d,separate_gp,rahbo,0.5,10,22,ok,50,/data/zhq7531/IDEAL/hetero_lvgp/benchmark/results/griewank_2d/separate_gp/rahbo_a0.5/nrep10/seed22.npz,griewank_2d/separate_gp/rahbo_a0.5/nrep10/seed22
griewank_2d,separate_gp,rahbo,0.5,10,23,ok,50,/data/zhq7531/IDEAL/hetero_lvgp/benchmark/results/griewank_2d/separate_gp/rahbo_a0.5/nrep10/seed23.npz,griewank_2d/separate_gp/rahbo_a0.5/nrep10/seed23
griewank_2d,separate_gp,rahbo,0.5,10,24,ok,50,/data/zhq7531/IDEAL/hetero_lvgp/benchmark/results/griewank_2d/separate_gp/rahbo_a0.5/nrep10/seed24.npz,griewank_2d/separate_gp/rahbo_a0.5/nrep10/seed24
griewank_2d,separate_gp,rahbo,0.5,10,25,ok,50,/data/zhq7531/IDEAL/hetero_lvgp/benchmark/results/griewank_2d/separate_gp/rahbo_a0.5/nrep10/seed25.npz,griewank_2d/separate_gp/rahbo_a0.5/nrep10/seed25
griewank_2d,separate_gp,rahbo,0.5,10,26,ok,50,/data/zhq7531/IDEAL/hetero_lvgp/benchmark/results/griewank_2d/separate_gp/rahbo_a0.5/nrep10/seed26.npz,griewank_2d/separate_gp/rahbo_a0.5/nrep10/seed26
griewank_2d,separate_gp,rahbo,0.5,10,27,ok,50,/data/zhq7531/IDEAL/hetero_lvgp/benchmark/results/griewank_2d/separate_gp/rahbo_a0.5/nrep10/seed27.npz,griewank_2d/separate_gp/rahbo_a0.5/nrep10/seed27
griewank_2d,separate_gp,rahbo,0.5,10,28,ok,50,/data/zhq7531/IDEAL/hetero_lvgp/benchmark/results/griewank_2d/separate_gp/rahbo_a0.5/nrep10/seed28.npz,griewank_2d/separate_gp/rahbo_a0.5/nrep10/seed28
griewank_2d,separate_gp,rahbo,0.5,10,29,ok,50,/data/zhq7531/IDEAL/hetero_lvgp/benchmark/results/griewank_2d/separate_gp/rahbo_a0.5/nrep10/seed29.npz,griewank_2d/separate_gp/rahbo_a0.5/nrep10/seed29
griewank_2d,separate_gp,rahbo,0.5,10,30,ok,50,/data/zhq7531/IDEAL/hetero_lvgp/benchmark/results/griewank_2d/separate_gp/rahbo_a0.5/nrep10/seed30.npz,griewank_2d/separate_gp/rahbo_a0.5/nrep10/seed30
griewank_2d,categorical_kernel,lcb,,3,1,ok,50,/data/zhq7531/IDEAL/hetero_lvgp/benchmark/results/griewank_2d/categorical_kernel/lcb/nrep03/seed01.npz,griewank_2d/categorical_kernel/lcb/nrep03/seed01
griewank_2d,categorical_kernel,lcb,,3,2,ok,50,/data/zhq7531/IDEAL/hetero_lvgp/benchmark/results/griewank_2d/categorical_kernel/lcb/nrep03/seed02.npz,griewank_2d/categorical_kernel/lcb/nrep03/seed02
griewank_2d,categorical_kernel,lcb,,3,3,ok,50,/data/zhq7531/IDEAL/hetero_lvgp/benchmark/results/griewank_2d/categorical_kernel/lcb/nrep03/seed03.npz,griewank_2d/categorical_kernel/lcb/nrep03/seed03
griewank_2d,categorical_kernel,lcb,,3,4,ok,50,/data/zhq7531/IDEAL/hetero_lvgp/benchmark/results/griewank_2d/categorical_kernel/lcb/nrep03/seed04.npz,griewank_2d/categorical_kernel/lcb/nrep03/seed04
griewank_2d,categorical_kernel,lcb,,3,5,ok,50,/data/zhq7531/IDEAL/hetero_lvgp/benchmark/results/griewank_2d/categorical_kernel/lcb/nrep03/seed05.npz,griewank_2d/categorical_kernel/lcb/nrep03/seed05
griewank_2d,categorical_kernel,lcb,,3,6,ok,50,/data/zhq7531/IDEAL/hetero_lvgp/benchmark/results/griewank_2d/categorical_kernel/lcb/nrep03/seed06.npz,griewank_2d/categorical_kernel/lcb/nrep03/seed06
griewank_2d,categorical_kernel,lcb,,3,7,ok,50,/data/zhq7531/IDEAL/hetero_lvgp/benchmark/results/griewank_2d/categorical_kernel/lcb/nrep03/seed07.npz,griewank_2d/categorical_kernel/lcb/nrep03/seed07
griewank_2d,categorical_kernel,lcb,,3,8,ok,50,/data/zhq7531/IDEAL/hetero_lvgp/benchmark/results/griewank_2d/categorical_kernel/lcb/nrep03/seed08.npz,griewank_2d/categorical_kernel/lcb/nrep03/seed08
griewank_2d,categorical_kernel,lcb,,3,9,ok,50,/data/zhq7531/IDEAL/hetero_lvgp/benchmark/results/griewank_2d/categorical_kernel/lcb/nrep03/seed09.npz,griewank_2d/categorical_kernel/lcb/nrep03/seed09
griewank_2d,categorical_kernel,lcb,,3,10,ok,50,/data/zhq7531/IDEAL/hetero_lvgp/benchmark/results/griewank_2d/categorical_kernel/lcb/nrep03/seed10.npz,griewank_2d/categorical_kernel/lcb/nrep03/seed10
griewank_2d,categorical_kernel,lcb,,3,11,ok,50,/data/zhq7531/IDEAL/hetero_lvgp/benchmark/results/griewank_2d/categorical_kernel/lcb/nrep03/seed11.npz,griewank_2d/categorical_kernel/lcb/nrep03/seed11
griewank_2d,categorical_kernel,lcb,,3,12,ok,50,/data/zhq7531/IDEAL/hetero_lvgp/benchmark/results/griewank_2d/categorical_kernel/lcb/nrep03/seed12.npz,griewank_2d/categorical_kernel/lcb/nrep03/seed12
griewank_2d,categorical_kernel,lcb,,3,13,ok,50,/data/zhq7531/IDEAL/hetero_lvgp/benchmark/results/griewank_2d/categorical_kernel/lcb/nrep03/seed13.npz,griewank_2d/categorical_kernel/lcb/nrep03/seed13
griewank_2d,categorical_kernel,lcb,,3,14,ok,50,/data/zhq7531/IDEAL/hetero_lvgp/benchmark/results/griewank_2d/categorical_kernel/lcb/nrep03/seed14.npz,griewank_2d/categorical_kernel/lcb/nrep03/seed14
griewank_2d,categorical_kernel,lcb,,3,15,ok,50,/data/zhq7531/IDEAL/hetero_lvgp/benchmark/results/griewank_2d/categorical_kernel/lcb/nrep03/seed15.npz,griewank_2d/categorical_kernel/lcb/nrep03/seed15
griewank_2d,categorical_kernel,lcb,,3,16,ok,50,/data/zhq7531/IDEAL/hetero_lvgp/benchmark/results/griewank_2d/categorical_kernel/lcb/nrep03/seed16.npz,griewank_2d/categorical_kernel/lcb/nrep03/seed16
griewank_2d,categorical_kernel,lcb,,3,17,ok,50,/data/zhq7531/IDEAL/hetero_lvgp/benchmark/results/griewank_2d/categorical_kernel/lcb/nrep03/seed17.npz,griewank_2d/categorical_kernel/lcb/nrep03/seed17
griewank_2d,categorical_kernel,lcb,,3,18,ok,50,/data/zhq7531/IDEAL/hetero_lvgp/benchmark/results/griewank_2d/categorical_kernel/lcb/nrep03/seed18.npz,griewank_2d/categorical_kernel/lcb/nrep03/seed18
griewank_2d,categorical_kernel,lcb,,3,19,ok,50,/data/zhq7531/IDEAL/hetero_lvgp/benchmark/results/griewank_2d/categorical_kernel/lcb/nrep03/seed19.npz,griewank_2d/categorical_kernel/lcb/nrep03/seed19
griewank_2d,categorical_kernel,lcb,,3,20,ok,50,/data/zhq7531/IDEAL/hetero_lvgp/benchmark/results/griewank_2d/categorical_kernel/lcb/nrep03/seed20.npz,griewank_2d/categorical_kernel/lcb/nrep03/seed20
griewank_2d,categorical_kernel,lcb,,3,21,ok,50,/data/zhq7531/IDEAL/hetero_lvgp/benchmark/results/griewank_2d/categorical_kernel/lcb/nrep03/seed21.npz,griewank_2d/categorical_kernel/lcb/nrep03/seed21
griewank_2d,categorical_kernel,lcb,,3,22,ok,50,/data/zhq7531/IDEAL/hetero_lvgp/benchmark/results/griewank_2d/categorical_kernel/lcb/nrep03/seed22.npz,griewank_2d/categorical_kernel/lcb/nrep03/seed22
griewank_2d,categorical_kernel,lcb,,3,23,ok,50,/data/zhq7531/IDEAL/hetero_lvgp/benchmark/results/griewank_2d/categorical_kernel/lcb/nrep03/seed23.npz,griewank_2d/categorical_kernel/lcb/nrep03/seed23
griewank_2d,categorical_kernel,lcb,,3,24,ok,50,/data/zhq7531/IDEAL/hetero_lvgp/benchmark/results/griewank_2d/categorical_kernel/lcb/nrep03/seed24.npz,griewank_2d/categorical_kernel/lcb/nrep03/seed24
griewank_2d,categorical_kernel,lcb,,3,25,ok,50,/data/zhq7531/IDEAL/hetero_lvgp/benchmark/results/griewank_2d/categorical_kernel/lcb/nrep03/seed25.npz,griewank_2d/categorical_kernel/lcb/nrep03/seed25
griewank_2d,categorical_kernel,lcb,,3,26,ok,50,/data/zhq7531/IDEAL/hetero_lvgp/benchmark/results/griewank_2d/categorical_kernel/lcb/nrep03/seed26.npz,griewank_2d/categorical_kernel/lcb/nrep03/seed26
griewank_2d,categorical_kernel,lcb,,3,27,ok,50,/data/zhq7531/IDEAL/hetero_lvgp/benchmark/results/griewank_2d/categorical_kernel/lcb/nrep03/seed27.npz,griewank_2d/categorical_kernel/lcb/nrep03/seed27
griewank_2d,categorical_kernel,lcb,,3,28,ok,50,/data/zhq7531/IDEAL/hetero_lvgp/benchmark/results/griewank_2d/categorical_kernel/lcb/nrep03/seed28.npz,griewank_2d/categorical_kernel/lcb/nrep03/seed28
griewank_2d,categorical_kernel,lcb,,3,29,ok,50,/data/zhq7531/IDEAL/hetero_lvgp/benchmark/results/griewank_2d/categorical_kernel/lcb/nrep03/seed29.npz,griewank_2d/categorical_kernel/lcb/nrep03/seed29
griewank_2d,categorical_kernel,lcb,,3,30,ok,50,/data/zhq7531/IDEAL/hetero_lvgp/benchmark/results/griewank_2d/categorical_kernel/lcb/nrep03/seed30.npz,griewank_2d/categorical_kernel/lcb/nrep03/seed30
griewank_2d,categorical_kernel,lcb,,10,1,ok,50,/data/zhq7531/IDEAL/hetero_lvgp/benchmark/results/griewank_2d/categorical_kernel/lcb/nrep10/seed01.npz,griewank_2d/categorical_kernel/lcb/nrep10/seed01
griewank_2d,categorical_kernel,lcb,,10,2,ok,50,/data/zhq7531/IDEAL/hetero_lvgp/benchmark/results/griewank_2d/categorical_kernel/lcb/nrep10/seed02.npz,griewank_2d/categorical_kernel/lcb/nrep10/seed02
griewank_2d,categorical_kernel,lcb,,10,3,ok,50,/data/zhq7531/IDEAL/hetero_lvgp/benchmark/results/griewank_2d/categorical_kernel/lcb/nrep10/seed03.npz,griewank_2d/categorical_kernel/lcb/nrep10/seed03
griewank_2d,categorical_kernel,lcb,,10,4,ok,50,/data/zhq7531/IDEAL/hetero_lvgp/benchmark/results/griewank_2d/categorical_kernel/lcb/nrep10/seed04.npz,griewank_2d/categorical_kernel/lcb/nrep10/seed04
griewank_2d,categorical_kernel,lcb,,10,5,ok,50,/data/zhq7531/IDEAL/hetero_lvgp/benchmark/results/griewank_2d/categorical_kernel/lcb/nrep10/seed05.npz,griewank_2d/categorical_kernel/lcb/nrep10/seed05
griewank_2d,categorical_kernel,lcb,,10,6,ok,50,/data/zhq7531/IDEAL/hetero_lvgp/benchmark/results/griewank_2d/categorical_kernel/lcb/nrep10/seed06.npz,griewank_2d/categorical_kernel/lcb/nrep10/seed06
griewank_2d,categorical_kernel,lcb,,10,7,ok,50,/data/zhq7531/IDEAL/hetero_lvgp/benchmark/results/griewank_2d/categorical_kernel/lcb/nrep10/seed07.npz,griewank_2d/categorical_kernel/lcb/nrep10/seed07
griewank_2d,categorical_kernel,lcb,,10,8,ok,50,/data/zhq7531/IDEAL/hetero_lvgp/benchmark/results/griewank_2d/categorical_kernel/lcb/nrep10/seed08.npz,griewank_2d/categorical_kernel/lcb/nrep10/seed08
griewank_2d,categorical_kernel,lcb,,10,9,ok,50,/data/zhq7531/IDEAL/hetero_lvgp/benchmark/results/griewank_2d/categorical_kernel/lcb/nrep10/seed09.npz,griewank_2d/categorical_kernel/lcb/nrep10/seed09
griewank_2d,categorical_kernel,lcb,,10,10,ok,50,/data/zhq7531/IDEAL/hetero_lvgp/benchmark/results/griewank_2d/categorical_kernel/lcb/nrep10/seed10.npz,griewank_2d/categorical_kernel/lcb/nrep10/seed10
griewank_2d,categorical_kernel,lcb,,10,11,ok,50,/data/zhq7531/IDEAL/hetero_lvgp/benchmark/results/griewank_2d/categorical_kernel/lcb/nrep10/seed11.npz,griewank_2d/categorical_kernel/lcb/nrep10/seed11
griewank_2d,categorical_kernel,lcb,,10,12,ok,50,/data/zhq7531/IDEAL/hetero_lvgp/benchmark/results/griewank_2d/categorical_kernel/lcb/nrep10/seed12.npz,griewank_2d/categorical_kernel/lcb/nrep10/seed12
griewank_2d,categorical_kernel,lcb,,10,13,ok,50,/data/zhq7531/IDEAL/hetero_lvgp/benchmark/results/griewank_2d/categorical_kernel/lcb/nrep10/seed13.npz,griewank_2d/categorical_kernel/lcb/nrep10/seed13
griewank_2d,categorical_kernel,lcb,,10,14,ok,50,/data/zhq7531/IDEAL/hetero_lvgp/benchmark/results/griewank_2d/categorical_kernel/lcb/nrep10/seed14.npz,griewank_2d/categorical_kernel/lcb/nrep10/seed14
griewank_2d,categorical_kernel,lcb,,10,15,ok,50,/data/zhq7531/IDEAL/hetero_lvgp/benchmark/results/griewank_2d/categorical_kernel/lcb/nrep10/seed15.npz,griewank_2d/categorical_kernel/lcb/nrep10/seed15
griewank_2d,categorical_kernel,lcb,,10,16,ok,50,/data/zhq7531/IDEAL/hetero_lvgp/benchmark/results/griewank_2d/categorical_kernel/lcb/nrep10/seed16.npz,griewank_2d/categorical_kernel/lcb/nrep10/seed16
griewank_2d,categorical_kernel,lcb,,10,17,ok,50,/data/zhq7531/IDEAL/hetero_lvgp/benchmark/results/griewank_2d/categorical_kernel/lcb/nrep10/seed17.npz,griewank_2d/categorical_kernel/lcb/nrep10/seed17
griewank_2d,categorical_kernel,lcb,,10,18,ok,50,/data/zhq7531/IDEAL/hetero_lvgp/benchmark/results/griewank_2d/categorical_kernel/lcb/nrep10/seed18.npz,griewank_2d/categorical_kernel/lcb/nrep10/seed18
griewank_2d,categorical_kernel,lcb,,10,19,ok,50,/data/zhq7531/IDEAL/hetero_lvgp/benchmark/results/griewank_2d/categorical_kernel/lcb/nrep10/seed19.npz,griewank_2d/categorical_kernel/lcb/nrep10/seed19
griewank_2d,categorical_kernel,lcb,,10,20,ok,50,/data/zhq7531/IDEAL/hetero_lvgp/benchmark/results/griewank_2d/categorical_kernel/lcb/nrep10/seed20.npz,griewank_2d/categorical_kernel/lcb/nrep10/seed20
griewank_2d,categorical_kernel,lcb,,10,21,ok,50,/data/zhq7531/IDEAL/hetero_lvgp/benchmark/results/griewank_2d/categorical_kernel/lcb/nrep10/seed21.npz,griewank_2d/categorical_kernel/lcb/nrep10/seed21
griewank_2d,categorical_kernel,lcb,,10,22,ok,50,/data/zhq7531/IDEAL/hetero_lvgp/benchmark/results/griewank_2d/categorical_kernel/lcb/nrep10/seed22.npz,griewank_2d/categorical_kernel/lcb/nrep10/seed22
griewank_2d,categorical_kernel,lcb,,10,23,ok,50,/data/zhq7531/IDEAL/hetero_lvgp/benchmark/results/griewank_2d/categorical_kernel/lcb/nrep10/seed23.npz,griewank_2d/categorical_kernel/lcb/nrep10/seed23
griewank_2d,categorical_kernel,lcb,,10,24,ok,50,/data/zhq7531/IDEAL/hetero_lvgp/benchmark/results/griewank_2d/categorical_kernel/lcb/nrep10/seed24.npz,griewank_2d/categorical_kernel/lcb/nrep10/seed24
griewank_2d,categorical_kernel,lcb,,10,25,ok,50,/data/zhq7531/IDEAL/hetero_lvgp/benchmark/results/griewank_2d/categorical_kernel/lcb/nrep10/seed25.npz,griewank_2d/categorical_kernel/lcb/nrep10/seed25
griewank_2d,categorical_kernel,lcb,,10,26,ok,50,/data/zhq7531/IDEAL/hetero_lvgp/benchmark/results/griewank_2d/categorical_kernel/lcb/nrep10/seed26.npz,griewank_2d/categorical_kernel/lcb/nrep10/seed26
griewank_2d,categorical_kernel,lcb,,10,27,ok,50,/data/zhq7531/IDEAL/hetero_lvgp/benchmark/results/griewank_2d/categorical_kernel/lcb/nrep10/seed27.npz,griewank_2d/categorical_kernel/lcb/nrep10/seed27
griewank_2d,categorical_kernel,lcb,,10,28,ok,50,/data/zhq7531/IDEAL/hetero_lvgp/benchmark/results/griewank_2d/categorical_kernel/lcb/nrep10/seed28.npz,griewank_2d/categorical_kernel/lcb/nrep10/seed28
griewank_2d,categorical_kernel,lcb,,10,29,ok,50,/data/zhq7531/IDEAL/hetero_lvgp/benchmark/results/griewank_2d/categorical_kernel/lcb/nrep10/seed29.npz,griewank_2d/categorical_kernel/lcb/nrep10/seed29
griewank_2d,categorical_kernel,lcb,,10,30,ok,50,/data/zhq7531/IDEAL/hetero_lvgp/benchmark/results/griewank_2d/categorical_kernel/lcb/nrep10/seed30.npz,griewank_2d/categorical_kernel/lcb/nrep10/seed30
griewank_2d,categorical_kernel,pi,,3,1,ok,50,/data/zhq7531/IDEAL/hetero_lvgp/benchmark/results/griewank_2d/categorical_kernel/pi/nrep03/seed01.npz,griewank_2d/categorical_kernel/pi/nrep03/seed01
griewank_2d,categorical_kernel,pi,,3,2,ok,50,/data/zhq7531/IDEAL/hetero_lvgp/benchmark/results/griewank_2d/categorical_kernel/pi/nrep03/seed02.npz,griewank_2d/categorical_kernel/pi/nrep03/seed02
griewank_2d,categorical_kernel,pi,,3,3,ok,50,/data/zhq7531/IDEAL/hetero_lvgp/benchmark/results/griewank_2d/categorical_kernel/pi/nrep03/seed03.npz,griewank_2d/categorical_kernel/pi/nrep03/seed03
griewank_2d,categorical_kernel,pi,,3,4,ok,50,/data/zhq7531/IDEAL/hetero_lvgp/benchmark/results/griewank_2d/categorical_kernel/pi/nrep03/seed04.npz,griewank_2d/categorical_kernel/pi/nrep03/seed04
griewank_2d,categorical_kernel,pi,,3,5,ok,50,/data/zhq7531/IDEAL/hetero_lvgp/benchmark/results/griewank_2d/categorical_kernel/pi/nrep03/seed05.npz,griewank_2d/categorical_kernel/pi/nrep03/seed05
griewank_2d,categorical_kernel,pi,,3,6,ok,50,/data/zhq7531/IDEAL/hetero_lvgp/benchmark/results/griewank_2d/categorical_kernel/pi/nrep03/seed06.npz,griewank_2d/categorical_kernel/pi/nrep03/seed06
griewank_2d,categorical_kernel,pi,,3,7,ok,50,/data/zhq7531/IDEAL/hetero_lvgp/benchmark/results/griewank_2d/categorical_kernel/pi/nrep03/seed07.npz,griewank_2d/categorical_kernel/pi/nrep03/seed07
griewank_2d,categorical_kernel,pi,,3,8,ok,50,/data/zhq7531/IDEAL/hetero_lvgp/benchmark/results/griewank_2d/categorical_kernel/pi/nrep03/seed08.npz,griewank_2d/categorical_kernel/pi/nrep03/seed08
griewank_2d,categorical_kernel,pi,,3,9,ok,50,/data/zhq7531/IDEAL/hetero_lvgp/benchmark/results/griewank_2d/categorical_kernel/pi/nrep03/seed09.npz,griewank_2d/categorical_kernel/pi/nrep03/seed09
griewank_2d,categorical_kernel,pi,,3,10,ok,50,/data/zhq7531/IDEAL/hetero_lvgp/benchmark/results/griewank_2d/categorical_kernel/pi/nrep03/seed10.npz,griewank_2d/categorical_kernel/pi/nrep03/seed10
griewank_2d,categorical_kernel,pi,,3,11,ok,50,/data/zhq7531/IDEAL/hetero_lvgp/benchmark/results/griewank_2d/categorical_kernel/pi/nrep03/seed11.npz,griewank_2d/categorical_kernel/pi/nrep03/seed11
griewank_2d,categorical_kernel,pi,,3,12,ok,50,/data/zhq7531/IDEAL/hetero_lvgp/benchmark/results/griewank_2d/categorical_kernel/pi/nrep03/seed12.npz,griewank_2d/categorical_kernel/pi/nrep03/seed12
griewank_2d,categorical_kernel,pi,,3,13,ok,50,/data/zhq7531/IDEAL/hetero_lvgp/benchmark/results/griewank_2d/categorical_kernel/pi/nrep03/seed13.npz,griewank_2d/categorical_kernel/pi/nrep03/seed13
griewank_2d,categorical_kernel,pi,,3,14,ok,50,/data/zhq7531/IDEAL/hetero_lvgp/benchmark/results/griewank_2d/categorical_kernel/pi/nrep03/seed14.npz,griewank_2d/categorical_kernel/pi/nrep03/seed14
griewank_2d,categorical_kernel,pi,,3,15,ok,50,/data/zhq7531/IDEAL/hetero_lvgp/benchmark/results/griewank_2d/categorical_kernel/pi/nrep03/seed15.npz,griewank_2d/categorical_kernel/pi/nrep03/seed15
griewank_2d,categorical_kernel,pi,,3,16,ok,50,/data/zhq7531/IDEAL/hetero_lvgp/benchmark/results/griewank_2d/categorical_kernel/pi/nrep03/seed16.npz,griewank_2d/categorical_kernel/pi/nrep03/seed16
griewank_2d,categorical_kernel,pi,,3,17,ok,50,/data/zhq7531/IDEAL/hetero_lvgp/benchmark/results/griewank_2d/categorical_kernel/pi/nrep03/seed17.npz,griewank_2d/categorical_kernel/pi/nrep03/seed17
griewank_2d,categorical_kernel,pi,,3,18,ok,50,/data/zhq7531/IDEAL/hetero_lvgp/benchmark/results/griewank_2d/categorical_kernel/pi/nrep03/seed18.npz,griewank_2d/categorical_kernel/pi/nrep03/seed18
griewank_2d,categorical_kernel,pi,,3,19,ok,50,/data/zhq7531/IDEAL/hetero_lvgp/benchmark/results/griewank_2d/categorical_kernel/pi/nrep03/seed19.npz,griewank_2d/categorical_kernel/pi/nrep03/seed19
griewank_2d,categorical_kernel,pi,,3,20,ok,50,/data/zhq7531/IDEAL/hetero_lvgp/benchmark/results/griewank_2d/categorical_kernel/pi/nrep03/seed20.npz,griewank_2d/categorical_kernel/pi/nrep03/seed20
griewank_2d,categorical_kernel,pi,,3,21,ok,50,/data/zhq7531/IDEAL/hetero_lvgp/benchmark/results/griewank_2d/categorical_kernel/pi/nrep03/seed21.npz,griewank_2d/categorical_kernel/pi/nrep03/seed21
griewank_2d,categorical_kernel,pi,,3,22,ok,50,/data/zhq7531/IDEAL/hetero_lvgp/benchmark/results/griewank_2d/categorical_kernel/pi/nrep03/seed22.npz,griewank_2d/categorical_kernel/pi/nrep03/seed22
griewank_2d,categorical_kernel,pi,,3,23,ok,50,/data/zhq7531/IDEAL/hetero_lvgp/benchmark/results/griewank_2d/categorical_kernel/pi/nrep03/seed23.npz,griewank_2d/categorical_kernel/pi/nrep03/seed23
griewank_2d,categorical_kernel,pi,,3,24,ok,50,/data/zhq7531/IDEAL/hetero_lvgp/benchmark/results/griewank_2d/categorical_kernel/pi/nrep03/seed24.npz,griewank_2d/categorical_kernel/pi/nrep03/seed24
griewank_2d,categorical_kernel,pi,,3,25,ok,50,/data/zhq7531/IDEAL/hetero_lvgp/benchmark/results/griewank_2d/categorical_kernel/pi/nrep03/seed25.npz,griewank_2d/categorical_kernel/pi/nrep03/seed25
griewank_2d,categorical_kernel,pi,,3,26,ok,50,/data/zhq7531/IDEAL/hetero_lvgp/benchmark/results/griewank_2d/categorical_kernel/pi/nrep03/seed26.npz,griewank_2d/categorical_kernel/pi/nrep03/seed26
griewank_2d,categorical_kernel,pi,,3,27,ok,50,/data/zhq7531/IDEAL/hetero_lvgp/benchmark/results/griewank_2d/categorical_kernel/pi/nrep03/seed27.npz,griewank_2d/categorical_kernel/pi/nrep03/seed27
griewank_2d,categorical_kernel,pi,,3,28,ok,50,/data/zhq7531/IDEAL/hetero_lvgp/benchmark/results/griewank_2d/categorical_kernel/pi/nrep03/seed28.npz,griewank_2d/categorical_kernel/pi/nrep03/seed28
griewank_2d,categorical_kernel,pi,,3,29,ok,50,/data/zhq7531/IDEAL/hetero_lvgp/benchmark/results/griewank_2d/categorical_kernel/pi/nrep03/seed29.npz,griewank_2d/categorical_kernel/pi/nrep03/seed29
griewank_2d,categorical_kernel,pi,,3,30,ok,50,/data/zhq7531/IDEAL/hetero_lvgp/benchmark/results/griewank_2d/categorical_kernel/pi/nrep03/seed30.npz,griewank_2d/categorical_kernel/pi/nrep03/seed30
griewank_2d,categorical_kernel,pi,,10,1,ok,50,/data/zhq7531/IDEAL/hetero_lvgp/benchmark/results/griewank_2d/categorical_kernel/pi/nrep10/seed01.npz,griewank_2d/categorical_kernel/pi/nrep10/seed01
griewank_2d,categorical_kernel,pi,,10,2,ok,50,/data/zhq7531/IDEAL/hetero_lvgp/benchmark/results/griewank_2d/categorical_kernel/pi/nrep10/seed02.npz,griewank_2d/categorical_kernel/pi/nrep10/seed02
griewank_2d,categorical_kernel,pi,,10,3,ok,50,/data/zhq7531/IDEAL/hetero_lvgp/benchmark/results/griewank_2d/categorical_kernel/pi/nrep10/seed03.npz,griewank_2d/categorical_kernel/pi/nrep10/seed03
griewank_2d,categorical_kernel,pi,,10,4,ok,50,/data/zhq7531/IDEAL/hetero_lvgp/benchmark/results/griewank_2d/categorical_kernel/pi/nrep10/seed04.npz,griewank_2d/categorical_kernel/pi/nrep10/seed04
griewank_2d,categorical_kernel,pi,,10,5,ok,50,/data/zhq7531/IDEAL/hetero_lvgp/benchmark/results/griewank_2d/categorical_kernel/pi/nrep10/seed05.npz,griewank_2d/categorical_kernel/pi/nrep10/seed05
griewank_2d,categorical_kernel,pi,,10,6,ok,50,/data/zhq7531/IDEAL/hetero_lvgp/benchmark/results/griewank_2d/categorical_kernel/pi/nrep10/seed06.npz,griewank_2d/categorical_kernel/pi/nrep10/seed06
griewank_2d,categorical_kernel,pi,,10,7,ok,50,/data/zhq7531/IDEAL/hetero_lvgp/benchmark/results/griewank_2d/categorical_kernel/pi/nrep10/seed07.npz,griewank_2d/categorical_kernel/pi/nrep10/seed07
griewank_2d,categorical_kernel,pi,,10,8,ok,50,/data/zhq7531/IDEAL/hetero_lvgp/benchmark/results/griewank_2d/categorical_kernel/pi/nrep10/seed08.npz,griewank_2d/categorical_kernel/pi/nrep10/seed08
griewank_2d,categorical_kernel,pi,,10,9,ok,50,/data/zhq7531/IDEAL/hetero_lvgp/benchmark/results/griewank_2d/categorical_kernel/pi/nrep10/seed09.npz,griewank_2d/categorical_kernel/pi/nrep10/seed09
griewank_2d,categorical_kernel,pi,,10,10,ok,50,/data/zhq7531/IDEAL/hetero_lvgp/benchmark/results/griewank_2d/categorical_kernel/pi/nrep10/seed10.npz,griewank_2d/categorical_kernel/pi/nrep10/seed10
griewank_2d,categorical_kernel,pi,,10,11,ok,50,/data/zhq7531/IDEAL/hetero_lvgp/benchmark/results/griewank_2d/categorical_kernel/pi/nrep10/seed11.npz,griewank_2d/categorical_kernel/pi/nrep10/seed11
griewank_2d,categorical_kernel,pi,,10,12,ok,50,/data/zhq7531/IDEAL/hetero_lvgp/benchmark/results/griewank_2d/categorical_kernel/pi/nrep10/seed12.npz,griewank_2d/categorical_kernel/pi/nrep10/seed12
griewank_2d,categorical_kernel,pi,,10,13,ok,50,/data/zhq7531/IDEAL/hetero_lvgp/benchmark/results/griewank_2d/categorical_kernel/pi/nrep10/seed13.npz,griewank_2d/categorical_kernel/pi/nrep10/seed13
griewank_2d,categorical_kernel,pi,,10,14,ok,50,/data/zhq7531/IDEAL/hetero_lvgp/benchmark/results/griewank_2d/categorical_kernel/pi/nrep10/seed14.npz,griewank_2d/categorical_kernel/pi/nrep10/seed14
griewank_2d,categorical_kernel,pi,,10,15,ok,50,/data/zhq7531/IDEAL/hetero_lvgp/benchmark/results/griewank_2d/categorical_kernel/pi/nrep10/seed15.npz,griewank_2d/categorical_kernel/pi/nrep10/seed15
griewank_2d,categorical_kernel,pi,,10,16,ok,50,/data/zhq7531/IDEAL/hetero_lvgp/benchmark/results/griewank_2d/categorical_kernel/pi/nrep10/seed16.npz,griewank_2d/categorical_kernel/pi/nrep10/seed16
griewank_2d,categorical_kernel,pi,,10,17,ok,50,/data/zhq7531/IDEAL/hetero_lvgp/benchmark/results/griewank_2d/categorical_kernel/pi/nrep10/seed17.npz,griewank_2d/categorical_kernel/pi/nrep10/seed17
griewank_2d,categorical_kernel,pi,,10,18,ok,50,/data/zhq7531/IDEAL/hetero_lvgp/benchmark/results/griewank_2d/categorical_kernel/pi/nrep10/seed18.npz,griewank_2d/categorical_kernel/pi/nrep10/seed18
griewank_2d,categorical_kernel,pi,,10,19,ok,50,/data/zhq7531/IDEAL/hetero_lvgp/benchmark/results/griewank_2d/categorical_kernel/pi/nrep10/seed19.npz,griewank_2d/categorical_kernel/pi/nrep10/seed19
griewank_2d,categorical_kernel,pi,,10,20,ok,50,/data/zhq7531/IDEAL/hetero_lvgp/benchmark/results/griewank_2d/categorical_kernel/pi/nrep10/seed20.npz,griewank_2d/categorical_kernel/pi/nrep10/seed20
griewank_2d,categorical_kernel,pi,,10,21,ok,50,/data/zhq7531/IDEAL/hetero_lvgp/benchmark/results/griewank_2d/categorical_kernel/pi/nrep10/seed21.npz,griewank_2d/categorical_kernel/pi/nrep10/seed21
griewank_2d,categorical_kernel,pi,,10,22,ok,50,/data/zhq7531/IDEAL/hetero_lvgp/benchmark/results/griewank_2d/categorical_kernel/pi/nrep10/seed22.npz,griewank_2d/categorical_kernel/pi/nrep10/seed22
griewank_2d,categorical_kernel,pi,,10,23,ok,50,/data/zhq7531/IDEAL/hetero_lvgp/benchmark/results/griewank_2d/categorical_kernel/pi/nrep10/seed23.npz,griewank_2d/categorical_kernel/pi/nrep10/seed23
griewank_2d,categorical_kernel,pi,,10,24,ok,50,/data/zhq7531/IDEAL/hetero_lvgp/benchmark/results/griewank_2d/categorical_kernel/pi/nrep10/seed24.npz,griewank_2d/categorical_kernel/pi/nrep10/seed24
griewank_2d,categorical_kernel,pi,,10,25,ok,50,/data/zhq7531/IDEAL/hetero_lvgp/benchmark/results/griewank_2d/categorical_kernel/pi/nrep10/seed25.npz,griewank_2d/categorical_kernel/pi/nrep10/seed25
griewank_2d,categorical_kernel,pi,,10,26,ok,50,/data/zhq7531/IDEAL/hetero_lvgp/benchmark/results/griewank_2d/categorical_kernel/pi/nrep10/seed26.npz,griewank_2d/categorical_kernel/pi/nrep10/seed26
griewank_2d,categorical_kernel,pi,,10,27,ok,50,/data/zhq7531/IDEAL/hetero_lvgp/benchmark/results/griewank_2d/categorical_kernel/pi/nrep10/seed27.npz,griewank_2d/categorical_kernel/pi/nrep10/seed27
griewank_2d,categorical_kernel,pi,,10,28,ok,50,/data/zhq7531/IDEAL/hetero_lvgp/benchmark/results/griewank_2d/categorical_kernel/pi/nrep10/seed28.npz,griewank_2d/categorical_kernel/pi/nrep10/seed28
griewank_2d,categorical_kernel,pi,,10,29,ok,50,/data/zhq7531/IDEAL/hetero_lvgp/benchmark/results/griewank_2d/categorical_kernel/pi/nrep10/seed29.npz,griewank_2d/categorical_kernel/pi/nrep10/seed29
griewank_2d,categorical_kernel,pi,,10,30,ok,50,/data/zhq7531/IDEAL/hetero_lvgp/benchmark/results/griewank_2d/categorical_kernel/pi/nrep10/seed30.npz,griewank_2d/categorical_kernel/pi/nrep10/seed30
griewank_2d,categorical_kernel,ei,,3,1,ok,50,/data/zhq7531/IDEAL/hetero_lvgp/benchmark/results/griewank_2d/categorical_kernel/ei/nrep03/seed01.npz,griewank_2d/categorical_kernel/ei/nrep03/seed01
griewank_2d,categorical_kernel,ei,,3,2,ok,50,/data/zhq7531/IDEAL/hetero_lvgp/benchmark/results/griewank_2d/categorical_kernel/ei/nrep03/seed02.npz,griewank_2d/categorical_kernel/ei/nrep03/seed02
griewank_2d,categorical_kernel,ei,,3,3,ok,50,/data/zhq7531/IDEAL/hetero_lvgp/benchmark/results/griewank_2d/categorical_kernel/ei/nrep03/seed03.npz,griewank_2d/categorical_kernel/ei/nrep03/seed03
griewank_2d,categorical_kernel,ei,,3,4,ok,50,/data/zhq7531/IDEAL/hetero_lvgp/benchmark/results/griewank_2d/categorical_kernel/ei/nrep03/seed04.npz,griewank_2d/categorical_kernel/ei/nrep03/seed04
griewank_2d,categorical_kernel,ei,,3,5,ok,50,/data/zhq7531/IDEAL/hetero_lvgp/benchmark/results/griewank_2d/categorical_kernel/ei/nrep03/seed05.npz,griewank_2d/categorical_kernel/ei/nrep03/seed05
griewank_2d,categorical_kernel,ei,,3,6,ok,50,/data/zhq7531/IDEAL/hetero_lvgp/benchmark/results/griewank_2d/categorical_kernel/ei/nrep03/seed06.npz,griewank_2d/categorical_kernel/ei/nrep03/seed06
griewank_2d,categorical_kernel,ei,,3,7,ok,50,/data/zhq7531/IDEAL/hetero_lvgp/benchmark/results/griewank_2d/categorical_kernel/ei/nrep03/seed07.npz,griewank_2d/categorical_kernel/ei/nrep03/seed07
griewank_2d,categorical_kernel,ei,,3,8,ok,50,/data/zhq7531/IDEAL/hetero_lvgp/benchmark/results/griewank_2d/categorical_kernel/ei/nrep03/seed08.npz,griewank_2d/categorical_kernel/ei/nrep03/seed08
griewank_2d,categorical_kernel,ei,,3,9,ok,50,/data/zhq7531/IDEAL/hetero_lvgp/benchmark/results/griewank_2d/categorical_kernel/ei/nrep03/seed09.npz,griewank_2d/categorical_kernel/ei/nrep03/seed09
griewank_2d,categorical_kernel,ei,,3,10,ok,50,/data/zhq7531/IDEAL/hetero_lvgp/benchmark/results/griewank_2d/categorical_kernel/ei/nrep03/seed10.npz,griewank_2d/categorical_kernel/ei/nrep03/seed10
griewank_2d,categorical_kernel,ei,,3,11,ok,50,/data/zhq7531/IDEAL/hetero_lvgp/benchmark/results/griewank_2d/categorical_kernel/ei/nrep03/seed11.npz,griewank_2d/categorical_kernel/ei/nrep03/seed11
griewank_2d,categorical_kernel,ei,,3,12,ok,50,/data/zhq7531/IDEAL/hetero_lvgp/benchmark/results/griewank_2d/categorical_kernel/ei/nrep03/seed12.npz,griewank_2d/categorical_kernel/ei/nrep03/seed12
griewank_2d,categorical_kernel,ei,,3,13,ok,50,/data/zhq7531/IDEAL/hetero_lvgp/benchmark/results/griewank_2d/categorical_kernel/ei/nrep03/seed13.npz,griewank_2d/categorical_kernel/ei/nrep03/seed13
griewank_2d,categorical_kernel,ei,,3,14,ok,50,/data/zhq7531/IDEAL/hetero_lvgp/benchmark/results/griewank_2d/categorical_kernel/ei/nrep03/seed14.npz,griewank_2d/categorical_kernel/ei/nrep03/seed14
griewank_2d,categorical_kernel,ei,,3,15,ok,50,/data/zhq7531/IDEAL/hetero_lvgp/benchmark/results/griewank_2d/categorical_kernel/ei/nrep03/seed15.npz,griewank_2d/categorical_kernel/ei/nrep03/seed15
griewank_2d,categorical_kernel,ei,,3,16,ok,50,/data/zhq7531/IDEAL/hetero_lvgp/benchmark/results/griewank_2d/categorical_kernel/ei/nrep03/seed16.npz,griewank_2d/categorical_kernel/ei/nrep03/seed16
griewank_2d,categorical_kernel,ei,,3,17,ok,50,/data/zhq7531/IDEAL/hetero_lvgp/benchmark/results/griewank_2d/categorical_kernel/ei/nrep03/seed17.npz,griewank_2d/categorical_kernel/ei/nrep03/seed17
griewank_2d,categorical_kernel,ei,,3,18,ok,50,/data/zhq7531/IDEAL/hetero_lvgp/benchmark/results/griewank_2d/categorical_kernel/ei/nrep03/seed18.npz,griewank_2d/categorical_kernel/ei/nrep03/seed18
griewank_2d,categorical_kernel,ei,,3,19,ok,50,/data/zhq7531/IDEAL/hetero_lvgp/benchmark/results/griewank_2d/categorical_kernel/ei/nrep03/seed19.npz,griewank_2d/categorical_kernel/ei/nrep03/seed19
griewank_2d,categorical_kernel,ei,,3,20,ok,50,/data/zhq7531/IDEAL/hetero_lvgp/benchmark/results/griewank_2d/categorical_kernel/ei/nrep03/seed20.npz,griewank_2d/categorical_kernel/ei/nrep03/seed20
griewank_2d,categorical_kernel,ei,,3,21,ok,50,/data/zhq7531/IDEAL/hetero_lvgp/benchmark/results/griewank_2d/categorical_kernel/ei/nrep03/seed21.npz,griewank_2d/categorical_kernel/ei/nrep03/seed21
griewank_2d,categorical_kernel,ei,,3,22,ok,50,/data/zhq7531/IDEAL/hetero_lvgp/benchmark/results/griewank_2d/categorical_kernel/ei/nrep03/seed22.npz,griewank_2d/categorical_kernel/ei/nrep03/seed22
griewank_2d,categorical_kernel,ei,,3,23,ok,50,/data/zhq7531/IDEAL/hetero_lvgp/benchmark/results/griewank_2d/categorical_kernel/ei/nrep03/seed23.npz,griewank_2d/categorical_kernel/ei/nrep03/seed23
griewank_2d,categorical_kernel,ei,,3,24,ok,50,/data/zhq7531/IDEAL/hetero_lvgp/benchmark/results/griewank_2d/categorical_kernel/ei/nrep03/seed24.npz,griewank_2d/categorical_kernel/ei/nrep03/seed24
griewank_2d,categorical_kernel,ei,,3,25,ok,50,/data/zhq7531/IDEAL/hetero_lvgp/benchmark/results/griewank_2d/categorical_kernel/ei/nrep03/seed25.npz,griewank_2d/categorical_kernel/ei/nrep03/seed25
griewank_2d,categorical_kernel,ei,,3,26,ok,50,/data/zhq7531/IDEAL/hetero_lvgp/benchmark/results/griewank_2d/categorical_kernel/ei/nrep03/seed26.npz,griewank_2d/categorical_kernel/ei/nrep03/seed26
griewank_2d,categorical_kernel,ei,,3,27,ok,50,/data/zhq7531/IDEAL/hetero_lvgp/benchmark/results/griewank_2d/categorical_kernel/ei/nrep03/seed27.npz,griewank_2d/categorical_kernel/ei/nrep03/seed27
griewank_2d,categorical_kernel,ei,,3,28,ok,50,/data/zhq7531/IDEAL/hetero_lvgp/benchmark/results/griewank_2d/categorical_kernel/ei/nrep03/seed28.npz,griewank_2d/categorical_kernel/ei/nrep03/seed28
griewank_2d,categorical_kernel,ei,,3,29,ok,50,/data/zhq7531/IDEAL/hetero_lvgp/benchmark/results/griewank_2d/categorical_kernel/ei/nrep03/seed29.npz,griewank_2d/categorical_kernel/ei/nrep03/seed29
griewank_2d,categorical_kernel,ei,,3,30,ok,50,/data/zhq7531/IDEAL/hetero_lvgp/benchmark/results/griewank_2d/categorical_kernel/ei/nrep03/seed30.npz,griewank_2d/categorical_kernel/ei/nrep03/seed30
griewank_2d,categorical_kernel,ei,,10,1,ok,50,/data/zhq7531/IDEAL/hetero_lvgp/benchmark/results/griewank_2d/categorical_kernel/ei/nrep10/seed01.npz,griewank_2d/categorical_kernel/ei/nrep10/seed01
griewank_2d,categorical_kernel,ei,,10,2,ok,50,/data/zhq7531/IDEAL/hetero_lvgp/benchmark/results/griewank_2d/categorical_kernel/ei/nrep10/seed02.npz,griewank_2d/categorical_kernel/ei/nrep10/seed02
griewank_2d,categorical_kernel,ei,,10,3,ok,50,/data/zhq7531/IDEAL/hetero_lvgp/benchmark/results/griewank_2d/categorical_kernel/ei/nrep10/seed03.npz,griewank_2d/categorical_kernel/ei/nrep10/seed03
griewank_2d,categorical_kernel,ei,,10,4,ok,50,/data/zhq7531/IDEAL/hetero_lvgp/benchmark/results/griewank_2d/categorical_kernel/ei/nrep10/seed04.npz,griewank_2d/categorical_kernel/ei/nrep10/seed04
griewank_2d,categorical_kernel,ei,,10,5,ok,50,/data/zhq7531/IDEAL/hetero_lvgp/benchmark/results/griewank_2d/categorical_kernel/ei/nrep10/seed05.npz,griewank_2d/categorical_kernel/ei/nrep10/seed05
griewank_2d,categorical_kernel,ei,,10,6,ok,50,/data/zhq7531/IDEAL/hetero_lvgp/benchmark/results/griewank_2d/categorical_kernel/ei/nrep10/seed06.npz,griewank_2d/categorical_kernel/ei/nrep10/seed06
griewank_2d,categorical_kernel,ei,,10,7,ok,50,/data/zhq7531/IDEAL/hetero_lvgp/benchmark/results/griewank_2d/categorical_kernel/ei/nrep10/seed07.npz,griewank_2d/categorical_kernel/ei/nrep10/seed07
griewank_2d,categorical_kernel,ei,,10,8,ok,50,/data/zhq7531/IDEAL/hetero_lvgp/benchmark/results/griewank_2d/categorical_kernel/ei/nrep10/seed08.npz,griewank_2d/categorical_kernel/ei/nrep10/seed08
griewank_2d,categorical_kernel,ei,,10,9,ok,50,/data/zhq7531/IDEAL/hetero_lvgp/benchmark/results/griewank_2d/categorical_kernel/ei/nrep10/seed09.npz,griewank_2d/categorical_kernel/ei/nrep10/seed09
griewank_2d,categorical_kernel,ei,,10,10,ok,50,/data/zhq7531/IDEAL/hetero_lvgp/benchmark/results/griewank_2d/categorical_kernel/ei/nrep10/seed10.npz,griewank_2d/categorical_kernel/ei/nrep10/seed10
griewank_2d,categorical_kernel,ei,,10,11,ok,50,/data/zhq7531/IDEAL/hetero_lvgp/benchmark/results/griewank_2d/categorical_kernel/ei/nrep10/seed11.npz,griewank_2d/categorical_kernel/ei/nrep10/seed11
griewank_2d,categorical_kernel,ei,,10,12,ok,50,/data/zhq7531/IDEAL/hetero_lvgp/benchmark/results/griewank_2d/categorical_kernel/ei/nrep10/seed12.npz,griewank_2d/categorical_kernel/ei/nrep10/seed12
griewank_2d,categorical_kernel,ei,,10,13,ok,50,/data/zhq7531/IDEAL/hetero_lvgp/benchmark/results/griewank_2d/categorical_kernel/ei/nrep10/seed13.npz,griewank_2d/categorical_kernel/ei/nrep10/seed13
griewank_2d,categorical_kernel,ei,,10,14,ok,50,/data/zhq7531/IDEAL/hetero_lvgp/benchmark/results/griewank_2d/categorical_kernel/ei/nrep10/seed14.npz,griewank_2d/categorical_kernel/ei/nrep10/seed14
griewank_2d,categorical_kernel,ei,,10,15,ok,50,/data/zhq7531/IDEAL/hetero_lvgp/benchmark/results/griewank_2d/categorical_kernel/ei/nrep10/seed15.npz,griewank_2d/categorical_kernel/ei/nrep10/seed15
griewank_2d,categorical_kernel,ei,,10,16,ok,50,/data/zhq7531/IDEAL/hetero_lvgp/benchmark/results/griewank_2d/categorical_kernel/ei/nrep10/seed16.npz,griewank_2d/categorical_kernel/ei/nrep10/seed16
griewank_2d,categorical_kernel,ei,,10,17,ok,50,/data/zhq7531/IDEAL/hetero_lvgp/benchmark/results/griewank_2d/categorical_kernel/ei/nrep10/seed17.npz,griewank_2d/categorical_kernel/ei/nrep10/seed17
griewank_2d,categorical_kernel,ei,,10,18,ok,50,/data/zhq7531/IDEAL/hetero_lvgp/benchmark/results/griewank_2d/categorical_kernel/ei/nrep10/seed18.npz,griewank_2d/categorical_kernel/ei/nrep10/seed18
griewank_2d,categorical_kernel,ei,,10,19,ok,50,/data/zhq7531/IDEAL/hetero_lvgp/benchmark/results/griewank_2d/categorical_kernel/ei/nrep10/seed19.npz,griewank_2d/categorical_kernel/ei/nrep10/seed19
griewank_2d,categorical_kernel,ei,,10,20,ok,50,/data/zhq7531/IDEAL/hetero_lvgp/benchmark/results/griewank_2d/categorical_kernel/ei/nrep10/seed20.npz,griewank_2d/categorical_kernel/ei/nrep10/seed20
griewank_2d,categorical_kernel,ei,,10,21,ok,50,/data/zhq7531/IDEAL/hetero_lvgp/benchmark/results/griewank_2d/categorical_kernel/ei/nrep10/seed21.npz,griewank_2d/categorical_kernel/ei/nrep10/seed21
griewank_2d,categorical_kernel,ei,,10,22,ok,50,/data/zhq7531/IDEAL/hetero_lvgp/benchmark/results/griewank_2d/categorical_kernel/ei/nrep10/seed22.npz,griewank_2d/categorical_kernel/ei/nrep10/seed22
griewank_2d,categorical_kernel,ei,,10,23,ok,50,/data/zhq7531/IDEAL/hetero_lvgp/benchmark/results/griewank_2d/categorical_kernel/ei/nrep10/seed23.npz,griewank_2d/categorical_kernel/ei/nrep10/seed23
griewank_2d,categorical_kernel,ei,,10,24,ok,50,/data/zhq7531/IDEAL/hetero_lvgp/benchmark/results/griewank_2d/categorical_kernel/ei/nrep10/seed24.npz,griewank_2d/categorical_kernel/ei/nrep10/seed24
griewank_2d,categorical_kernel,ei,,10,25,ok,50,/data/zhq7531/IDEAL/hetero_lvgp/benchmark/results/griewank_2d/categorical_kernel/ei/nrep10/seed25.npz,griewank_2d/categorical_kernel/ei/nrep10/seed25
griewank_2d,categorical_kernel,ei,,10,26,ok,50,/data/zhq7531/IDEAL/hetero_lvgp/benchmark/results/griewank_2d/categorical_kernel/ei/nrep10/seed26.npz,griewank_2d/categorical_kernel/ei/nrep10/seed26
griewank_2d,categorical_kernel,ei,,10,27,ok,50,/data/zhq7531/IDEAL/hetero_lvgp/benchmark/results/griewank_2d/categorical_kernel/ei/nrep10/seed27.npz,griewank_2d/categorical_kernel/ei/nrep10/seed27
griewank_2d,categorical_kernel,ei,,10,28,ok,50,/data/zhq7531/IDEAL/hetero_lvgp/benchmark/results/griewank_2d/categorical_kernel/ei/nrep10/seed28.npz,griewank_2d/categorical_kernel/ei/nrep10/seed28
griewank_2d,categorical_kernel,ei,,10,29,ok,50,/data/zhq7531/IDEAL/hetero_lvgp/benchmark/results/griewank_2d/categorical_kernel/ei/nrep10/seed29.npz,griewank_2d/categorical_kernel/ei/nrep10/seed29
griewank_2d,categorical_kernel,ei,,10,30,ok,50,/data/zhq7531/IDEAL/hetero_lvgp/benchmark/results/griewank_2d/categorical_kernel/ei/nrep10/seed30.npz,griewank_2d/categorical_kernel/ei/nrep10/seed30
griewank_2d,categorical_kernel,haei,0.5,3,1,ok,50,/data/zhq7531/IDEAL/hetero_lvgp/benchmark/results/griewank_2d/categorical_kernel/haei_g0.5/nrep03/seed01.npz,griewank_2d/categorical_kernel/haei_g0.5/nrep03/seed01
griewank_2d,categorical_kernel,haei,0.5,3,2,ok,50,/data/zhq7531/IDEAL/hetero_lvgp/benchmark/results/griewank_2d/categorical_kernel/haei_g0.5/nrep03/seed02.npz,griewank_2d/categorical_kernel/haei_g0.5/nrep03/seed02
griewank_2d,categorical_kernel,haei,0.5,3,3,ok,50,/data/zhq7531/IDEAL/hetero_lvgp/benchmark/results/griewank_2d/categorical_kernel/haei_g0.5/nrep03/seed03.npz,griewank_2d/categorical_kernel/haei_g0.5/nrep03/seed03
griewank_2d,categorical_kernel,haei,0.5,3,4,ok,50,/data/zhq7531/IDEAL/hetero_lvgp/benchmark/results/griewank_2d/categorical_kernel/haei_g0.5/nrep03/seed04.npz,griewank_2d/categorical_kernel/haei_g0.5/nrep03/seed04
griewank_2d,categorical_kernel,haei,0.5,3,5,ok,50,/data/zhq7531/IDEAL/hetero_lvgp/benchmark/results/griewank_2d/categorical_kernel/haei_g0.5/nrep03/seed05.npz,griewank_2d/categorical_kernel/haei_g0.5/nrep03/seed05
griewank_2d,categorical_kernel,haei,0.5,3,6,ok,50,/data/zhq7531/IDEAL/hetero_lvgp/benchmark/results/griewank_2d/categorical_kernel/haei_g0.5/nrep03/seed06.npz,griewank_2d/categorical_kernel/haei_g0.5/nrep03/seed06
griewank_2d,categorical_kernel,haei,0.5,3,7,ok,50,/data/zhq7531/IDEAL/hetero_lvgp/benchmark/results/griewank_2d/categorical_kernel/haei_g0.5/nrep03/seed07.npz,griewank_2d/categorical_kernel/haei_g0.5/nrep03/seed07
griewank_2d,categorical_kernel,haei,0.5,3,8,ok,50,/data/zhq7531/IDEAL/hetero_lvgp/benchmark/results/griewank_2d/categorical_kernel/haei_g0.5/nrep03/seed08.npz,griewank_2d/categorical_kernel/haei_g0.5/nrep03/seed08
griewank_2d,categorical_kernel,haei,0.5,3,9,ok,50,/data/zhq7531/IDEAL/hetero_lvgp/benchmark/results/griewank_2d/categorical_kernel/haei_g0.5/nrep03/seed09.npz,griewank_2d/categorical_kernel/haei_g0.5/nrep03/seed09
griewank_2d,categorical_kernel,haei,0.5,3,10,ok,50,/data/zhq7531/IDEAL/hetero_lvgp/benchmark/results/griewank_2d/categorical_kernel/haei_g0.5/nrep03/seed10.npz,griewank_2d/categorical_kernel/haei_g0.5/nrep03/seed10
griewank_2d,categorical_kernel,haei,0.5,3,11,ok,50,/data/zhq7531/IDEAL/hetero_lvgp/benchmark/results/griewank_2d/categorical_kernel/haei_g0.5/nrep03/seed11.npz,griewank_2d/categorical_kernel/haei_g0.5/nrep03/seed11
griewank_2d,categorical_kernel,haei,0.5,3,12,ok,50,/data/zhq7531/IDEAL/hetero_lvgp/benchmark/results/griewank_2d/categorical_kernel/haei_g0.5/nrep03/seed12.npz,griewank_2d/categorical_kernel/haei_g0.5/nrep03/seed12
griewank_2d,categorical_kernel,haei,0.5,3,13,ok,50,/data/zhq7531/IDEAL/hetero_lvgp/benchmark/results/griewank_2d/categorical_kernel/haei_g0.5/nrep03/seed13.npz,griewank_2d/categorical_kernel/haei_g0.5/nrep03/seed13
griewank_2d,categorical_kernel,haei,0.5,3,14,ok,50,/data/zhq7531/IDEAL/hetero_lvgp/benchmark/results/griewank_2d/categorical_kernel/haei_g0.5/nrep03/seed14.npz,griewank_2d/categorical_kernel/haei_g0.5/nrep03/seed14
griewank_2d,categorical_kernel,haei,0.5,3,15,ok,50,/data/zhq7531/IDEAL/hetero_lvgp/benchmark/results/griewank_2d/categorical_kernel/haei_g0.5/nrep03/seed15.npz,griewank_2d/categorical_kernel/haei_g0.5/nrep03/seed15
griewank_2d,categorical_kernel,haei,0.5,3,16,ok,50,/data/zhq7531/IDEAL/hetero_lvgp/benchmark/results/griewank_2d/categorical_kernel/haei_g0.5/nrep03/seed16.npz,griewank_2d/categorical_kernel/haei_g0.5/nrep03/seed16
griewank_2d,categorical_kernel,haei,0.5,3,17,ok,50,/data/zhq7531/IDEAL/hetero_lvgp/benchmark/results/griewank_2d/categorical_kernel/haei_g0.5/nrep03/seed17.npz,griewank_2d/categorical_kernel/haei_g0.5/nrep03/seed17
griewank_2d,categorical_kernel,haei,0.5,3,18,ok,50,/data/zhq7531/IDEAL/hetero_lvgp/benchmark/results/griewank_2d/categorical_kernel/haei_g0.5/nrep03/seed18.npz,griewank_2d/categorical_kernel/haei_g0.5/nrep03/seed18
griewank_2d,categorical_kernel,haei,0.5,3,19,ok,50,/data/zhq7531/IDEAL/hetero_lvgp/benchmark/results/griewank_2d/categorical_kernel/haei_g0.5/nrep03/seed19.npz,griewank_2d/categorical_kernel/haei_g0.5/nrep03/seed19
griewank_2d,categorical_kernel,haei,0.5,3,20,ok,50,/data/zhq7531/IDEAL/hetero_lvgp/benchmark/results/griewank_2d/categorical_kernel/haei_g0.5/nrep03/seed20.npz,griewank_2d/categorical_kernel/haei_g0.5/nrep03/seed20
griewank_2d,categorical_kernel,haei,0.5,3,21,ok,50,/data/zhq7531/IDEAL/hetero_lvgp/benchmark/results/griewank_2d/categorical_kernel/haei_g0.5/nrep03/seed21.npz,griewank_2d/categorical_kernel/haei_g0.5/nrep03/seed21
griewank_2d,categorical_kernel,haei,0.5,3,22,ok,50,/data/zhq7531/IDEAL/hetero_lvgp/benchmark/results/griewank_2d/categorical_kernel/haei_g0.5/nrep03/seed22.npz,griewank_2d/categorical_kernel/haei_g0.5/nrep03/seed22
griewank_2d,categorical_kernel,haei,0.5,3,23,ok,50,/data/zhq7531/IDEAL/hetero_lvgp/benchmark/results/griewank_2d/categorical_kernel/haei_g0.5/nrep03/seed23.npz,griewank_2d/categorical_kernel/haei_g0.5/nrep03/seed23
griewank_2d,categorical_kernel,haei,0.5,3,24,ok,50,/data/zhq7531/IDEAL/hetero_lvgp/benchmark/results/griewank_2d/categorical_kernel/haei_g0.5/nrep03/seed24.npz,griewank_2d/categorical_kernel/haei_g0.5/nrep03/seed24
griewank_2d,categorical_kernel,haei,0.5,3,25,ok,50,/data/zhq7531/IDEAL/hetero_lvgp/benchmark/results/griewank_2d/categorical_kernel/haei_g0.5/nrep03/seed25.npz,griewank_2d/categorical_kernel/haei_g0.5/nrep03/seed25
griewank_2d,categorical_kernel,haei,0.5,3,26,ok,50,/data/zhq7531/IDEAL/hetero_lvgp/benchmark/results/griewank_2d/categorical_kernel/haei_g0.5/nrep03/seed26.npz,griewank_2d/categorical_kernel/haei_g0.5/nrep03/seed26
griewank_2d,categorical_kernel,haei,0.5,3,27,ok,50,/data/zhq7531/IDEAL/hetero_lvgp/benchmark/results/griewank_2d/categorical_kernel/haei_g0.5/nrep03/seed27.npz,griewank_2d/categorical_kernel/haei_g0.5/nrep03/seed27
griewank_2d,categorical_kernel,haei,0.5,3,28,ok,50,/data/zhq7531/IDEAL/hetero_lvgp/benchmark/results/griewank_2d/categorical_kernel/haei_g0.5/nrep03/seed28.npz,griewank_2d/categorical_kernel/haei_g0.5/nrep03/seed28
griewank_2d,categorical_kernel,haei,0.5,3,29,ok,50,/data/zhq7531/IDEAL/hetero_lvgp/benchmark/results/griewank_2d/categorical_kernel/haei_g0.5/nrep03/seed29.npz,griewank_2d/categorical_kernel/haei_g0.5/nrep03/seed29
griewank_2d,categorical_kernel,haei,0.5,3,30,ok,50,/data/zhq7531/IDEAL/hetero_lvgp/benchmark/results/griewank_2d/categorical_kernel/haei_g0.5/nrep03/seed30.npz,griewank_2d/categorical_kernel/haei_g0.5/nrep03/seed30
griewank_2d,categorical_kernel,haei,0.5,10,1,ok,50,/data/zhq7531/IDEAL/hetero_lvgp/benchmark/results/griewank_2d/categorical_kernel/haei_g0.5/nrep10/seed01.npz,griewank_2d/categorical_kernel/haei_g0.5/nrep10/seed01
griewank_2d,categorical_kernel,haei,0.5,10,2,ok,50,/data/zhq7531/IDEAL/hetero_lvgp/benchmark/results/griewank_2d/categorical_kernel/haei_g0.5/nrep10/seed02.npz,griewank_2d/categorical_kernel/haei_g0.5/nrep10/seed02
griewank_2d,categorical_kernel,haei,0.5,10,3,ok,50,/data/zhq7531/IDEAL/hetero_lvgp/benchmark/results/griewank_2d/categorical_kernel/haei_g0.5/nrep10/seed03.npz,griewank_2d/categorical_kernel/haei_g0.5/nrep10/seed03
griewank_2d,categorical_kernel,haei,0.5,10,4,ok,50,/data/zhq7531/IDEAL/hetero_lvgp/benchmark/results/griewank_2d/categorical_kernel/haei_g0.5/nrep10/seed04.npz,griewank_2d/categorical_kernel/haei_g0.5/nrep10/seed04
griewank_2d,categorical_kernel,haei,0.5,10,5,ok,50,/data/zhq7531/IDEAL/hetero_lvgp/benchmark/results/griewank_2d/categorical_kernel/haei_g0.5/nrep10/seed05.npz,griewank_2d/categorical_kernel/haei_g0.5/nrep10/seed05
griewank_2d,categorical_kernel,haei,0.5,10,6,ok,50,/data/zhq7531/IDEAL/hetero_lvgp/benchmark/results/griewank_2d/categorical_kernel/haei_g0.5/nrep10/seed06.npz,griewank_2d/categorical_kernel/haei_g0.5/nrep10/seed06
griewank_2d,categorical_kernel,haei,0.5,10,7,ok,50,/data/zhq7531/IDEAL/hetero_lvgp/benchmark/results/griewank_2d/categorical_kernel/haei_g0.5/nrep10/seed07.npz,griewank_2d/categorical_kernel/haei_g0.5/nrep10/seed07
griewank_2d,categorical_kernel,haei,0.5,10,8,ok,50,/data/zhq7531/IDEAL/hetero_lvgp/benchmark/results/griewank_2d/categorical_kernel/haei_g0.5/nrep10/seed08.npz,griewank_2d/categorical_kernel/haei_g0.5/nrep10/seed08
griewank_2d,categorical_kernel,haei,0.5,10,9,ok,50,/data/zhq7531/IDEAL/hetero_lvgp/benchmark/results/griewank_2d/categorical_kernel/haei_g0.5/nrep10/seed09.npz,griewank_2d/categorical_kernel/haei_g0.5/nrep10/seed09
griewank_2d,categorical_kernel,haei,0.5,10,10,ok,50,/data/zhq7531/IDEAL/hetero_lvgp/benchmark/results/griewank_2d/categorical_kernel/haei_g0.5/nrep10/seed10.npz,griewank_2d/categorical_kernel/haei_g0.5/nrep10/seed10
griewank_2d,categorical_kernel,haei,0.5,10,11,ok,50,/data/zhq7531/IDEAL/hetero_lvgp/benchmark/results/griewank_2d/categorical_kernel/haei_g0.5/nrep10/seed11.npz,griewank_2d/categorical_kernel/haei_g0.5/nrep10/seed11
griewank_2d,categorical_kernel,haei,0.5,10,12,ok,50,/data/zhq7531/IDEAL/hetero_lvgp/benchmark/results/griewank_2d/categorical_kernel/haei_g0.5/nrep10/seed12.npz,griewank_2d/categorical_kernel/haei_g0.5/nrep10/seed12
griewank_2d,categorical_kernel,haei,0.5,10,13,ok,50,/data/zhq7531/IDEAL/hetero_lvgp/benchmark/results/griewank_2d/categorical_kernel/haei_g0.5/nrep10/seed13.npz,griewank_2d/categorical_kernel/haei_g0.5/nrep10/seed13
griewank_2d,categorical_kernel,haei,0.5,10,14,ok,50,/data/zhq7531/IDEAL/hetero_lvgp/benchmark/results/griewank_2d/categorical_kernel/haei_g0.5/nrep10/seed14.npz,griewank_2d/categorical_kernel/haei_g0.5/nrep10/seed14
griewank_2d,categorical_kernel,haei,0.5,10,15,ok,50,/data/zhq7531/IDEAL/hetero_lvgp/benchmark/results/griewank_2d/categorical_kernel/haei_g0.5/nrep10/seed15.npz,griewank_2d/categorical_kernel/haei_g0.5/nrep10/seed15
griewank_2d,categorical_kernel,haei,0.5,10,16,ok,50,/data/zhq7531/IDEAL/hetero_lvgp/benchmark/results/griewank_2d/categorical_kernel/haei_g0.5/nrep10/seed16.npz,griewank_2d/categorical_kernel/haei_g0.5/nrep10/seed16
griewank_2d,categorical_kernel,haei,0.5,10,17,ok,50,/data/zhq7531/IDEAL/hetero_lvgp/benchmark/results/griewank_2d/categorical_kernel/haei_g0.5/nrep10/seed17.npz,griewank_2d/categorical_kernel/haei_g0.5/nrep10/seed17
griewank_2d,categorical_kernel,haei,0.5,10,18,ok,50,/data/zhq7531/IDEAL/hetero_lvgp/benchmark/results/griewank_2d/categorical_kernel/haei_g0.5/nrep10/seed18.npz,griewank_2d/categorical_kernel/haei_g0.5/nrep10/seed18
griewank_2d,categorical_kernel,haei,0.5,10,19,ok,50,/data/zhq7531/IDEAL/hetero_lvgp/benchmark/results/griewank_2d/categorical_kernel/haei_g0.5/nrep10/seed19.npz,griewank_2d/categorical_kernel/haei_g0.5/nrep10/seed19
griewank_2d,categorical_kernel,haei,0.5,10,20,ok,50,/data/zhq7531/IDEAL/hetero_lvgp/benchmark/results/griewank_2d/categorical_kernel/haei_g0.5/nrep10/seed20.npz,griewank_2d/categorical_kernel/haei_g0.5/nrep10/seed20
griewank_2d,categorical_kernel,haei,0.5,10,21,ok,50,/data/zhq7531/IDEAL/hetero_lvgp/benchmark/results/griewank_2d/categorical_kernel/haei_g0.5/nrep10/seed21.npz,griewank_2d/categorical_kernel/haei_g0.5/nrep10/seed21
griewank_2d,categorical_kernel,haei,0.5,10,22,ok,50,/data/zhq7531/IDEAL/hetero_lvgp/benchmark/results/griewank_2d/categorical_kernel/haei_g0.5/nrep10/seed22.npz,griewank_2d/categorical_kernel/haei_g0.5/nrep10/seed22
griewank_2d,categorical_kernel,haei,0.5,10,23,ok,50,/data/zhq7531/IDEAL/hetero_lvgp/benchmark/results/griewank_2d/categorical_kernel/haei_g0.5/nrep10/seed23.npz,griewank_2d/categorical_kernel/haei_g0.5/nrep10/seed23
griewank_2d,categorical_kernel,haei,0.5,10,24,ok,50,/data/zhq7531/IDEAL/hetero_lvgp/benchmark/results/griewank_2d/categorical_kernel/haei_g0.5/nrep10/seed24.npz,griewank_2d/categorical_kernel/haei_g0.5/nrep10/seed24
griewank_2d,categorical_kernel,haei,0.5,10,25,ok,50,/data/zhq7531/IDEAL/hetero_lvgp/benchmark/results/griewank_2d/categorical_kernel/haei_g0.5/nrep10/seed25.npz,griewank_2d/categorical_kernel/haei_g0.5/nrep10/seed25
griewank_2d,categorical_kernel,haei,0.5,10,26,ok,50,/data/zhq7531/IDEAL/hetero_lvgp/benchmark/results/griewank_2d/categorical_kernel/haei_g0.5/nrep10/seed26.npz,griewank_2d/categorical_kernel/haei_g0.5/nrep10/seed26
griewank_2d,categorical_kernel,haei,0.5,10,27,ok,50,/data/zhq7531/IDEAL/hetero_lvgp/benchmark/results/griewank_2d/categorical_kernel/haei_g0.5/nrep10/seed27.npz,griewank_2d/categorical_kernel/haei_g0.5/nrep10/seed27
griewank_2d,categorical_kernel,haei,0.5,10,28,ok,50,/data/zhq7531/IDEAL/hetero_lvgp/benchmark/results/griewank_2d/categorical_kernel/haei_g0.5/nrep10/seed28.npz,griewank_2d/categorical_kernel/haei_g0.5/nrep10/seed28
griewank_2d,categorical_kernel,haei,0.5,10,29,ok,50,/data/zhq7531/IDEAL/hetero_lvgp/benchmark/results/griewank_2d/categorical_kernel/haei_g0.5/nrep10/seed29.npz,griewank_2d/categorical_kernel/haei_g0.5/nrep10/seed29
griewank_2d,categorical_kernel,haei,0.5,10,30,ok,50,/data/zhq7531/IDEAL/hetero_lvgp/benchmark/results/griewank_2d/categorical_kernel/haei_g0.5/nrep10/seed30.npz,griewank_2d/categorical_kernel/haei_g0.5/nrep10/seed30
griewank_2d,categorical_kernel,anpei,0.8,3,1,ok,50,/data/zhq7531/IDEAL/hetero_lvgp/benchmark/results/griewank_2d/categorical_kernel/anpei_b0.8/nrep03/seed01.npz,griewank_2d/categorical_kernel/anpei_b0.8/nrep03/seed01
griewank_2d,categorical_kernel,anpei,0.8,3,2,ok,50,/data/zhq7531/IDEAL/hetero_lvgp/benchmark/results/griewank_2d/categorical_kernel/anpei_b0.8/nrep03/seed02.npz,griewank_2d/categorical_kernel/anpei_b0.8/nrep03/seed02
griewank_2d,categorical_kernel,anpei,0.8,3,3,ok,50,/data/zhq7531/IDEAL/hetero_lvgp/benchmark/results/griewank_2d/categorical_kernel/anpei_b0.8/nrep03/seed03.npz,griewank_2d/categorical_kernel/anpei_b0.8/nrep03/seed03
griewank_2d,categorical_kernel,anpei,0.8,3,4,ok,50,/data/zhq7531/IDEAL/hetero_lvgp/benchmark/results/griewank_2d/categorical_kernel/anpei_b0.8/nrep03/seed04.npz,griewank_2d/categorical_kernel/anpei_b0.8/nrep03/seed04
griewank_2d,categorical_kernel,anpei,0.8,3,5,ok,50,/data/zhq7531/IDEAL/hetero_lvgp/benchmark/results/griewank_2d/categorical_kernel/anpei_b0.8/nrep03/seed05.npz,griewank_2d/categorical_kernel/anpei_b0.8/nrep03/seed05
griewank_2d,categorical_kernel,anpei,0.8,3,6,ok,50,/data/zhq7531/IDEAL/hetero_lvgp/benchmark/results/griewank_2d/categorical_kernel/anpei_b0.8/nrep03/seed06.npz,griewank_2d/categorical_kernel/anpei_b0.8/nrep03/seed06
griewank_2d,categorical_kernel,anpei,0.8,3,7,ok,50,/data/zhq7531/IDEAL/hetero_lvgp/benchmark/results/griewank_2d/categorical_kernel/anpei_b0.8/nrep03/seed07.npz,griewank_2d/categorical_kernel/anpei_b0.8/nrep03/seed07
griewank_2d,categorical_kernel,anpei,0.8,3,8,ok,50,/data/zhq7531/IDEAL/hetero_lvgp/benchmark/results/griewank_2d/categorical_kernel/anpei_b0.8/nrep03/seed08.npz,griewank_2d/categorical_kernel/anpei_b0.8/nrep03/seed08
griewank_2d,categorical_kernel,anpei,0.8,3,9,ok,50,/data/zhq7531/IDEAL/hetero_lvgp/benchmark/results/griewank_2d/categorical_kernel/anpei_b0.8/nrep03/seed09.npz,griewank_2d/categorical_kernel/anpei_b0.8/nrep03/seed09
griewank_2d,categorical_kernel,anpei,0.8,3,10,ok,50,/data/zhq7531/IDEAL/hetero_lvgp/benchmark/results/griewank_2d/categorical_kernel/anpei_b0.8/nrep03/seed10.npz,griewank_2d/categorical_kernel/anpei_b0.8/nrep03/seed10
griewank_2d,categorical_kernel,anpei,0.8,3,11,ok,50,/data/zhq7531/IDEAL/hetero_lvgp/benchmark/results/griewank_2d/categorical_kernel/anpei_b0.8/nrep03/seed11.npz,griewank_2d/categorical_kernel/anpei_b0.8/nrep03/seed11
griewank_2d,categorical_kernel,anpei,0.8,3,12,ok,50,/data/zhq7531/IDEAL/hetero_lvgp/benchmark/results/griewank_2d/categorical_kernel/anpei_b0.8/nrep03/seed12.npz,griewank_2d/categorical_kernel/anpei_b0.8/nrep03/seed12
griewank_2d,categorical_kernel,anpei,0.8,3,13,ok,50,/data/zhq7531/IDEAL/hetero_lvgp/benchmark/results/griewank_2d/categorical_kernel/anpei_b0.8/nrep03/seed13.npz,griewank_2d/categorical_kernel/anpei_b0.8/nrep03/seed13
griewank_2d,categorical_kernel,anpei,0.8,3,14,ok,50,/data/zhq7531/IDEAL/hetero_lvgp/benchmark/results/griewank_2d/categorical_kernel/anpei_b0.8/nrep03/seed14.npz,griewank_2d/categorical_kernel/anpei_b0.8/nrep03/seed14
griewank_2d,categorical_kernel,anpei,0.8,3,15,ok,50,/data/zhq7531/IDEAL/hetero_lvgp/benchmark/results/griewank_2d/categorical_kernel/anpei_b0.8/nrep03/seed15.npz,griewank_2d/categorical_kernel/anpei_b0.8/nrep03/seed15
griewank_2d,categorical_kernel,anpei,0.8,3,16,ok,50,/data/zhq7531/IDEAL/hetero_lvgp/benchmark/results/griewank_2d/categorical_kernel/anpei_b0.8/nrep03/seed16.npz,griewank_2d/categorical_kernel/anpei_b0.8/nrep03/seed16
griewank_2d,categorical_kernel,anpei,0.8,3,17,ok,50,/data/zhq7531/IDEAL/hetero_lvgp/benchmark/results/griewank_2d/categorical_kernel/anpei_b0.8/nrep03/seed17.npz,griewank_2d/categorical_kernel/anpei_b0.8/nrep03/seed17
griewank_2d,categorical_kernel,anpei,0.8,3,18,ok,50,/data/zhq7531/IDEAL/hetero_lvgp/benchmark/results/griewank_2d/categorical_kernel/anpei_b0.8/nrep03/seed18.npz,griewank_2d/categorical_kernel/anpei_b0.8/nrep03/seed18
griewank_2d,categorical_kernel,anpei,0.8,3,19,ok,50,/data/zhq7531/IDEAL/hetero_lvgp/benchmark/results/griewank_2d/categorical_kernel/anpei_b0.8/nrep03/seed19.npz,griewank_2d/categorical_kernel/anpei_b0.8/nrep03/seed19
griewank_2d,categorical_kernel,anpei,0.8,3,20,ok,50,/data/zhq7531/IDEAL/hetero_lvgp/benchmark/results/griewank_2d/categorical_kernel/anpei_b0.8/nrep03/seed20.npz,griewank_2d/categorical_kernel/anpei_b0.8/nrep03/seed20
griewank_2d,categorical_kernel,anpei,0.8,3,21,ok,50,/data/zhq7531/IDEAL/hetero_lvgp/benchmark/results/griewank_2d/categorical_kernel/anpei_b0.8/nrep03/seed21.npz,griewank_2d/categorical_kernel/anpei_b0.8/nrep03/seed21
griewank_2d,categorical_kernel,anpei,0.8,3,22,ok,50,/data/zhq7531/IDEAL/hetero_lvgp/benchmark/results/griewank_2d/categorical_kernel/anpei_b0.8/nrep03/seed22.npz,griewank_2d/categorical_kernel/anpei_b0.8/nrep03/seed22
griewank_2d,categorical_kernel,anpei,0.8,3,23,ok,50,/data/zhq7531/IDEAL/hetero_lvgp/benchmark/results/griewank_2d/categorical_kernel/anpei_b0.8/nrep03/seed23.npz,griewank_2d/categorical_kernel/anpei_b0.8/nrep03/seed23
griewank_2d,categorical_kernel,anpei,0.8,3,24,ok,50,/data/zhq7531/IDEAL/hetero_lvgp/benchmark/results/griewank_2d/categorical_kernel/anpei_b0.8/nrep03/seed24.npz,griewank_2d/categorical_kernel/anpei_b0.8/nrep03/seed24
griewank_2d,categorical_kernel,anpei,0.8,3,25,ok,50,/data/zhq7531/IDEAL/hetero_lvgp/benchmark/results/griewank_2d/categorical_kernel/anpei_b0.8/nrep03/seed25.npz,griewank_2d/categorical_kernel/anpei_b0.8/nrep03/seed25
griewank_2d,categorical_kernel,anpei,0.8,3,26,ok,50,/data/zhq7531/IDEAL/hetero_lvgp/benchmark/results/griewank_2d/categorical_kernel/anpei_b0.8/nrep03/seed26.npz,griewank_2d/categorical_kernel/anpei_b0.8/nrep03/seed26
griewank_2d,categorical_kernel,anpei,0.8,3,27,ok,50,/data/zhq7531/IDEAL/hetero_lvgp/benchmark/results/griewank_2d/categorical_kernel/anpei_b0.8/nrep03/seed27.npz,griewank_2d/categorical_kernel/anpei_b0.8/nrep03/seed27
griewank_2d,categorical_kernel,anpei,0.8,3,28,ok,50,/data/zhq7531/IDEAL/hetero_lvgp/benchmark/results/griewank_2d/categorical_kernel/anpei_b0.8/nrep03/seed28.npz,griewank_2d/categorical_kernel/anpei_b0.8/nrep03/seed28
griewank_2d,categorical_kernel,anpei,0.8,3,29,ok,50,/data/zhq7531/IDEAL/hetero_lvgp/benchmark/results/griewank_2d/categorical_kernel/anpei_b0.8/nrep03/seed29.npz,griewank_2d/categorical_kernel/anpei_b0.8/nrep03/seed29
griewank_2d,categorical_kernel,anpei,0.8,3,30,ok,50,/data/zhq7531/IDEAL/hetero_lvgp/benchmark/results/griewank_2d/categorical_kernel/anpei_b0.8/nrep03/seed30.npz,griewank_2d/categorical_kernel/anpei_b0.8/nrep03/seed30
griewank_2d,categorical_kernel,anpei,0.8,10,1,ok,50,/data/zhq7531/IDEAL/hetero_lvgp/benchmark/results/griewank_2d/categorical_kernel/anpei_b0.8/nrep10/seed01.npz,griewank_2d/categorical_kernel/anpei_b0.8/nrep10/seed01
griewank_2d,categorical_kernel,anpei,0.8,10,2,ok,50,/data/zhq7531/IDEAL/hetero_lvgp/benchmark/results/griewank_2d/categorical_kernel/anpei_b0.8/nrep10/seed02.npz,griewank_2d/categorical_kernel/anpei_b0.8/nrep10/seed02
griewank_2d,categorical_kernel,anpei,0.8,10,3,ok,50,/data/zhq7531/IDEAL/hetero_lvgp/benchmark/results/griewank_2d/categorical_kernel/anpei_b0.8/nrep10/seed03.npz,griewank_2d/categorical_kernel/anpei_b0.8/nrep10/seed03
griewank_2d,categorical_kernel,anpei,0.8,10,4,ok,50,/data/zhq7531/IDEAL/hetero_lvgp/benchmark/results/griewank_2d/categorical_kernel/anpei_b0.8/nrep10/seed04.npz,griewank_2d/categorical_kernel/anpei_b0.8/nrep10/seed04
griewank_2d,categorical_kernel,anpei,0.8,10,5,ok,50,/data/zhq7531/IDEAL/hetero_lvgp/benchmark/results/griewank_2d/categorical_kernel/anpei_b0.8/nrep10/seed05.npz,griewank_2d/categorical_kernel/anpei_b0.8/nrep10/seed05
griewank_2d,categorical_kernel,anpei,0.8,10,6,ok,50,/data/zhq7531/IDEAL/hetero_lvgp/benchmark/results/griewank_2d/categorical_kernel/anpei_b0.8/nrep10/seed06.npz,griewank_2d/categorical_kernel/anpei_b0.8/nrep10/seed06
griewank_2d,categorical_kernel,anpei,0.8,10,7,ok,50,/data/zhq7531/IDEAL/hetero_lvgp/benchmark/results/griewank_2d/categorical_kernel/anpei_b0.8/nrep10/seed07.npz,griewank_2d/categorical_kernel/anpei_b0.8/nrep10/seed07
griewank_2d,categorical_kernel,anpei,0.8,10,8,ok,50,/data/zhq7531/IDEAL/hetero_lvgp/benchmark/results/griewank_2d/categorical_kernel/anpei_b0.8/nrep10/seed08.npz,griewank_2d/categorical_kernel/anpei_b0.8/nrep10/seed08
griewank_2d,categorical_kernel,anpei,0.8,10,9,ok,50,/data/zhq7531/IDEAL/hetero_lvgp/benchmark/results/griewank_2d/categorical_kernel/anpei_b0.8/nrep10/seed09.npz,griewank_2d/categorical_kernel/anpei_b0.8/nrep10/seed09
griewank_2d,categorical_kernel,anpei,0.8,10,10,ok,50,/data/zhq7531/IDEAL/hetero_lvgp/benchmark/results/griewank_2d/categorical_kernel/anpei_b0.8/nrep10/seed10.npz,griewank_2d/categorical_kernel/anpei_b0.8/nrep10/seed10
griewank_2d,categorical_kernel,anpei,0.8,10,11,ok,50,/data/zhq7531/IDEAL/hetero_lvgp/benchmark/results/griewank_2d/categorical_kernel/anpei_b0.8/nrep10/seed11.npz,griewank_2d/categorical_kernel/anpei_b0.8/nrep10/seed11
griewank_2d,categorical_kernel,anpei,0.8,10,12,ok,50,/data/zhq7531/IDEAL/hetero_lvgp/benchmark/results/griewank_2d/categorical_kernel/anpei_b0.8/nrep10/seed12.npz,griewank_2d/categorical_kernel/anpei_b0.8/nrep10/seed12
griewank_2d,categorical_kernel,anpei,0.8,10,13,ok,50,/data/zhq7531/IDEAL/hetero_lvgp/benchmark/results/griewank_2d/categorical_kernel/anpei_b0.8/nrep10/seed13.npz,griewank_2d/categorical_kernel/anpei_b0.8/nrep10/seed13
griewank_2d,categorical_kernel,anpei,0.8,10,14,ok,50,/data/zhq7531/IDEAL/hetero_lvgp/benchmark/results/griewank_2d/categorical_kernel/anpei_b0.8/nrep10/seed14.npz,griewank_2d/categorical_kernel/anpei_b0.8/nrep10/seed14
griewank_2d,categorical_kernel,anpei,0.8,10,15,ok,50,/data/zhq7531/IDEAL/hetero_lvgp/benchmark/results/griewank_2d/categorical_kernel/anpei_b0.8/nrep10/seed15.npz,griewank_2d/categorical_kernel/anpei_b0.8/nrep10/seed15
griewank_2d,categorical_kernel,anpei,0.8,10,16,ok,50,/data/zhq7531/IDEAL/hetero_lvgp/benchmark/results/griewank_2d/categorical_kernel/anpei_b0.8/nrep10/seed16.npz,griewank_2d/categorical_kernel/anpei_b0.8/nrep10/seed16
griewank_2d,categorical_kernel,anpei,0.8,10,17,ok,50,/data/zhq7531/IDEAL/hetero_lvgp/benchmark/results/griewank_2d/categorical_kernel/anpei_b0.8/nrep10/seed17.npz,griewank_2d/categorical_kernel/anpei_b0.8/nrep10/seed17
griewank_2d,categorical_kernel,anpei,0.8,10,18,ok,50,/data/zhq7531/IDEAL/hetero_lvgp/benchmark/results/griewank_2d/categorical_kernel/anpei_b0.8/nrep10/seed18.npz,griewank_2d/categorical_kernel/anpei_b0.8/nrep10/seed18
griewank_2d,categorical_kernel,anpei,0.8,10,19,ok,50,/data/zhq7531/IDEAL/hetero_lvgp/benchmark/results/griewank_2d/categorical_kernel/anpei_b0.8/nrep10/seed19.npz,griewank_2d/categorical_kernel/anpei_b0.8/nrep10/seed19
griewank_2d,categorical_kernel,anpei,0.8,10,20,ok,50,/data/zhq7531/IDEAL/hetero_lvgp/benchmark/results/griewank_2d/categorical_kernel/anpei_b0.8/nrep10/seed20.npz,griewank_2d/categorical_kernel/anpei_b0.8/nrep10/seed20
griewank_2d,categorical_kernel,anpei,0.8,10,21,ok,50,/data/zhq7531/IDEAL/hetero_lvgp/benchmark/results/griewank_2d/categorical_kernel/anpei_b0.8/nrep10/seed21.npz,griewank_2d/categorical_kernel/anpei_b0.8/nrep10/seed21
griewank_2d,categorical_kernel,anpei,0.8,10,22,ok,50,/data/zhq7531/IDEAL/hetero_lvgp/benchmark/results/griewank_2d/categorical_kernel/anpei_b0.8/nrep10/seed22.npz,griewank_2d/categorical_kernel/anpei_b0.8/nrep10/seed22
griewank_2d,categorical_kernel,anpei,0.8,10,23,ok,50,/data/zhq7531/IDEAL/hetero_lvgp/benchmark/results/griewank_2d/categorical_kernel/anpei_b0.8/nrep10/seed23.npz,griewank_2d/categorical_kernel/anpei_b0.8/nrep10/seed23
griewank_2d,categorical_kernel,anpei,0.8,10,24,ok,50,/data/zhq7531/IDEAL/hetero_lvgp/benchmark/results/griewank_2d/categorical_kernel/anpei_b0.8/nrep10/seed24.npz,griewank_2d/categorical_kernel/anpei_b0.8/nrep10/seed24
griewank_2d,categorical_kernel,anpei,0.8,10,25,ok,50,/data/zhq7531/IDEAL/hetero_lvgp/benchmark/results/griewank_2d/categorical_kernel/anpei_b0.8/nrep10/seed25.npz,griewank_2d/categorical_kernel/anpei_b0.8/nrep10/seed25
griewank_2d,categorical_kernel,anpei,0.8,10,26,ok,50,/data/zhq7531/IDEAL/hetero_lvgp/benchmark/results/griewank_2d/categorical_kernel/anpei_b0.8/nrep10/seed26.npz,griewank_2d/categorical_kernel/anpei_b0.8/nrep10/seed26
griewank_2d,categorical_kernel,anpei,0.8,10,27,ok,50,/data/zhq7531/IDEAL/hetero_lvgp/benchmark/results/griewank_2d/categorical_kernel/anpei_b0.8/nrep10/seed27.npz,griewank_2d/categorical_kernel/anpei_b0.8/nrep10/seed27
griewank_2d,categorical_kernel,anpei,0.8,10,28,ok,50,/data/zhq7531/IDEAL/hetero_lvgp/benchmark/results/griewank_2d/categorical_kernel/anpei_b0.8/nrep10/seed28.npz,griewank_2d/categorical_kernel/anpei_b0.8/nrep10/seed28
griewank_2d,categorical_kernel,anpei,0.8,10,29,ok,50,/data/zhq7531/IDEAL/hetero_lvgp/benchmark/results/griewank_2d/categorical_kernel/anpei_b0.8/nrep10/seed29.npz,griewank_2d/categorical_kernel/anpei_b0.8/nrep10/seed29
griewank_2d,categorical_kernel,anpei,0.8,10,30,ok,50,/data/zhq7531/IDEAL/hetero_lvgp/benchmark/results/griewank_2d/categorical_kernel/anpei_b0.8/nrep10/seed30.npz,griewank_2d/categorical_kernel/anpei_b0.8/nrep10/seed30
griewank_2d,categorical_kernel,rahbo,0.5,3,1,ok,50,/data/zhq7531/IDEAL/hetero_lvgp/benchmark/results/griewank_2d/categorical_kernel/rahbo_a0.5/nrep03/seed01.npz,griewank_2d/categorical_kernel/rahbo_a0.5/nrep03/seed01
griewank_2d,categorical_kernel,rahbo,0.5,3,2,ok,50,/data/zhq7531/IDEAL/hetero_lvgp/benchmark/results/griewank_2d/categorical_kernel/rahbo_a0.5/nrep03/seed02.npz,griewank_2d/categorical_kernel/rahbo_a0.5/nrep03/seed02
griewank_2d,categorical_kernel,rahbo,0.5,3,3,ok,50,/data/zhq7531/IDEAL/hetero_lvgp/benchmark/results/griewank_2d/categorical_kernel/rahbo_a0.5/nrep03/seed03.npz,griewank_2d/categorical_kernel/rahbo_a0.5/nrep03/seed03
griewank_2d,categorical_kernel,rahbo,0.5,3,4,ok,50,/data/zhq7531/IDEAL/hetero_lvgp/benchmark/results/griewank_2d/categorical_kernel/rahbo_a0.5/nrep03/seed04.npz,griewank_2d/categorical_kernel/rahbo_a0.5/nrep03/seed04
griewank_2d,categorical_kernel,rahbo,0.5,3,5,ok,50,/data/zhq7531/IDEAL/hetero_lvgp/benchmark/results/griewank_2d/categorical_kernel/rahbo_a0.5/nrep03/seed05.npz,griewank_2d/categorical_kernel/rahbo_a0.5/nrep03/seed05
griewank_2d,categorical_kernel,rahbo,0.5,3,6,ok,50,/data/zhq7531/IDEAL/hetero_lvgp/benchmark/results/griewank_2d/categorical_kernel/rahbo_a0.5/nrep03/seed06.npz,griewank_2d/categorical_kernel/rahbo_a0.5/nrep03/seed06
griewank_2d,categorical_kernel,rahbo,0.5,3,7,ok,50,/data/zhq7531/IDEAL/hetero_lvgp/benchmark/results/griewank_2d/categorical_kernel/rahbo_a0.5/nrep03/seed07.npz,griewank_2d/categorical_kernel/rahbo_a0.5/nrep03/seed07
griewank_2d,categorical_kernel,rahbo,0.5,3,8,ok,50,/data/zhq7531/IDEAL/hetero_lvgp/benchmark/results/griewank_2d/categorical_kernel/rahbo_a0.5/nrep03/seed08.npz,griewank_2d/categorical_kernel/rahbo_a0.5/nrep03/seed08
griewank_2d,categorical_kernel,rahbo,0.5,3,9,ok,50,/data/zhq7531/IDEAL/hetero_lvgp/benchmark/results/griewank_2d/categorical_kernel/rahbo_a0.5/nrep03/seed09.npz,griewank_2d/categorical_kernel/rahbo_a0.5/nrep03/seed09
griewank_2d,categorical_kernel,rahbo,0.5,3,10,ok,50,/data/zhq7531/IDEAL/hetero_lvgp/benchmark/results/griewank_2d/categorical_kernel/rahbo_a0.5/nrep03/seed10.npz,griewank_2d/categorical_kernel/rahbo_a0.5/nrep03/seed10
griewank_2d,categorical_kernel,rahbo,0.5,3,11,ok,50,/data/zhq7531/IDEAL/hetero_lvgp/benchmark/results/griewank_2d/categorical_kernel/rahbo_a0.5/nrep03/seed11.npz,griewank_2d/categorical_kernel/rahbo_a0.5/nrep03/seed11
griewank_2d,categorical_kernel,rahbo,0.5,3,12,ok,50,/data/zhq7531/IDEAL/hetero_lvgp/benchmark/results/griewank_2d/categorical_kernel/rahbo_a0.5/nrep03/seed12.npz,griewank_2d/categorical_kernel/rahbo_a0.5/nrep03/seed12
griewank_2d,categorical_kernel,rahbo,0.5,3,13,ok,50,/data/zhq7531/IDEAL/hetero_lvgp/benchmark/results/griewank_2d/categorical_kernel/rahbo_a0.5/nrep03/seed13.npz,griewank_2d/categorical_kernel/rahbo_a0.5/nrep03/seed13
griewank_2d,categorical_kernel,rahbo,0.5,3,14,ok,50,/data/zhq7531/IDEAL/hetero_lvgp/benchmark/results/griewank_2d/categorical_kernel/rahbo_a0.5/nrep03/seed14.npz,griewank_2d/categorical_kernel/rahbo_a0.5/nrep03/seed14
griewank_2d,categorical_kernel,rahbo,0.5,3,15,ok,50,/data/zhq7531/IDEAL/hetero_lvgp/benchmark/results/griewank_2d/categorical_kernel/rahbo_a0.5/nrep03/seed15.npz,griewank_2d/categorical_kernel/rahbo_a0.5/nrep03/seed15
griewank_2d,categorical_kernel,rahbo,0.5,3,16,ok,50,/data/zhq7531/IDEAL/hetero_lvgp/benchmark/results/griewank_2d/categorical_kernel/rahbo_a0.5/nrep03/seed16.npz,griewank_2d/categorical_kernel/rahbo_a0.5/nrep03/seed16
griewank_2d,categorical_kernel,rahbo,0.5,3,17,ok,50,/data/zhq7531/IDEAL/hetero_lvgp/benchmark/results/griewank_2d/categorical_kernel/rahbo_a0.5/nrep03/seed17.npz,griewank_2d/categorical_kernel/rahbo_a0.5/nrep03/seed17
griewank_2d,categorical_kernel,rahbo,0.5,3,18,ok,50,/data/zhq7531/IDEAL/hetero_lvgp/benchmark/results/griewank_2d/categorical_kernel/rahbo_a0.5/nrep03/seed18.npz,griewank_2d/categorical_kernel/rahbo_a0.5/nrep03/seed18
griewank_2d,categorical_kernel,rahbo,0.5,3,19,ok,50,/data/zhq7531/IDEAL/hetero_lvgp/benchmark/results/griewank_2d/categorical_kernel/rahbo_a0.5/nrep03/seed19.npz,griewank_2d/categorical_kernel/rahbo_a0.5/nrep03/seed19
griewank_2d,categorical_kernel,rahbo,0.5,3,20,ok,50,/data/zhq7531/IDEAL/hetero_lvgp/benchmark/results/griewank_2d/categorical_kernel/rahbo_a0.5/nrep03/seed20.npz,griewank_2d/categorical_kernel/rahbo_a0.5/nrep03/seed20
griewank_2d,categorical_kernel,rahbo,0.5,3,21,ok,50,/data/zhq7531/IDEAL/hetero_lvgp/benchmark/results/griewank_2d/categorical_kernel/rahbo_a0.5/nrep03/seed21.npz,griewank_2d/categorical_kernel/rahbo_a0.5/nrep03/seed21
griewank_2d,categorical_kernel,rahbo,0.5,3,22,ok,50,/data/zhq7531/IDEAL/hetero_lvgp/benchmark/results/griewank_2d/categorical_kernel/rahbo_a0.5/nrep03/seed22.npz,griewank_2d/categorical_kernel/rahbo_a0.5/nrep03/seed22
griewank_2d,categorical_kernel,rahbo,0.5,3,23,ok,50,/data/zhq7531/IDEAL/hetero_lvgp/benchmark/results/griewank_2d/categorical_kernel/rahbo_a0.5/nrep03/seed23.npz,griewank_2d/categorical_kernel/rahbo_a0.5/nrep03/seed23
griewank_2d,categorical_kernel,rahbo,0.5,3,24,ok,50,/data/zhq7531/IDEAL/hetero_lvgp/benchmark/results/griewank_2d/categorical_kernel/rahbo_a0.5/nrep03/seed24.npz,griewank_2d/categorical_kernel/rahbo_a0.5/nrep03/seed24
griewank_2d,categorical_kernel,rahbo,0.5,3,25,ok,50,/data/zhq7531/IDEAL/hetero_lvgp/benchmark/results/griewank_2d/categorical_kernel/rahbo_a0.5/nrep03/seed25.npz,griewank_2d/categorical_kernel/rahbo_a0.5/nrep03/seed25
griewank_2d,categorical_kernel,rahbo,0.5,3,26,ok,50,/data/zhq7531/IDEAL/hetero_lvgp/benchmark/results/griewank_2d/categorical_kernel/rahbo_a0.5/nrep03/seed26.npz,griewank_2d/categorical_kernel/rahbo_a0.5/nrep03/seed26
griewank_2d,categorical_kernel,rahbo,0.5,3,27,ok,50,/data/zhq7531/IDEAL/hetero_lvgp/benchmark/results/griewank_2d/categorical_kernel/rahbo_a0.5/nrep03/seed27.npz,griewank_2d/categorical_kernel/rahbo_a0.5/nrep03/seed27
griewank_2d,categorical_kernel,rahbo,0.5,3,28,ok,50,/data/zhq7531/IDEAL/hetero_lvgp/benchmark/results/griewank_2d/categorical_kernel/rahbo_a0.5/nrep03/seed28.npz,griewank_2d/categorical_kernel/rahbo_a0.5/nrep03/seed28
griewank_2d,categorical_kernel,rahbo,0.5,3,29,ok,50,/data/zhq7531/IDEAL/hetero_lvgp/benchmark/results/griewank_2d/categorical_kernel/rahbo_a0.5/nrep03/seed29.npz,griewank_2d/categorical_kernel/rahbo_a0.5/nrep03/seed29
griewank_2d,categorical_kernel,rahbo,0.5,3,30,ok,50,/data/zhq7531/IDEAL/hetero_lvgp/benchmark/results/griewank_2d/categorical_kernel/rahbo_a0.5/nrep03/seed30.npz,griewank_2d/categorical_kernel/rahbo_a0.5/nrep03/seed30
griewank_2d,categorical_kernel,rahbo,0.5,10,1,ok,50,/data/zhq7531/IDEAL/hetero_lvgp/benchmark/results/griewank_2d/categorical_kernel/rahbo_a0.5/nrep10/seed01.npz,griewank_2d/categorical_kernel/rahbo_a0.5/nrep10/seed01
griewank_2d,categorical_kernel,rahbo,0.5,10,2,ok,50,/data/zhq7531/IDEAL/hetero_lvgp/benchmark/results/griewank_2d/categorical_kernel/rahbo_a0.5/nrep10/seed02.npz,griewank_2d/categorical_kernel/rahbo_a0.5/nrep10/seed02
griewank_2d,categorical_kernel,rahbo,0.5,10,3,ok,50,/data/zhq7531/IDEAL/hetero_lvgp/benchmark/results/griewank_2d/categorical_kernel/rahbo_a0.5/nrep10/seed03.npz,griewank_2d/categorical_kernel/rahbo_a0.5/nrep10/seed03
griewank_2d,categorical_kernel,rahbo,0.5,10,4,ok,50,/data/zhq7531/IDEAL/hetero_lvgp/benchmark/results/griewank_2d/categorical_kernel/rahbo_a0.5/nrep10/seed04.npz,griewank_2d/categorical_kernel/rahbo_a0.5/nrep10/seed04
griewank_2d,categorical_kernel,rahbo,0.5,10,5,ok,50,/data/zhq7531/IDEAL/hetero_lvgp/benchmark/results/griewank_2d/categorical_kernel/rahbo_a0.5/nrep10/seed05.npz,griewank_2d/categorical_kernel/rahbo_a0.5/nrep10/seed05
griewank_2d,categorical_kernel,rahbo,0.5,10,6,ok,50,/data/zhq7531/IDEAL/hetero_lvgp/benchmark/results/griewank_2d/categorical_kernel/rahbo_a0.5/nrep10/seed06.npz,griewank_2d/categorical_kernel/rahbo_a0.5/nrep10/seed06
griewank_2d,categorical_kernel,rahbo,0.5,10,7,ok,50,/data/zhq7531/IDEAL/hetero_lvgp/benchmark/results/griewank_2d/categorical_kernel/rahbo_a0.5/nrep10/seed07.npz,griewank_2d/categorical_kernel/rahbo_a0.5/nrep10/seed07
griewank_2d,categorical_kernel,rahbo,0.5,10,8,ok,50,/data/zhq7531/IDEAL/hetero_lvgp/benchmark/results/griewank_2d/categorical_kernel/rahbo_a0.5/nrep10/seed08.npz,griewank_2d/categorical_kernel/rahbo_a0.5/nrep10/seed08
griewank_2d,categorical_kernel,rahbo,0.5,10,9,ok,50,/data/zhq7531/IDEAL/hetero_lvgp/benchmark/results/griewank_2d/categorical_kernel/rahbo_a0.5/nrep10/seed09.npz,griewank_2d/categorical_kernel/rahbo_a0.5/nrep10/seed09
griewank_2d,categorical_kernel,rahbo,0.5,10,10,ok,50,/data/zhq7531/IDEAL/hetero_lvgp/benchmark/results/griewank_2d/categorical_kernel/rahbo_a0.5/nrep10/seed10.npz,griewank_2d/categorical_kernel/rahbo_a0.5/nrep10/seed10
griewank_2d,categorical_kernel,rahbo,0.5,10,11,ok,50,/data/zhq7531/IDEAL/hetero_lvgp/benchmark/results/griewank_2d/categorical_kernel/rahbo_a0.5/nrep10/seed11.npz,griewank_2d/categorical_kernel/rahbo_a0.5/nrep10/seed11
griewank_2d,categorical_kernel,rahbo,0.5,10,12,ok,50,/data/zhq7531/IDEAL/hetero_lvgp/benchmark/results/griewank_2d/categorical_kernel/rahbo_a0.5/nrep10/seed12.npz,griewank_2d/categorical_kernel/rahbo_a0.5/nrep10/seed12
griewank_2d,categorical_kernel,rahbo,0.5,10,13,ok,50,/data/zhq7531/IDEAL/hetero_lvgp/benchmark/results/griewank_2d/categorical_kernel/rahbo_a0.5/nrep10/seed13.npz,griewank_2d/categorical_kernel/rahbo_a0.5/nrep10/seed13
griewank_2d,categorical_kernel,rahbo,0.5,10,14,ok,50,/data/zhq7531/IDEAL/hetero_lvgp/benchmark/results/griewank_2d/categorical_kernel/rahbo_a0.5/nrep10/seed14.npz,griewank_2d/categorical_kernel/rahbo_a0.5/nrep10/seed14
griewank_2d,categorical_kernel,rahbo,0.5,10,15,ok,50,/data/zhq7531/IDEAL/hetero_lvgp/benchmark/results/griewank_2d/categorical_kernel/rahbo_a0.5/nrep10/seed15.npz,griewank_2d/categorical_kernel/rahbo_a0.5/nrep10/seed15
griewank_2d,categorical_kernel,rahbo,0.5,10,16,ok,50,/data/zhq7531/IDEAL/hetero_lvgp/benchmark/results/griewank_2d/categorical_kernel/rahbo_a0.5/nrep10/seed16.npz,griewank_2d/categorical_kernel/rahbo_a0.5/nrep10/seed16
griewank_2d,categorical_kernel,rahbo,0.5,10,17,ok,50,/data/zhq7531/IDEAL/hetero_lvgp/benchmark/results/griewank_2d/categorical_kernel/rahbo_a0.5/nrep10/seed17.npz,griewank_2d/categorical_kernel/rahbo_a0.5/nrep10/seed17
griewank_2d,categorical_kernel,rahbo,0.5,10,18,ok,50,/data/zhq7531/IDEAL/hetero_lvgp/benchmark/results/griewank_2d/categorical_kernel/rahbo_a0.5/nrep10/seed18.npz,griewank_2d/categorical_kernel/rahbo_a0.5/nrep10/seed18
griewank_2d,categorical_kernel,rahbo,0.5,10,19,ok,50,/data/zhq7531/IDEAL/hetero_lvgp/benchmark/results/griewank_2d/categorical_kernel/rahbo_a0.5/nrep10/seed19.npz,griewank_2d/categorical_kernel/rahbo_a0.5/nrep10/seed19
griewank_2d,categorical_kernel,rahbo,0.5,10,20,ok,50,/data/zhq7531/IDEAL/hetero_lvgp/benchmark/results/griewank_2d/categorical_kernel/rahbo_a0.5/nrep10/seed20.npz,griewank_2d/categorical_kernel/rahbo_a0.5/nrep10/seed20
griewank_2d,categorical_kernel,rahbo,0.5,10,21,ok,50,/data/zhq7531/IDEAL/hetero_lvgp/benchmark/results/griewank_2d/categorical_kernel/rahbo_a0.5/nrep10/seed21.npz,griewank_2d/categorical_kernel/rahbo_a0.5/nrep10/seed21
griewank_2d,categorical_kernel,rahbo,0.5,10,22,ok,50,/data/zhq7531/IDEAL/hetero_lvgp/benchmark/results/griewank_2d/categorical_kernel/rahbo_a0.5/nrep10/seed22.npz,griewank_2d/categorical_kernel/rahbo_a0.5/nrep10/seed22
griewank_2d,categorical_kernel,rahbo,0.5,10,23,ok,50,/data/zhq7531/IDEAL/hetero_lvgp/benchmark/results/griewank_2d/categorical_kernel/rahbo_a0.5/nrep10/seed23.npz,griewank_2d/categorical_kernel/rahbo_a0.5/nrep10/seed23
griewank_2d,categorical_kernel,rahbo,0.5,10,24,ok,50,/data/zhq7531/IDEAL/hetero_lvgp/benchmark/results/griewank_2d/categorical_kernel/rahbo_a0.5/nrep10/seed24.npz,griewank_2d/categorical_kernel/rahbo_a0.5/nrep10/seed24
griewank_2d,categorical_kernel,rahbo,0.5,10,25,ok,50,/data/zhq7531/IDEAL/hetero_lvgp/benchmark/results/griewank_2d/categorical_kernel/rahbo_a0.5/nrep10/seed25.npz,griewank_2d/categorical_kernel/rahbo_a0.5/nrep10/seed25
griewank_2d,categorical_kernel,rahbo,0.5,10,26,ok,50,/data/zhq7531/IDEAL/hetero_lvgp/benchmark/results/griewank_2d/categorical_kernel/rahbo_a0.5/nrep10/seed26.npz,griewank_2d/categorical_kernel/rahbo_a0.5/nrep10/seed26
griewank_2d,categorical_kernel,rahbo,0.5,10,27,ok,50,/data/zhq7531/IDEAL/hetero_lvgp/benchmark/results/griewank_2d/categorical_kernel/rahbo_a0.5/nrep10/seed27.npz,griewank_2d/categorical_kernel/rahbo_a0.5/nrep10/seed27
griewank_2d,categorical_kernel,rahbo,0.5,10,28,ok,50,/data/zhq7531/IDEAL/hetero_lvgp/benchmark/results/griewank_2d/categorical_kernel/rahbo_a0.5/nrep10/seed28.npz,griewank_2d/categorical_kernel/rahbo_a0.5/nrep10/seed28
griewank_2d,categorical_kernel,rahbo,0.5,10,29,ok,50,/data/zhq7531/IDEAL/hetero_lvgp/benchmark/results/griewank_2d/categorical_kernel/rahbo_a0.5/nrep10/seed29.npz,griewank_2d/categorical_kernel/rahbo_a0.5/nrep10/seed29
griewank_2d,categorical_kernel,rahbo,0.5,10,30,ok,50,/data/zhq7531/IDEAL/hetero_lvgp/benchmark/results/griewank_2d/categorical_kernel/rahbo_a0.5/nrep10/seed30.npz,griewank_2d/categorical_kernel/rahbo_a0.5/nrep10/seed30
griewank_2d,standard_LVGP,lcb,,3,1,ok,50,/data/zhq7531/IDEAL/hetero_lvgp/benchmark/results/griewank_2d/standard_LVGP/lcb/nrep03/seed01.mat,griewank_2d/standard_LVGP/lcb/nrep03/seed01
griewank_2d,standard_LVGP,lcb,,3,2,ok,50,/data/zhq7531/IDEAL/hetero_lvgp/benchmark/results/griewank_2d/standard_LVGP/lcb/nrep03/seed02.mat,griewank_2d/standard_LVGP/lcb/nrep03/seed02
griewank_2d,standard_LVGP,lcb,,3,3,ok,50,/data/zhq7531/IDEAL/hetero_lvgp/benchmark/results/griewank_2d/standard_LVGP/lcb/nrep03/seed03.mat,griewank_2d/standard_LVGP/lcb/nrep03/seed03
griewank_2d,standard_LVGP,lcb,,3,4,ok,50,/data/zhq7531/IDEAL/hetero_lvgp/benchmark/results/griewank_2d/standard_LVGP/lcb/nrep03/seed04.mat,griewank_2d/standard_LVGP/lcb/nrep03/seed04
griewank_2d,standard_LVGP,lcb,,3,5,ok,50,/data/zhq7531/IDEAL/hetero_lvgp/benchmark/results/griewank_2d/standard_LVGP/lcb/nrep03/seed05.mat,griewank_2d/standard_LVGP/lcb/nrep03/seed05
griewank_2d,standard_LVGP,lcb,,3,6,ok,50,/data/zhq7531/IDEAL/hetero_lvgp/benchmark/results/griewank_2d/standard_LVGP/lcb/nrep03/seed06.mat,griewank_2d/standard_LVGP/lcb/nrep03/seed06
griewank_2d,standard_LVGP,lcb,,3,7,ok,50,/data/zhq7531/IDEAL/hetero_lvgp/benchmark/results/griewank_2d/standard_LVGP/lcb/nrep03/seed07.mat,griewank_2d/standard_LVGP/lcb/nrep03/seed07
griewank_2d,standard_LVGP,lcb,,3,8,ok,50,/data/zhq7531/IDEAL/hetero_lvgp/benchmark/results/griewank_2d/standard_LVGP/lcb/nrep03/seed08.mat,griewank_2d/standard_LVGP/lcb/nrep03/seed08
griewank_2d,standard_LVGP,lcb,,3,9,ok,50,/data/zhq7531/IDEAL/hetero_lvgp/benchmark/results/griewank_2d/standard_LVGP/lcb/nrep03/seed09.mat,griewank_2d/standard_LVGP/lcb/nrep03/seed09
griewank_2d,standard_LVGP,lcb,,3,10,ok,50,/data/zhq7531/IDEAL/hetero_lvgp/benchmark/results/griewank_2d/standard_LVGP/lcb/nrep03/seed10.mat,griewank_2d/standard_LVGP/lcb/nrep03/seed10
griewank_2d,standard_LVGP,lcb,,3,11,ok,50,/data/zhq7531/IDEAL/hetero_lvgp/benchmark/results/griewank_2d/standard_LVGP/lcb/nrep03/seed11.mat,griewank_2d/standard_LVGP/lcb/nrep03/seed11
griewank_2d,standard_LVGP,lcb,,3,12,ok,50,/data/zhq7531/IDEAL/hetero_lvgp/benchmark/results/griewank_2d/standard_LVGP/lcb/nrep03/seed12.mat,griewank_2d/standard_LVGP/lcb/nrep03/seed12
griewank_2d,standard_LVGP,lcb,,3,13,ok,50,/data/zhq7531/IDEAL/hetero_lvgp/benchmark/results/griewank_2d/standard_LVGP/lcb/nrep03/seed13.mat,griewank_2d/standard_LVGP/lcb/nrep03/seed13
griewank_2d,standard_LVGP,lcb,,3,14,ok,50,/data/zhq7531/IDEAL/hetero_lvgp/benchmark/results/griewank_2d/standard_LVGP/lcb/nrep03/seed14.mat,griewank_2d/standard_LVGP/lcb/nrep03/seed14
griewank_2d,standard_LVGP,lcb,,3,15,ok,50,/data/zhq7531/IDEAL/hetero_lvgp/benchmark/results/griewank_2d/standard_LVGP/lcb/nrep03/seed15.mat,griewank_2d/standard_LVGP/lcb/nrep03/seed15
griewank_2d,standard_LVGP,lcb,,3,16,ok,50,/data/zhq7531/IDEAL/hetero_lvgp/benchmark/results/griewank_2d/standard_LVGP/lcb/nrep03/seed16.mat,griewank_2d/standard_LVGP/lcb/nrep03/seed16
griewank_2d,standard_LVGP,lcb,,3,17,ok,50,/data/zhq7531/IDEAL/hetero_lvgp/benchmark/results/griewank_2d/standard_LVGP/lcb/nrep03/seed17.mat,griewank_2d/standard_LVGP/lcb/nrep03/seed17
griewank_2d,standard_LVGP,lcb,,3,18,ok,50,/data/zhq7531/IDEAL/hetero_lvgp/benchmark/results/griewank_2d/standard_LVGP/lcb/nrep03/seed18.mat,griewank_2d/standard_LVGP/lcb/nrep03/seed18
griewank_2d,standard_LVGP,lcb,,3,19,ok,50,/data/zhq7531/IDEAL/hetero_lvgp/benchmark/results/griewank_2d/standard_LVGP/lcb/nrep03/seed19.mat,griewank_2d/standard_LVGP/lcb/nrep03/seed19
griewank_2d,standard_LVGP,lcb,,3,20,ok,50,/data/zhq7531/IDEAL/hetero_lvgp/benchmark/results/griewank_2d/standard_LVGP/lcb/nrep03/seed20.mat,griewank_2d/standard_LVGP/lcb/nrep03/seed20
griewank_2d,standard_LVGP,lcb,,3,21,ok,50,/data/zhq7531/IDEAL/hetero_lvgp/benchmark/results/griewank_2d/standard_LVGP/lcb/nrep03/seed21.mat,griewank_2d/standard_LVGP/lcb/nrep03/seed21
griewank_2d,standard_LVGP,lcb,,3,22,ok,50,/data/zhq7531/IDEAL/hetero_lvgp/benchmark/results/griewank_2d/standard_LVGP/lcb/nrep03/seed22.mat,griewank_2d/standard_LVGP/lcb/nrep03/seed22
griewank_2d,standard_LVGP,lcb,,3,23,ok,50,/data/zhq7531/IDEAL/hetero_lvgp/benchmark/results/griewank_2d/standard_LVGP/lcb/nrep03/seed23.mat,griewank_2d/standard_LVGP/lcb/nrep03/seed23
griewank_2d,standard_LVGP,lcb,,3,24,ok,50,/data/zhq7531/IDEAL/hetero_lvgp/benchmark/results/griewank_2d/standard_LVGP/lcb/nrep03/seed24.mat,griewank_2d/standard_LVGP/lcb/nrep03/seed24
griewank_2d,standard_LVGP,lcb,,3,25,ok,50,/data/zhq7531/IDEAL/hetero_lvgp/benchmark/results/griewank_2d/standard_LVGP/lcb/nrep03/seed25.mat,griewank_2d/standard_LVGP/lcb/nrep03/seed25
griewank_2d,standard_LVGP,lcb,,3,26,ok,50,/data/zhq7531/IDEAL/hetero_lvgp/benchmark/results/griewank_2d/standard_LVGP/lcb/nrep03/seed26.mat,griewank_2d/standard_LVGP/lcb/nrep03/seed26
griewank_2d,standard_LVGP,lcb,,3,27,ok,50,/data/zhq7531/IDEAL/hetero_lvgp/benchmark/results/griewank_2d/standard_LVGP/lcb/nrep03/seed27.mat,griewank_2d/standard_LVGP/lcb/nrep03/seed27
griewank_2d,standard_LVGP,lcb,,3,28,ok,50,/data/zhq7531/IDEAL/hetero_lvgp/benchmark/results/griewank_2d/standard_LVGP/lcb/nrep03/seed28.mat,griewank_2d/standard_LVGP/lcb/nrep03/seed28
griewank_2d,standard_LVGP,lcb,,3,29,ok,50,/data/zhq7531/IDEAL/hetero_lvgp/benchmark/results/griewank_2d/standard_LVGP/lcb/nrep03/seed29.mat,griewank_2d/standard_LVGP/lcb/nrep03/seed29
griewank_2d,standard_LVGP,lcb,,3,30,ok,50,/data/zhq7531/IDEAL/hetero_lvgp/benchmark/results/griewank_2d/standard_LVGP/lcb/nrep03/seed30.mat,griewank_2d/standard_LVGP/lcb/nrep03/seed30
griewank_2d,standard_LVGP,lcb,,10,1,ok,50,/data/zhq7531/IDEAL/hetero_lvgp/benchmark/results/griewank_2d/standard_LVGP/lcb/nrep10/seed01.mat,griewank_2d/standard_LVGP/lcb/nrep10/seed01
griewank_2d,standard_LVGP,lcb,,10,2,ok,50,/data/zhq7531/IDEAL/hetero_lvgp/benchmark/results/griewank_2d/standard_LVGP/lcb/nrep10/seed02.mat,griewank_2d/standard_LVGP/lcb/nrep10/seed02
griewank_2d,standard_LVGP,lcb,,10,3,ok,50,/data/zhq7531/IDEAL/hetero_lvgp/benchmark/results/griewank_2d/standard_LVGP/lcb/nrep10/seed03.mat,griewank_2d/standard_LVGP/lcb/nrep10/seed03
griewank_2d,standard_LVGP,lcb,,10,4,ok,50,/data/zhq7531/IDEAL/hetero_lvgp/benchmark/results/griewank_2d/standard_LVGP/lcb/nrep10/seed04.mat,griewank_2d/standard_LVGP/lcb/nrep10/seed04
griewank_2d,standard_LVGP,lcb,,10,5,ok,50,/data/zhq7531/IDEAL/hetero_lvgp/benchmark/results/griewank_2d/standard_LVGP/lcb/nrep10/seed05.mat,griewank_2d/standard_LVGP/lcb/nrep10/seed05
griewank_2d,standard_LVGP,lcb,,10,6,ok,50,/data/zhq7531/IDEAL/hetero_lvgp/benchmark/results/griewank_2d/standard_LVGP/lcb/nrep10/seed06.mat,griewank_2d/standard_LVGP/lcb/nrep10/seed06
griewank_2d,standard_LVGP,lcb,,10,7,ok,50,/data/zhq7531/IDEAL/hetero_lvgp/benchmark/results/griewank_2d/standard_LVGP/lcb/nrep10/seed07.mat,griewank_2d/standard_LVGP/lcb/nrep10/seed07
griewank_2d,standard_LVGP,lcb,,10,8,ok,50,/data/zhq7531/IDEAL/hetero_lvgp/benchmark/results/griewank_2d/standard_LVGP/lcb/nrep10/seed08.mat,griewank_2d/standard_LVGP/lcb/nrep10/seed08
griewank_2d,standard_LVGP,lcb,,10,9,ok,50,/data/zhq7531/IDEAL/hetero_lvgp/benchmark/results/griewank_2d/standard_LVGP/lcb/nrep10/seed09.mat,griewank_2d/standard_LVGP/lcb/nrep10/seed09
griewank_2d,standard_LVGP,lcb,,10,10,ok,50,/data/zhq7531/IDEAL/hetero_lvgp/benchmark/results/griewank_2d/standard_LVGP/lcb/nrep10/seed10.mat,griewank_2d/standard_LVGP/lcb/nrep10/seed10
griewank_2d,standard_LVGP,lcb,,10,11,ok,50,/data/zhq7531/IDEAL/hetero_lvgp/benchmark/results/griewank_2d/standard_LVGP/lcb/nrep10/seed11.mat,griewank_2d/standard_LVGP/lcb/nrep10/seed11
griewank_2d,standard_LVGP,lcb,,10,12,ok,50,/data/zhq7531/IDEAL/hetero_lvgp/benchmark/results/griewank_2d/standard_LVGP/lcb/nrep10/seed12.mat,griewank_2d/standard_LVGP/lcb/nrep10/seed12
griewank_2d,standard_LVGP,lcb,,10,13,ok,50,/data/zhq7531/IDEAL/hetero_lvgp/benchmark/results/griewank_2d/standard_LVGP/lcb/nrep10/seed13.mat,griewank_2d/standard_LVGP/lcb/nrep10/seed13
griewank_2d,standard_LVGP,lcb,,10,14,ok,50,/data/zhq7531/IDEAL/hetero_lvgp/benchmark/results/griewank_2d/standard_LVGP/lcb/nrep10/seed14.mat,griewank_2d/standard_LVGP/lcb/nrep10/seed14
griewank_2d,standard_LVGP,lcb,,10,15,ok,50,/data/zhq7531/IDEAL/hetero_lvgp/benchmark/results/griewank_2d/standard_LVGP/lcb/nrep10/seed15.mat,griewank_2d/standard_LVGP/lcb/nrep10/seed15
griewank_2d,standard_LVGP,lcb,,10,16,ok,50,/data/zhq7531/IDEAL/hetero_lvgp/benchmark/results/griewank_2d/standard_LVGP/lcb/nrep10/seed16.mat,griewank_2d/standard_LVGP/lcb/nrep10/seed16
griewank_2d,standard_LVGP,lcb,,10,17,ok,50,/data/zhq7531/IDEAL/hetero_lvgp/benchmark/results/griewank_2d/standard_LVGP/lcb/nrep10/seed17.mat,griewank_2d/standard_LVGP/lcb/nrep10/seed17
griewank_2d,standard_LVGP,lcb,,10,18,ok,50,/data/zhq7531/IDEAL/hetero_lvgp/benchmark/results/griewank_2d/standard_LVGP/lcb/nrep10/seed18.mat,griewank_2d/standard_LVGP/lcb/nrep10/seed18
griewank_2d,standard_LVGP,lcb,,10,19,ok,50,/data/zhq7531/IDEAL/hetero_lvgp/benchmark/results/griewank_2d/standard_LVGP/lcb/nrep10/seed19.mat,griewank_2d/standard_LVGP/lcb/nrep10/seed19
griewank_2d,standard_LVGP,lcb,,10,20,ok,50,/data/zhq7531/IDEAL/hetero_lvgp/benchmark/results/griewank_2d/standard_LVGP/lcb/nrep10/seed20.mat,griewank_2d/standard_LVGP/lcb/nrep10/seed20
griewank_2d,standard_LVGP,lcb,,10,21,ok,50,/data/zhq7531/IDEAL/hetero_lvgp/benchmark/results/griewank_2d/standard_LVGP/lcb/nrep10/seed21.mat,griewank_2d/standard_LVGP/lcb/nrep10/seed21
griewank_2d,standard_LVGP,lcb,,10,22,ok,50,/data/zhq7531/IDEAL/hetero_lvgp/benchmark/results/griewank_2d/standard_LVGP/lcb/nrep10/seed22.mat,griewank_2d/standard_LVGP/lcb/nrep10/seed22
griewank_2d,standard_LVGP,lcb,,10,23,ok,50,/data/zhq7531/IDEAL/hetero_lvgp/benchmark/results/griewank_2d/standard_LVGP/lcb/nrep10/seed23.mat,griewank_2d/standard_LVGP/lcb/nrep10/seed23
griewank_2d,standard_LVGP,lcb,,10,24,ok,50,/data/zhq7531/IDEAL/hetero_lvgp/benchmark/results/griewank_2d/standard_LVGP/lcb/nrep10/seed24.mat,griewank_2d/standard_LVGP/lcb/nrep10/seed24
griewank_2d,standard_LVGP,lcb,,10,25,ok,50,/data/zhq7531/IDEAL/hetero_lvgp/benchmark/results/griewank_2d/standard_LVGP/lcb/nrep10/seed25.mat,griewank_2d/standard_LVGP/lcb/nrep10/seed25
griewank_2d,standard_LVGP,lcb,,10,26,ok,50,/data/zhq7531/IDEAL/hetero_lvgp/benchmark/results/griewank_2d/standard_LVGP/lcb/nrep10/seed26.mat,griewank_2d/standard_LVGP/lcb/nrep10/seed26
griewank_2d,standard_LVGP,lcb,,10,27,ok,50,/data/zhq7531/IDEAL/hetero_lvgp/benchmark/results/griewank_2d/standard_LVGP/lcb/nrep10/seed27.mat,griewank_2d/standard_LVGP/lcb/nrep10/seed27
griewank_2d,standard_LVGP,lcb,,10,28,ok,50,/data/zhq7531/IDEAL/hetero_lvgp/benchmark/results/griewank_2d/standard_LVGP/lcb/nrep10/seed28.mat,griewank_2d/standard_LVGP/lcb/nrep10/seed28
griewank_2d,standard_LVGP,lcb,,10,29,ok,50,/data/zhq7531/IDEAL/hetero_lvgp/benchmark/results/griewank_2d/standard_LVGP/lcb/nrep10/seed29.mat,griewank_2d/standard_LVGP/lcb/nrep10/seed29
griewank_2d,standard_LVGP,lcb,,10,30,ok,50,/data/zhq7531/IDEAL/hetero_lvgp/benchmark/results/griewank_2d/standard_LVGP/lcb/nrep10/seed30.mat,griewank_2d/standard_LVGP/lcb/nrep10/seed30
griewank_2d,standard_LVGP,pi,,3,1,ok,50,/data/zhq7531/IDEAL/hetero_lvgp/benchmark/results/griewank_2d/standard_LVGP/pi/nrep03/seed01.mat,griewank_2d/standard_LVGP/pi/nrep03/seed01
griewank_2d,standard_LVGP,pi,,3,2,ok,50,/data/zhq7531/IDEAL/hetero_lvgp/benchmark/results/griewank_2d/standard_LVGP/pi/nrep03/seed02.mat,griewank_2d/standard_LVGP/pi/nrep03/seed02
griewank_2d,standard_LVGP,pi,,3,3,ok,50,/data/zhq7531/IDEAL/hetero_lvgp/benchmark/results/griewank_2d/standard_LVGP/pi/nrep03/seed03.mat,griewank_2d/standard_LVGP/pi/nrep03/seed03
griewank_2d,standard_LVGP,pi,,3,4,ok,50,/data/zhq7531/IDEAL/hetero_lvgp/benchmark/results/griewank_2d/standard_LVGP/pi/nrep03/seed04.mat,griewank_2d/standard_LVGP/pi/nrep03/seed04
griewank_2d,standard_LVGP,pi,,3,5,ok,50,/data/zhq7531/IDEAL/hetero_lvgp/benchmark/results/griewank_2d/standard_LVGP/pi/nrep03/seed05.mat,griewank_2d/standard_LVGP/pi/nrep03/seed05
griewank_2d,standard_LVGP,pi,,3,6,ok,50,/data/zhq7531/IDEAL/hetero_lvgp/benchmark/results/griewank_2d/standard_LVGP/pi/nrep03/seed06.mat,griewank_2d/standard_LVGP/pi/nrep03/seed06
griewank_2d,standard_LVGP,pi,,3,7,ok,50,/data/zhq7531/IDEAL/hetero_lvgp/benchmark/results/griewank_2d/standard_LVGP/pi/nrep03/seed07.mat,griewank_2d/standard_LVGP/pi/nrep03/seed07
griewank_2d,standard_LVGP,pi,,3,8,ok,50,/data/zhq7531/IDEAL/hetero_lvgp/benchmark/results/griewank_2d/standard_LVGP/pi/nrep03/seed08.mat,griewank_2d/standard_LVGP/pi/nrep03/seed08
griewank_2d,standard_LVGP,pi,,3,9,ok,50,/data/zhq7531/IDEAL/hetero_lvgp/benchmark/results/griewank_2d/standard_LVGP/pi/nrep03/seed09.mat,griewank_2d/standard_LVGP/pi/nrep03/seed09
griewank_2d,standard_LVGP,pi,,3,10,ok,50,/data/zhq7531/IDEAL/hetero_lvgp/benchmark/results/griewank_2d/standard_LVGP/pi/nrep03/seed10.mat,griewank_2d/standard_LVGP/pi/nrep03/seed10
griewank_2d,standard_LVGP,pi,,3,11,ok,50,/data/zhq7531/IDEAL/hetero_lvgp/benchmark/results/griewank_2d/standard_LVGP/pi/nrep03/seed11.mat,griewank_2d/standard_LVGP/pi/nrep03/seed11
griewank_2d,standard_LVGP,pi,,3,12,ok,50,/data/zhq7531/IDEAL/hetero_lvgp/benchmark/results/griewank_2d/standard_LVGP/pi/nrep03/seed12.mat,griewank_2d/standard_LVGP/pi/nrep03/seed12
griewank_2d,standard_LVGP,pi,,3,13,ok,50,/data/zhq7531/IDEAL/hetero_lvgp/benchmark/results/griewank_2d/standard_LVGP/pi/nrep03/seed13.mat,griewank_2d/standard_LVGP/pi/nrep03/seed13
griewank_2d,standard_LVGP,pi,,3,14,ok,50,/data/zhq7531/IDEAL/hetero_lvgp/benchmark/results/griewank_2d/standard_LVGP/pi/nrep03/seed14.mat,griewank_2d/standard_LVGP/pi/nrep03/seed14
griewank_2d,standard_LVGP,pi,,3,15,ok,50,/data/zhq7531/IDEAL/hetero_lvgp/benchmark/results/griewank_2d/standard_LVGP/pi/nrep03/seed15.mat,griewank_2d/standard_LVGP/pi/nrep03/seed15
griewank_2d,standard_LVGP,pi,,3,16,ok,50,/data/zhq7531/IDEAL/hetero_lvgp/benchmark/results/griewank_2d/standard_LVGP/pi/nrep03/seed16.mat,griewank_2d/standard_LVGP/pi/nrep03/seed16
griewank_2d,standard_LVGP,pi,,3,17,ok,50,/data/zhq7531/IDEAL/hetero_lvgp/benchmark/results/griewank_2d/standard_LVGP/pi/nrep03/seed17.mat,griewank_2d/standard_LVGP/pi/nrep03/seed17
griewank_2d,standard_LVGP,pi,,3,18,ok,50,/data/zhq7531/IDEAL/hetero_lvgp/benchmark/results/griewank_2d/standard_LVGP/pi/nrep03/seed18.mat,griewank_2d/standard_LVGP/pi/nrep03/seed18
griewank_2d,standard_LVGP,pi,,3,19,ok,50,/data/zhq7531/IDEAL/hetero_lvgp/benchmark/results/griewank_2d/standard_LVGP/pi/nrep03/seed19.mat,griewank_2d/standard_LVGP/pi/nrep03/seed19
griewank_2d,standard_LVGP,pi,,3,20,ok,50,/data/zhq7531/IDEAL/hetero_lvgp/benchmark/results/griewank_2d/standard_LVGP/pi/nrep03/seed20.mat,griewank_2d/standard_LVGP/pi/nrep03/seed20
griewank_2d,standard_LVGP,pi,,3,21,ok,50,/data/zhq7531/IDEAL/hetero_lvgp/benchmark/results/griewank_2d/standard_LVGP/pi/nrep03/seed21.mat,griewank_2d/standard_LVGP/pi/nrep03/seed21
griewank_2d,standard_LVGP,pi,,3,22,ok,50,/data/zhq7531/IDEAL/hetero_lvgp/benchmark/results/griewank_2d/standard_LVGP/pi/nrep03/seed22.mat,griewank_2d/standard_LVGP/pi/nrep03/seed22
griewank_2d,standard_LVGP,pi,,3,23,ok,50,/data/zhq7531/IDEAL/hetero_lvgp/benchmark/results/griewank_2d/standard_LVGP/pi/nrep03/seed23.mat,griewank_2d/standard_LVGP/pi/nrep03/seed23
griewank_2d,standard_LVGP,pi,,3,24,ok,50,/data/zhq7531/IDEAL/hetero_lvgp/benchmark/results/griewank_2d/standard_LVGP/pi/nrep03/seed24.mat,griewank_2d/standard_LVGP/pi/nrep03/seed24
griewank_2d,standard_LVGP,pi,,3,25,ok,50,/data/zhq7531/IDEAL/hetero_lvgp/benchmark/results/griewank_2d/standard_LVGP/pi/nrep03/seed25.mat,griewank_2d/standard_LVGP/pi/nrep03/seed25
griewank_2d,standard_LVGP,pi,,3,26,ok,50,/data/zhq7531/IDEAL/hetero_lvgp/benchmark/results/griewank_2d/standard_LVGP/pi/nrep03/seed26.mat,griewank_2d/standard_LVGP/pi/nrep03/seed26
griewank_2d,standard_LVGP,pi,,3,27,ok,50,/data/zhq7531/IDEAL/hetero_lvgp/benchmark/results/griewank_2d/standard_LVGP/pi/nrep03/seed27.mat,griewank_2d/standard_LVGP/pi/nrep03/seed27
griewank_2d,standard_LVGP,pi,,3,28,ok,50,/data/zhq7531/IDEAL/hetero_lvgp/benchmark/results/griewank_2d/standard_LVGP/pi/nrep03/seed28.mat,griewank_2d/standard_LVGP/pi/nrep03/seed28
griewank_2d,standard_LVGP,pi,,3,29,ok,50,/data/zhq7531/IDEAL/hetero_lvgp/benchmark/results/griewank_2d/standard_LVGP/pi/nrep03/seed29.mat,griewank_2d/standard_LVGP/pi/nrep03/seed29
griewank_2d,standard_LVGP,pi,,3,30,ok,50,/data/zhq7531/IDEAL/hetero_lvgp/benchmark/results/griewank_2d/standard_LVGP/pi/nrep03/seed30.mat,griewank_2d/standard_LVGP/pi/nrep03/seed30
griewank_2d,standard_LVGP,pi,,10,1,ok,50,/data/zhq7531/IDEAL/hetero_lvgp/benchmark/results/griewank_2d/standard_LVGP/pi/nrep10/seed01.mat,griewank_2d/standard_LVGP/pi/nrep10/seed01
griewank_2d,standard_LVGP,pi,,10,2,ok,50,/data/zhq7531/IDEAL/hetero_lvgp/benchmark/results/griewank_2d/standard_LVGP/pi/nrep10/seed02.mat,griewank_2d/standard_LVGP/pi/nrep10/seed02
griewank_2d,standard_LVGP,pi,,10,3,ok,50,/data/zhq7531/IDEAL/hetero_lvgp/benchmark/results/griewank_2d/standard_LVGP/pi/nrep10/seed03.mat,griewank_2d/standard_LVGP/pi/nrep10/seed03
griewank_2d,standard_LVGP,pi,,10,4,ok,50,/data/zhq7531/IDEAL/hetero_lvgp/benchmark/results/griewank_2d/standard_LVGP/pi/nrep10/seed04.mat,griewank_2d/standard_LVGP/pi/nrep10/seed04
griewank_2d,standard_LVGP,pi,,10,5,ok,50,/data/zhq7531/IDEAL/hetero_lvgp/benchmark/results/griewank_2d/standard_LVGP/pi/nrep10/seed05.mat,griewank_2d/standard_LVGP/pi/nrep10/seed05
griewank_2d,standard_LVGP,pi,,10,6,ok,50,/data/zhq7531/IDEAL/hetero_lvgp/benchmark/results/griewank_2d/standard_LVGP/pi/nrep10/seed06.mat,griewank_2d/standard_LVGP/pi/nrep10/seed06
griewank_2d,standard_LVGP,pi,,10,7,ok,50,/data/zhq7531/IDEAL/hetero_lvgp/benchmark/results/griewank_2d/standard_LVGP/pi/nrep10/seed07.mat,griewank_2d/standard_LVGP/pi/nrep10/seed07
griewank_2d,standard_LVGP,pi,,10,8,ok,50,/data/zhq7531/IDEAL/hetero_lvgp/benchmark/results/griewank_2d/standard_LVGP/pi/nrep10/seed08.mat,griewank_2d/standard_LVGP/pi/nrep10/seed08
griewank_2d,standard_LVGP,pi,,10,9,ok,50,/data/zhq7531/IDEAL/hetero_lvgp/benchmark/results/griewank_2d/standard_LVGP/pi/nrep10/seed09.mat,griewank_2d/standard_LVGP/pi/nrep10/seed09
griewank_2d,standard_LVGP,pi,,10,10,ok,50,/data/zhq7531/IDEAL/hetero_lvgp/benchmark/results/griewank_2d/standard_LVGP/pi/nrep10/seed10.mat,griewank_2d/standard_LVGP/pi/nrep10/seed10
griewank_2d,standard_LVGP,pi,,10,11,ok,50,/data/zhq7531/IDEAL/hetero_lvgp/benchmark/results/griewank_2d/standard_LVGP/pi/nrep10/seed11.mat,griewank_2d/standard_LVGP/pi/nrep10/seed11
griewank_2d,standard_LVGP,pi,,10,12,ok,50,/data/zhq7531/IDEAL/hetero_lvgp/benchmark/results/griewank_2d/standard_LVGP/pi/nrep10/seed12.mat,griewank_2d/standard_LVGP/pi/nrep10/seed12
griewank_2d,standard_LVGP,pi,,10,13,ok,50,/data/zhq7531/IDEAL/hetero_lvgp/benchmark/results/griewank_2d/standard_LVGP/pi/nrep10/seed13.mat,griewank_2d/standard_LVGP/pi/nrep10/seed13
griewank_2d,standard_LVGP,pi,,10,14,ok,50,/data/zhq7531/IDEAL/hetero_lvgp/benchmark/results/griewank_2d/standard_LVGP/pi/nrep10/seed14.mat,griewank_2d/standard_LVGP/pi/nrep10/seed14
griewank_2d,standard_LVGP,pi,,10,15,ok,50,/data/zhq7531/IDEAL/hetero_lvgp/benchmark/results/griewank_2d/standard_LVGP/pi/nrep10/seed15.mat,griewank_2d/standard_LVGP/pi/nrep10/seed15
griewank_2d,standard_LVGP,pi,,10,16,ok,50,/data/zhq7531/IDEAL/hetero_lvgp/benchmark/results/griewank_2d/standard_LVGP/pi/nrep10/seed16.mat,griewank_2d/standard_LVGP/pi/nrep10/seed16
griewank_2d,standard_LVGP,pi,,10,17,ok,50,/data/zhq7531/IDEAL/hetero_lvgp/benchmark/results/griewank_2d/standard_LVGP/pi/nrep10/seed17.mat,griewank_2d/standard_LVGP/pi/nrep10/seed17
griewank_2d,standard_LVGP,pi,,10,18,ok,50,/data/zhq7531/IDEAL/hetero_lvgp/benchmark/results/griewank_2d/standard_LVGP/pi/nrep10/seed18.mat,griewank_2d/standard_LVGP/pi/nrep10/seed18
griewank_2d,standard_LVGP,pi,,10,19,ok,50,/data/zhq7531/IDEAL/hetero_lvgp/benchmark/results/griewank_2d/standard_LVGP/pi/nrep10/seed19.mat,griewank_2d/standard_LVGP/pi/nrep10/seed19
griewank_2d,standard_LVGP,pi,,10,20,ok,50,/data/zhq7531/IDEAL/hetero_lvgp/benchmark/results/griewank_2d/standard_LVGP/pi/nrep10/seed20.mat,griewank_2d/standard_LVGP/pi/nrep10/seed20
griewank_2d,standard_LVGP,pi,,10,21,ok,50,/data/zhq7531/IDEAL/hetero_lvgp/benchmark/results/griewank_2d/standard_LVGP/pi/nrep10/seed21.mat,griewank_2d/standard_LVGP/pi/nrep10/seed21
griewank_2d,standard_LVGP,pi,,10,22,ok,50,/data/zhq7531/IDEAL/hetero_lvgp/benchmark/results/griewank_2d/standard_LVGP/pi/nrep10/seed22.mat,griewank_2d/standard_LVGP/pi/nrep10/seed22
griewank_2d,standard_LVGP,pi,,10,23,ok,50,/data/zhq7531/IDEAL/hetero_lvgp/benchmark/results/griewank_2d/standard_LVGP/pi/nrep10/seed23.mat,griewank_2d/standard_LVGP/pi/nrep10/seed23
griewank_2d,standard_LVGP,pi,,10,24,ok,50,/data/zhq7531/IDEAL/hetero_lvgp/benchmark/results/griewank_2d/standard_LVGP/pi/nrep10/seed24.mat,griewank_2d/standard_LVGP/pi/nrep10/seed24
griewank_2d,standard_LVGP,pi,,10,25,ok,50,/data/zhq7531/IDEAL/hetero_lvgp/benchmark/results/griewank_2d/standard_LVGP/pi/nrep10/seed25.mat,griewank_2d/standard_LVGP/pi/nrep10/seed25
griewank_2d,standard_LVGP,pi,,10,26,ok,50,/data/zhq7531/IDEAL/hetero_lvgp/benchmark/results/griewank_2d/standard_LVGP/pi/nrep10/seed26.mat,griewank_2d/standard_LVGP/pi/nrep10/seed26
griewank_2d,standard_LVGP,pi,,10,27,ok,50,/data/zhq7531/IDEAL/hetero_lvgp/benchmark/results/griewank_2d/standard_LVGP/pi/nrep10/seed27.mat,griewank_2d/standard_LVGP/pi/nrep10/seed27
griewank_2d,standard_LVGP,pi,,10,28,ok,50,/data/zhq7531/IDEAL/hetero_lvgp/benchmark/results/griewank_2d/standard_LVGP/pi/nrep10/seed28.mat,griewank_2d/standard_LVGP/pi/nrep10/seed28
griewank_2d,standard_LVGP,pi,,10,29,ok,50,/data/zhq7531/IDEAL/hetero_lvgp/benchmark/results/griewank_2d/standard_LVGP/pi/nrep10/seed29.mat,griewank_2d/standard_LVGP/pi/nrep10/seed29
griewank_2d,standard_LVGP,pi,,10,30,ok,50,/data/zhq7531/IDEAL/hetero_lvgp/benchmark/results/griewank_2d/standard_LVGP/pi/nrep10/seed30.mat,griewank_2d/standard_LVGP/pi/nrep10/seed30
griewank_2d,standard_LVGP,ei,,3,1,ok,50,/data/zhq7531/IDEAL/hetero_lvgp/benchmark/results/griewank_2d/standard_LVGP/ei/nrep03/seed01.mat,griewank_2d/standard_LVGP/ei/nrep03/seed01
griewank_2d,standard_LVGP,ei,,3,2,ok,50,/data/zhq7531/IDEAL/hetero_lvgp/benchmark/results/griewank_2d/standard_LVGP/ei/nrep03/seed02.mat,griewank_2d/standard_LVGP/ei/nrep03/seed02
griewank_2d,standard_LVGP,ei,,3,3,ok,50,/data/zhq7531/IDEAL/hetero_lvgp/benchmark/results/griewank_2d/standard_LVGP/ei/nrep03/seed03.mat,griewank_2d/standard_LVGP/ei/nrep03/seed03
griewank_2d,standard_LVGP,ei,,3,4,ok,50,/data/zhq7531/IDEAL/hetero_lvgp/benchmark/results/griewank_2d/standard_LVGP/ei/nrep03/seed04.mat,griewank_2d/standard_LVGP/ei/nrep03/seed04
griewank_2d,standard_LVGP,ei,,3,5,ok,50,/data/zhq7531/IDEAL/hetero_lvgp/benchmark/results/griewank_2d/standard_LVGP/ei/nrep03/seed05.mat,griewank_2d/standard_LVGP/ei/nrep03/seed05
griewank_2d,standard_LVGP,ei,,3,6,ok,50,/data/zhq7531/IDEAL/hetero_lvgp/benchmark/results/griewank_2d/standard_LVGP/ei/nrep03/seed06.mat,griewank_2d/standard_LVGP/ei/nrep03/seed06
griewank_2d,standard_LVGP,ei,,3,7,ok,50,/data/zhq7531/IDEAL/hetero_lvgp/benchmark/results/griewank_2d/standard_LVGP/ei/nrep03/seed07.mat,griewank_2d/standard_LVGP/ei/nrep03/seed07
griewank_2d,standard_LVGP,ei,,3,8,ok,50,/data/zhq7531/IDEAL/hetero_lvgp/benchmark/results/griewank_2d/standard_LVGP/ei/nrep03/seed08.mat,griewank_2d/standard_LVGP/ei/nrep03/seed08
griewank_2d,standard_LVGP,ei,,3,9,ok,50,/data/zhq7531/IDEAL/hetero_lvgp/benchmark/results/griewank_2d/standard_LVGP/ei/nrep03/seed09.mat,griewank_2d/standard_LVGP/ei/nrep03/seed09
griewank_2d,standard_LVGP,ei,,3,10,ok,50,/data/zhq7531/IDEAL/hetero_lvgp/benchmark/results/griewank_2d/standard_LVGP/ei/nrep03/seed10.mat,griewank_2d/standard_LVGP/ei/nrep03/seed10
griewank_2d,standard_LVGP,ei,,3,11,ok,50,/data/zhq7531/IDEAL/hetero_lvgp/benchmark/results/griewank_2d/standard_LVGP/ei/nrep03/seed11.mat,griewank_2d/standard_LVGP/ei/nrep03/seed11
griewank_2d,standard_LVGP,ei,,3,12,ok,50,/data/zhq7531/IDEAL/hetero_lvgp/benchmark/results/griewank_2d/standard_LVGP/ei/nrep03/seed12.mat,griewank_2d/standard_LVGP/ei/nrep03/seed12
griewank_2d,standard_LVGP,ei,,3,13,ok,50,/data/zhq7531/IDEAL/hetero_lvgp/benchmark/results/griewank_2d/standard_LVGP/ei/nrep03/seed13.mat,griewank_2d/standard_LVGP/ei/nrep03/seed13
griewank_2d,standard_LVGP,ei,,3,14,ok,50,/data/zhq7531/IDEAL/hetero_lvgp/benchmark/results/griewank_2d/standard_LVGP/ei/nrep03/seed14.mat,griewank_2d/standard_LVGP/ei/nrep03/seed14
griewank_2d,standard_LVGP,ei,,3,15,ok,50,/data/zhq7531/IDEAL/hetero_lvgp/benchmark/results/griewank_2d/standard_LVGP/ei/nrep03/seed15.mat,griewank_2d/standard_LVGP/ei/nrep03/seed15
griewank_2d,standard_LVGP,ei,,3,16,ok,50,/data/zhq7531/IDEAL/hetero_lvgp/benchmark/results/griewank_2d/standard_LVGP/ei/nrep03/seed16.mat,griewank_2d/standard_LVGP/ei/nrep03/seed16
griewank_2d,standard_LVGP,ei,,3,17,ok,50,/data/zhq7531/IDEAL/hetero_lvgp/benchmark/results/griewank_2d/standard_LVGP/ei/nrep03/seed17.mat,griewank_2d/standard_LVGP/ei/nrep03/seed17
griewank_2d,standard_LVGP,ei,,3,18,ok,50,/data/zhq7531/IDEAL/hetero_lvgp/benchmark/results/griewank_2d/standard_LVGP/ei/nrep03/seed18.mat,griewank_2d/standard_LVGP/ei/nrep03/seed18
griewank_2d,standard_LVGP,ei,,3,19,ok,50,/data/zhq7531/IDEAL/hetero_lvgp/benchmark/results/griewank_2d/standard_LVGP/ei/nrep03/seed19.mat,griewank_2d/standard_LVGP/ei/nrep03/seed19
griewank_2d,standard_LVGP,ei,,3,20,ok,50,/data/zhq7531/IDEAL/hetero_lvgp/benchmark/results/griewank_2d/standard_LVGP/ei/nrep03/seed20.mat,griewank_2d/standard_LVGP/ei/nrep03/seed20
griewank_2d,standard_LVGP,ei,,3,21,ok,50,/data/zhq7531/IDEAL/hetero_lvgp/benchmark/results/griewank_2d/standard_LVGP/ei/nrep03/seed21.mat,griewank_2d/standard_LVGP/ei/nrep03/seed21
griewank_2d,standard_LVGP,ei,,3,22,ok,50,/data/zhq7531/IDEAL/hetero_lvgp/benchmark/results/griewank_2d/standard_LVGP/ei/nrep03/seed22.mat,griewank_2d/standard_LVGP/ei/nrep03/seed22
griewank_2d,standard_LVGP,ei,,3,23,ok,50,/data/zhq7531/IDEAL/hetero_lvgp/benchmark/results/griewank_2d/standard_LVGP/ei/nrep03/seed23.mat,griewank_2d/standard_LVGP/ei/nrep03/seed23
griewank_2d,standard_LVGP,ei,,3,24,ok,50,/data/zhq7531/IDEAL/hetero_lvgp/benchmark/results/griewank_2d/standard_LVGP/ei/nrep03/seed24.mat,griewank_2d/standard_LVGP/ei/nrep03/seed24
griewank_2d,standard_LVGP,ei,,3,25,ok,50,/data/zhq7531/IDEAL/hetero_lvgp/benchmark/results/griewank_2d/standard_LVGP/ei/nrep03/seed25.mat,griewank_2d/standard_LVGP/ei/nrep03/seed25
griewank_2d,standard_LVGP,ei,,3,26,ok,50,/data/zhq7531/IDEAL/hetero_lvgp/benchmark/results/griewank_2d/standard_LVGP/ei/nrep03/seed26.mat,griewank_2d/standard_LVGP/ei/nrep03/seed26
griewank_2d,standard_LVGP,ei,,3,27,ok,50,/data/zhq7531/IDEAL/hetero_lvgp/benchmark/results/griewank_2d/standard_LVGP/ei/nrep03/seed27.mat,griewank_2d/standard_LVGP/ei/nrep03/seed27
griewank_2d,standard_LVGP,ei,,3,28,ok,50,/data/zhq7531/IDEAL/hetero_lvgp/benchmark/results/griewank_2d/standard_LVGP/ei/nrep03/seed28.mat,griewank_2d/standard_LVGP/ei/nrep03/seed28
griewank_2d,standard_LVGP,ei,,3,29,ok,50,/data/zhq7531/IDEAL/hetero_lvgp/benchmark/results/griewank_2d/standard_LVGP/ei/nrep03/seed29.mat,griewank_2d/standard_LVGP/ei/nrep03/seed29
griewank_2d,standard_LVGP,ei,,3,30,ok,50,/data/zhq7531/IDEAL/hetero_lvgp/benchmark/results/griewank_2d/standard_LVGP/ei/nrep03/seed30.mat,griewank_2d/standard_LVGP/ei/nrep03/seed30
griewank_2d,standard_LVGP,ei,,10,1,ok,50,/data/zhq7531/IDEAL/hetero_lvgp/benchmark/results/griewank_2d/standard_LVGP/ei/nrep10/seed01.mat,griewank_2d/standard_LVGP/ei/nrep10/seed01
griewank_2d,standard_LVGP,ei,,10,2,ok,50,/data/zhq7531/IDEAL/hetero_lvgp/benchmark/results/griewank_2d/standard_LVGP/ei/nrep10/seed02.mat,griewank_2d/standard_LVGP/ei/nrep10/seed02
griewank_2d,standard_LVGP,ei,,10,3,ok,50,/data/zhq7531/IDEAL/hetero_lvgp/benchmark/results/griewank_2d/standard_LVGP/ei/nrep10/seed03.mat,griewank_2d/standard_LVGP/ei/nrep10/seed03
griewank_2d,standard_LVGP,ei,,10,4,ok,50,/data/zhq7531/IDEAL/hetero_lvgp/benchmark/results/griewank_2d/standard_LVGP/ei/nrep10/seed04.mat,griewank_2d/standard_LVGP/ei/nrep10/seed04
griewank_2d,standard_LVGP,ei,,10,5,ok,50,/data/zhq7531/IDEAL/hetero_lvgp/benchmark/results/griewank_2d/standard_LVGP/ei/nrep10/seed05.mat,griewank_2d/standard_LVGP/ei/nrep10/seed05
griewank_2d,standard_LVGP,ei,,10,6,ok,50,/data/zhq7531/IDEAL/hetero_lvgp/benchmark/results/griewank_2d/standard_LVGP/ei/nrep10/seed06.mat,griewank_2d/standard_LVGP/ei/nrep10/seed06
griewank_2d,standard_LVGP,ei,,10,7,ok,50,/data/zhq7531/IDEAL/hetero_lvgp/benchmark/results/griewank_2d/standard_LVGP/ei/nrep10/seed07.mat,griewank_2d/standard_LVGP/ei/nrep10/seed07
griewank_2d,standard_LVGP,ei,,10,8,ok,50,/data/zhq7531/IDEAL/hetero_lvgp/benchmark/results/griewank_2d/standard_LVGP/ei/nrep10/seed08.mat,griewank_2d/standard_LVGP/ei/nrep10/seed08
griewank_2d,standard_LVGP,ei,,10,9,ok,50,/data/zhq7531/IDEAL/hetero_lvgp/benchmark/results/griewank_2d/standard_LVGP/ei/nrep10/seed09.mat,griewank_2d/standard_LVGP/ei/nrep10/seed09
griewank_2d,standard_LVGP,ei,,10,10,ok,50,/data/zhq7531/IDEAL/hetero_lvgp/benchmark/results/griewank_2d/standard_LVGP/ei/nrep10/seed10.mat,griewank_2d/standard_LVGP/ei/nrep10/seed10
griewank_2d,standard_LVGP,ei,,10,11,ok,50,/data/zhq7531/IDEAL/hetero_lvgp/benchmark/results/griewank_2d/standard_LVGP/ei/nrep10/seed11.mat,griewank_2d/standard_LVGP/ei/nrep10/seed11
griewank_2d,standard_LVGP,ei,,10,12,ok,50,/data/zhq7531/IDEAL/hetero_lvgp/benchmark/results/griewank_2d/standard_LVGP/ei/nrep10/seed12.mat,griewank_2d/standard_LVGP/ei/nrep10/seed12
griewank_2d,standard_LVGP,ei,,10,13,ok,50,/data/zhq7531/IDEAL/hetero_lvgp/benchmark/results/griewank_2d/standard_LVGP/ei/nrep10/seed13.mat,griewank_2d/standard_LVGP/ei/nrep10/seed13
griewank_2d,standard_LVGP,ei,,10,14,ok,50,/data/zhq7531/IDEAL/hetero_lvgp/benchmark/results/griewank_2d/standard_LVGP/ei/nrep10/seed14.mat,griewank_2d/standard_LVGP/ei/nrep10/seed14
griewank_2d,standard_LVGP,ei,,10,15,ok,50,/data/zhq7531/IDEAL/hetero_lvgp/benchmark/results/griewank_2d/standard_LVGP/ei/nrep10/seed15.mat,griewank_2d/standard_LVGP/ei/nrep10/seed15
griewank_2d,standard_LVGP,ei,,10,16,ok,50,/data/zhq7531/IDEAL/hetero_lvgp/benchmark/results/griewank_2d/standard_LVGP/ei/nrep10/seed16.mat,griewank_2d/standard_LVGP/ei/nrep10/seed16
griewank_2d,standard_LVGP,ei,,10,17,ok,50,/data/zhq7531/IDEAL/hetero_lvgp/benchmark/results/griewank_2d/standard_LVGP/ei/nrep10/seed17.mat,griewank_2d/standard_LVGP/ei/nrep10/seed17
griewank_2d,standard_LVGP,ei,,10,18,ok,50,/data/zhq7531/IDEAL/hetero_lvgp/benchmark/results/griewank_2d/standard_LVGP/ei/nrep10/seed18.mat,griewank_2d/standard_LVGP/ei/nrep10/seed18
griewank_2d,standard_LVGP,ei,,10,19,ok,50,/data/zhq7531/IDEAL/hetero_lvgp/benchmark/results/griewank_2d/standard_LVGP/ei/nrep10/seed19.mat,griewank_2d/standard_LVGP/ei/nrep10/seed19
griewank_2d,standard_LVGP,ei,,10,20,ok,50,/data/zhq7531/IDEAL/hetero_lvgp/benchmark/results/griewank_2d/standard_LVGP/ei/nrep10/seed20.mat,griewank_2d/standard_LVGP/ei/nrep10/seed20
griewank_2d,standard_LVGP,ei,,10,21,ok,50,/data/zhq7531/IDEAL/hetero_lvgp/benchmark/results/griewank_2d/standard_LVGP/ei/nrep10/seed21.mat,griewank_2d/standard_LVGP/ei/nrep10/seed21
griewank_2d,standard_LVGP,ei,,10,22,ok,50,/data/zhq7531/IDEAL/hetero_lvgp/benchmark/results/griewank_2d/standard_LVGP/ei/nrep10/seed22.mat,griewank_2d/standard_LVGP/ei/nrep10/seed22
griewank_2d,standard_LVGP,ei,,10,23,ok,50,/data/zhq7531/IDEAL/hetero_lvgp/benchmark/results/griewank_2d/standard_LVGP/ei/nrep10/seed23.mat,griewank_2d/standard_LVGP/ei/nrep10/seed23
griewank_2d,standard_LVGP,ei,,10,24,ok,50,/data/zhq7531/IDEAL/hetero_lvgp/benchmark/results/griewank_2d/standard_LVGP/ei/nrep10/seed24.mat,griewank_2d/standard_LVGP/ei/nrep10/seed24
griewank_2d,standard_LVGP,ei,,10,25,ok,50,/data/zhq7531/IDEAL/hetero_lvgp/benchmark/results/griewank_2d/standard_LVGP/ei/nrep10/seed25.mat,griewank_2d/standard_LVGP/ei/nrep10/seed25
griewank_2d,standard_LVGP,ei,,10,26,ok,50,/data/zhq7531/IDEAL/hetero_lvgp/benchmark/results/griewank_2d/standard_LVGP/ei/nrep10/seed26.mat,griewank_2d/standard_LVGP/ei/nrep10/seed26
griewank_2d,standard_LVGP,ei,,10,27,ok,50,/data/zhq7531/IDEAL/hetero_lvgp/benchmark/results/griewank_2d/standard_LVGP/ei/nrep10/seed27.mat,griewank_2d/standard_LVGP/ei/nrep10/seed27
griewank_2d,standard_LVGP,ei,,10,28,ok,50,/data/zhq7531/IDEAL/hetero_lvgp/benchmark/results/griewank_2d/standard_LVGP/ei/nrep10/seed28.mat,griewank_2d/standard_LVGP/ei/nrep10/seed28
griewank_2d,standard_LVGP,ei,,10,29,ok,50,/data/zhq7531/IDEAL/hetero_lvgp/benchmark/results/griewank_2d/standard_LVGP/ei/nrep10/seed29.mat,griewank_2d/standard_LVGP/ei/nrep10/seed29
griewank_2d,standard_LVGP,ei,,10,30,ok,50,/data/zhq7531/IDEAL/hetero_lvgp/benchmark/results/griewank_2d/standard_LVGP/ei/nrep10/seed30.mat,griewank_2d/standard_LVGP/ei/nrep10/seed30
griewank_2d,heter_LVGP,lcb,,3,1,ok,50,/data/zhq7531/IDEAL/hetero_lvgp/benchmark/results/griewank_2d/heter_LVGP/lcb/nrep03/seed01.mat,griewank_2d/heter_LVGP/lcb/nrep03/seed01
griewank_2d,heter_LVGP,lcb,,3,2,ok,50,/data/zhq7531/IDEAL/hetero_lvgp/benchmark/results/griewank_2d/heter_LVGP/lcb/nrep03/seed02.mat,griewank_2d/heter_LVGP/lcb/nrep03/seed02
griewank_2d,heter_LVGP,lcb,,3,3,ok,50,/data/zhq7531/IDEAL/hetero_lvgp/benchmark/results/griewank_2d/heter_LVGP/lcb/nrep03/seed03.mat,griewank_2d/heter_LVGP/lcb/nrep03/seed03
griewank_2d,heter_LVGP,lcb,,3,4,ok,50,/data/zhq7531/IDEAL/hetero_lvgp/benchmark/results/griewank_2d/heter_LVGP/lcb/nrep03/seed04.mat,griewank_2d/heter_LVGP/lcb/nrep03/seed04
griewank_2d,heter_LVGP,lcb,,3,5,ok,50,/data/zhq7531/IDEAL/hetero_lvgp/benchmark/results/griewank_2d/heter_LVGP/lcb/nrep03/seed05.mat,griewank_2d/heter_LVGP/lcb/nrep03/seed05
griewank_2d,heter_LVGP,lcb,,3,6,ok,50,/data/zhq7531/IDEAL/hetero_lvgp/benchmark/results/griewank_2d/heter_LVGP/lcb/nrep03/seed06.mat,griewank_2d/heter_LVGP/lcb/nrep03/seed06
griewank_2d,heter_LVGP,lcb,,3,7,ok,50,/data/zhq7531/IDEAL/hetero_lvgp/benchmark/results/griewank_2d/heter_LVGP/lcb/nrep03/seed07.mat,griewank_2d/heter_LVGP/lcb/nrep03/seed07
griewank_2d,heter_LVGP,lcb,,3,8,ok,50,/data/zhq7531/IDEAL/hetero_lvgp/benchmark/results/griewank_2d/heter_LVGP/lcb/nrep03/seed08.mat,griewank_2d/heter_LVGP/lcb/nrep03/seed08
griewank_2d,heter_LVGP,lcb,,3,9,ok,50,/data/zhq7531/IDEAL/hetero_lvgp/benchmark/results/griewank_2d/heter_LVGP/lcb/nrep03/seed09.mat,griewank_2d/heter_LVGP/lcb/nrep03/seed09
griewank_2d,heter_LVGP,lcb,,3,10,ok,50,/data/zhq7531/IDEAL/hetero_lvgp/benchmark/results/griewank_2d/heter_LVGP/lcb/nrep03/seed10.mat,griewank_2d/heter_LVGP/lcb/nrep03/seed10
griewank_2d,heter_LVGP,lcb,,3,11,ok,50,/data/zhq7531/IDEAL/hetero_lvgp/benchmark/results/griewank_2d/heter_LVGP/lcb/nrep03/seed11.mat,griewank_2d/heter_LVGP/lcb/nrep03/seed11
griewank_2d,heter_LVGP,lcb,,3,12,ok,50,/data/zhq7531/IDEAL/hetero_lvgp/benchmark/results/griewank_2d/heter_LVGP/lcb/nrep03/seed12.mat,griewank_2d/heter_LVGP/lcb/nrep03/seed12
griewank_2d,heter_LVGP,lcb,,3,13,ok,50,/data/zhq7531/IDEAL/hetero_lvgp/benchmark/results/griewank_2d/heter_LVGP/lcb/nrep03/seed13.mat,griewank_2d/heter_LVGP/lcb/nrep03/seed13
griewank_2d,heter_LVGP,lcb,,3,14,ok,50,/data/zhq7531/IDEAL/hetero_lvgp/benchmark/results/griewank_2d/heter_LVGP/lcb/nrep03/seed14.mat,griewank_2d/heter_LVGP/lcb/nrep03/seed14
griewank_2d,heter_LVGP,lcb,,3,15,ok,50,/data/zhq7531/IDEAL/hetero_lvgp/benchmark/results/griewank_2d/heter_LVGP/lcb/nrep03/seed15.mat,griewank_2d/heter_LVGP/lcb/nrep03/seed15
griewank_2d,heter_LVGP,lcb,,3,16,ok,50,/data/zhq7531/IDEAL/hetero_lvgp/benchmark/results/griewank_2d/heter_LVGP/lcb/nrep03/seed16.mat,griewank_2d/heter_LVGP/lcb/nrep03/seed16
griewank_2d,heter_LVGP,lcb,,3,17,ok,50,/data/zhq7531/IDEAL/hetero_lvgp/benchmark/results/griewank_2d/heter_LVGP/lcb/nrep03/seed17.mat,griewank_2d/heter_LVGP/lcb/nrep03/seed17
griewank_2d,heter_LVGP,lcb,,3,18,ok,50,/data/zhq7531/IDEAL/hetero_lvgp/benchmark/results/griewank_2d/heter_LVGP/lcb/nrep03/seed18.mat,griewank_2d/heter_LVGP/lcb/nrep03/seed18
griewank_2d,heter_LVGP,lcb,,3,19,ok,50,/data/zhq7531/IDEAL/hetero_lvgp/benchmark/results/griewank_2d/heter_LVGP/lcb/nrep03/seed19.mat,griewank_2d/heter_LVGP/lcb/nrep03/seed19
griewank_2d,heter_LVGP,lcb,,3,20,ok,50,/data/zhq7531/IDEAL/hetero_lvgp/benchmark/results/griewank_2d/heter_LVGP/lcb/nrep03/seed20.mat,griewank_2d/heter_LVGP/lcb/nrep03/seed20
griewank_2d,heter_LVGP,lcb,,3,21,ok,50,/data/zhq7531/IDEAL/hetero_lvgp/benchmark/results/griewank_2d/heter_LVGP/lcb/nrep03/seed21.mat,griewank_2d/heter_LVGP/lcb/nrep03/seed21
griewank_2d,heter_LVGP,lcb,,3,22,ok,50,/data/zhq7531/IDEAL/hetero_lvgp/benchmark/results/griewank_2d/heter_LVGP/lcb/nrep03/seed22.mat,griewank_2d/heter_LVGP/lcb/nrep03/seed22
griewank_2d,heter_LVGP,lcb,,3,23,ok,50,/data/zhq7531/IDEAL/hetero_lvgp/benchmark/results/griewank_2d/heter_LVGP/lcb/nrep03/seed23.mat,griewank_2d/heter_LVGP/lcb/nrep03/seed23
griewank_2d,heter_LVGP,lcb,,3,24,ok,50,/data/zhq7531/IDEAL/hetero_lvgp/benchmark/results/griewank_2d/heter_LVGP/lcb/nrep03/seed24.mat,griewank_2d/heter_LVGP/lcb/nrep03/seed24
griewank_2d,heter_LVGP,lcb,,3,25,ok,50,/data/zhq7531/IDEAL/hetero_lvgp/benchmark/results/griewank_2d/heter_LVGP/lcb/nrep03/seed25.mat,griewank_2d/heter_LVGP/lcb/nrep03/seed25
griewank_2d,heter_LVGP,lcb,,3,26,ok,50,/data/zhq7531/IDEAL/hetero_lvgp/benchmark/results/griewank_2d/heter_LVGP/lcb/nrep03/seed26.mat,griewank_2d/heter_LVGP/lcb/nrep03/seed26
griewank_2d,heter_LVGP,lcb,,3,27,ok,50,/data/zhq7531/IDEAL/hetero_lvgp/benchmark/results/griewank_2d/heter_LVGP/lcb/nrep03/seed27.mat,griewank_2d/heter_LVGP/lcb/nrep03/seed27
griewank_2d,heter_LVGP,lcb,,3,28,ok,50,/data/zhq7531/IDEAL/hetero_lvgp/benchmark/results/griewank_2d/heter_LVGP/lcb/nrep03/seed28.mat,griewank_2d/heter_LVGP/lcb/nrep03/seed28
griewank_2d,heter_LVGP,lcb,,3,29,ok,50,/data/zhq7531/IDEAL/hetero_lvgp/benchmark/results/griewank_2d/heter_LVGP/lcb/nrep03/seed29.mat,griewank_2d/heter_LVGP/lcb/nrep03/seed29
griewank_2d,heter_LVGP,lcb,,3,30,ok,50,/data/zhq7531/IDEAL/hetero_lvgp/benchmark/results/griewank_2d/heter_LVGP/lcb/nrep03/seed30.mat,griewank_2d/heter_LVGP/lcb/nrep03/seed30
griewank_2d,heter_LVGP,lcb,,10,1,ok,50,/data/zhq7531/IDEAL/hetero_lvgp/benchmark/results/griewank_2d/heter_LVGP/lcb/nrep10/seed01.mat,griewank_2d/heter_LVGP/lcb/nrep10/seed01
griewank_2d,heter_LVGP,lcb,,10,2,ok,50,/data/zhq7531/IDEAL/hetero_lvgp/benchmark/results/griewank_2d/heter_LVGP/lcb/nrep10/seed02.mat,griewank_2d/heter_LVGP/lcb/nrep10/seed02
griewank_2d,heter_LVGP,lcb,,10,3,ok,50,/data/zhq7531/IDEAL/hetero_lvgp/benchmark/results/griewank_2d/heter_LVGP/lcb/nrep10/seed03.mat,griewank_2d/heter_LVGP/lcb/nrep10/seed03
griewank_2d,heter_LVGP,lcb,,10,4,ok,50,/data/zhq7531/IDEAL/hetero_lvgp/benchmark/results/griewank_2d/heter_LVGP/lcb/nrep10/seed04.mat,griewank_2d/heter_LVGP/lcb/nrep10/seed04
griewank_2d,heter_LVGP,lcb,,10,5,ok,50,/data/zhq7531/IDEAL/hetero_lvgp/benchmark/results/griewank_2d/heter_LVGP/lcb/nrep10/seed05.mat,griewank_2d/heter_LVGP/lcb/nrep10/seed05
griewank_2d,heter_LVGP,lcb,,10,6,ok,50,/data/zhq7531/IDEAL/hetero_lvgp/benchmark/results/griewank_2d/heter_LVGP/lcb/nrep10/seed06.mat,griewank_2d/heter_LVGP/lcb/nrep10/seed06
griewank_2d,heter_LVGP,lcb,,10,7,ok,50,/data/zhq7531/IDEAL/hetero_lvgp/benchmark/results/griewank_2d/heter_LVGP/lcb/nrep10/seed07.mat,griewank_2d/heter_LVGP/lcb/nrep10/seed07
griewank_2d,heter_LVGP,lcb,,10,8,ok,50,/data/zhq7531/IDEAL/hetero_lvgp/benchmark/results/griewank_2d/heter_LVGP/lcb/nrep10/seed08.mat,griewank_2d/heter_LVGP/lcb/nrep10/seed08
griewank_2d,heter_LVGP,lcb,,10,9,ok,50,/data/zhq7531/IDEAL/hetero_lvgp/benchmark/results/griewank_2d/heter_LVGP/lcb/nrep10/seed09.mat,griewank_2d/heter_LVGP/lcb/nrep10/seed09
griewank_2d,heter_LVGP,lcb,,10,10,ok,50,/data/zhq7531/IDEAL/hetero_lvgp/benchmark/results/griewank_2d/heter_LVGP/lcb/nrep10/seed10.mat,griewank_2d/heter_LVGP/lcb/nrep10/seed10
griewank_2d,heter_LVGP,lcb,,10,11,ok,50,/data/zhq7531/IDEAL/hetero_lvgp/benchmark/results/griewank_2d/heter_LVGP/lcb/nrep10/seed11.mat,griewank_2d/heter_LVGP/lcb/nrep10/seed11
griewank_2d,heter_LVGP,lcb,,10,12,ok,50,/data/zhq7531/IDEAL/hetero_lvgp/benchmark/results/griewank_2d/heter_LVGP/lcb/nrep10/seed12.mat,griewank_2d/heter_LVGP/lcb/nrep10/seed12
griewank_2d,heter_LVGP,lcb,,10,13,ok,50,/data/zhq7531/IDEAL/hetero_lvgp/benchmark/results/griewank_2d/heter_LVGP/lcb/nrep10/seed13.mat,griewank_2d/heter_LVGP/lcb/nrep10/seed13
griewank_2d,heter_LVGP,lcb,,10,14,ok,50,/data/zhq7531/IDEAL/hetero_lvgp/benchmark/results/griewank_2d/heter_LVGP/lcb/nrep10/seed14.mat,griewank_2d/heter_LVGP/lcb/nrep10/seed14
griewank_2d,heter_LVGP,lcb,,10,15,ok,50,/data/zhq7531/IDEAL/hetero_lvgp/benchmark/results/griewank_2d/heter_LVGP/lcb/nrep10/seed15.mat,griewank_2d/heter_LVGP/lcb/nrep10/seed15
griewank_2d,heter_LVGP,lcb,,10,16,ok,50,/data/zhq7531/IDEAL/hetero_lvgp/benchmark/results/griewank_2d/heter_LVGP/lcb/nrep10/seed16.mat,griewank_2d/heter_LVGP/lcb/nrep10/seed16
griewank_2d,heter_LVGP,lcb,,10,17,ok,50,/data/zhq7531/IDEAL/hetero_lvgp/benchmark/results/griewank_2d/heter_LVGP/lcb/nrep10/seed17.mat,griewank_2d/heter_LVGP/lcb/nrep10/seed17
griewank_2d,heter_LVGP,lcb,,10,18,ok,50,/data/zhq7531/IDEAL/hetero_lvgp/benchmark/results/griewank_2d/heter_LVGP/lcb/nrep10/seed18.mat,griewank_2d/heter_LVGP/lcb/nrep10/seed18
griewank_2d,heter_LVGP,lcb,,10,19,ok,50,/data/zhq7531/IDEAL/hetero_lvgp/benchmark/results/griewank_2d/heter_LVGP/lcb/nrep10/seed19.mat,griewank_2d/heter_LVGP/lcb/nrep10/seed19
griewank_2d,heter_LVGP,lcb,,10,20,ok,50,/data/zhq7531/IDEAL/hetero_lvgp/benchmark/results/griewank_2d/heter_LVGP/lcb/nrep10/seed20.mat,griewank_2d/heter_LVGP/lcb/nrep10/seed20
griewank_2d,heter_LVGP,lcb,,10,21,ok,50,/data/zhq7531/IDEAL/hetero_lvgp/benchmark/results/griewank_2d/heter_LVGP/lcb/nrep10/seed21.mat,griewank_2d/heter_LVGP/lcb/nrep10/seed21
griewank_2d,heter_LVGP,lcb,,10,22,ok,50,/data/zhq7531/IDEAL/hetero_lvgp/benchmark/results/griewank_2d/heter_LVGP/lcb/nrep10/seed22.mat,griewank_2d/heter_LVGP/lcb/nrep10/seed22
griewank_2d,heter_LVGP,lcb,,10,23,ok,50,/data/zhq7531/IDEAL/hetero_lvgp/benchmark/results/griewank_2d/heter_LVGP/lcb/nrep10/seed23.mat,griewank_2d/heter_LVGP/lcb/nrep10/seed23
griewank_2d,heter_LVGP,lcb,,10,24,ok,50,/data/zhq7531/IDEAL/hetero_lvgp/benchmark/results/griewank_2d/heter_LVGP/lcb/nrep10/seed24.mat,griewank_2d/heter_LVGP/lcb/nrep10/seed24
griewank_2d,heter_LVGP,lcb,,10,25,ok,50,/data/zhq7531/IDEAL/hetero_lvgp/benchmark/results/griewank_2d/heter_LVGP/lcb/nrep10/seed25.mat,griewank_2d/heter_LVGP/lcb/nrep10/seed25
griewank_2d,heter_LVGP,lcb,,10,26,ok,50,/data/zhq7531/IDEAL/hetero_lvgp/benchmark/results/griewank_2d/heter_LVGP/lcb/nrep10/seed26.mat,griewank_2d/heter_LVGP/lcb/nrep10/seed26
griewank_2d,heter_LVGP,lcb,,10,27,ok,50,/data/zhq7531/IDEAL/hetero_lvgp/benchmark/results/griewank_2d/heter_LVGP/lcb/nrep10/seed27.mat,griewank_2d/heter_LVGP/lcb/nrep10/seed27
griewank_2d,heter_LVGP,lcb,,10,28,ok,50,/data/zhq7531/IDEAL/hetero_lvgp/benchmark/results/griewank_2d/heter_LVGP/lcb/nrep10/seed28.mat,griewank_2d/heter_LVGP/lcb/nrep10/seed28
griewank_2d,heter_LVGP,lcb,,10,29,ok,50,/data/zhq7531/IDEAL/hetero_lvgp/benchmark/results/griewank_2d/heter_LVGP/lcb/nrep10/seed29.mat,griewank_2d/heter_LVGP/lcb/nrep10/seed29
griewank_2d,heter_LVGP,lcb,,10,30,ok,50,/data/zhq7531/IDEAL/hetero_lvgp/benchmark/results/griewank_2d/heter_LVGP/lcb/nrep10/seed30.mat,griewank_2d/heter_LVGP/lcb/nrep10/seed30
griewank_2d,heter_LVGP,pi,,3,1,ok,50,/data/zhq7531/IDEAL/hetero_lvgp/benchmark/results/griewank_2d/heter_LVGP/pi/nrep03/seed01.mat,griewank_2d/heter_LVGP/pi/nrep03/seed01
griewank_2d,heter_LVGP,pi,,3,2,ok,50,/data/zhq7531/IDEAL/hetero_lvgp/benchmark/results/griewank_2d/heter_LVGP/pi/nrep03/seed02.mat,griewank_2d/heter_LVGP/pi/nrep03/seed02
griewank_2d,heter_LVGP,pi,,3,3,ok,50,/data/zhq7531/IDEAL/hetero_lvgp/benchmark/results/griewank_2d/heter_LVGP/pi/nrep03/seed03.mat,griewank_2d/heter_LVGP/pi/nrep03/seed03
griewank_2d,heter_LVGP,pi,,3,4,ok,50,/data/zhq7531/IDEAL/hetero_lvgp/benchmark/results/griewank_2d/heter_LVGP/pi/nrep03/seed04.mat,griewank_2d/heter_LVGP/pi/nrep03/seed04
griewank_2d,heter_LVGP,pi,,3,5,ok,50,/data/zhq7531/IDEAL/hetero_lvgp/benchmark/results/griewank_2d/heter_LVGP/pi/nrep03/seed05.mat,griewank_2d/heter_LVGP/pi/nrep03/seed05
griewank_2d,heter_LVGP,pi,,3,6,ok,50,/data/zhq7531/IDEAL/hetero_lvgp/benchmark/results/griewank_2d/heter_LVGP/pi/nrep03/seed06.mat,griewank_2d/heter_LVGP/pi/nrep03/seed06
griewank_2d,heter_LVGP,pi,,3,7,ok,50,/data/zhq7531/IDEAL/hetero_lvgp/benchmark/results/griewank_2d/heter_LVGP/pi/nrep03/seed07.mat,griewank_2d/heter_LVGP/pi/nrep03/seed07
griewank_2d,heter_LVGP,pi,,3,8,ok,50,/data/zhq7531/IDEAL/hetero_lvgp/benchmark/results/griewank_2d/heter_LVGP/pi/nrep03/seed08.mat,griewank_2d/heter_LVGP/pi/nrep03/seed08
griewank_2d,heter_LVGP,pi,,3,9,ok,50,/data/zhq7531/IDEAL/hetero_lvgp/benchmark/results/griewank_2d/heter_LVGP/pi/nrep03/seed09.mat,griewank_2d/heter_LVGP/pi/nrep03/seed09
griewank_2d,heter_LVGP,pi,,3,10,ok,50,/data/zhq7531/IDEAL/hetero_lvgp/benchmark/results/griewank_2d/heter_LVGP/pi/nrep03/seed10.mat,griewank_2d/heter_LVGP/pi/nrep03/seed10
griewank_2d,heter_LVGP,pi,,3,11,ok,50,/data/zhq7531/IDEAL/hetero_lvgp/benchmark/results/griewank_2d/heter_LVGP/pi/nrep03/seed11.mat,griewank_2d/heter_LVGP/pi/nrep03/seed11
griewank_2d,heter_LVGP,pi,,3,12,ok,50,/data/zhq7531/IDEAL/hetero_lvgp/benchmark/results/griewank_2d/heter_LVGP/pi/nrep03/seed12.mat,griewank_2d/heter_LVGP/pi/nrep03/seed12
griewank_2d,heter_LVGP,pi,,3,13,ok,50,/data/zhq7531/IDEAL/hetero_lvgp/benchmark/results/griewank_2d/heter_LVGP/pi/nrep03/seed13.mat,griewank_2d/heter_LVGP/pi/nrep03/seed13
griewank_2d,heter_LVGP,pi,,3,14,ok,50,/data/zhq7531/IDEAL/hetero_lvgp/benchmark/results/griewank_2d/heter_LVGP/pi/nrep03/seed14.mat,griewank_2d/heter_LVGP/pi/nrep03/seed14
griewank_2d,heter_LVGP,pi,,3,15,ok,50,/data/zhq7531/IDEAL/hetero_lvgp/benchmark/results/griewank_2d/heter_LVGP/pi/nrep03/seed15.mat,griewank_2d/heter_LVGP/pi/nrep03/seed15
griewank_2d,heter_LVGP,pi,,3,16,ok,50,/data/zhq7531/IDEAL/hetero_lvgp/benchmark/results/griewank_2d/heter_LVGP/pi/nrep03/seed16.mat,griewank_2d/heter_LVGP/pi/nrep03/seed16
griewank_2d,heter_LVGP,pi,,3,17,ok,50,/data/zhq7531/IDEAL/hetero_lvgp/benchmark/results/griewank_2d/heter_LVGP/pi/nrep03/seed17.mat,griewank_2d/heter_LVGP/pi/nrep03/seed17
griewank_2d,heter_LVGP,pi,,3,18,ok,50,/data/zhq7531/IDEAL/hetero_lvgp/benchmark/results/griewank_2d/heter_LVGP/pi/nrep03/seed18.mat,griewank_2d/heter_LVGP/pi/nrep03/seed18
griewank_2d,heter_LVGP,pi,,3,19,ok,50,/data/zhq7531/IDEAL/hetero_lvgp/benchmark/results/griewank_2d/heter_LVGP/pi/nrep03/seed19.mat,griewank_2d/heter_LVGP/pi/nrep03/seed19
griewank_2d,heter_LVGP,pi,,3,20,ok,50,/data/zhq7531/IDEAL/hetero_lvgp/benchmark/results/griewank_2d/heter_LVGP/pi/nrep03/seed20.mat,griewank_2d/heter_LVGP/pi/nrep03/seed20
griewank_2d,heter_LVGP,pi,,3,21,ok,50,/data/zhq7531/IDEAL/hetero_lvgp/benchmark/results/griewank_2d/heter_LVGP/pi/nrep03/seed21.mat,griewank_2d/heter_LVGP/pi/nrep03/seed21
griewank_2d,heter_LVGP,pi,,3,22,ok,50,/data/zhq7531/IDEAL/hetero_lvgp/benchmark/results/griewank_2d/heter_LVGP/pi/nrep03/seed22.mat,griewank_2d/heter_LVGP/pi/nrep03/seed22
griewank_2d,heter_LVGP,pi,,3,23,ok,50,/data/zhq7531/IDEAL/hetero_lvgp/benchmark/results/griewank_2d/heter_LVGP/pi/nrep03/seed23.mat,griewank_2d/heter_LVGP/pi/nrep03/seed23
griewank_2d,heter_LVGP,pi,,3,24,ok,50,/data/zhq7531/IDEAL/hetero_lvgp/benchmark/results/griewank_2d/heter_LVGP/pi/nrep03/seed24.mat,griewank_2d/heter_LVGP/pi/nrep03/seed24
griewank_2d,heter_LVGP,pi,,3,25,ok,50,/data/zhq7531/IDEAL/hetero_lvgp/benchmark/results/griewank_2d/heter_LVGP/pi/nrep03/seed25.mat,griewank_2d/heter_LVGP/pi/nrep03/seed25
griewank_2d,heter_LVGP,pi,,3,26,ok,50,/data/zhq7531/IDEAL/hetero_lvgp/benchmark/results/griewank_2d/heter_LVGP/pi/nrep03/seed26.mat,griewank_2d/heter_LVGP/pi/nrep03/seed26
griewank_2d,heter_LVGP,pi,,3,27,ok,50,/data/zhq7531/IDEAL/hetero_lvgp/benchmark/results/griewank_2d/heter_LVGP/pi/nrep03/seed27.mat,griewank_2d/heter_LVGP/pi/nrep03/seed27
griewank_2d,heter_LVGP,pi,,3,28,ok,50,/data/zhq7531/IDEAL/hetero_lvgp/benchmark/results/griewank_2d/heter_LVGP/pi/nrep03/seed28.mat,griewank_2d/heter_LVGP/pi/nrep03/seed28
griewank_2d,heter_LVGP,pi,,3,29,ok,50,/data/zhq7531/IDEAL/hetero_lvgp/benchmark/results/griewank_2d/heter_LVGP/pi/nrep03/seed29.mat,griewank_2d/heter_LVGP/pi/nrep03/seed29
griewank_2d,heter_LVGP,pi,,3,30,ok,50,/data/zhq7531/IDEAL/hetero_lvgp/benchmark/results/griewank_2d/heter_LVGP/pi/nrep03/seed30.mat,griewank_2d/heter_LVGP/pi/nrep03/seed30
griewank_2d,heter_LVGP,pi,,10,1,ok,50,/data/zhq7531/IDEAL/hetero_lvgp/benchmark/results/griewank_2d/heter_LVGP/pi/nrep10/seed01.mat,griewank_2d/heter_LVGP/pi/nrep10/seed01
griewank_2d,heter_LVGP,pi,,10,2,ok,50,/data/zhq7531/IDEAL/hetero_lvgp/benchmark/results/griewank_2d/heter_LVGP/pi/nrep10/seed02.mat,griewank_2d/heter_LVGP/pi/nrep10/seed02
griewank_2d,heter_LVGP,pi,,10,3,ok,50,/data/zhq7531/IDEAL/hetero_lvgp/benchmark/results/griewank_2d/heter_LVGP/pi/nrep10/seed03.mat,griewank_2d/heter_LVGP/pi/nrep10/seed03
griewank_2d,heter_LVGP,pi,,10,4,ok,50,/data/zhq7531/IDEAL/hetero_lvgp/benchmark/results/griewank_2d/heter_LVGP/pi/nrep10/seed04.mat,griewank_2d/heter_LVGP/pi/nrep10/seed04
griewank_2d,heter_LVGP,pi,,10,5,ok,50,/data/zhq7531/IDEAL/hetero_lvgp/benchmark/results/griewank_2d/heter_LVGP/pi/nrep10/seed05.mat,griewank_2d/heter_LVGP/pi/nrep10/seed05
griewank_2d,heter_LVGP,pi,,10,6,ok,50,/data/zhq7531/IDEAL/hetero_lvgp/benchmark/results/griewank_2d/heter_LVGP/pi/nrep10/seed06.mat,griewank_2d/heter_LVGP/pi/nrep10/seed06
griewank_2d,heter_LVGP,pi,,10,7,ok,50,/data/zhq7531/IDEAL/hetero_lvgp/benchmark/results/griewank_2d/heter_LVGP/pi/nrep10/seed07.mat,griewank_2d/heter_LVGP/pi/nrep10/seed07
griewank_2d,heter_LVGP,pi,,10,8,ok,50,/data/zhq7531/IDEAL/hetero_lvgp/benchmark/results/griewank_2d/heter_LVGP/pi/nrep10/seed08.mat,griewank_2d/heter_LVGP/pi/nrep10/seed08
griewank_2d,heter_LVGP,pi,,10,9,ok,50,/data/zhq7531/IDEAL/hetero_lvgp/benchmark/results/griewank_2d/heter_LVGP/pi/nrep10/seed09.mat,griewank_2d/heter_LVGP/pi/nrep10/seed09
griewank_2d,heter_LVGP,pi,,10,10,ok,50,/data/zhq7531/IDEAL/hetero_lvgp/benchmark/results/griewank_2d/heter_LVGP/pi/nrep10/seed10.mat,griewank_2d/heter_LVGP/pi/nrep10/seed10
griewank_2d,heter_LVGP,pi,,10,11,ok,50,/data/zhq7531/IDEAL/hetero_lvgp/benchmark/results/griewank_2d/heter_LVGP/pi/nrep10/seed11.mat,griewank_2d/heter_LVGP/pi/nrep10/seed11
griewank_2d,heter_LVGP,pi,,10,12,ok,50,/data/zhq7531/IDEAL/hetero_lvgp/benchmark/results/griewank_2d/heter_LVGP/pi/nrep10/seed12.mat,griewank_2d/heter_LVGP/pi/nrep10/seed12
griewank_2d,heter_LVGP,pi,,10,13,ok,50,/data/zhq7531/IDEAL/hetero_lvgp/benchmark/results/griewank_2d/heter_LVGP/pi/nrep10/seed13.mat,griewank_2d/heter_LVGP/pi/nrep10/seed13
griewank_2d,heter_LVGP,pi,,10,14,ok,50,/data/zhq7531/IDEAL/hetero_lvgp/benchmark/results/griewank_2d/heter_LVGP/pi/nrep10/seed14.mat,griewank_2d/heter_LVGP/pi/nrep10/seed14
griewank_2d,heter_LVGP,pi,,10,15,ok,50,/data/zhq7531/IDEAL/hetero_lvgp/benchmark/results/griewank_2d/heter_LVGP/pi/nrep10/seed15.mat,griewank_2d/heter_LVGP/pi/nrep10/seed15
griewank_2d,heter_LVGP,pi,,10,16,ok,50,/data/zhq7531/IDEAL/hetero_lvgp/benchmark/results/griewank_2d/heter_LVGP/pi/nrep10/seed16.mat,griewank_2d/heter_LVGP/pi/nrep10/seed16
griewank_2d,heter_LVGP,pi,,10,17,ok,50,/data/zhq7531/IDEAL/hetero_lvgp/benchmark/results/griewank_2d/heter_LVGP/pi/nrep10/seed17.mat,griewank_2d/heter_LVGP/pi/nrep10/seed17
griewank_2d,heter_LVGP,pi,,10,18,ok,50,/data/zhq7531/IDEAL/hetero_lvgp/benchmark/results/griewank_2d/heter_LVGP/pi/nrep10/seed18.mat,griewank_2d/heter_LVGP/pi/nrep10/seed18
griewank_2d,heter_LVGP,pi,,10,19,ok,50,/data/zhq7531/IDEAL/hetero_lvgp/benchmark/results/griewank_2d/heter_LVGP/pi/nrep10/seed19.mat,griewank_2d/heter_LVGP/pi/nrep10/seed19
griewank_2d,heter_LVGP,pi,,10,20,ok,50,/data/zhq7531/IDEAL/hetero_lvgp/benchmark/results/griewank_2d/heter_LVGP/pi/nrep10/seed20.mat,griewank_2d/heter_LVGP/pi/nrep10/seed20
griewank_2d,heter_LVGP,pi,,10,21,ok,50,/data/zhq7531/IDEAL/hetero_lvgp/benchmark/results/griewank_2d/heter_LVGP/pi/nrep10/seed21.mat,griewank_2d/heter_LVGP/pi/nrep10/seed21
griewank_2d,heter_LVGP,pi,,10,22,ok,50,/data/zhq7531/IDEAL/hetero_lvgp/benchmark/results/griewank_2d/heter_LVGP/pi/nrep10/seed22.mat,griewank_2d/heter_LVGP/pi/nrep10/seed22
griewank_2d,heter_LVGP,pi,,10,23,ok,50,/data/zhq7531/IDEAL/hetero_lvgp/benchmark/results/griewank_2d/heter_LVGP/pi/nrep10/seed23.mat,griewank_2d/heter_LVGP/pi/nrep10/seed23
griewank_2d,heter_LVGP,pi,,10,24,ok,50,/data/zhq7531/IDEAL/hetero_lvgp/benchmark/results/griewank_2d/heter_LVGP/pi/nrep10/seed24.mat,griewank_2d/heter_LVGP/pi/nrep10/seed24
griewank_2d,heter_LVGP,pi,,10,25,ok,50,/data/zhq7531/IDEAL/hetero_lvgp/benchmark/results/griewank_2d/heter_LVGP/pi/nrep10/seed25.mat,griewank_2d/heter_LVGP/pi/nrep10/seed25
griewank_2d,heter_LVGP,pi,,10,26,ok,50,/data/zhq7531/IDEAL/hetero_lvgp/benchmark/results/griewank_2d/heter_LVGP/pi/nrep10/seed26.mat,griewank_2d/heter_LVGP/pi/nrep10/seed26
griewank_2d,heter_LVGP,pi,,10,27,ok,50,/data/zhq7531/IDEAL/hetero_lvgp/benchmark/results/griewank_2d/heter_LVGP/pi/nrep10/seed27.mat,griewank_2d/heter_LVGP/pi/nrep10/seed27
griewank_2d,heter_LVGP,pi,,10,28,ok,50,/data/zhq7531/IDEAL/hetero_lvgp/benchmark/results/griewank_2d/heter_LVGP/pi/nrep10/seed28.mat,griewank_2d/heter_LVGP/pi/nrep10/seed28
griewank_2d,heter_LVGP,pi,,10,29,ok,50,/data/zhq7531/IDEAL/hetero_lvgp/benchmark/results/griewank_2d/heter_LVGP/pi/nrep10/seed29.mat,griewank_2d/heter_LVGP/pi/nrep10/seed29
griewank_2d,heter_LVGP,pi,,10,30,ok,50,/data/zhq7531/IDEAL/hetero_lvgp/benchmark/results/griewank_2d/heter_LVGP/pi/nrep10/seed30.mat,griewank_2d/heter_LVGP/pi/nrep10/seed30
griewank_2d,heter_LVGP,ei,,3,1,ok,50,/data/zhq7531/IDEAL/hetero_lvgp/benchmark/results/griewank_2d/heter_LVGP/ei/nrep03/seed01.mat,griewank_2d/heter_LVGP/ei/nrep03/seed01
griewank_2d,heter_LVGP,ei,,3,2,ok,50,/data/zhq7531/IDEAL/hetero_lvgp/benchmark/results/griewank_2d/heter_LVGP/ei/nrep03/seed02.mat,griewank_2d/heter_LVGP/ei/nrep03/seed02
griewank_2d,heter_LVGP,ei,,3,3,ok,50,/data/zhq7531/IDEAL/hetero_lvgp/benchmark/results/griewank_2d/heter_LVGP/ei/nrep03/seed03.mat,griewank_2d/heter_LVGP/ei/nrep03/seed03
griewank_2d,heter_LVGP,ei,,3,4,ok,50,/data/zhq7531/IDEAL/hetero_lvgp/benchmark/results/griewank_2d/heter_LVGP/ei/nrep03/seed04.mat,griewank_2d/heter_LVGP/ei/nrep03/seed04
griewank_2d,heter_LVGP,ei,,3,5,ok,50,/data/zhq7531/IDEAL/hetero_lvgp/benchmark/results/griewank_2d/heter_LVGP/ei/nrep03/seed05.mat,griewank_2d/heter_LVGP/ei/nrep03/seed05
griewank_2d,heter_LVGP,ei,,3,6,ok,50,/data/zhq7531/IDEAL/hetero_lvgp/benchmark/results/griewank_2d/heter_LVGP/ei/nrep03/seed06.mat,griewank_2d/heter_LVGP/ei/nrep03/seed06
griewank_2d,heter_LVGP,ei,,3,7,ok,50,/data/zhq7531/IDEAL/hetero_lvgp/benchmark/results/griewank_2d/heter_LVGP/ei/nrep03/seed07.mat,griewank_2d/heter_LVGP/ei/nrep03/seed07
griewank_2d,heter_LVGP,ei,,3,8,ok,50,/data/zhq7531/IDEAL/hetero_lvgp/benchmark/results/griewank_2d/heter_LVGP/ei/nrep03/seed08.mat,griewank_2d/heter_LVGP/ei/nrep03/seed08
griewank_2d,heter_LVGP,ei,,3,9,ok,50,/data/zhq7531/IDEAL/hetero_lvgp/benchmark/results/griewank_2d/heter_LVGP/ei/nrep03/seed09.mat,griewank_2d/heter_LVGP/ei/nrep03/seed09
griewank_2d,heter_LVGP,ei,,3,10,ok,50,/data/zhq7531/IDEAL/hetero_lvgp/benchmark/results/griewank_2d/heter_LVGP/ei/nrep03/seed10.mat,griewank_2d/heter_LVGP/ei/nrep03/seed10
griewank_2d,heter_LVGP,ei,,3,11,ok,50,/data/zhq7531/IDEAL/hetero_lvgp/benchmark/results/griewank_2d/heter_LVGP/ei/nrep03/seed11.mat,griewank_2d/heter_LVGP/ei/nrep03/seed11
griewank_2d,heter_LVGP,ei,,3,12,ok,50,/data/zhq7531/IDEAL/hetero_lvgp/benchmark/results/griewank_2d/heter_LVGP/ei/nrep03/seed12.mat,griewank_2d/heter_LVGP/ei/nrep03/seed12
griewank_2d,heter_LVGP,ei,,3,13,ok,50,/data/zhq7531/IDEAL/hetero_lvgp/benchmark/results/griewank_2d/heter_LVGP/ei/nrep03/seed13.mat,griewank_2d/heter_LVGP/ei/nrep03/seed13
griewank_2d,heter_LVGP,ei,,3,14,ok,50,/data/zhq7531/IDEAL/hetero_lvgp/benchmark/results/griewank_2d/heter_LVGP/ei/nrep03/seed14.mat,griewank_2d/heter_LVGP/ei/nrep03/seed14
griewank_2d,heter_LVGP,ei,,3,15,ok,50,/data/zhq7531/IDEAL/hetero_lvgp/benchmark/results/griewank_2d/heter_LVGP/ei/nrep03/seed15.mat,griewank_2d/heter_LVGP/ei/nrep03/seed15
griewank_2d,heter_LVGP,ei,,3,16,ok,50,/data/zhq7531/IDEAL/hetero_lvgp/benchmark/results/griewank_2d/heter_LVGP/ei/nrep03/seed16.mat,griewank_2d/heter_LVGP/ei/nrep03/seed16
griewank_2d,heter_LVGP,ei,,3,17,ok,50,/data/zhq7531/IDEAL/hetero_lvgp/benchmark/results/griewank_2d/heter_LVGP/ei/nrep03/seed17.mat,griewank_2d/heter_LVGP/ei/nrep03/seed17
griewank_2d,heter_LVGP,ei,,3,18,ok,50,/data/zhq7531/IDEAL/hetero_lvgp/benchmark/results/griewank_2d/heter_LVGP/ei/nrep03/seed18.mat,griewank_2d/heter_LVGP/ei/nrep03/seed18
griewank_2d,heter_LVGP,ei,,3,19,ok,50,/data/zhq7531/IDEAL/hetero_lvgp/benchmark/results/griewank_2d/heter_LVGP/ei/nrep03/seed19.mat,griewank_2d/heter_LVGP/ei/nrep03/seed19
griewank_2d,heter_LVGP,ei,,3,20,ok,50,/data/zhq7531/IDEAL/hetero_lvgp/benchmark/results/griewank_2d/heter_LVGP/ei/nrep03/seed20.mat,griewank_2d/heter_LVGP/ei/nrep03/seed20
griewank_2d,heter_LVGP,ei,,3,21,ok,50,/data/zhq7531/IDEAL/hetero_lvgp/benchmark/results/griewank_2d/heter_LVGP/ei/nrep03/seed21.mat,griewank_2d/heter_LVGP/ei/nrep03/seed21
griewank_2d,heter_LVGP,ei,,3,22,ok,50,/data/zhq7531/IDEAL/hetero_lvgp/benchmark/results/griewank_2d/heter_LVGP/ei/nrep03/seed22.mat,griewank_2d/heter_LVGP/ei/nrep03/seed22
griewank_2d,heter_LVGP,ei,,3,23,ok,50,/data/zhq7531/IDEAL/hetero_lvgp/benchmark/results/griewank_2d/heter_LVGP/ei/nrep03/seed23.mat,griewank_2d/heter_LVGP/ei/nrep03/seed23
griewank_2d,heter_LVGP,ei,,3,24,ok,50,/data/zhq7531/IDEAL/hetero_lvgp/benchmark/results/griewank_2d/heter_LVGP/ei/nrep03/seed24.mat,griewank_2d/heter_LVGP/ei/nrep03/seed24
griewank_2d,heter_LVGP,ei,,3,25,ok,50,/data/zhq7531/IDEAL/hetero_lvgp/benchmark/results/griewank_2d/heter_LVGP/ei/nrep03/seed25.mat,griewank_2d/heter_LVGP/ei/nrep03/seed25
griewank_2d,heter_LVGP,ei,,3,26,ok,50,/data/zhq7531/IDEAL/hetero_lvgp/benchmark/results/griewank_2d/heter_LVGP/ei/nrep03/seed26.mat,griewank_2d/heter_LVGP/ei/nrep03/seed26
griewank_2d,heter_LVGP,ei,,3,27,ok,50,/data/zhq7531/IDEAL/hetero_lvgp/benchmark/results/griewank_2d/heter_LVGP/ei/nrep03/seed27.mat,griewank_2d/heter_LVGP/ei/nrep03/seed27
griewank_2d,heter_LVGP,ei,,3,28,ok,50,/data/zhq7531/IDEAL/hetero_lvgp/benchmark/results/griewank_2d/heter_LVGP/ei/nrep03/seed28.mat,griewank_2d/heter_LVGP/ei/nrep03/seed28
griewank_2d,heter_LVGP,ei,,3,29,ok,50,/data/zhq7531/IDEAL/hetero_lvgp/benchmark/results/griewank_2d/heter_LVGP/ei/nrep03/seed29.mat,griewank_2d/heter_LVGP/ei/nrep03/seed29
griewank_2d,heter_LVGP,ei,,3,30,ok,50,/data/zhq7531/IDEAL/hetero_lvgp/benchmark/results/griewank_2d/heter_LVGP/ei/nrep03/seed30.mat,griewank_2d/heter_LVGP/ei/nrep03/seed30
griewank_2d,heter_LVGP,ei,,10,1,ok,50,/data/zhq7531/IDEAL/hetero_lvgp/benchmark/results/griewank_2d/heter_LVGP/ei/nrep10/seed01.mat,griewank_2d/heter_LVGP/ei/nrep10/seed01
griewank_2d,heter_LVGP,ei,,10,2,ok,50,/data/zhq7531/IDEAL/hetero_lvgp/benchmark/results/griewank_2d/heter_LVGP/ei/nrep10/seed02.mat,griewank_2d/heter_LVGP/ei/nrep10/seed02
griewank_2d,heter_LVGP,ei,,10,3,ok,50,/data/zhq7531/IDEAL/hetero_lvgp/benchmark/results/griewank_2d/heter_LVGP/ei/nrep10/seed03.mat,griewank_2d/heter_LVGP/ei/nrep10/seed03
griewank_2d,heter_LVGP,ei,,10,4,ok,50,/data/zhq7531/IDEAL/hetero_lvgp/benchmark/results/griewank_2d/heter_LVGP/ei/nrep10/seed04.mat,griewank_2d/heter_LVGP/ei/nrep10/seed04
griewank_2d,heter_LVGP,ei,,10,5,ok,50,/data/zhq7531/IDEAL/hetero_lvgp/benchmark/results/griewank_2d/heter_LVGP/ei/nrep10/seed05.mat,griewank_2d/heter_LVGP/ei/nrep10/seed05
griewank_2d,heter_LVGP,ei,,10,6,ok,50,/data/zhq7531/IDEAL/hetero_lvgp/benchmark/results/griewank_2d/heter_LVGP/ei/nrep10/seed06.mat,griewank_2d/heter_LVGP/ei/nrep10/seed06
griewank_2d,heter_LVGP,ei,,10,7,ok,50,/data/zhq7531/IDEAL/hetero_lvgp/benchmark/results/griewank_2d/heter_LVGP/ei/nrep10/seed07.mat,griewank_2d/heter_LVGP/ei/nrep10/seed07
griewank_2d,heter_LVGP,ei,,10,8,ok,50,/data/zhq7531/IDEAL/hetero_lvgp/benchmark/results/griewank_2d/heter_LVGP/ei/nrep10/seed08.mat,griewank_2d/heter_LVGP/ei/nrep10/seed08
griewank_2d,heter_LVGP,ei,,10,9,ok,50,/data/zhq7531/IDEAL/hetero_lvgp/benchmark/results/griewank_2d/heter_LVGP/ei/nrep10/seed09.mat,griewank_2d/heter_LVGP/ei/nrep10/seed09
griewank_2d,heter_LVGP,ei,,10,10,ok,50,/data/zhq7531/IDEAL/hetero_lvgp/benchmark/results/griewank_2d/heter_LVGP/ei/nrep10/seed10.mat,griewank_2d/heter_LVGP/ei/nrep10/seed10
griewank_2d,heter_LVGP,ei,,10,11,ok,50,/data/zhq7531/IDEAL/hetero_lvgp/benchmark/results/griewank_2d/heter_LVGP/ei/nrep10/seed11.mat,griewank_2d/heter_LVGP/ei/nrep10/seed11
griewank_2d,heter_LVGP,ei,,10,12,ok,50,/data/zhq7531/IDEAL/hetero_lvgp/benchmark/results/griewank_2d/heter_LVGP/ei/nrep10/seed12.mat,griewank_2d/heter_LVGP/ei/nrep10/seed12
griewank_2d,heter_LVGP,ei,,10,13,ok,50,/data/zhq7531/IDEAL/hetero_lvgp/benchmark/results/griewank_2d/heter_LVGP/ei/nrep10/seed13.mat,griewank_2d/heter_LVGP/ei/nrep10/seed13
griewank_2d,heter_LVGP,ei,,10,14,ok,50,/data/zhq7531/IDEAL/hetero_lvgp/benchmark/results/griewank_2d/heter_LVGP/ei/nrep10/seed14.mat,griewank_2d/heter_LVGP/ei/nrep10/seed14
griewank_2d,heter_LVGP,ei,,10,15,ok,50,/data/zhq7531/IDEAL/hetero_lvgp/benchmark/results/griewank_2d/heter_LVGP/ei/nrep10/seed15.mat,griewank_2d/heter_LVGP/ei/nrep10/seed15
griewank_2d,heter_LVGP,ei,,10,16,ok,50,/data/zhq7531/IDEAL/hetero_lvgp/benchmark/results/griewank_2d/heter_LVGP/ei/nrep10/seed16.mat,griewank_2d/heter_LVGP/ei/nrep10/seed16
griewank_2d,heter_LVGP,ei,,10,17,ok,50,/data/zhq7531/IDEAL/hetero_lvgp/benchmark/results/griewank_2d/heter_LVGP/ei/nrep10/seed17.mat,griewank_2d/heter_LVGP/ei/nrep10/seed17
griewank_2d,heter_LVGP,ei,,10,18,ok,50,/data/zhq7531/IDEAL/hetero_lvgp/benchmark/results/griewank_2d/heter_LVGP/ei/nrep10/seed18.mat,griewank_2d/heter_LVGP/ei/nrep10/seed18
griewank_2d,heter_LVGP,ei,,10,19,ok,50,/data/zhq7531/IDEAL/hetero_lvgp/benchmark/results/griewank_2d/heter_LVGP/ei/nrep10/seed19.mat,griewank_2d/heter_LVGP/ei/nrep10/seed19
griewank_2d,heter_LVGP,ei,,10,20,ok,50,/data/zhq7531/IDEAL/hetero_lvgp/benchmark/results/griewank_2d/heter_LVGP/ei/nrep10/seed20.mat,griewank_2d/heter_LVGP/ei/nrep10/seed20
griewank_2d,heter_LVGP,ei,,10,21,ok,50,/data/zhq7531/IDEAL/hetero_lvgp/benchmark/results/griewank_2d/heter_LVGP/ei/nrep10/seed21.mat,griewank_2d/heter_LVGP/ei/nrep10/seed21
griewank_2d,heter_LVGP,ei,,10,22,ok,50,/data/zhq7531/IDEAL/hetero_lvgp/benchmark/results/griewank_2d/heter_LVGP/ei/nrep10/seed22.mat,griewank_2d/heter_LVGP/ei/nrep10/seed22
griewank_2d,heter_LVGP,ei,,10,23,ok,50,/data/zhq7531/IDEAL/hetero_lvgp/benchmark/results/griewank_2d/heter_LVGP/ei/nrep10/seed23.mat,griewank_2d/heter_LVGP/ei/nrep10/seed23
griewank_2d,heter_LVGP,ei,,10,24,ok,50,/data/zhq7531/IDEAL/hetero_lvgp/benchmark/results/griewank_2d/heter_LVGP/ei/nrep10/seed24.mat,griewank_2d/heter_LVGP/ei/nrep10/seed24
griewank_2d,heter_LVGP,ei,,10,25,ok,50,/data/zhq7531/IDEAL/hetero_lvgp/benchmark/results/griewank_2d/heter_LVGP/ei/nrep10/seed25.mat,griewank_2d/heter_LVGP/ei/nrep10/seed25
griewank_2d,heter_LVGP,ei,,10,26,ok,50,/data/zhq7531/IDEAL/hetero_lvgp/benchmark/results/griewank_2d/heter_LVGP/ei/nrep10/seed26.mat,griewank_2d/heter_LVGP/ei/nrep10/seed26
griewank_2d,heter_LVGP,ei,,10,27,ok,50,/data/zhq7531/IDEAL/hetero_lvgp/benchmark/results/griewank_2d/heter_LVGP/ei/nrep10/seed27.mat,griewank_2d/heter_LVGP/ei/nrep10/seed27
griewank_2d,heter_LVGP,ei,,10,28,ok,50,/data/zhq7531/IDEAL/hetero_lvgp/benchmark/results/griewank_2d/heter_LVGP/ei/nrep10/seed28.mat,griewank_2d/heter_LVGP/ei/nrep10/seed28
griewank_2d,heter_LVGP,ei,,10,29,ok,50,/data/zhq7531/IDEAL/hetero_lvgp/benchmark/results/griewank_2d/heter_LVGP/ei/nrep10/seed29.mat,griewank_2d/heter_LVGP/ei/nrep10/seed29
griewank_2d,heter_LVGP,ei,,10,30,ok,50,/data/zhq7531/IDEAL/hetero_lvgp/benchmark/results/griewank_2d/heter_LVGP/ei/nrep10/seed30.mat,griewank_2d/heter_LVGP/ei/nrep10/seed30
griewank_2d,heter_LVGP,haei,0.5,3,1,ok,50,/data/zhq7531/IDEAL/hetero_lvgp/benchmark/results/griewank_2d/heter_LVGP/haei_g0.5/nrep03/seed01.mat,griewank_2d/heter_LVGP/haei_g0.5/nrep03/seed01
griewank_2d,heter_LVGP,haei,0.5,3,2,ok,50,/data/zhq7531/IDEAL/hetero_lvgp/benchmark/results/griewank_2d/heter_LVGP/haei_g0.5/nrep03/seed02.mat,griewank_2d/heter_LVGP/haei_g0.5/nrep03/seed02
griewank_2d,heter_LVGP,haei,0.5,3,3,ok,50,/data/zhq7531/IDEAL/hetero_lvgp/benchmark/results/griewank_2d/heter_LVGP/haei_g0.5/nrep03/seed03.mat,griewank_2d/heter_LVGP/haei_g0.5/nrep03/seed03
griewank_2d,heter_LVGP,haei,0.5,3,4,ok,50,/data/zhq7531/IDEAL/hetero_lvgp/benchmark/results/griewank_2d/heter_LVGP/haei_g0.5/nrep03/seed04.mat,griewank_2d/heter_LVGP/haei_g0.5/nrep03/seed04
griewank_2d,heter_LVGP,haei,0.5,3,5,ok,50,/data/zhq7531/IDEAL/hetero_lvgp/benchmark/results/griewank_2d/heter_LVGP/haei_g0.5/nrep03/seed05.mat,griewank_2d/heter_LVGP/haei_g0.5/nrep03/seed05
griewank_2d,heter_LVGP,haei,0.5,3,6,ok,50,/data/zhq7531/IDEAL/hetero_lvgp/benchmark/results/griewank_2d/heter_LVGP/haei_g0.5/nrep03/seed06.mat,griewank_2d/heter_LVGP/haei_g0.5/nrep03/seed06
griewank_2d,heter_LVGP,haei,0.5,3,7,ok,50,/data/zhq7531/IDEAL/hetero_lvgp/benchmark/results/griewank_2d/heter_LVGP/haei_g0.5/nrep03/seed07.mat,griewank_2d/heter_LVGP/haei_g0.5/nrep03/seed07
griewank_2d,heter_LVGP,haei,0.5,3,8,ok,50,/data/zhq7531/IDEAL/hetero_lvgp/benchmark/results/griewank_2d/heter_LVGP/haei_g0.5/nrep03/seed08.mat,griewank_2d/heter_LVGP/haei_g0.5/nrep03/seed08
griewank_2d,heter_LVGP,haei,0.5,3,9,ok,50,/data/zhq7531/IDEAL/hetero_lvgp/benchmark/results/griewank_2d/heter_LVGP/haei_g0.5/nrep03/seed09.mat,griewank_2d/heter_LVGP/haei_g0.5/nrep03/seed09
griewank_2d,heter_LVGP,haei,0.5,3,10,ok,50,/data/zhq7531/IDEAL/hetero_lvgp/benchmark/results/griewank_2d/heter_LVGP/haei_g0.5/nrep03/seed10.mat,griewank_2d/heter_LVGP/haei_g0.5/nrep03/seed10
griewank_2d,heter_LVGP,haei,0.5,3,11,ok,50,/data/zhq7531/IDEAL/hetero_lvgp/benchmark/results/griewank_2d/heter_LVGP/haei_g0.5/nrep03/seed11.mat,griewank_2d/heter_LVGP/haei_g0.5/nrep03/seed11
griewank_2d,heter_LVGP,haei,0.5,3,12,ok,50,/data/zhq7531/IDEAL/hetero_lvgp/benchmark/results/griewank_2d/heter_LVGP/haei_g0.5/nrep03/seed12.mat,griewank_2d/heter_LVGP/haei_g0.5/nrep03/seed12
griewank_2d,heter_LVGP,haei,0.5,3,13,ok,50,/data/zhq7531/IDEAL/hetero_lvgp/benchmark/results/griewank_2d/heter_LVGP/haei_g0.5/nrep03/seed13.mat,griewank_2d/heter_LVGP/haei_g0.5/nrep03/seed13
griewank_2d,heter_LVGP,haei,0.5,3,14,ok,50,/data/zhq7531/IDEAL/hetero_lvgp/benchmark/results/griewank_2d/heter_LVGP/haei_g0.5/nrep03/seed14.mat,griewank_2d/heter_LVGP/haei_g0.5/nrep03/seed14
griewank_2d,heter_LVGP,haei,0.5,3,15,ok,50,/data/zhq7531/IDEAL/hetero_lvgp/benchmark/results/griewank_2d/heter_LVGP/haei_g0.5/nrep03/seed15.mat,griewank_2d/heter_LVGP/haei_g0.5/nrep03/seed15
griewank_2d,heter_LVGP,haei,0.5,3,16,ok,50,/data/zhq7531/IDEAL/hetero_lvgp/benchmark/results/griewank_2d/heter_LVGP/haei_g0.5/nrep03/seed16.mat,griewank_2d/heter_LVGP/haei_g0.5/nrep03/seed16
griewank_2d,heter_LVGP,haei,0.5,3,17,ok,50,/data/zhq7531/IDEAL/hetero_lvgp/benchmark/results/griewank_2d/heter_LVGP/haei_g0.5/nrep03/seed17.mat,griewank_2d/heter_LVGP/haei_g0.5/nrep03/seed17
griewank_2d,heter_LVGP,haei,0.5,3,18,ok,50,/data/zhq7531/IDEAL/hetero_lvgp/benchmark/results/griewank_2d/heter_LVGP/haei_g0.5/nrep03/seed18.mat,griewank_2d/heter_LVGP/haei_g0.5/nrep03/seed18
griewank_2d,heter_LVGP,haei,0.5,3,19,ok,50,/data/zhq7531/IDEAL/hetero_lvgp/benchmark/results/griewank_2d/heter_LVGP/haei_g0.5/nrep03/seed19.mat,griewank_2d/heter_LVGP/haei_g0.5/nrep03/seed19
griewank_2d,heter_LVGP,haei,0.5,3,20,ok,50,/data/zhq7531/IDEAL/hetero_lvgp/benchmark/results/griewank_2d/heter_LVGP/haei_g0.5/nrep03/seed20.mat,griewank_2d/heter_LVGP/haei_g0.5/nrep03/seed20
griewank_2d,heter_LVGP,haei,0.5,3,21,ok,50,/data/zhq7531/IDEAL/hetero_lvgp/benchmark/results/griewank_2d/heter_LVGP/haei_g0.5/nrep03/seed21.mat,griewank_2d/heter_LVGP/haei_g0.5/nrep03/seed21
griewank_2d,heter_LVGP,haei,0.5,3,22,ok,50,/data/zhq7531/IDEAL/hetero_lvgp/benchmark/results/griewank_2d/heter_LVGP/haei_g0.5/nrep03/seed22.mat,griewank_2d/heter_LVGP/haei_g0.5/nrep03/seed22
griewank_2d,heter_LVGP,haei,0.5,3,23,ok,50,/data/zhq7531/IDEAL/hetero_lvgp/benchmark/results/griewank_2d/heter_LVGP/haei_g0.5/nrep03/seed23.mat,griewank_2d/heter_LVGP/haei_g0.5/nrep03/seed23
griewank_2d,heter_LVGP,haei,0.5,3,24,ok,50,/data/zhq7531/IDEAL/hetero_lvgp/benchmark/results/griewank_2d/heter_LVGP/haei_g0.5/nrep03/seed24.mat,griewank_2d/heter_LVGP/haei_g0.5/nrep03/seed24
griewank_2d,heter_LVGP,haei,0.5,3,25,ok,50,/data/zhq7531/IDEAL/hetero_lvgp/benchmark/results/griewank_2d/heter_LVGP/haei_g0.5/nrep03/seed25.mat,griewank_2d/heter_LVGP/haei_g0.5/nrep03/seed25
griewank_2d,heter_LVGP,haei,0.5,3,26,ok,50,/data/zhq7531/IDEAL/hetero_lvgp/benchmark/results/griewank_2d/heter_LVGP/haei_g0.5/nrep03/seed26.mat,griewank_2d/heter_LVGP/haei_g0.5/nrep03/seed26
griewank_2d,heter_LVGP,haei,0.5,3,27,ok,50,/data/zhq7531/IDEAL/hetero_lvgp/benchmark/results/griewank_2d/heter_LVGP/haei_g0.5/nrep03/seed27.mat,griewank_2d/heter_LVGP/haei_g0.5/nrep03/seed27
griewank_2d,heter_LVGP,haei,0.5,3,28,ok,50,/data/zhq7531/IDEAL/hetero_lvgp/benchmark/results/griewank_2d/heter_LVGP/haei_g0.5/nrep03/seed28.mat,griewank_2d/heter_LVGP/haei_g0.5/nrep03/seed28
griewank_2d,heter_LVGP,haei,0.5,3,29,ok,50,/data/zhq7531/IDEAL/hetero_lvgp/benchmark/results/griewank_2d/heter_LVGP/haei_g0.5/nrep03/seed29.mat,griewank_2d/heter_LVGP/haei_g0.5/nrep03/seed29
griewank_2d,heter_LVGP,haei,0.5,3,30,ok,50,/data/zhq7531/IDEAL/hetero_lvgp/benchmark/results/griewank_2d/heter_LVGP/haei_g0.5/nrep03/seed30.mat,griewank_2d/heter_LVGP/haei_g0.5/nrep03/seed30
griewank_2d,heter_LVGP,haei,0.5,10,1,ok,50,/data/zhq7531/IDEAL/hetero_lvgp/benchmark/results/griewank_2d/heter_LVGP/haei_g0.5/nrep10/seed01.mat,griewank_2d/heter_LVGP/haei_g0.5/nrep10/seed01
griewank_2d,heter_LVGP,haei,0.5,10,2,ok,50,/data/zhq7531/IDEAL/hetero_lvgp/benchmark/results/griewank_2d/heter_LVGP/haei_g0.5/nrep10/seed02.mat,griewank_2d/heter_LVGP/haei_g0.5/nrep10/seed02
griewank_2d,heter_LVGP,haei,0.5,10,3,ok,50,/data/zhq7531/IDEAL/hetero_lvgp/benchmark/results/griewank_2d/heter_LVGP/haei_g0.5/nrep10/seed03.mat,griewank_2d/heter_LVGP/haei_g0.5/nrep10/seed03
griewank_2d,heter_LVGP,haei,0.5,10,4,ok,50,/data/zhq7531/IDEAL/hetero_lvgp/benchmark/results/griewank_2d/heter_LVGP/haei_g0.5/nrep10/seed04.mat,griewank_2d/heter_LVGP/haei_g0.5/nrep10/seed04
griewank_2d,heter_LVGP,haei,0.5,10,5,ok,50,/data/zhq7531/IDEAL/hetero_lvgp/benchmark/results/griewank_2d/heter_LVGP/haei_g0.5/nrep10/seed05.mat,griewank_2d/heter_LVGP/haei_g0.5/nrep10/seed05
griewank_2d,heter_LVGP,haei,0.5,10,6,ok,50,/data/zhq7531/IDEAL/hetero_lvgp/benchmark/results/griewank_2d/heter_LVGP/haei_g0.5/nrep10/seed06.mat,griewank_2d/heter_LVGP/haei_g0.5/nrep10/seed06
griewank_2d,heter_LVGP,haei,0.5,10,7,ok,50,/data/zhq7531/IDEAL/hetero_lvgp/benchmark/results/griewank_2d/heter_LVGP/haei_g0.5/nrep10/seed07.mat,griewank_2d/heter_LVGP/haei_g0.5/nrep10/seed07
griewank_2d,heter_LVGP,haei,0.5,10,8,ok,50,/data/zhq7531/IDEAL/hetero_lvgp/benchmark/results/griewank_2d/heter_LVGP/haei_g0.5/nrep10/seed08.mat,griewank_2d/heter_LVGP/haei_g0.5/nrep10/seed08
griewank_2d,heter_LVGP,haei,0.5,10,9,ok,50,/data/zhq7531/IDEAL/hetero_lvgp/benchmark/results/griewank_2d/heter_LVGP/haei_g0.5/nrep10/seed09.mat,griewank_2d/heter_LVGP/haei_g0.5/nrep10/seed09
griewank_2d,heter_LVGP,haei,0.5,10,10,ok,50,/data/zhq7531/IDEAL/hetero_lvgp/benchmark/results/griewank_2d/heter_LVGP/haei_g0.5/nrep10/seed10.mat,griewank_2d/heter_LVGP/haei_g0.5/nrep10/seed10
griewank_2d,heter_LVGP,haei,0.5,10,11,ok,50,/data/zhq7531/IDEAL/hetero_lvgp/benchmark/results/griewank_2d/heter_LVGP/haei_g0.5/nrep10/seed11.mat,griewank_2d/heter_LVGP/haei_g0.5/nrep10/seed11
griewank_2d,heter_LVGP,haei,0.5,10,12,ok,50,/data/zhq7531/IDEAL/hetero_lvgp/benchmark/results/griewank_2d/heter_LVGP/haei_g0.5/nrep10/seed12.mat,griewank_2d/heter_LVGP/haei_g0.5/nrep10/seed12
griewank_2d,heter_LVGP,haei,0.5,10,13,ok,50,/data/zhq7531/IDEAL/hetero_lvgp/benchmark/results/griewank_2d/heter_LVGP/haei_g0.5/nrep10/seed13.mat,griewank_2d/heter_LVGP/haei_g0.5/nrep10/seed13
griewank_2d,heter_LVGP,haei,0.5,10,14,ok,50,/data/zhq7531/IDEAL/hetero_lvgp/benchmark/results/griewank_2d/heter_LVGP/haei_g0.5/nrep10/seed14.mat,griewank_2d/heter_LVGP/haei_g0.5/nrep10/seed14
griewank_2d,heter_LVGP,haei,0.5,10,15,ok,50,/data/zhq7531/IDEAL/hetero_lvgp/benchmark/results/griewank_2d/heter_LVGP/haei_g0.5/nrep10/seed15.mat,griewank_2d/heter_LVGP/haei_g0.5/nrep10/seed15
griewank_2d,heter_LVGP,haei,0.5,10,16,ok,50,/data/zhq7531/IDEAL/hetero_lvgp/benchmark/results/griewank_2d/heter_LVGP/haei_g0.5/nrep10/seed16.mat,griewank_2d/heter_LVGP/haei_g0.5/nrep10/seed16
griewank_2d,heter_LVGP,haei,0.5,10,17,ok,50,/data/zhq7531/IDEAL/hetero_lvgp/benchmark/results/griewank_2d/heter_LVGP/haei_g0.5/nrep10/seed17.mat,griewank_2d/heter_LVGP/haei_g0.5/nrep10/seed17
griewank_2d,heter_LVGP,haei,0.5,10,18,ok,50,/data/zhq7531/IDEAL/hetero_lvgp/benchmark/results/griewank_2d/heter_LVGP/haei_g0.5/nrep10/seed18.mat,griewank_2d/heter_LVGP/haei_g0.5/nrep10/seed18
griewank_2d,heter_LVGP,haei,0.5,10,19,ok,50,/data/zhq7531/IDEAL/hetero_lvgp/benchmark/results/griewank_2d/heter_LVGP/haei_g0.5/nrep10/seed19.mat,griewank_2d/heter_LVGP/haei_g0.5/nrep10/seed19
griewank_2d,heter_LVGP,haei,0.5,10,20,ok,50,/data/zhq7531/IDEAL/hetero_lvgp/benchmark/results/griewank_2d/heter_LVGP/haei_g0.5/nrep10/seed20.mat,griewank_2d/heter_LVGP/haei_g0.5/nrep10/seed20
griewank_2d,heter_LVGP,haei,0.5,10,21,ok,50,/data/zhq7531/IDEAL/hetero_lvgp/benchmark/results/griewank_2d/heter_LVGP/haei_g0.5/nrep10/seed21.mat,griewank_2d/heter_LVGP/haei_g0.5/nrep10/seed21
griewank_2d,heter_LVGP,haei,0.5,10,22,ok,50,/data/zhq7531/IDEAL/hetero_lvgp/benchmark/results/griewank_2d/heter_LVGP/haei_g0.5/nrep10/seed22.mat,griewank_2d/heter_LVGP/haei_g0.5/nrep10/seed22
griewank_2d,heter_LVGP,haei,0.5,10,23,ok,50,/data/zhq7531/IDEAL/hetero_lvgp/benchmark/results/griewank_2d/heter_LVGP/haei_g0.5/nrep10/seed23.mat,griewank_2d/heter_LVGP/haei_g0.5/nrep10/seed23
griewank_2d,heter_LVGP,haei,0.5,10,24,ok,50,/data/zhq7531/IDEAL/hetero_lvgp/benchmark/results/griewank_2d/heter_LVGP/haei_g0.5/nrep10/seed24.mat,griewank_2d/heter_LVGP/haei_g0.5/nrep10/seed24
griewank_2d,heter_LVGP,haei,0.5,10,25,ok,50,/data/zhq7531/IDEAL/hetero_lvgp/benchmark/results/griewank_2d/heter_LVGP/haei_g0.5/nrep10/seed25.mat,griewank_2d/heter_LVGP/haei_g0.5/nrep10/seed25
griewank_2d,heter_LVGP,haei,0.5,10,26,ok,50,/data/zhq7531/IDEAL/hetero_lvgp/benchmark/results/griewank_2d/heter_LVGP/haei_g0.5/nrep10/seed26.mat,griewank_2d/heter_LVGP/haei_g0.5/nrep10/seed26
griewank_2d,heter_LVGP,haei,0.5,10,27,ok,50,/data/zhq7531/IDEAL/hetero_lvgp/benchmark/results/griewank_2d/heter_LVGP/haei_g0.5/nrep10/seed27.mat,griewank_2d/heter_LVGP/haei_g0.5/nrep10/seed27
griewank_2d,heter_LVGP,haei,0.5,10,28,ok,50,/data/zhq7531/IDEAL/hetero_lvgp/benchmark/results/griewank_2d/heter_LVGP/haei_g0.5/nrep10/seed28.mat,griewank_2d/heter_LVGP/haei_g0.5/nrep10/seed28
griewank_2d,heter_LVGP,haei,0.5,10,29,ok,50,/data/zhq7531/IDEAL/hetero_lvgp/benchmark/results/griewank_2d/heter_LVGP/haei_g0.5/nrep10/seed29.mat,griewank_2d/heter_LVGP/haei_g0.5/nrep10/seed29
griewank_2d,heter_LVGP,haei,0.5,10,30,ok,50,/data/zhq7531/IDEAL/hetero_lvgp/benchmark/results/griewank_2d/heter_LVGP/haei_g0.5/nrep10/seed30.mat,griewank_2d/heter_LVGP/haei_g0.5/nrep10/seed30
griewank_2d,heter_LVGP,anpei,0.8,3,1,ok,50,/data/zhq7531/IDEAL/hetero_lvgp/benchmark/results/griewank_2d/heter_LVGP/anpei_b0.8/nrep03/seed01.mat,griewank_2d/heter_LVGP/anpei_b0.8/nrep03/seed01
griewank_2d,heter_LVGP,anpei,0.8,3,2,ok,50,/data/zhq7531/IDEAL/hetero_lvgp/benchmark/results/griewank_2d/heter_LVGP/anpei_b0.8/nrep03/seed02.mat,griewank_2d/heter_LVGP/anpei_b0.8/nrep03/seed02
griewank_2d,heter_LVGP,anpei,0.8,3,3,ok,50,/data/zhq7531/IDEAL/hetero_lvgp/benchmark/results/griewank_2d/heter_LVGP/anpei_b0.8/nrep03/seed03.mat,griewank_2d/heter_LVGP/anpei_b0.8/nrep03/seed03
griewank_2d,heter_LVGP,anpei,0.8,3,4,ok,50,/data/zhq7531/IDEAL/hetero_lvgp/benchmark/results/griewank_2d/heter_LVGP/anpei_b0.8/nrep03/seed04.mat,griewank_2d/heter_LVGP/anpei_b0.8/nrep03/seed04
griewank_2d,heter_LVGP,anpei,0.8,3,5,ok,50,/data/zhq7531/IDEAL/hetero_lvgp/benchmark/results/griewank_2d/heter_LVGP/anpei_b0.8/nrep03/seed05.mat,griewank_2d/heter_LVGP/anpei_b0.8/nrep03/seed05
griewank_2d,heter_LVGP,anpei,0.8,3,6,ok,50,/data/zhq7531/IDEAL/hetero_lvgp/benchmark/results/griewank_2d/heter_LVGP/anpei_b0.8/nrep03/seed06.mat,griewank_2d/heter_LVGP/anpei_b0.8/nrep03/seed06
griewank_2d,heter_LVGP,anpei,0.8,3,7,ok,50,/data/zhq7531/IDEAL/hetero_lvgp/benchmark/results/griewank_2d/heter_LVGP/anpei_b0.8/nrep03/seed07.mat,griewank_2d/heter_LVGP/anpei_b0.8/nrep03/seed07
griewank_2d,heter_LVGP,anpei,0.8,3,8,ok,50,/data/zhq7531/IDEAL/hetero_lvgp/benchmark/results/griewank_2d/heter_LVGP/anpei_b0.8/nrep03/seed08.mat,griewank_2d/heter_LVGP/anpei_b0.8/nrep03/seed08
griewank_2d,heter_LVGP,anpei,0.8,3,9,ok,50,/data/zhq7531/IDEAL/hetero_lvgp/benchmark/results/griewank_2d/heter_LVGP/anpei_b0.8/nrep03/seed09.mat,griewank_2d/heter_LVGP/anpei_b0.8/nrep03/seed09
griewank_2d,heter_LVGP,anpei,0.8,3,10,ok,50,/data/zhq7531/IDEAL/hetero_lvgp/benchmark/results/griewank_2d/heter_LVGP/anpei_b0.8/nrep03/seed10.mat,griewank_2d/heter_LVGP/anpei_b0.8/nrep03/seed10
griewank_2d,heter_LVGP,anpei,0.8,3,11,ok,50,/data/zhq7531/IDEAL/hetero_lvgp/benchmark/results/griewank_2d/heter_LVGP/anpei_b0.8/nrep03/seed11.mat,griewank_2d/heter_LVGP/anpei_b0.8/nrep03/seed11
griewank_2d,heter_LVGP,anpei,0.8,3,12,ok,50,/data/zhq7531/IDEAL/hetero_lvgp/benchmark/results/griewank_2d/heter_LVGP/anpei_b0.8/nrep03/seed12.mat,griewank_2d/heter_LVGP/anpei_b0.8/nrep03/seed12
griewank_2d,heter_LVGP,anpei,0.8,3,13,ok,50,/data/zhq7531/IDEAL/hetero_lvgp/benchmark/results/griewank_2d/heter_LVGP/anpei_b0.8/nrep03/seed13.mat,griewank_2d/heter_LVGP/anpei_b0.8/nrep03/seed13
griewank_2d,heter_LVGP,anpei,0.8,3,14,ok,50,/data/zhq7531/IDEAL/hetero_lvgp/benchmark/results/griewank_2d/heter_LVGP/anpei_b0.8/nrep03/seed14.mat,griewank_2d/heter_LVGP/anpei_b0.8/nrep03/seed14
griewank_2d,heter_LVGP,anpei,0.8,3,15,ok,50,/data/zhq7531/IDEAL/hetero_lvgp/benchmark/results/griewank_2d/heter_LVGP/anpei_b0.8/nrep03/seed15.mat,griewank_2d/heter_LVGP/anpei_b0.8/nrep03/seed15
griewank_2d,heter_LVGP,anpei,0.8,3,16,ok,50,/data/zhq7531/IDEAL/hetero_lvgp/benchmark/results/griewank_2d/heter_LVGP/anpei_b0.8/nrep03/seed16.mat,griewank_2d/heter_LVGP/anpei_b0.8/nrep03/seed16
griewank_2d,heter_LVGP,anpei,0.8,3,17,ok,50,/data/zhq7531/IDEAL/hetero_lvgp/benchmark/results/griewank_2d/heter_LVGP/anpei_b0.8/nrep03/seed17.mat,griewank_2d/heter_LVGP/anpei_b0.8/nrep03/seed17
griewank_2d,heter_LVGP,anpei,0.8,3,18,ok,50,/data/zhq7531/IDEAL/hetero_lvgp/benchmark/results/griewank_2d/heter_LVGP/anpei_b0.8/nrep03/seed18.mat,griewank_2d/heter_LVGP/anpei_b0.8/nrep03/seed18
griewank_2d,heter_LVGP,anpei,0.8,3,19,ok,50,/data/zhq7531/IDEAL/hetero_lvgp/benchmark/results/griewank_2d/heter_LVGP/anpei_b0.8/nrep03/seed19.mat,griewank_2d/heter_LVGP/anpei_b0.8/nrep03/seed19
griewank_2d,heter_LVGP,anpei,0.8,3,20,ok,50,/data/zhq7531/IDEAL/hetero_lvgp/benchmark/results/griewank_2d/heter_LVGP/anpei_b0.8/nrep03/seed20.mat,griewank_2d/heter_LVGP/anpei_b0.8/nrep03/seed20
griewank_2d,heter_LVGP,anpei,0.8,3,21,ok,50,/data/zhq7531/IDEAL/hetero_lvgp/benchmark/results/griewank_2d/heter_LVGP/anpei_b0.8/nrep03/seed21.mat,griewank_2d/heter_LVGP/anpei_b0.8/nrep03/seed21
griewank_2d,heter_LVGP,anpei,0.8,3,22,ok,50,/data/zhq7531/IDEAL/hetero_lvgp/benchmark/results/griewank_2d/heter_LVGP/anpei_b0.8/nrep03/seed22.mat,griewank_2d/heter_LVGP/anpei_b0.8/nrep03/seed22
griewank_2d,heter_LVGP,anpei,0.8,3,23,ok,50,/data/zhq7531/IDEAL/hetero_lvgp/benchmark/results/griewank_2d/heter_LVGP/anpei_b0.8/nrep03/seed23.mat,griewank_2d/heter_LVGP/anpei_b0.8/nrep03/seed23
griewank_2d,heter_LVGP,anpei,0.8,3,24,ok,50,/data/zhq7531/IDEAL/hetero_lvgp/benchmark/results/griewank_2d/heter_LVGP/anpei_b0.8/nrep03/seed24.mat,griewank_2d/heter_LVGP/anpei_b0.8/nrep03/seed24
griewank_2d,heter_LVGP,anpei,0.8,3,25,ok,50,/data/zhq7531/IDEAL/hetero_lvgp/benchmark/results/griewank_2d/heter_LVGP/anpei_b0.8/nrep03/seed25.mat,griewank_2d/heter_LVGP/anpei_b0.8/nrep03/seed25
griewank_2d,heter_LVGP,anpei,0.8,3,26,ok,50,/data/zhq7531/IDEAL/hetero_lvgp/benchmark/results/griewank_2d/heter_LVGP/anpei_b0.8/nrep03/seed26.mat,griewank_2d/heter_LVGP/anpei_b0.8/nrep03/seed26
griewank_2d,heter_LVGP,anpei,0.8,3,27,ok,50,/data/zhq7531/IDEAL/hetero_lvgp/benchmark/results/griewank_2d/heter_LVGP/anpei_b0.8/nrep03/seed27.mat,griewank_2d/heter_LVGP/anpei_b0.8/nrep03/seed27
griewank_2d,heter_LVGP,anpei,0.8,3,28,ok,50,/data/zhq7531/IDEAL/hetero_lvgp/benchmark/results/griewank_2d/heter_LVGP/anpei_b0.8/nrep03/seed28.mat,griewank_2d/heter_LVGP/anpei_b0.8/nrep03/seed28
griewank_2d,heter_LVGP,anpei,0.8,3,29,ok,50,/data/zhq7531/IDEAL/hetero_lvgp/benchmark/results/griewank_2d/heter_LVGP/anpei_b0.8/nrep03/seed29.mat,griewank_2d/heter_LVGP/anpei_b0.8/nrep03/seed29
griewank_2d,heter_LVGP,anpei,0.8,3,30,ok,50,/data/zhq7531/IDEAL/hetero_lvgp/benchmark/results/griewank_2d/heter_LVGP/anpei_b0.8/nrep03/seed30.mat,griewank_2d/heter_LVGP/anpei_b0.8/nrep03/seed30
griewank_2d,heter_LVGP,anpei,0.8,10,1,ok,50,/data/zhq7531/IDEAL/hetero_lvgp/benchmark/results/griewank_2d/heter_LVGP/anpei_b0.8/nrep10/seed01.mat,griewank_2d/heter_LVGP/anpei_b0.8/nrep10/seed01
griewank_2d,heter_LVGP,anpei,0.8,10,2,ok,50,/data/zhq7531/IDEAL/hetero_lvgp/benchmark/results/griewank_2d/heter_LVGP/anpei_b0.8/nrep10/seed02.mat,griewank_2d/heter_LVGP/anpei_b0.8/nrep10/seed02
griewank_2d,heter_LVGP,anpei,0.8,10,3,ok,50,/data/zhq7531/IDEAL/hetero_lvgp/benchmark/results/griewank_2d/heter_LVGP/anpei_b0.8/nrep10/seed03.mat,griewank_2d/heter_LVGP/anpei_b0.8/nrep10/seed03
griewank_2d,heter_LVGP,anpei,0.8,10,4,ok,50,/data/zhq7531/IDEAL/hetero_lvgp/benchmark/results/griewank_2d/heter_LVGP/anpei_b0.8/nrep10/seed04.mat,griewank_2d/heter_LVGP/anpei_b0.8/nrep10/seed04
griewank_2d,heter_LVGP,anpei,0.8,10,5,ok,50,/data/zhq7531/IDEAL/hetero_lvgp/benchmark/results/griewank_2d/heter_LVGP/anpei_b0.8/nrep10/seed05.mat,griewank_2d/heter_LVGP/anpei_b0.8/nrep10/seed05
griewank_2d,heter_LVGP,anpei,0.8,10,6,ok,50,/data/zhq7531/IDEAL/hetero_lvgp/benchmark/results/griewank_2d/heter_LVGP/anpei_b0.8/nrep10/seed06.mat,griewank_2d/heter_LVGP/anpei_b0.8/nrep10/seed06
griewank_2d,heter_LVGP,anpei,0.8,10,7,ok,50,/data/zhq7531/IDEAL/hetero_lvgp/benchmark/results/griewank_2d/heter_LVGP/anpei_b0.8/nrep10/seed07.mat,griewank_2d/heter_LVGP/anpei_b0.8/nrep10/seed07
griewank_2d,heter_LVGP,anpei,0.8,10,8,ok,50,/data/zhq7531/IDEAL/hetero_lvgp/benchmark/results/griewank_2d/heter_LVGP/anpei_b0.8/nrep10/seed08.mat,griewank_2d/heter_LVGP/anpei_b0.8/nrep10/seed08
griewank_2d,heter_LVGP,anpei,0.8,10,9,ok,50,/data/zhq7531/IDEAL/hetero_lvgp/benchmark/results/griewank_2d/heter_LVGP/anpei_b0.8/nrep10/seed09.mat,griewank_2d/heter_LVGP/anpei_b0.8/nrep10/seed09
griewank_2d,heter_LVGP,anpei,0.8,10,10,ok,50,/data/zhq7531/IDEAL/hetero_lvgp/benchmark/results/griewank_2d/heter_LVGP/anpei_b0.8/nrep10/seed10.mat,griewank_2d/heter_LVGP/anpei_b0.8/nrep10/seed10
griewank_2d,heter_LVGP,anpei,0.8,10,11,ok,50,/data/zhq7531/IDEAL/hetero_lvgp/benchmark/results/griewank_2d/heter_LVGP/anpei_b0.8/nrep10/seed11.mat,griewank_2d/heter_LVGP/anpei_b0.8/nrep10/seed11
griewank_2d,heter_LVGP,anpei,0.8,10,12,ok,50,/data/zhq7531/IDEAL/hetero_lvgp/benchmark/results/griewank_2d/heter_LVGP/anpei_b0.8/nrep10/seed12.mat,griewank_2d/heter_LVGP/anpei_b0.8/nrep10/seed12
griewank_2d,heter_LVGP,anpei,0.8,10,13,ok,50,/data/zhq7531/IDEAL/hetero_lvgp/benchmark/results/griewank_2d/heter_LVGP/anpei_b0.8/nrep10/seed13.mat,griewank_2d/heter_LVGP/anpei_b0.8/nrep10/seed13
griewank_2d,heter_LVGP,anpei,0.8,10,14,ok,50,/data/zhq7531/IDEAL/hetero_lvgp/benchmark/results/griewank_2d/heter_LVGP/anpei_b0.8/nrep10/seed14.mat,griewank_2d/heter_LVGP/anpei_b0.8/nrep10/seed14
griewank_2d,heter_LVGP,anpei,0.8,10,15,ok,50,/data/zhq7531/IDEAL/hetero_lvgp/benchmark/results/griewank_2d/heter_LVGP/anpei_b0.8/nrep10/seed15.mat,griewank_2d/heter_LVGP/anpei_b0.8/nrep10/seed15
griewank_2d,heter_LVGP,anpei,0.8,10,16,ok,50,/data/zhq7531/IDEAL/hetero_lvgp/benchmark/results/griewank_2d/heter_LVGP/anpei_b0.8/nrep10/seed16.mat,griewank_2d/heter_LVGP/anpei_b0.8/nrep10/seed16
griewank_2d,heter_LVGP,anpei,0.8,10,17,ok,50,/data/zhq7531/IDEAL/hetero_lvgp/benchmark/results/griewank_2d/heter_LVGP/anpei_b0.8/nrep10/seed17.mat,griewank_2d/heter_LVGP/anpei_b0.8/nrep10/seed17
griewank_2d,heter_LVGP,anpei,0.8,10,18,ok,50,/data/zhq7531/IDEAL/hetero_lvgp/benchmark/results/griewank_2d/heter_LVGP/anpei_b0.8/nrep10/seed18.mat,griewank_2d/heter_LVGP/anpei_b0.8/nrep10/seed18
griewank_2d,heter_LVGP,anpei,0.8,10,19,ok,50,/data/zhq7531/IDEAL/hetero_lvgp/benchmark/results/griewank_2d/heter_LVGP/anpei_b0.8/nrep10/seed19.mat,griewank_2d/heter_LVGP/anpei_b0.8/nrep10/seed19
griewank_2d,heter_LVGP,anpei,0.8,10,20,ok,50,/data/zhq7531/IDEAL/hetero_lvgp/benchmark/results/griewank_2d/heter_LVGP/anpei_b0.8/nrep10/seed20.mat,griewank_2d/heter_LVGP/anpei_b0.8/nrep10/seed20
griewank_2d,heter_LVGP,anpei,0.8,10,21,ok,50,/data/zhq7531/IDEAL/hetero_lvgp/benchmark/results/griewank_2d/heter_LVGP/anpei_b0.8/nrep10/seed21.mat,griewank_2d/heter_LVGP/anpei_b0.8/nrep10/seed21
griewank_2d,heter_LVGP,anpei,0.8,10,22,ok,50,/data/zhq7531/IDEAL/hetero_lvgp/benchmark/results/griewank_2d/heter_LVGP/anpei_b0.8/nrep10/seed22.mat,griewank_2d/heter_LVGP/anpei_b0.8/nrep10/seed22
griewank_2d,heter_LVGP,anpei,0.8,10,23,ok,50,/data/zhq7531/IDEAL/hetero_lvgp/benchmark/results/griewank_2d/heter_LVGP/anpei_b0.8/nrep10/seed23.mat,griewank_2d/heter_LVGP/anpei_b0.8/nrep10/seed23
griewank_2d,heter_LVGP,anpei,0.8,10,24,ok,50,/data/zhq7531/IDEAL/hetero_lvgp/benchmark/results/griewank_2d/heter_LVGP/anpei_b0.8/nrep10/seed24.mat,griewank_2d/heter_LVGP/anpei_b0.8/nrep10/seed24
griewank_2d,heter_LVGP,anpei,0.8,10,25,ok,50,/data/zhq7531/IDEAL/hetero_lvgp/benchmark/results/griewank_2d/heter_LVGP/anpei_b0.8/nrep10/seed25.mat,griewank_2d/heter_LVGP/anpei_b0.8/nrep10/seed25
griewank_2d,heter_LVGP,anpei,0.8,10,26,ok,50,/data/zhq7531/IDEAL/hetero_lvgp/benchmark/results/griewank_2d/heter_LVGP/anpei_b0.8/nrep10/seed26.mat,griewank_2d/heter_LVGP/anpei_b0.8/nrep10/seed26
griewank_2d,heter_LVGP,anpei,0.8,10,27,ok,50,/data/zhq7531/IDEAL/hetero_lvgp/benchmark/results/griewank_2d/heter_LVGP/anpei_b0.8/nrep10/seed27.mat,griewank_2d/heter_LVGP/anpei_b0.8/nrep10/seed27
griewank_2d,heter_LVGP,anpei,0.8,10,28,ok,50,/data/zhq7531/IDEAL/hetero_lvgp/benchmark/results/griewank_2d/heter_LVGP/anpei_b0.8/nrep10/seed28.mat,griewank_2d/heter_LVGP/anpei_b0.8/nrep10/seed28
griewank_2d,heter_LVGP,anpei,0.8,10,29,ok,50,/data/zhq7531/IDEAL/hetero_lvgp/benchmark/results/griewank_2d/heter_LVGP/anpei_b0.8/nrep10/seed29.mat,griewank_2d/heter_LVGP/anpei_b0.8/nrep10/seed29
griewank_2d,heter_LVGP,anpei,0.8,10,30,ok,50,/data/zhq7531/IDEAL/hetero_lvgp/benchmark/results/griewank_2d/heter_LVGP/anpei_b0.8/nrep10/seed30.mat,griewank_2d/heter_LVGP/anpei_b0.8/nrep10/seed30
griewank_2d,heter_LVGP,rahbo,0.5,3,1,ok,50,/data/zhq7531/IDEAL/hetero_lvgp/benchmark/results/griewank_2d/heter_LVGP/rahbo_a0.5/nrep03/seed01.mat,griewank_2d/heter_LVGP/rahbo_a0.5/nrep03/seed01
griewank_2d,heter_LVGP,rahbo,0.5,3,2,ok,50,/data/zhq7531/IDEAL/hetero_lvgp/benchmark/results/griewank_2d/heter_LVGP/rahbo_a0.5/nrep03/seed02.mat,griewank_2d/heter_LVGP/rahbo_a0.5/nrep03/seed02
griewank_2d,heter_LVGP,rahbo,0.5,3,3,ok,50,/data/zhq7531/IDEAL/hetero_lvgp/benchmark/results/griewank_2d/heter_LVGP/rahbo_a0.5/nrep03/seed03.mat,griewank_2d/heter_LVGP/rahbo_a0.5/nrep03/seed03
griewank_2d,heter_LVGP,rahbo,0.5,3,4,ok,50,/data/zhq7531/IDEAL/hetero_lvgp/benchmark/results/griewank_2d/heter_LVGP/rahbo_a0.5/nrep03/seed04.mat,griewank_2d/heter_LVGP/rahbo_a0.5/nrep03/seed04
griewank_2d,heter_LVGP,rahbo,0.5,3,5,ok,50,/data/zhq7531/IDEAL/hetero_lvgp/benchmark/results/griewank_2d/heter_LVGP/rahbo_a0.5/nrep03/seed05.mat,griewank_2d/heter_LVGP/rahbo_a0.5/nrep03/seed05
griewank_2d,heter_LVGP,rahbo,0.5,3,6,ok,50,/data/zhq7531/IDEAL/hetero_lvgp/benchmark/results/griewank_2d/heter_LVGP/rahbo_a0.5/nrep03/seed06.mat,griewank_2d/heter_LVGP/rahbo_a0.5/nrep03/seed06
griewank_2d,heter_LVGP,rahbo,0.5,3,7,ok,50,/data/zhq7531/IDEAL/hetero_lvgp/benchmark/results/griewank_2d/heter_LVGP/rahbo_a0.5/nrep03/seed07.mat,griewank_2d/heter_LVGP/rahbo_a0.5/nrep03/seed07
griewank_2d,heter_LVGP,rahbo,0.5,3,8,ok,50,/data/zhq7531/IDEAL/hetero_lvgp/benchmark/results/griewank_2d/heter_LVGP/rahbo_a0.5/nrep03/seed08.mat,griewank_2d/heter_LVGP/rahbo_a0.5/nrep03/seed08
griewank_2d,heter_LVGP,rahbo,0.5,3,9,ok,50,/data/zhq7531/IDEAL/hetero_lvgp/benchmark/results/griewank_2d/heter_LVGP/rahbo_a0.5/nrep03/seed09.mat,griewank_2d/heter_LVGP/rahbo_a0.5/nrep03/seed09
griewank_2d,heter_LVGP,rahbo,0.5,3,10,ok,50,/data/zhq7531/IDEAL/hetero_lvgp/benchmark/results/griewank_2d/heter_LVGP/rahbo_a0.5/nrep03/seed10.mat,griewank_2d/heter_LVGP/rahbo_a0.5/nrep03/seed10
griewank_2d,heter_LVGP,rahbo,0.5,3,11,ok,50,/data/zhq7531/IDEAL/hetero_lvgp/benchmark/results/griewank_2d/heter_LVGP/rahbo_a0.5/nrep03/seed11.mat,griewank_2d/heter_LVGP/rahbo_a0.5/nrep03/seed11
griewank_2d,heter_LVGP,rahbo,0.5,3,12,ok,50,/data/zhq7531/IDEAL/hetero_lvgp/benchmark/results/griewank_2d/heter_LVGP/rahbo_a0.5/nrep03/seed12.mat,griewank_2d/heter_LVGP/rahbo_a0.5/nrep03/seed12
griewank_2d,heter_LVGP,rahbo,0.5,3,13,ok,50,/data/zhq7531/IDEAL/hetero_lvgp/benchmark/results/griewank_2d/heter_LVGP/rahbo_a0.5/nrep03/seed13.mat,griewank_2d/heter_LVGP/rahbo_a0.5/nrep03/seed13
griewank_2d,heter_LVGP,rahbo,0.5,3,14,ok,50,/data/zhq7531/IDEAL/hetero_lvgp/benchmark/results/griewank_2d/heter_LVGP/rahbo_a0.5/nrep03/seed14.mat,griewank_2d/heter_LVGP/rahbo_a0.5/nrep03/seed14
griewank_2d,heter_LVGP,rahbo,0.5,3,15,ok,50,/data/zhq7531/IDEAL/hetero_lvgp/benchmark/results/griewank_2d/heter_LVGP/rahbo_a0.5/nrep03/seed15.mat,griewank_2d/heter_LVGP/rahbo_a0.5/nrep03/seed15
griewank_2d,heter_LVGP,rahbo,0.5,3,16,ok,50,/data/zhq7531/IDEAL/hetero_lvgp/benchmark/results/griewank_2d/heter_LVGP/rahbo_a0.5/nrep03/seed16.mat,griewank_2d/heter_LVGP/rahbo_a0.5/nrep03/seed16
griewank_2d,heter_LVGP,rahbo,0.5,3,17,ok,50,/data/zhq7531/IDEAL/hetero_lvgp/benchmark/results/griewank_2d/heter_LVGP/rahbo_a0.5/nrep03/seed17.mat,griewank_2d/heter_LVGP/rahbo_a0.5/nrep03/seed17
griewank_2d,heter_LVGP,rahbo,0.5,3,18,ok,50,/data/zhq7531/IDEAL/hetero_lvgp/benchmark/results/griewank_2d/heter_LVGP/rahbo_a0.5/nrep03/seed18.mat,griewank_2d/heter_LVGP/rahbo_a0.5/nrep03/seed18
griewank_2d,heter_LVGP,rahbo,0.5,3,19,ok,50,/data/zhq7531/IDEAL/hetero_lvgp/benchmark/results/griewank_2d/heter_LVGP/rahbo_a0.5/nrep03/seed19.mat,griewank_2d/heter_LVGP/rahbo_a0.5/nrep03/seed19
griewank_2d,heter_LVGP,rahbo,0.5,3,20,ok,50,/data/zhq7531/IDEAL/hetero_lvgp/benchmark/results/griewank_2d/heter_LVGP/rahbo_a0.5/nrep03/seed20.mat,griewank_2d/heter_LVGP/rahbo_a0.5/nrep03/seed20
griewank_2d,heter_LVGP,rahbo,0.5,3,21,ok,50,/data/zhq7531/IDEAL/hetero_lvgp/benchmark/results/griewank_2d/heter_LVGP/rahbo_a0.5/nrep03/seed21.mat,griewank_2d/heter_LVGP/rahbo_a0.5/nrep03/seed21
griewank_2d,heter_LVGP,rahbo,0.5,3,22,ok,50,/data/zhq7531/IDEAL/hetero_lvgp/benchmark/results/griewank_2d/heter_LVGP/rahbo_a0.5/nrep03/seed22.mat,griewank_2d/heter_LVGP/rahbo_a0.5/nrep03/seed22
griewank_2d,heter_LVGP,rahbo,0.5,3,23,ok,50,/data/zhq7531/IDEAL/hetero_lvgp/benchmark/results/griewank_2d/heter_LVGP/rahbo_a0.5/nrep03/seed23.mat,griewank_2d/heter_LVGP/rahbo_a0.5/nrep03/seed23
griewank_2d,heter_LVGP,rahbo,0.5,3,24,ok,50,/data/zhq7531/IDEAL/hetero_lvgp/benchmark/results/griewank_2d/heter_LVGP/rahbo_a0.5/nrep03/seed24.mat,griewank_2d/heter_LVGP/rahbo_a0.5/nrep03/seed24
griewank_2d,heter_LVGP,rahbo,0.5,3,25,ok,50,/data/zhq7531/IDEAL/hetero_lvgp/benchmark/results/griewank_2d/heter_LVGP/rahbo_a0.5/nrep03/seed25.mat,griewank_2d/heter_LVGP/rahbo_a0.5/nrep03/seed25
griewank_2d,heter_LVGP,rahbo,0.5,3,26,ok,50,/data/zhq7531/IDEAL/hetero_lvgp/benchmark/results/griewank_2d/heter_LVGP/rahbo_a0.5/nrep03/seed26.mat,griewank_2d/heter_LVGP/rahbo_a0.5/nrep03/seed26
griewank_2d,heter_LVGP,rahbo,0.5,3,27,ok,50,/data/zhq7531/IDEAL/hetero_lvgp/benchmark/results/griewank_2d/heter_LVGP/rahbo_a0.5/nrep03/seed27.mat,griewank_2d/heter_LVGP/rahbo_a0.5/nrep03/seed27
griewank_2d,heter_LVGP,rahbo,0.5,3,28,ok,50,/data/zhq7531/IDEAL/hetero_lvgp/benchmark/results/griewank_2d/heter_LVGP/rahbo_a0.5/nrep03/seed28.mat,griewank_2d/heter_LVGP/rahbo_a0.5/nrep03/seed28
griewank_2d,heter_LVGP,rahbo,0.5,3,29,ok,50,/data/zhq7531/IDEAL/hetero_lvgp/benchmark/results/griewank_2d/heter_LVGP/rahbo_a0.5/nrep03/seed29.mat,griewank_2d/heter_LVGP/rahbo_a0.5/nrep03/seed29
griewank_2d,heter_LVGP,rahbo,0.5,3,30,ok,50,/data/zhq7531/IDEAL/hetero_lvgp/benchmark/results/griewank_2d/heter_LVGP/rahbo_a0.5/nrep03/seed30.mat,griewank_2d/heter_LVGP/rahbo_a0.5/nrep03/seed30
griewank_2d,heter_LVGP,rahbo,0.5,10,1,ok,50,/data/zhq7531/IDEAL/hetero_lvgp/benchmark/results/griewank_2d/heter_LVGP/rahbo_a0.5/nrep10/seed01.mat,griewank_2d/heter_LVGP/rahbo_a0.5/nrep10/seed01
griewank_2d,heter_LVGP,rahbo,0.5,10,2,ok,50,/data/zhq7531/IDEAL/hetero_lvgp/benchmark/results/griewank_2d/heter_LVGP/rahbo_a0.5/nrep10/seed02.mat,griewank_2d/heter_LVGP/rahbo_a0.5/nrep10/seed02
griewank_2d,heter_LVGP,rahbo,0.5,10,3,ok,50,/data/zhq7531/IDEAL/hetero_lvgp/benchmark/results/griewank_2d/heter_LVGP/rahbo_a0.5/nrep10/seed03.mat,griewank_2d/heter_LVGP/rahbo_a0.5/nrep10/seed03
griewank_2d,heter_LVGP,rahbo,0.5,10,4,ok,50,/data/zhq7531/IDEAL/hetero_lvgp/benchmark/results/griewank_2d/heter_LVGP/rahbo_a0.5/nrep10/seed04.mat,griewank_2d/heter_LVGP/rahbo_a0.5/nrep10/seed04
griewank_2d,heter_LVGP,rahbo,0.5,10,5,ok,50,/data/zhq7531/IDEAL/hetero_lvgp/benchmark/results/griewank_2d/heter_LVGP/rahbo_a0.5/nrep10/seed05.mat,griewank_2d/heter_LVGP/rahbo_a0.5/nrep10/seed05
griewank_2d,heter_LVGP,rahbo,0.5,10,6,ok,50,/data/zhq7531/IDEAL/hetero_lvgp/benchmark/results/griewank_2d/heter_LVGP/rahbo_a0.5/nrep10/seed06.mat,griewank_2d/heter_LVGP/rahbo_a0.5/nrep10/seed06
griewank_2d,heter_LVGP,rahbo,0.5,10,7,ok,50,/data/zhq7531/IDEAL/hetero_lvgp/benchmark/results/griewank_2d/heter_LVGP/rahbo_a0.5/nrep10/seed07.mat,griewank_2d/heter_LVGP/rahbo_a0.5/nrep10/seed07
griewank_2d,heter_LVGP,rahbo,0.5,10,8,ok,50,/data/zhq7531/IDEAL/hetero_lvgp/benchmark/results/griewank_2d/heter_LVGP/rahbo_a0.5/nrep10/seed08.mat,griewank_2d/heter_LVGP/rahbo_a0.5/nrep10/seed08
griewank_2d,heter_LVGP,rahbo,0.5,10,9,ok,50,/data/zhq7531/IDEAL/hetero_lvgp/benchmark/results/griewank_2d/heter_LVGP/rahbo_a0.5/nrep10/seed09.mat,griewank_2d/heter_LVGP/rahbo_a0.5/nrep10/seed09
griewank_2d,heter_LVGP,rahbo,0.5,10,10,ok,50,/data/zhq7531/IDEAL/hetero_lvgp/benchmark/results/griewank_2d/heter_LVGP/rahbo_a0.5/nrep10/seed10.mat,griewank_2d/heter_LVGP/rahbo_a0.5/nrep10/seed10
griewank_2d,heter_LVGP,rahbo,0.5,10,11,ok,50,/data/zhq7531/IDEAL/hetero_lvgp/benchmark/results/griewank_2d/heter_LVGP/rahbo_a0.5/nrep10/seed11.mat,griewank_2d/heter_LVGP/rahbo_a0.5/nrep10/seed11
griewank_2d,heter_LVGP,rahbo,0.5,10,12,ok,50,/data/zhq7531/IDEAL/hetero_lvgp/benchmark/results/griewank_2d/heter_LVGP/rahbo_a0.5/nrep10/seed12.mat,griewank_2d/heter_LVGP/rahbo_a0.5/nrep10/seed12
griewank_2d,heter_LVGP,rahbo,0.5,10,13,ok,50,/data/zhq7531/IDEAL/hetero_lvgp/benchmark/results/griewank_2d/heter_LVGP/rahbo_a0.5/nrep10/seed13.mat,griewank_2d/heter_LVGP/rahbo_a0.5/nrep10/seed13
griewank_2d,heter_LVGP,rahbo,0.5,10,14,ok,50,/data/zhq7531/IDEAL/hetero_lvgp/benchmark/results/griewank_2d/heter_LVGP/rahbo_a0.5/nrep10/seed14.mat,griewank_2d/heter_LVGP/rahbo_a0.5/nrep10/seed14
griewank_2d,heter_LVGP,rahbo,0.5,10,15,ok,50,/data/zhq7531/IDEAL/hetero_lvgp/benchmark/results/griewank_2d/heter_LVGP/rahbo_a0.5/nrep10/seed15.mat,griewank_2d/heter_LVGP/rahbo_a0.5/nrep10/seed15
griewank_2d,heter_LVGP,rahbo,0.5,10,16,ok,50,/data/zhq7531/IDEAL/hetero_lvgp/benchmark/results/griewank_2d/heter_LVGP/rahbo_a0.5/nrep10/seed16.mat,griewank_2d/heter_LVGP/rahbo_a0.5/nrep10/seed16
griewank_2d,heter_LVGP,rahbo,0.5,10,17,ok,50,/data/zhq7531/IDEAL/hetero_lvgp/benchmark/results/griewank_2d/heter_LVGP/rahbo_a0.5/nrep10/seed17.mat,griewank_2d/heter_LVGP/rahbo_a0.5/nrep10/seed17
griewank_2d,heter_LVGP,rahbo,0.5,10,18,ok,50,/data/zhq7531/IDEAL/hetero_lvgp/benchmark/results/griewank_2d/heter_LVGP/rahbo_a0.5/nrep10/seed18.mat,griewank_2d/heter_LVGP/rahbo_a0.5/nrep10/seed18
griewank_2d,heter_LVGP,rahbo,0.5,10,19,ok,50,/data/zhq7531/IDEAL/hetero_lvgp/benchmark/results/griewank_2d/heter_LVGP/rahbo_a0.5/nrep10/seed19.mat,griewank_2d/heter_LVGP/rahbo_a0.5/nrep10/seed19
griewank_2d,heter_LVGP,rahbo,0.5,10,20,ok,50,/data/zhq7531/IDEAL/hetero_lvgp/benchmark/results/griewank_2d/heter_LVGP/rahbo_a0.5/nrep10/seed20.mat,griewank_2d/heter_LVGP/rahbo_a0.5/nrep10/seed20
griewank_2d,heter_LVGP,rahbo,0.5,10,21,ok,50,/data/zhq7531/IDEAL/hetero_lvgp/benchmark/results/griewank_2d/heter_LVGP/rahbo_a0.5/nrep10/seed21.mat,griewank_2d/heter_LVGP/rahbo_a0.5/nrep10/seed21
griewank_2d,heter_LVGP,rahbo,0.5,10,22,ok,50,/data/zhq7531/IDEAL/hetero_lvgp/benchmark/results/griewank_2d/heter_LVGP/rahbo_a0.5/nrep10/seed22.mat,griewank_2d/heter_LVGP/rahbo_a0.5/nrep10/seed22
griewank_2d,heter_LVGP,rahbo,0.5,10,23,ok,50,/data/zhq7531/IDEAL/hetero_lvgp/benchmark/results/griewank_2d/heter_LVGP/rahbo_a0.5/nrep10/seed23.mat,griewank_2d/heter_LVGP/rahbo_a0.5/nrep10/seed23
griewank_2d,heter_LVGP,rahbo,0.5,10,24,ok,50,/data/zhq7531/IDEAL/hetero_lvgp/benchmark/results/griewank_2d/heter_LVGP/rahbo_a0.5/nrep10/seed24.mat,griewank_2d/heter_LVGP/rahbo_a0.5/nrep10/seed24
griewank_2d,heter_LVGP,rahbo,0.5,10,25,ok,50,/data/zhq7531/IDEAL/hetero_lvgp/benchmark/results/griewank_2d/heter_LVGP/rahbo_a0.5/nrep10/seed25.mat,griewank_2d/heter_LVGP/rahbo_a0.5/nrep10/seed25
griewank_2d,heter_LVGP,rahbo,0.5,10,26,ok,50,/data/zhq7531/IDEAL/hetero_lvgp/benchmark/results/griewank_2d/heter_LVGP/rahbo_a0.5/nrep10/seed26.mat,griewank_2d/heter_LVGP/rahbo_a0.5/nrep10/seed26
griewank_2d,heter_LVGP,rahbo,0.5,10,27,ok,50,/data/zhq7531/IDEAL/hetero_lvgp/benchmark/results/griewank_2d/heter_LVGP/rahbo_a0.5/nrep10/seed27.mat,griewank_2d/heter_LVGP/rahbo_a0.5/nrep10/seed27
griewank_2d,heter_LVGP,rahbo,0.5,10,28,ok,50,/data/zhq7531/IDEAL/hetero_lvgp/benchmark/results/griewank_2d/heter_LVGP/rahbo_a0.5/nrep10/seed28.mat,griewank_2d/heter_LVGP/rahbo_a0.5/nrep10/seed28
griewank_2d,heter_LVGP,rahbo,0.5,10,29,ok,50,/data/zhq7531/IDEAL/hetero_lvgp/benchmark/results/griewank_2d/heter_LVGP/rahbo_a0.5/nrep10/seed29.mat,griewank_2d/heter_LVGP/rahbo_a0.5/nrep10/seed29
griewank_2d,heter_LVGP,rahbo,0.5,10,30,ok,50,/data/zhq7531/IDEAL/hetero_lvgp/benchmark/results/griewank_2d/heter_LVGP/rahbo_a0.5/nrep10/seed30.mat,griewank_2d/heter_LVGP/rahbo_a0.5/nrep10/seed30
ackley_2d,separate_gp,lcb,,3,1,ok,50,/data/zhq7531/IDEAL/hetero_lvgp/benchmark/results/ackley_2d/separate_gp/lcb/nrep03/seed01.npz,ackley_2d/separate_gp/lcb/nrep03/seed01
ackley_2d,separate_gp,lcb,,3,2,ok,50,/data/zhq7531/IDEAL/hetero_lvgp/benchmark/results/ackley_2d/separate_gp/lcb/nrep03/seed02.npz,ackley_2d/separate_gp/lcb/nrep03/seed02
ackley_2d,separate_gp,lcb,,3,3,ok,50,/data/zhq7531/IDEAL/hetero_lvgp/benchmark/results/ackley_2d/separate_gp/lcb/nrep03/seed03.npz,ackley_2d/separate_gp/lcb/nrep03/seed03
ackley_2d,separate_gp,lcb,,3,4,ok,50,/data/zhq7531/IDEAL/hetero_lvgp/benchmark/results/ackley_2d/separate_gp/lcb/nrep03/seed04.npz,ackley_2d/separate_gp/lcb/nrep03/seed04
ackley_2d,separate_gp,lcb,,3,5,ok,50,/data/zhq7531/IDEAL/hetero_lvgp/benchmark/results/ackley_2d/separate_gp/lcb/nrep03/seed05.npz,ackley_2d/separate_gp/lcb/nrep03/seed05
ackley_2d,separate_gp,lcb,,3,6,ok,50,/data/zhq7531/IDEAL/hetero_lvgp/benchmark/results/ackley_2d/separate_gp/lcb/nrep03/seed06.npz,ackley_2d/separate_gp/lcb/nrep03/seed06
ackley_2d,separate_gp,lcb,,3,7,ok,50,/data/zhq7531/IDEAL/hetero_lvgp/benchmark/results/ackley_2d/separate_gp/lcb/nrep03/seed07.npz,ackley_2d/separate_gp/lcb/nrep03/seed07
ackley_2d,separate_gp,lcb,,3,8,ok,50,/data/zhq7531/IDEAL/hetero_lvgp/benchmark/results/ackley_2d/separate_gp/lcb/nrep03/seed08.npz,ackley_2d/separate_gp/lcb/nrep03/seed08
ackley_2d,separate_gp,lcb,,3,9,ok,50,/data/zhq7531/IDEAL/hetero_lvgp/benchmark/results/ackley_2d/separate_gp/lcb/nrep03/seed09.npz,ackley_2d/separate_gp/lcb/nrep03/seed09
ackley_2d,separate_gp,lcb,,3,10,ok,50,/data/zhq7531/IDEAL/hetero_lvgp/benchmark/results/ackley_2d/separate_gp/lcb/nrep03/seed10.npz,ackley_2d/separate_gp/lcb/nrep03/seed10
ackley_2d,separate_gp,lcb,,3,11,ok,50,/data/zhq7531/IDEAL/hetero_lvgp/benchmark/results/ackley_2d/separate_gp/lcb/nrep03/seed11.npz,ackley_2d/separate_gp/lcb/nrep03/seed11
ackley_2d,separate_gp,lcb,,3,12,ok,50,/data/zhq7531/IDEAL/hetero_lvgp/benchmark/results/ackley_2d/separate_gp/lcb/nrep03/seed12.npz,ackley_2d/separate_gp/lcb/nrep03/seed12
ackley_2d,separate_gp,lcb,,3,13,ok,50,/data/zhq7531/IDEAL/hetero_lvgp/benchmark/results/ackley_2d/separate_gp/lcb/nrep03/seed13.npz,ackley_2d/separate_gp/lcb/nrep03/seed13
ackley_2d,separate_gp,lcb,,3,14,ok,50,/data/zhq7531/IDEAL/hetero_lvgp/benchmark/results/ackley_2d/separate_gp/lcb/nrep03/seed14.npz,ackley_2d/separate_gp/lcb/nrep03/seed14
ackley_2d,separate_gp,lcb,,3,15,ok,50,/data/zhq7531/IDEAL/hetero_lvgp/benchmark/results/ackley_2d/separate_gp/lcb/nrep03/seed15.npz,ackley_2d/separate_gp/lcb/nrep03/seed15
ackley_2d,separate_gp,lcb,,3,16,ok,50,/data/zhq7531/IDEAL/hetero_lvgp/benchmark/results/ackley_2d/separate_gp/lcb/nrep03/seed16.npz,ackley_2d/separate_gp/lcb/nrep03/seed16
ackley_2d,separate_gp,lcb,,3,17,ok,50,/data/zhq7531/IDEAL/hetero_lvgp/benchmark/results/ackley_2d/separate_gp/lcb/nrep03/seed17.npz,ackley_2d/separate_gp/lcb/nrep03/seed17
ackley_2d,separate_gp,lcb,,3,18,ok,50,/data/zhq7531/IDEAL/hetero_lvgp/benchmark/results/ackley_2d/separate_gp/lcb/nrep03/seed18.npz,ackley_2d/separate_gp/lcb/nrep03/seed18
ackley_2d,separate_gp,lcb,,3,19,ok,50,/data/zhq7531/IDEAL/hetero_lvgp/benchmark/results/ackley_2d/separate_gp/lcb/nrep03/seed19.npz,ackley_2d/separate_gp/lcb/nrep03/seed19
ackley_2d,separate_gp,lcb,,3,20,ok,50,/data/zhq7531/IDEAL/hetero_lvgp/benchmark/results/ackley_2d/separate_gp/lcb/nrep03/seed20.npz,ackley_2d/separate_gp/lcb/nrep03/seed20
ackley_2d,separate_gp,lcb,,3,21,ok,50,/data/zhq7531/IDEAL/hetero_lvgp/benchmark/results/ackley_2d/separate_gp/lcb/nrep03/seed21.npz,ackley_2d/separate_gp/lcb/nrep03/seed21
ackley_2d,separate_gp,lcb,,3,22,ok,50,/data/zhq7531/IDEAL/hetero_lvgp/benchmark/results/ackley_2d/separate_gp/lcb/nrep03/seed22.npz,ackley_2d/separate_gp/lcb/nrep03/seed22
ackley_2d,separate_gp,lcb,,3,23,ok,50,/data/zhq7531/IDEAL/hetero_lvgp/benchmark/results/ackley_2d/separate_gp/lcb/nrep03/seed23.npz,ackley_2d/separate_gp/lcb/nrep03/seed23
ackley_2d,separate_gp,lcb,,3,24,ok,50,/data/zhq7531/IDEAL/hetero_lvgp/benchmark/results/ackley_2d/separate_gp/lcb/nrep03/seed24.npz,ackley_2d/separate_gp/lcb/nrep03/seed24
ackley_2d,separate_gp,lcb,,3,25,ok,50,/data/zhq7531/IDEAL/hetero_lvgp/benchmark/results/ackley_2d/separate_gp/lcb/nrep03/seed25.npz,ackley_2d/separate_gp/lcb/nrep03/seed25
ackley_2d,separate_gp,lcb,,3,26,ok,50,/data/zhq7531/IDEAL/hetero_lvgp/benchmark/results/ackley_2d/separate_gp/lcb/nrep03/seed26.npz,ackley_2d/separate_gp/lcb/nrep03/seed26
ackley_2d,separate_gp,lcb,,3,27,ok,50,/data/zhq7531/IDEAL/hetero_lvgp/benchmark/results/ackley_2d/separate_gp/lcb/nrep03/seed27.npz,ackley_2d/separate_gp/lcb/nrep03/seed27
ackley_2d,separate_gp,lcb,,3,28,ok,50,/data/zhq7531/IDEAL/hetero_lvgp/benchmark/results/ackley_2d/separate_gp/lcb/nrep03/seed28.npz,ackley_2d/separate_gp/lcb/nrep03/seed28
ackley_2d,separate_gp,lcb,,3,29,ok,50,/data/zhq7531/IDEAL/hetero_lvgp/benchmark/results/ackley_2d/separate_gp/lcb/nrep03/seed29.npz,ackley_2d/separate_gp/lcb/nrep03/seed29
ackley_2d,separate_gp,lcb,,3,30,ok,50,/data/zhq7531/IDEAL/hetero_lvgp/benchmark/results/ackley_2d/separate_gp/lcb/nrep03/seed30.npz,ackley_2d/separate_gp/lcb/nrep03/seed30
ackley_2d,separate_gp,lcb,,10,1,ok,50,/data/zhq7531/IDEAL/hetero_lvgp/benchmark/results/ackley_2d/separate_gp/lcb/nrep10/seed01.npz,ackley_2d/separate_gp/lcb/nrep10/seed01
ackley_2d,separate_gp,lcb,,10,2,ok,50,/data/zhq7531/IDEAL/hetero_lvgp/benchmark/results/ackley_2d/separate_gp/lcb/nrep10/seed02.npz,ackley_2d/separate_gp/lcb/nrep10/seed02
ackley_2d,separate_gp,lcb,,10,3,ok,50,/data/zhq7531/IDEAL/hetero_lvgp/benchmark/results/ackley_2d/separate_gp/lcb/nrep10/seed03.npz,ackley_2d/separate_gp/lcb/nrep10/seed03
ackley_2d,separate_gp,lcb,,10,4,ok,50,/data/zhq7531/IDEAL/hetero_lvgp/benchmark/results/ackley_2d/separate_gp/lcb/nrep10/seed04.npz,ackley_2d/separate_gp/lcb/nrep10/seed04
ackley_2d,separate_gp,lcb,,10,5,ok,50,/data/zhq7531/IDEAL/hetero_lvgp/benchmark/results/ackley_2d/separate_gp/lcb/nrep10/seed05.npz,ackley_2d/separate_gp/lcb/nrep10/seed05
ackley_2d,separate_gp,lcb,,10,6,ok,50,/data/zhq7531/IDEAL/hetero_lvgp/benchmark/results/ackley_2d/separate_gp/lcb/nrep10/seed06.npz,ackley_2d/separate_gp/lcb/nrep10/seed06
ackley_2d,separate_gp,lcb,,10,7,ok,50,/data/zhq7531/IDEAL/hetero_lvgp/benchmark/results/ackley_2d/separate_gp/lcb/nrep10/seed07.npz,ackley_2d/separate_gp/lcb/nrep10/seed07
ackley_2d,separate_gp,lcb,,10,8,ok,50,/data/zhq7531/IDEAL/hetero_lvgp/benchmark/results/ackley_2d/separate_gp/lcb/nrep10/seed08.npz,ackley_2d/separate_gp/lcb/nrep10/seed08
ackley_2d,separate_gp,lcb,,10,9,ok,50,/data/zhq7531/IDEAL/hetero_lvgp/benchmark/results/ackley_2d/separate_gp/lcb/nrep10/seed09.npz,ackley_2d/separate_gp/lcb/nrep10/seed09
ackley_2d,separate_gp,lcb,,10,10,ok,50,/data/zhq7531/IDEAL/hetero_lvgp/benchmark/results/ackley_2d/separate_gp/lcb/nrep10/seed10.npz,ackley_2d/separate_gp/lcb/nrep10/seed10
ackley_2d,separate_gp,lcb,,10,11,ok,50,/data/zhq7531/IDEAL/hetero_lvgp/benchmark/results/ackley_2d/separate_gp/lcb/nrep10/seed11.npz,ackley_2d/separate_gp/lcb/nrep10/seed11
ackley_2d,separate_gp,lcb,,10,12,ok,50,/data/zhq7531/IDEAL/hetero_lvgp/benchmark/results/ackley_2d/separate_gp/lcb/nrep10/seed12.npz,ackley_2d/separate_gp/lcb/nrep10/seed12
ackley_2d,separate_gp,lcb,,10,13,ok,50,/data/zhq7531/IDEAL/hetero_lvgp/benchmark/results/ackley_2d/separate_gp/lcb/nrep10/seed13.npz,ackley_2d/separate_gp/lcb/nrep10/seed13
ackley_2d,separate_gp,lcb,,10,14,ok,50,/data/zhq7531/IDEAL/hetero_lvgp/benchmark/results/ackley_2d/separate_gp/lcb/nrep10/seed14.npz,ackley_2d/separate_gp/lcb/nrep10/seed14
ackley_2d,separate_gp,lcb,,10,15,ok,50,/data/zhq7531/IDEAL/hetero_lvgp/benchmark/results/ackley_2d/separate_gp/lcb/nrep10/seed15.npz,ackley_2d/separate_gp/lcb/nrep10/seed15
ackley_2d,separate_gp,lcb,,10,16,ok,50,/data/zhq7531/IDEAL/hetero_lvgp/benchmark/results/ackley_2d/separate_gp/lcb/nrep10/seed16.npz,ackley_2d/separate_gp/lcb/nrep10/seed16
ackley_2d,separate_gp,lcb,,10,17,ok,50,/data/zhq7531/IDEAL/hetero_lvgp/benchmark/results/ackley_2d/separate_gp/lcb/nrep10/seed17.npz,ackley_2d/separate_gp/lcb/nrep10/seed17
ackley_2d,separate_gp,lcb,,10,18,ok,50,/data/zhq7531/IDEAL/hetero_lvgp/benchmark/results/ackley_2d/separate_gp/lcb/nrep10/seed18.npz,ackley_2d/separate_gp/lcb/nrep10/seed18
ackley_2d,separate_gp,lcb,,10,19,ok,50,/data/zhq7531/IDEAL/hetero_lvgp/benchmark/results/ackley_2d/separate_gp/lcb/nrep10/seed19.npz,ackley_2d/separate_gp/lcb/nrep10/seed19
ackley_2d,separate_gp,lcb,,10,20,ok,50,/data/zhq7531/IDEAL/hetero_lvgp/benchmark/results/ackley_2d/separate_gp/lcb/nrep10/seed20.npz,ackley_2d/separate_gp/lcb/nrep10/seed20
ackley_2d,separate_gp,lcb,,10,21,ok,50,/data/zhq7531/IDEAL/hetero_lvgp/benchmark/results/ackley_2d/separate_gp/lcb/nrep10/seed21.npz,ackley_2d/separate_gp/lcb/nrep10/seed21
ackley_2d,separate_gp,lcb,,10,22,ok,50,/data/zhq7531/IDEAL/hetero_lvgp/benchmark/results/ackley_2d/separate_gp/lcb/nrep10/seed22.npz,ackley_2d/separate_gp/lcb/nrep10/seed22
ackley_2d,separate_gp,lcb,,10,23,ok,50,/data/zhq7531/IDEAL/hetero_lvgp/benchmark/results/ackley_2d/separate_gp/lcb/nrep10/seed23.npz,ackley_2d/separate_gp/lcb/nrep10/seed23
ackley_2d,separate_gp,lcb,,10,24,ok,50,/data/zhq7531/IDEAL/hetero_lvgp/benchmark/results/ackley_2d/separate_gp/lcb/nrep10/seed24.npz,ackley_2d/separate_gp/lcb/nrep10/seed24
ackley_2d,separate_gp,lcb,,10,25,ok,50,/data/zhq7531/IDEAL/hetero_lvgp/benchmark/results/ackley_2d/separate_gp/lcb/nrep10/seed25.npz,ackley_2d/separate_gp/lcb/nrep10/seed25
ackley_2d,separate_gp,lcb,,10,26,ok,50,/data/zhq7531/IDEAL/hetero_lvgp/benchmark/results/ackley_2d/separate_gp/lcb/nrep10/seed26.npz,ackley_2d/separate_gp/lcb/nrep10/seed26
ackley_2d,separate_gp,lcb,,10,27,ok,50,/data/zhq7531/IDEAL/hetero_lvgp/benchmark/results/ackley_2d/separate_gp/lcb/nrep10/seed27.npz,ackley_2d/separate_gp/lcb/nrep10/seed27
ackley_2d,separate_gp,lcb,,10,28,ok,50,/data/zhq7531/IDEAL/hetero_lvgp/benchmark/results/ackley_2d/separate_gp/lcb/nrep10/seed28.npz,ackley_2d/separate_gp/lcb/nrep10/seed28
ackley_2d,separate_gp,lcb,,10,29,ok,50,/data/zhq7531/IDEAL/hetero_lvgp/benchmark/results/ackley_2d/separate_gp/lcb/nrep10/seed29.npz,ackley_2d/separate_gp/lcb/nrep10/seed29
ackley_2d,separate_gp,lcb,,10,30,ok,50,/data/zhq7531/IDEAL/hetero_lvgp/benchmark/results/ackley_2d/separate_gp/lcb/nrep10/seed30.npz,ackley_2d/separate_gp/lcb/nrep10/seed30
ackley_2d,separate_gp,pi,,3,1,ok,50,/data/zhq7531/IDEAL/hetero_lvgp/benchmark/results/ackley_2d/separate_gp/pi/nrep03/seed01.npz,ackley_2d/separate_gp/pi/nrep03/seed01
ackley_2d,separate_gp,pi,,3,2,ok,50,/data/zhq7531/IDEAL/hetero_lvgp/benchmark/results/ackley_2d/separate_gp/pi/nrep03/seed02.npz,ackley_2d/separate_gp/pi/nrep03/seed02
ackley_2d,separate_gp,pi,,3,3,ok,50,/data/zhq7531/IDEAL/hetero_lvgp/benchmark/results/ackley_2d/separate_gp/pi/nrep03/seed03.npz,ackley_2d/separate_gp/pi/nrep03/seed03
ackley_2d,separate_gp,pi,,3,4,ok,50,/data/zhq7531/IDEAL/hetero_lvgp/benchmark/results/ackley_2d/separate_gp/pi/nrep03/seed04.npz,ackley_2d/separate_gp/pi/nrep03/seed04
ackley_2d,separate_gp,pi,,3,5,ok,50,/data/zhq7531/IDEAL/hetero_lvgp/benchmark/results/ackley_2d/separate_gp/pi/nrep03/seed05.npz,ackley_2d/separate_gp/pi/nrep03/seed05
ackley_2d,separate_gp,pi,,3,6,ok,50,/data/zhq7531/IDEAL/hetero_lvgp/benchmark/results/ackley_2d/separate_gp/pi/nrep03/seed06.npz,ackley_2d/separate_gp/pi/nrep03/seed06
ackley_2d,separate_gp,pi,,3,7,ok,50,/data/zhq7531/IDEAL/hetero_lvgp/benchmark/results/ackley_2d/separate_gp/pi/nrep03/seed07.npz,ackley_2d/separate_gp/pi/nrep03/seed07
ackley_2d,separate_gp,pi,,3,8,ok,50,/data/zhq7531/IDEAL/hetero_lvgp/benchmark/results/ackley_2d/separate_gp/pi/nrep03/seed08.npz,ackley_2d/separate_gp/pi/nrep03/seed08
ackley_2d,separate_gp,pi,,3,9,ok,50,/data/zhq7531/IDEAL/hetero_lvgp/benchmark/results/ackley_2d/separate_gp/pi/nrep03/seed09.npz,ackley_2d/separate_gp/pi/nrep03/seed09
ackley_2d,separate_gp,pi,,3,10,ok,50,/data/zhq7531/IDEAL/hetero_lvgp/benchmark/results/ackley_2d/separate_gp/pi/nrep03/seed10.npz,ackley_2d/separate_gp/pi/nrep03/seed10
ackley_2d,separate_gp,pi,,3,11,ok,50,/data/zhq7531/IDEAL/hetero_lvgp/benchmark/results/ackley_2d/separate_gp/pi/nrep03/seed11.npz,ackley_2d/separate_gp/pi/nrep03/seed11
ackley_2d,separate_gp,pi,,3,12,ok,50,/data/zhq7531/IDEAL/hetero_lvgp/benchmark/results/ackley_2d/separate_gp/pi/nrep03/seed12.npz,ackley_2d/separate_gp/pi/nrep03/seed12
ackley_2d,separate_gp,pi,,3,13,ok,50,/data/zhq7531/IDEAL/hetero_lvgp/benchmark/results/ackley_2d/separate_gp/pi/nrep03/seed13.npz,ackley_2d/separate_gp/pi/nrep03/seed13
ackley_2d,separate_gp,pi,,3,14,ok,50,/data/zhq7531/IDEAL/hetero_lvgp/benchmark/results/ackley_2d/separate_gp/pi/nrep03/seed14.npz,ackley_2d/separate_gp/pi/nrep03/seed14
ackley_2d,separate_gp,pi,,3,15,ok,50,/data/zhq7531/IDEAL/hetero_lvgp/benchmark/results/ackley_2d/separate_gp/pi/nrep03/seed15.npz,ackley_2d/separate_gp/pi/nrep03/seed15
ackley_2d,separate_gp,pi,,3,16,ok,50,/data/zhq7531/IDEAL/hetero_lvgp/benchmark/results/ackley_2d/separate_gp/pi/nrep03/seed16.npz,ackley_2d/separate_gp/pi/nrep03/seed16
ackley_2d,separate_gp,pi,,3,17,ok,50,/data/zhq7531/IDEAL/hetero_lvgp/benchmark/results/ackley_2d/separate_gp/pi/nrep03/seed17.npz,ackley_2d/separate_gp/pi/nrep03/seed17
ackley_2d,separate_gp,pi,,3,18,ok,50,/data/zhq7531/IDEAL/hetero_lvgp/benchmark/results/ackley_2d/separate_gp/pi/nrep03/seed18.npz,ackley_2d/separate_gp/pi/nrep03/seed18
ackley_2d,separate_gp,pi,,3,19,ok,50,/data/zhq7531/IDEAL/hetero_lvgp/benchmark/results/ackley_2d/separate_gp/pi/nrep03/seed19.npz,ackley_2d/separate_gp/pi/nrep03/seed19
ackley_2d,separate_gp,pi,,3,20,ok,50,/data/zhq7531/IDEAL/hetero_lvgp/benchmark/results/ackley_2d/separate_gp/pi/nrep03/seed20.npz,ackley_2d/separate_gp/pi/nrep03/seed20
ackley_2d,separate_gp,pi,,3,21,ok,50,/data/zhq7531/IDEAL/hetero_lvgp/benchmark/results/ackley_2d/separate_gp/pi/nrep03/seed21.npz,ackley_2d/separate_gp/pi/nrep03/seed21
ackley_2d,separate_gp,pi,,3,22,ok,50,/data/zhq7531/IDEAL/hetero_lvgp/benchmark/results/ackley_2d/separate_gp/pi/nrep03/seed22.npz,ackley_2d/separate_gp/pi/nrep03/seed22
ackley_2d,separate_gp,pi,,3,23,ok,50,/data/zhq7531/IDEAL/hetero_lvgp/benchmark/results/ackley_2d/separate_gp/pi/nrep03/seed23.npz,ackley_2d/separate_gp/pi/nrep03/seed23
ackley_2d,separate_gp,pi,,3,24,ok,50,/data/zhq7531/IDEAL/hetero_lvgp/benchmark/results/ackley_2d/separate_gp/pi/nrep03/seed24.npz,ackley_2d/separate_gp/pi/nrep03/seed24
ackley_2d,separate_gp,pi,,3,25,ok,50,/data/zhq7531/IDEAL/hetero_lvgp/benchmark/results/ackley_2d/separate_gp/pi/nrep03/seed25.npz,ackley_2d/separate_gp/pi/nrep03/seed25
ackley_2d,separate_gp,pi,,3,26,ok,50,/data/zhq7531/IDEAL/hetero_lvgp/benchmark/results/ackley_2d/separate_gp/pi/nrep03/seed26.npz,ackley_2d/separate_gp/pi/nrep03/seed26
ackley_2d,separate_gp,pi,,3,27,ok,50,/data/zhq7531/IDEAL/hetero_lvgp/benchmark/results/ackley_2d/separate_gp/pi/nrep03/seed27.npz,ackley_2d/separate_gp/pi/nrep03/seed27
ackley_2d,separate_gp,pi,,3,28,ok,50,/data/zhq7531/IDEAL/hetero_lvgp/benchmark/results/ackley_2d/separate_gp/pi/nrep03/seed28.npz,ackley_2d/separate_gp/pi/nrep03/seed28
ackley_2d,separate_gp,pi,,3,29,ok,50,/data/zhq7531/IDEAL/hetero_lvgp/benchmark/results/ackley_2d/separate_gp/pi/nrep03/seed29.npz,ackley_2d/separate_gp/pi/nrep03/seed29
ackley_2d,separate_gp,pi,,3,30,ok,50,/data/zhq7531/IDEAL/hetero_lvgp/benchmark/results/ackley_2d/separate_gp/pi/nrep03/seed30.npz,ackley_2d/separate_gp/pi/nrep03/seed30
ackley_2d,separate_gp,pi,,10,1,ok,50,/data/zhq7531/IDEAL/hetero_lvgp/benchmark/results/ackley_2d/separate_gp/pi/nrep10/seed01.npz,ackley_2d/separate_gp/pi/nrep10/seed01
ackley_2d,separate_gp,pi,,10,2,ok,50,/data/zhq7531/IDEAL/hetero_lvgp/benchmark/results/ackley_2d/separate_gp/pi/nrep10/seed02.npz,ackley_2d/separate_gp/pi/nrep10/seed02
ackley_2d,separate_gp,pi,,10,3,ok,50,/data/zhq7531/IDEAL/hetero_lvgp/benchmark/results/ackley_2d/separate_gp/pi/nrep10/seed03.npz,ackley_2d/separate_gp/pi/nrep10/seed03
ackley_2d,separate_gp,pi,,10,4,ok,50,/data/zhq7531/IDEAL/hetero_lvgp/benchmark/results/ackley_2d/separate_gp/pi/nrep10/seed04.npz,ackley_2d/separate_gp/pi/nrep10/seed04
ackley_2d,separate_gp,pi,,10,5,ok,50,/data/zhq7531/IDEAL/hetero_lvgp/benchmark/results/ackley_2d/separate_gp/pi/nrep10/seed05.npz,ackley_2d/separate_gp/pi/nrep10/seed05
ackley_2d,separate_gp,pi,,10,6,ok,50,/data/zhq7531/IDEAL/hetero_lvgp/benchmark/results/ackley_2d/separate_gp/pi/nrep10/seed06.npz,ackley_2d/separate_gp/pi/nrep10/seed06
ackley_2d,separate_gp,pi,,10,7,ok,50,/data/zhq7531/IDEAL/hetero_lvgp/benchmark/results/ackley_2d/separate_gp/pi/nrep10/seed07.npz,ackley_2d/separate_gp/pi/nrep10/seed07
ackley_2d,separate_gp,pi,,10,8,ok,50,/data/zhq7531/IDEAL/hetero_lvgp/benchmark/results/ackley_2d/separate_gp/pi/nrep10/seed08.npz,ackley_2d/separate_gp/pi/nrep10/seed08
ackley_2d,separate_gp,pi,,10,9,ok,50,/data/zhq7531/IDEAL/hetero_lvgp/benchmark/results/ackley_2d/separate_gp/pi/nrep10/seed09.npz,ackley_2d/separate_gp/pi/nrep10/seed09
ackley_2d,separate_gp,pi,,10,10,ok,50,/data/zhq7531/IDEAL/hetero_lvgp/benchmark/results/ackley_2d/separate_gp/pi/nrep10/seed10.npz,ackley_2d/separate_gp/pi/nrep10/seed10
ackley_2d,separate_gp,pi,,10,11,ok,50,/data/zhq7531/IDEAL/hetero_lvgp/benchmark/results/ackley_2d/separate_gp/pi/nrep10/seed11.npz,ackley_2d/separate_gp/pi/nrep10/seed11
ackley_2d,separate_gp,pi,,10,12,ok,50,/data/zhq7531/IDEAL/hetero_lvgp/benchmark/results/ackley_2d/separate_gp/pi/nrep10/seed12.npz,ackley_2d/separate_gp/pi/nrep10/seed12
ackley_2d,separate_gp,pi,,10,13,ok,50,/data/zhq7531/IDEAL/hetero_lvgp/benchmark/results/ackley_2d/separate_gp/pi/nrep10/seed13.npz,ackley_2d/separate_gp/pi/nrep10/seed13
ackley_2d,separate_gp,pi,,10,14,ok,50,/data/zhq7531/IDEAL/hetero_lvgp/benchmark/results/ackley_2d/separate_gp/pi/nrep10/seed14.npz,ackley_2d/separate_gp/pi/nrep10/seed14
ackley_2d,separate_gp,pi,,10,15,ok,50,/data/zhq7531/IDEAL/hetero_lvgp/benchmark/results/ackley_2d/separate_gp/pi/nrep10/seed15.npz,ackley_2d/separate_gp/pi/nrep10/seed15
ackley_2d,separate_gp,pi,,10,16,ok,50,/data/zhq7531/IDEAL/hetero_lvgp/benchmark/results/ackley_2d/separate_gp/pi/nrep10/seed16.npz,ackley_2d/separate_gp/pi/nrep10/seed16
ackley_2d,separate_gp,pi,,10,17,ok,50,/data/zhq7531/IDEAL/hetero_lvgp/benchmark/results/ackley_2d/separate_gp/pi/nrep10/seed17.npz,ackley_2d/separate_gp/pi/nrep10/seed17
ackley_2d,separate_gp,pi,,10,18,ok,50,/data/zhq7531/IDEAL/hetero_lvgp/benchmark/results/ackley_2d/separate_gp/pi/nrep10/seed18.npz,ackley_2d/separate_gp/pi/nrep10/seed18
ackley_2d,separate_gp,pi,,10,19,ok,50,/data/zhq7531/IDEAL/hetero_lvgp/benchmark/results/ackley_2d/separate_gp/pi/nrep10/seed19.npz,ackley_2d/separate_gp/pi/nrep10/seed19
ackley_2d,separate_gp,pi,,10,20,ok,50,/data/zhq7531/IDEAL/hetero_lvgp/benchmark/results/ackley_2d/separate_gp/pi/nrep10/seed20.npz,ackley_2d/separate_gp/pi/nrep10/seed20
ackley_2d,separate_gp,pi,,10,21,ok,50,/data/zhq7531/IDEAL/hetero_lvgp/benchmark/results/ackley_2d/separate_gp/pi/nrep10/seed21.npz,ackley_2d/separate_gp/pi/nrep10/seed21
ackley_2d,separate_gp,pi,,10,22,ok,50,/data/zhq7531/IDEAL/hetero_lvgp/benchmark/results/ackley_2d/separate_gp/pi/nrep10/seed22.npz,ackley_2d/separate_gp/pi/nrep10/seed22
ackley_2d,separate_gp,pi,,10,23,ok,50,/data/zhq7531/IDEAL/hetero_lvgp/benchmark/results/ackley_2d/separate_gp/pi/nrep10/seed23.npz,ackley_2d/separate_gp/pi/nrep10/seed23
ackley_2d,separate_gp,pi,,10,24,ok,50,/data/zhq7531/IDEAL/hetero_lvgp/benchmark/results/ackley_2d/separate_gp/pi/nrep10/seed24.npz,ackley_2d/separate_gp/pi/nrep10/seed24
ackley_2d,separate_gp,pi,,10,25,ok,50,/data/zhq7531/IDEAL/hetero_lvgp/benchmark/results/ackley_2d/separate_gp/pi/nrep10/seed25.npz,ackley_2d/separate_gp/pi/nrep10/seed25
ackley_2d,separate_gp,pi,,10,26,ok,50,/data/zhq7531/IDEAL/hetero_lvgp/benchmark/results/ackley_2d/separate_gp/pi/nrep10/seed26.npz,ackley_2d/separate_gp/pi/nrep10/seed26
ackley_2d,separate_gp,pi,,10,27,ok,50,/data/zhq7531/IDEAL/hetero_lvgp/benchmark/results/ackley_2d/separate_gp/pi/nrep10/seed27.npz,ackley_2d/separate_gp/pi/nrep10/seed27
ackley_2d,separate_gp,pi,,10,28,ok,50,/data/zhq7531/IDEAL/hetero_lvgp/benchmark/results/ackley_2d/separate_gp/pi/nrep10/seed28.npz,ackley_2d/separate_gp/pi/nrep10/seed28
ackley_2d,separate_gp,pi,,10,29,ok,50,/data/zhq7531/IDEAL/hetero_lvgp/benchmark/results/ackley_2d/separate_gp/pi/nrep10/seed29.npz,ackley_2d/separate_gp/pi/nrep10/seed29
ackley_2d,separate_gp,pi,,10,30,ok,50,/data/zhq7531/IDEAL/hetero_lvgp/benchmark/results/ackley_2d/separate_gp/pi/nrep10/seed30.npz,ackley_2d/separate_gp/pi/nrep10/seed30
ackley_2d,separate_gp,ei,,3,1,ok,50,/data/zhq7531/IDEAL/hetero_lvgp/benchmark/results/ackley_2d/separate_gp/ei/nrep03/seed01.npz,ackley_2d/separate_gp/ei/nrep03/seed01
ackley_2d,separate_gp,ei,,3,2,ok,50,/data/zhq7531/IDEAL/hetero_lvgp/benchmark/results/ackley_2d/separate_gp/ei/nrep03/seed02.npz,ackley_2d/separate_gp/ei/nrep03/seed02
ackley_2d,separate_gp,ei,,3,3,ok,50,/data/zhq7531/IDEAL/hetero_lvgp/benchmark/results/ackley_2d/separate_gp/ei/nrep03/seed03.npz,ackley_2d/separate_gp/ei/nrep03/seed03
ackley_2d,separate_gp,ei,,3,4,ok,50,/data/zhq7531/IDEAL/hetero_lvgp/benchmark/results/ackley_2d/separate_gp/ei/nrep03/seed04.npz,ackley_2d/separate_gp/ei/nrep03/seed04
ackley_2d,separate_gp,ei,,3,5,ok,50,/data/zhq7531/IDEAL/hetero_lvgp/benchmark/results/ackley_2d/separate_gp/ei/nrep03/seed05.npz,ackley_2d/separate_gp/ei/nrep03/seed05
ackley_2d,separate_gp,ei,,3,6,ok,50,/data/zhq7531/IDEAL/hetero_lvgp/benchmark/results/ackley_2d/separate_gp/ei/nrep03/seed06.npz,ackley_2d/separate_gp/ei/nrep03/seed06
ackley_2d,separate_gp,ei,,3,7,ok,50,/data/zhq7531/IDEAL/hetero_lvgp/benchmark/results/ackley_2d/separate_gp/ei/nrep03/seed07.npz,ackley_2d/separate_gp/ei/nrep03/seed07
ackley_2d,separate_gp,ei,,3,8,ok,50,/data/zhq7531/IDEAL/hetero_lvgp/benchmark/results/ackley_2d/separate_gp/ei/nrep03/seed08.npz,ackley_2d/separate_gp/ei/nrep03/seed08
ackley_2d,separate_gp,ei,,3,9,ok,50,/data/zhq7531/IDEAL/hetero_lvgp/benchmark/results/ackley_2d/separate_gp/ei/nrep03/seed09.npz,ackley_2d/separate_gp/ei/nrep03/seed09
ackley_2d,separate_gp,ei,,3,10,ok,50,/data/zhq7531/IDEAL/hetero_lvgp/benchmark/results/ackley_2d/separate_gp/ei/nrep03/seed10.npz,ackley_2d/separate_gp/ei/nrep03/seed10
ackley_2d,separate_gp,ei,,3,11,ok,50,/data/zhq7531/IDEAL/hetero_lvgp/benchmark/results/ackley_2d/separate_gp/ei/nrep03/seed11.npz,ackley_2d/separate_gp/ei/nrep03/seed11
ackley_2d,separate_gp,ei,,3,12,ok,50,/data/zhq7531/IDEAL/hetero_lvgp/benchmark/results/ackley_2d/separate_gp/ei/nrep03/seed12.npz,ackley_2d/separate_gp/ei/nrep03/seed12
ackley_2d,separate_gp,ei,,3,13,ok,50,/data/zhq7531/IDEAL/hetero_lvgp/benchmark/results/ackley_2d/separate_gp/ei/nrep03/seed13.npz,ackley_2d/separate_gp/ei/nrep03/seed13
ackley_2d,separate_gp,ei,,3,14,ok,50,/data/zhq7531/IDEAL/hetero_lvgp/benchmark/results/ackley_2d/separate_gp/ei/nrep03/seed14.npz,ackley_2d/separate_gp/ei/nrep03/seed14
ackley_2d,separate_gp,ei,,3,15,ok,50,/data/zhq7531/IDEAL/hetero_lvgp/benchmark/results/ackley_2d/separate_gp/ei/nrep03/seed15.npz,ackley_2d/separate_gp/ei/nrep03/seed15
ackley_2d,separate_gp,ei,,3,16,ok,50,/data/zhq7531/IDEAL/hetero_lvgp/benchmark/results/ackley_2d/separate_gp/ei/nrep03/seed16.npz,ackley_2d/separate_gp/ei/nrep03/seed16
ackley_2d,separate_gp,ei,,3,17,ok,50,/data/zhq7531/IDEAL/hetero_lvgp/benchmark/results/ackley_2d/separate_gp/ei/nrep03/seed17.npz,ackley_2d/separate_gp/ei/nrep03/seed17
ackley_2d,separate_gp,ei,,3,18,ok,50,/data/zhq7531/IDEAL/hetero_lvgp/benchmark/results/ackley_2d/separate_gp/ei/nrep03/seed18.npz,ackley_2d/separate_gp/ei/nrep03/seed18
ackley_2d,separate_gp,ei,,3,19,ok,50,/data/zhq7531/IDEAL/hetero_lvgp/benchmark/results/ackley_2d/separate_gp/ei/nrep03/seed19.npz,ackley_2d/separate_gp/ei/nrep03/seed19
ackley_2d,separate_gp,ei,,3,20,ok,50,/data/zhq7531/IDEAL/hetero_lvgp/benchmark/results/ackley_2d/separate_gp/ei/nrep03/seed20.npz,ackley_2d/separate_gp/ei/nrep03/seed20
ackley_2d,separate_gp,ei,,3,21,ok,50,/data/zhq7531/IDEAL/hetero_lvgp/benchmark/results/ackley_2d/separate_gp/ei/nrep03/seed21.npz,ackley_2d/separate_gp/ei/nrep03/seed21
ackley_2d,separate_gp,ei,,3,22,ok,50,/data/zhq7531/IDEAL/hetero_lvgp/benchmark/results/ackley_2d/separate_gp/ei/nrep03/seed22.npz,ackley_2d/separate_gp/ei/nrep03/seed22
ackley_2d,separate_gp,ei,,3,23,ok,50,/data/zhq7531/IDEAL/hetero_lvgp/benchmark/results/ackley_2d/separate_gp/ei/nrep03/seed23.npz,ackley_2d/separate_gp/ei/nrep03/seed23
ackley_2d,separate_gp,ei,,3,24,ok,50,/data/zhq7531/IDEAL/hetero_lvgp/benchmark/results/ackley_2d/separate_gp/ei/nrep03/seed24.npz,ackley_2d/separate_gp/ei/nrep03/seed24
ackley_2d,separate_gp,ei,,3,25,ok,50,/data/zhq7531/IDEAL/hetero_lvgp/benchmark/results/ackley_2d/separate_gp/ei/nrep03/seed25.npz,ackley_2d/separate_gp/ei/nrep03/seed25
ackley_2d,separate_gp,ei,,3,26,ok,50,/data/zhq7531/IDEAL/hetero_lvgp/benchmark/results/ackley_2d/separate_gp/ei/nrep03/seed26.npz,ackley_2d/separate_gp/ei/nrep03/seed26
ackley_2d,separate_gp,ei,,3,27,ok,50,/data/zhq7531/IDEAL/hetero_lvgp/benchmark/results/ackley_2d/separate_gp/ei/nrep03/seed27.npz,ackley_2d/separate_gp/ei/nrep03/seed27
ackley_2d,separate_gp,ei,,3,28,ok,50,/data/zhq7531/IDEAL/hetero_lvgp/benchmark/results/ackley_2d/separate_gp/ei/nrep03/seed28.npz,ackley_2d/separate_gp/ei/nrep03/seed28
ackley_2d,separate_gp,ei,,3,29,ok,50,/data/zhq7531/IDEAL/hetero_lvgp/benchmark/results/ackley_2d/separate_gp/ei/nrep03/seed29.npz,ackley_2d/separate_gp/ei/nrep03/seed29
ackley_2d,separate_gp,ei,,3,30,ok,50,/data/zhq7531/IDEAL/hetero_lvgp/benchmark/results/ackley_2d/separate_gp/ei/nrep03/seed30.npz,ackley_2d/separate_gp/ei/nrep03/seed30
ackley_2d,separate_gp,ei,,10,1,ok,50,/data/zhq7531/IDEAL/hetero_lvgp/benchmark/results/ackley_2d/separate_gp/ei/nrep10/seed01.npz,ackley_2d/separate_gp/ei/nrep10/seed01
ackley_2d,separate_gp,ei,,10,2,ok,50,/data/zhq7531/IDEAL/hetero_lvgp/benchmark/results/ackley_2d/separate_gp/ei/nrep10/seed02.npz,ackley_2d/separate_gp/ei/nrep10/seed02
ackley_2d,separate_gp,ei,,10,3,ok,50,/data/zhq7531/IDEAL/hetero_lvgp/benchmark/results/ackley_2d/separate_gp/ei/nrep10/seed03.npz,ackley_2d/separate_gp/ei/nrep10/seed03
ackley_2d,separate_gp,ei,,10,4,ok,50,/data/zhq7531/IDEAL/hetero_lvgp/benchmark/results/ackley_2d/separate_gp/ei/nrep10/seed04.npz,ackley_2d/separate_gp/ei/nrep10/seed04
ackley_2d,separate_gp,ei,,10,5,ok,50,/data/zhq7531/IDEAL/hetero_lvgp/benchmark/results/ackley_2d/separate_gp/ei/nrep10/seed05.npz,ackley_2d/separate_gp/ei/nrep10/seed05
ackley_2d,separate_gp,ei,,10,6,ok,50,/data/zhq7531/IDEAL/hetero_lvgp/benchmark/results/ackley_2d/separate_gp/ei/nrep10/seed06.npz,ackley_2d/separate_gp/ei/nrep10/seed06
ackley_2d,separate_gp,ei,,10,7,ok,50,/data/zhq7531/IDEAL/hetero_lvgp/benchmark/results/ackley_2d/separate_gp/ei/nrep10/seed07.npz,ackley_2d/separate_gp/ei/nrep10/seed07
ackley_2d,separate_gp,ei,,10,8,ok,50,/data/zhq7531/IDEAL/hetero_lvgp/benchmark/results/ackley_2d/separate_gp/ei/nrep10/seed08.npz,ackley_2d/separate_gp/ei/nrep10/seed08
ackley_2d,separate_gp,ei,,10,9,ok,50,/data/zhq7531/IDEAL/hetero_lvgp/benchmark/results/ackley_2d/separate_gp/ei/nrep10/seed09.npz,ackley_2d/separate_gp/ei/nrep10/seed09
ackley_2d,separate_gp,ei,,10,10,ok,50,/data/zhq7531/IDEAL/hetero_lvgp/benchmark/results/ackley_2d/separate_gp/ei/nrep10/seed10.npz,ackley_2d/separate_gp/ei/nrep10/seed10
ackley_2d,separate_gp,ei,,10,11,ok,50,/data/zhq7531/IDEAL/hetero_lvgp/benchmark/results/ackley_2d/separate_gp/ei/nrep10/seed11.npz,ackley_2d/separate_gp/ei/nrep10/seed11
ackley_2d,separate_gp,ei,,10,12,ok,50,/data/zhq7531/IDEAL/hetero_lvgp/benchmark/results/ackley_2d/separate_gp/ei/nrep10/seed12.npz,ackley_2d/separate_gp/ei/nrep10/seed12
ackley_2d,separate_gp,ei,,10,13,ok,50,/data/zhq7531/IDEAL/hetero_lvgp/benchmark/results/ackley_2d/separate_gp/ei/nrep10/seed13.npz,ackley_2d/separate_gp/ei/nrep10/seed13
ackley_2d,separate_gp,ei,,10,14,ok,50,/data/zhq7531/IDEAL/hetero_lvgp/benchmark/results/ackley_2d/separate_gp/ei/nrep10/seed14.npz,ackley_2d/separate_gp/ei/nrep10/seed14
ackley_2d,separate_gp,ei,,10,15,ok,50,/data/zhq7531/IDEAL/hetero_lvgp/benchmark/results/ackley_2d/separate_gp/ei/nrep10/seed15.npz,ackley_2d/separate_gp/ei/nrep10/seed15
ackley_2d,separate_gp,ei,,10,16,ok,50,/data/zhq7531/IDEAL/hetero_lvgp/benchmark/results/ackley_2d/separate_gp/ei/nrep10/seed16.npz,ackley_2d/separate_gp/ei/nrep10/seed16
ackley_2d,separate_gp,ei,,10,17,ok,50,/data/zhq7531/IDEAL/hetero_lvgp/benchmark/results/ackley_2d/separate_gp/ei/nrep10/seed17.npz,ackley_2d/separate_gp/ei/nrep10/seed17
ackley_2d,separate_gp,ei,,10,18,ok,50,/data/zhq7531/IDEAL/hetero_lvgp/benchmark/results/ackley_2d/separate_gp/ei/nrep10/seed18.npz,ackley_2d/separate_gp/ei/nrep10/seed18
ackley_2d,separate_gp,ei,,10,19,ok,50,/data/zhq7531/IDEAL/hetero_lvgp/benchmark/results/ackley_2d/separate_gp/ei/nrep10/seed19.npz,ackley_2d/separate_gp/ei/nrep10/seed19
ackley_2d,separate_gp,ei,,10,20,ok,50,/data/zhq7531/IDEAL/hetero_lvgp/benchmark/results/ackley_2d/separate_gp/ei/nrep10/seed20.npz,ackley_2d/separate_gp/ei/nrep10/seed20
ackley_2d,separate_gp,ei,,10,21,ok,50,/data/zhq7531/IDEAL/hetero_lvgp/benchmark/results/ackley_2d/separate_gp/ei/nrep10/seed21.npz,ackley_2d/separate_gp/ei/nrep10/seed21
ackley_2d,separate_gp,ei,,10,22,ok,50,/data/zhq7531/IDEAL/hetero_lvgp/benchmark/results/ackley_2d/separate_gp/ei/nrep10/seed22.npz,ackley_2d/separate_gp/ei/nrep10/seed22
ackley_2d,separate_gp,ei,,10,23,ok,50,/data/zhq7531/IDEAL/hetero_lvgp/benchmark/results/ackley_2d/separate_gp/ei/nrep10/seed23.npz,ackley_2d/separate_gp/ei/nrep10/seed23
ackley_2d,separate_gp,ei,,10,24,ok,50,/data/zhq7531/IDEAL/hetero_lvgp/benchmark/results/ackley_2d/separate_gp/ei/nrep10/seed24.npz,ackley_2d/separate_gp/ei/nrep10/seed24
ackley_2d,separate_gp,ei,,10,25,ok,50,/data/zhq7531/IDEAL/hetero_lvgp/benchmark/results/ackley_2d/separate_gp/ei/nrep10/seed25.npz,ackley_2d/separate_gp/ei/nrep10/seed25
ackley_2d,separate_gp,ei,,10,26,ok,50,/data/zhq7531/IDEAL/hetero_lvgp/benchmark/results/ackley_2d/separate_gp/ei/nrep10/seed26.npz,ackley_2d/separate_gp/ei/nrep10/seed26
ackley_2d,separate_gp,ei,,10,27,ok,50,/data/zhq7531/IDEAL/hetero_lvgp/benchmark/results/ackley_2d/separate_gp/ei/nrep10/seed27.npz,ackley_2d/separate_gp/ei/nrep10/seed27
ackley_2d,separate_gp,ei,,10,28,ok,50,/data/zhq7531/IDEAL/hetero_lvgp/benchmark/results/ackley_2d/separate_gp/ei/nrep10/seed28.npz,ackley_2d/separate_gp/ei/nrep10/seed28
ackley_2d,separate_gp,ei,,10,29,ok,50,/data/zhq7531/IDEAL/hetero_lvgp/benchmark/results/ackley_2d/separate_gp/ei/nrep10/seed29.npz,ackley_2d/separate_gp/ei/nrep10/seed29
ackley_2d,separate_gp,ei,,10,30,ok,50,/data/zhq7531/IDEAL/hetero_lvgp/benchmark/results/ackley_2d/separate_gp/ei/nrep10/seed30.npz,ackley_2d/separate_gp/ei/nrep10/seed30
ackley_2d,separate_gp,haei,0.5,3,1,ok,50,/data/zhq7531/IDEAL/hetero_lvgp/benchmark/results/ackley_2d/separate_gp/haei_g0.5/nrep03/seed01.npz,ackley_2d/separate_gp/haei_g0.5/nrep03/seed01
ackley_2d,separate_gp,haei,0.5,3,2,ok,50,/data/zhq7531/IDEAL/hetero_lvgp/benchmark/results/ackley_2d/separate_gp/haei_g0.5/nrep03/seed02.npz,ackley_2d/separate_gp/haei_g0.5/nrep03/seed02
ackley_2d,separate_gp,haei,0.5,3,3,ok,50,/data/zhq7531/IDEAL/hetero_lvgp/benchmark/results/ackley_2d/separate_gp/haei_g0.5/nrep03/seed03.npz,ackley_2d/separate_gp/haei_g0.5/nrep03/seed03
ackley_2d,separate_gp,haei,0.5,3,4,ok,50,/data/zhq7531/IDEAL/hetero_lvgp/benchmark/results/ackley_2d/separate_gp/haei_g0.5/nrep03/seed04.npz,ackley_2d/separate_gp/haei_g0.5/nrep03/seed04
ackley_2d,separate_gp,haei,0.5,3,5,ok,50,/data/zhq7531/IDEAL/hetero_lvgp/benchmark/results/ackley_2d/separate_gp/haei_g0.5/nrep03/seed05.npz,ackley_2d/separate_gp/haei_g0.5/nrep03/seed05
ackley_2d,separate_gp,haei,0.5,3,6,ok,50,/data/zhq7531/IDEAL/hetero_lvgp/benchmark/results/ackley_2d/separate_gp/haei_g0.5/nrep03/seed06.npz,ackley_2d/separate_gp/haei_g0.5/nrep03/seed06
ackley_2d,separate_gp,haei,0.5,3,7,ok,50,/data/zhq7531/IDEAL/hetero_lvgp/benchmark/results/ackley_2d/separate_gp/haei_g0.5/nrep03/seed07.npz,ackley_2d/separate_gp/haei_g0.5/nrep03/seed07
ackley_2d,separate_gp,haei,0.5,3,8,ok,50,/data/zhq7531/IDEAL/hetero_lvgp/benchmark/results/ackley_2d/separate_gp/haei_g0.5/nrep03/seed08.npz,ackley_2d/separate_gp/haei_g0.5/nrep03/seed08
ackley_2d,separate_gp,haei,0.5,3,9,ok,50,/data/zhq7531/IDEAL/hetero_lvgp/benchmark/results/ackley_2d/separate_gp/haei_g0.5/nrep03/seed09.npz,ackley_2d/separate_gp/haei_g0.5/nrep03/seed09
ackley_2d,separate_gp,haei,0.5,3,10,ok,50,/data/zhq7531/IDEAL/hetero_lvgp/benchmark/results/ackley_2d/separate_gp/haei_g0.5/nrep03/seed10.npz,ackley_2d/separate_gp/haei_g0.5/nrep03/seed10
ackley_2d,separate_gp,haei,0.5,3,11,ok,50,/data/zhq7531/IDEAL/hetero_lvgp/benchmark/results/ackley_2d/separate_gp/haei_g0.5/nrep03/seed11.npz,ackley_2d/separate_gp/haei_g0.5/nrep03/seed11
ackley_2d,separate_gp,haei,0.5,3,12,ok,50,/data/zhq7531/IDEAL/hetero_lvgp/benchmark/results/ackley_2d/separate_gp/haei_g0.5/nrep03/seed12.npz,ackley_2d/separate_gp/haei_g0.5/nrep03/seed12
ackley_2d,separate_gp,haei,0.5,3,13,ok,50,/data/zhq7531/IDEAL/hetero_lvgp/benchmark/results/ackley_2d/separate_gp/haei_g0.5/nrep03/seed13.npz,ackley_2d/separate_gp/haei_g0.5/nrep03/seed13
ackley_2d,separate_gp,haei,0.5,3,14,ok,50,/data/zhq7531/IDEAL/hetero_lvgp/benchmark/results/ackley_2d/separate_gp/haei_g0.5/nrep03/seed14.npz,ackley_2d/separate_gp/haei_g0.5/nrep03/seed14
ackley_2d,separate_gp,haei,0.5,3,15,ok,50,/data/zhq7531/IDEAL/hetero_lvgp/benchmark/results/ackley_2d/separate_gp/haei_g0.5/nrep03/seed15.npz,ackley_2d/separate_gp/haei_g0.5/nrep03/seed15
ackley_2d,separate_gp,haei,0.5,3,16,ok,50,/data/zhq7531/IDEAL/hetero_lvgp/benchmark/results/ackley_2d/separate_gp/haei_g0.5/nrep03/seed16.npz,ackley_2d/separate_gp/haei_g0.5/nrep03/seed16
ackley_2d,separate_gp,haei,0.5,3,17,ok,50,/data/zhq7531/IDEAL/hetero_lvgp/benchmark/results/ackley_2d/separate_gp/haei_g0.5/nrep03/seed17.npz,ackley_2d/separate_gp/haei_g0.5/nrep03/seed17
ackley_2d,separate_gp,haei,0.5,3,18,ok,50,/data/zhq7531/IDEAL/hetero_lvgp/benchmark/results/ackley_2d/separate_gp/haei_g0.5/nrep03/seed18.npz,ackley_2d/separate_gp/haei_g0.5/nrep03/seed18
ackley_2d,separate_gp,haei,0.5,3,19,ok,50,/data/zhq7531/IDEAL/hetero_lvgp/benchmark/results/ackley_2d/separate_gp/haei_g0.5/nrep03/seed19.npz,ackley_2d/separate_gp/haei_g0.5/nrep03/seed19
ackley_2d,separate_gp,haei,0.5,3,20,ok,50,/data/zhq7531/IDEAL/hetero_lvgp/benchmark/results/ackley_2d/separate_gp/haei_g0.5/nrep03/seed20.npz,ackley_2d/separate_gp/haei_g0.5/nrep03/seed20
ackley_2d,separate_gp,haei,0.5,3,21,ok,50,/data/zhq7531/IDEAL/hetero_lvgp/benchmark/results/ackley_2d/separate_gp/haei_g0.5/nrep03/seed21.npz,ackley_2d/separate_gp/haei_g0.5/nrep03/seed21
ackley_2d,separate_gp,haei,0.5,3,22,ok,50,/data/zhq7531/IDEAL/hetero_lvgp/benchmark/results/ackley_2d/separate_gp/haei_g0.5/nrep03/seed22.npz,ackley_2d/separate_gp/haei_g0.5/nrep03/seed22
ackley_2d,separate_gp,haei,0.5,3,23,ok,50,/data/zhq7531/IDEAL/hetero_lvgp/benchmark/results/ackley_2d/separate_gp/haei_g0.5/nrep03/seed23.npz,ackley_2d/separate_gp/haei_g0.5/nrep03/seed23
ackley_2d,separate_gp,haei,0.5,3,24,ok,50,/data/zhq7531/IDEAL/hetero_lvgp/benchmark/results/ackley_2d/separate_gp/haei_g0.5/nrep03/seed24.npz,ackley_2d/separate_gp/haei_g0.5/nrep03/seed24
ackley_2d,separate_gp,haei,0.5,3,25,ok,50,/data/zhq7531/IDEAL/hetero_lvgp/benchmark/results/ackley_2d/separate_gp/haei_g0.5/nrep03/seed25.npz,ackley_2d/separate_gp/haei_g0.5/nrep03/seed25
ackley_2d,separate_gp,haei,0.5,3,26,ok,50,/data/zhq7531/IDEAL/hetero_lvgp/benchmark/results/ackley_2d/separate_gp/haei_g0.5/nrep03/seed26.npz,ackley_2d/separate_gp/haei_g0.5/nrep03/seed26
ackley_2d,separate_gp,haei,0.5,3,27,ok,50,/data/zhq7531/IDEAL/hetero_lvgp/benchmark/results/ackley_2d/separate_gp/haei_g0.5/nrep03/seed27.npz,ackley_2d/separate_gp/haei_g0.5/nrep03/seed27
ackley_2d,separate_gp,haei,0.5,3,28,ok,50,/data/zhq7531/IDEAL/hetero_lvgp/benchmark/results/ackley_2d/separate_gp/haei_g0.5/nrep03/seed28.npz,ackley_2d/separate_gp/haei_g0.5/nrep03/seed28
ackley_2d,separate_gp,haei,0.5,3,29,ok,50,/data/zhq7531/IDEAL/hetero_lvgp/benchmark/results/ackley_2d/separate_gp/haei_g0.5/nrep03/seed29.npz,ackley_2d/separate_gp/haei_g0.5/nrep03/seed29
ackley_2d,separate_gp,haei,0.5,3,30,ok,50,/data/zhq7531/IDEAL/hetero_lvgp/benchmark/results/ackley_2d/separate_gp/haei_g0.5/nrep03/seed30.npz,ackley_2d/separate_gp/haei_g0.5/nrep03/seed30
ackley_2d,separate_gp,haei,0.5,10,1,ok,50,/data/zhq7531/IDEAL/hetero_lvgp/benchmark/results/ackley_2d/separate_gp/haei_g0.5/nrep10/seed01.npz,ackley_2d/separate_gp/haei_g0.5/nrep10/seed01
ackley_2d,separate_gp,haei,0.5,10,2,ok,50,/data/zhq7531/IDEAL/hetero_lvgp/benchmark/results/ackley_2d/separate_gp/haei_g0.5/nrep10/seed02.npz,ackley_2d/separate_gp/haei_g0.5/nrep10/seed02
ackley_2d,separate_gp,haei,0.5,10,3,ok,50,/data/zhq7531/IDEAL/hetero_lvgp/benchmark/results/ackley_2d/separate_gp/haei_g0.5/nrep10/seed03.npz,ackley_2d/separate_gp/haei_g0.5/nrep10/seed03
ackley_2d,separate_gp,haei,0.5,10,4,ok,50,/data/zhq7531/IDEAL/hetero_lvgp/benchmark/results/ackley_2d/separate_gp/haei_g0.5/nrep10/seed04.npz,ackley_2d/separate_gp/haei_g0.5/nrep10/seed04
ackley_2d,separate_gp,haei,0.5,10,5,ok,50,/data/zhq7531/IDEAL/hetero_lvgp/benchmark/results/ackley_2d/separate_gp/haei_g0.5/nrep10/seed05.npz,ackley_2d/separate_gp/haei_g0.5/nrep10/seed05
ackley_2d,separate_gp,haei,0.5,10,6,ok,50,/data/zhq7531/IDEAL/hetero_lvgp/benchmark/results/ackley_2d/separate_gp/haei_g0.5/nrep10/seed06.npz,ackley_2d/separate_gp/haei_g0.5/nrep10/seed06
ackley_2d,separate_gp,haei,0.5,10,7,ok,50,/data/zhq7531/IDEAL/hetero_lvgp/benchmark/results/ackley_2d/separate_gp/haei_g0.5/nrep10/seed07.npz,ackley_2d/separate_gp/haei_g0.5/nrep10/seed07
ackley_2d,separate_gp,haei,0.5,10,8,ok,50,/data/zhq7531/IDEAL/hetero_lvgp/benchmark/results/ackley_2d/separate_gp/haei_g0.5/nrep10/seed08.npz,ackley_2d/separate_gp/haei_g0.5/nrep10/seed08
ackley_2d,separate_gp,haei,0.5,10,9,ok,50,/data/zhq7531/IDEAL/hetero_lvgp/benchmark/results/ackley_2d/separate_gp/haei_g0.5/nrep10/seed09.npz,ackley_2d/separate_gp/haei_g0.5/nrep10/seed09
ackley_2d,separate_gp,haei,0.5,10,10,ok,50,/data/zhq7531/IDEAL/hetero_lvgp/benchmark/results/ackley_2d/separate_gp/haei_g0.5/nrep10/seed10.npz,ackley_2d/separate_gp/haei_g0.5/nrep10/seed10
ackley_2d,separate_gp,haei,0.5,10,11,ok,50,/data/zhq7531/IDEAL/hetero_lvgp/benchmark/results/ackley_2d/separate_gp/haei_g0.5/nrep10/seed11.npz,ackley_2d/separate_gp/haei_g0.5/nrep10/seed11
ackley_2d,separate_gp,haei,0.5,10,12,ok,50,/data/zhq7531/IDEAL/hetero_lvgp/benchmark/results/ackley_2d/separate_gp/haei_g0.5/nrep10/seed12.npz,ackley_2d/separate_gp/haei_g0.5/nrep10/seed12
ackley_2d,separate_gp,haei,0.5,10,13,ok,50,/data/zhq7531/IDEAL/hetero_lvgp/benchmark/results/ackley_2d/separate_gp/haei_g0.5/nrep10/seed13.npz,ackley_2d/separate_gp/haei_g0.5/nrep10/seed13
ackley_2d,separate_gp,haei,0.5,10,14,ok,50,/data/zhq7531/IDEAL/hetero_lvgp/benchmark/results/ackley_2d/separate_gp/haei_g0.5/nrep10/seed14.npz,ackley_2d/separate_gp/haei_g0.5/nrep10/seed14
ackley_2d,separate_gp,haei,0.5,10,15,ok,50,/data/zhq7531/IDEAL/hetero_lvgp/benchmark/results/ackley_2d/separate_gp/haei_g0.5/nrep10/seed15.npz,ackley_2d/separate_gp/haei_g0.5/nrep10/seed15
ackley_2d,separate_gp,haei,0.5,10,16,ok,50,/data/zhq7531/IDEAL/hetero_lvgp/benchmark/results/ackley_2d/separate_gp/haei_g0.5/nrep10/seed16.npz,ackley_2d/separate_gp/haei_g0.5/nrep10/seed16
ackley_2d,separate_gp,haei,0.5,10,17,ok,50,/data/zhq7531/IDEAL/hetero_lvgp/benchmark/results/ackley_2d/separate_gp/haei_g0.5/nrep10/seed17.npz,ackley_2d/separate_gp/haei_g0.5/nrep10/seed17
ackley_2d,separate_gp,haei,0.5,10,18,ok,50,/data/zhq7531/IDEAL/hetero_lvgp/benchmark/results/ackley_2d/separate_gp/haei_g0.5/nrep10/seed18.npz,ackley_2d/separate_gp/haei_g0.5/nrep10/seed18
ackley_2d,separate_gp,haei,0.5,10,19,ok,50,/data/zhq7531/IDEAL/hetero_lvgp/benchmark/results/ackley_2d/separate_gp/haei_g0.5/nrep10/seed19.npz,ackley_2d/separate_gp/haei_g0.5/nrep10/seed19
ackley_2d,separate_gp,haei,0.5,10,20,ok,50,/data/zhq7531/IDEAL/hetero_lvgp/benchmark/results/ackley_2d/separate_gp/haei_g0.5/nrep10/seed20.npz,ackley_2d/separate_gp/haei_g0.5/nrep10/seed20
ackley_2d,separate_gp,haei,0.5,10,21,ok,50,/data/zhq7531/IDEAL/hetero_lvgp/benchmark/results/ackley_2d/separate_gp/haei_g0.5/nrep10/seed21.npz,ackley_2d/separate_gp/haei_g0.5/nrep10/seed21
ackley_2d,separate_gp,haei,0.5,10,22,ok,50,/data/zhq7531/IDEAL/hetero_lvgp/benchmark/results/ackley_2d/separate_gp/haei_g0.5/nrep10/seed22.npz,ackley_2d/separate_gp/haei_g0.5/nrep10/seed22
ackley_2d,separate_gp,haei,0.5,10,23,ok,50,/data/zhq7531/IDEAL/hetero_lvgp/benchmark/results/ackley_2d/separate_gp/haei_g0.5/nrep10/seed23.npz,ackley_2d/separate_gp/haei_g0.5/nrep10/seed23
ackley_2d,separate_gp,haei,0.5,10,24,ok,50,/data/zhq7531/IDEAL/hetero_lvgp/benchmark/results/ackley_2d/separate_gp/haei_g0.5/nrep10/seed24.npz,ackley_2d/separate_gp/haei_g0.5/nrep10/seed24
ackley_2d,separate_gp,haei,0.5,10,25,ok,50,/data/zhq7531/IDEAL/hetero_lvgp/benchmark/results/ackley_2d/separate_gp/haei_g0.5/nrep10/seed25.npz,ackley_2d/separate_gp/haei_g0.5/nrep10/seed25
ackley_2d,separate_gp,haei,0.5,10,26,ok,50,/data/zhq7531/IDEAL/hetero_lvgp/benchmark/results/ackley_2d/separate_gp/haei_g0.5/nrep10/seed26.npz,ackley_2d/separate_gp/haei_g0.5/nrep10/seed26
ackley_2d,separate_gp,haei,0.5,10,27,ok,50,/data/zhq7531/IDEAL/hetero_lvgp/benchmark/results/ackley_2d/separate_gp/haei_g0.5/nrep10/seed27.npz,ackley_2d/separate_gp/haei_g0.5/nrep10/seed27
ackley_2d,separate_gp,haei,0.5,10,28,ok,50,/data/zhq7531/IDEAL/hetero_lvgp/benchmark/results/ackley_2d/separate_gp/haei_g0.5/nrep10/seed28.npz,ackley_2d/separate_gp/haei_g0.5/nrep10/seed28
ackley_2d,separate_gp,haei,0.5,10,29,ok,50,/data/zhq7531/IDEAL/hetero_lvgp/benchmark/results/ackley_2d/separate_gp/haei_g0.5/nrep10/seed29.npz,ackley_2d/separate_gp/haei_g0.5/nrep10/seed29
ackley_2d,separate_gp,haei,0.5,10,30,ok,50,/data/zhq7531/IDEAL/hetero_lvgp/benchmark/results/ackley_2d/separate_gp/haei_g0.5/nrep10/seed30.npz,ackley_2d/separate_gp/haei_g0.5/nrep10/seed30
ackley_2d,separate_gp,anpei,0.8,3,1,ok,50,/data/zhq7531/IDEAL/hetero_lvgp/benchmark/results/ackley_2d/separate_gp/anpei_b0.8/nrep03/seed01.npz,ackley_2d/separate_gp/anpei_b0.8/nrep03/seed01
ackley_2d,separate_gp,anpei,0.8,3,2,ok,50,/data/zhq7531/IDEAL/hetero_lvgp/benchmark/results/ackley_2d/separate_gp/anpei_b0.8/nrep03/seed02.npz,ackley_2d/separate_gp/anpei_b0.8/nrep03/seed02
ackley_2d,separate_gp,anpei,0.8,3,3,ok,50,/data/zhq7531/IDEAL/hetero_lvgp/benchmark/results/ackley_2d/separate_gp/anpei_b0.8/nrep03/seed03.npz,ackley_2d/separate_gp/anpei_b0.8/nrep03/seed03
ackley_2d,separate_gp,anpei,0.8,3,4,ok,50,/data/zhq7531/IDEAL/hetero_lvgp/benchmark/results/ackley_2d/separate_gp/anpei_b0.8/nrep03/seed04.npz,ackley_2d/separate_gp/anpei_b0.8/nrep03/seed04
ackley_2d,separate_gp,anpei,0.8,3,5,ok,50,/data/zhq7531/IDEAL/hetero_lvgp/benchmark/results/ackley_2d/separate_gp/anpei_b0.8/nrep03/seed05.npz,ackley_2d/separate_gp/anpei_b0.8/nrep03/seed05
ackley_2d,separate_gp,anpei,0.8,3,6,ok,50,/data/zhq7531/IDEAL/hetero_lvgp/benchmark/results/ackley_2d/separate_gp/anpei_b0.8/nrep03/seed06.npz,ackley_2d/separate_gp/anpei_b0.8/nrep03/seed06
ackley_2d,separate_gp,anpei,0.8,3,7,ok,50,/data/zhq7531/IDEAL/hetero_lvgp/benchmark/results/ackley_2d/separate_gp/anpei_b0.8/nrep03/seed07.npz,ackley_2d/separate_gp/anpei_b0.8/nrep03/seed07
ackley_2d,separate_gp,anpei,0.8,3,8,ok,50,/data/zhq7531/IDEAL/hetero_lvgp/benchmark/results/ackley_2d/separate_gp/anpei_b0.8/nrep03/seed08.npz,ackley_2d/separate_gp/anpei_b0.8/nrep03/seed08
ackley_2d,separate_gp,anpei,0.8,3,9,ok,50,/data/zhq7531/IDEAL/hetero_lvgp/benchmark/results/ackley_2d/separate_gp/anpei_b0.8/nrep03/seed09.npz,ackley_2d/separate_gp/anpei_b0.8/nrep03/seed09
ackley_2d,separate_gp,anpei,0.8,3,10,ok,50,/data/zhq7531/IDEAL/hetero_lvgp/benchmark/results/ackley_2d/separate_gp/anpei_b0.8/nrep03/seed10.npz,ackley_2d/separate_gp/anpei_b0.8/nrep03/seed10
ackley_2d,separate_gp,anpei,0.8,3,11,ok,50,/data/zhq7531/IDEAL/hetero_lvgp/benchmark/results/ackley_2d/separate_gp/anpei_b0.8/nrep03/seed11.npz,ackley_2d/separate_gp/anpei_b0.8/nrep03/seed11
ackley_2d,separate_gp,anpei,0.8,3,12,ok,50,/data/zhq7531/IDEAL/hetero_lvgp/benchmark/results/ackley_2d/separate_gp/anpei_b0.8/nrep03/seed12.npz,ackley_2d/separate_gp/anpei_b0.8/nrep03/seed12
ackley_2d,separate_gp,anpei,0.8,3,13,ok,50,/data/zhq7531/IDEAL/hetero_lvgp/benchmark/results/ackley_2d/separate_gp/anpei_b0.8/nrep03/seed13.npz,ackley_2d/separate_gp/anpei_b0.8/nrep03/seed13
ackley_2d,separate_gp,anpei,0.8,3,14,ok,50,/data/zhq7531/IDEAL/hetero_lvgp/benchmark/results/ackley_2d/separate_gp/anpei_b0.8/nrep03/seed14.npz,ackley_2d/separate_gp/anpei_b0.8/nrep03/seed14
ackley_2d,separate_gp,anpei,0.8,3,15,ok,50,/data/zhq7531/IDEAL/hetero_lvgp/benchmark/results/ackley_2d/separate_gp/anpei_b0.8/nrep03/seed15.npz,ackley_2d/separate_gp/anpei_b0.8/nrep03/seed15
ackley_2d,separate_gp,anpei,0.8,3,16,ok,50,/data/zhq7531/IDEAL/hetero_lvgp/benchmark/results/ackley_2d/separate_gp/anpei_b0.8/nrep03/seed16.npz,ackley_2d/separate_gp/anpei_b0.8/nrep03/seed16
ackley_2d,separate_gp,anpei,0.8,3,17,ok,50,/data/zhq7531/IDEAL/hetero_lvgp/benchmark/results/ackley_2d/separate_gp/anpei_b0.8/nrep03/seed17.npz,ackley_2d/separate_gp/anpei_b0.8/nrep03/seed17
ackley_2d,separate_gp,anpei,0.8,3,18,ok,50,/data/zhq7531/IDEAL/hetero_lvgp/benchmark/results/ackley_2d/separate_gp/anpei_b0.8/nrep03/seed18.npz,ackley_2d/separate_gp/anpei_b0.8/nrep03/seed18
ackley_2d,separate_gp,anpei,0.8,3,19,ok,50,/data/zhq7531/IDEAL/hetero_lvgp/benchmark/results/ackley_2d/separate_gp/anpei_b0.8/nrep03/seed19.npz,ackley_2d/separate_gp/anpei_b0.8/nrep03/seed19
ackley_2d,separate_gp,anpei,0.8,3,20,ok,50,/data/zhq7531/IDEAL/hetero_lvgp/benchmark/results/ackley_2d/separate_gp/anpei_b0.8/nrep03/seed20.npz,ackley_2d/separate_gp/anpei_b0.8/nrep03/seed20
ackley_2d,separate_gp,anpei,0.8,3,21,ok,50,/data/zhq7531/IDEAL/hetero_lvgp/benchmark/results/ackley_2d/separate_gp/anpei_b0.8/nrep03/seed21.npz,ackley_2d/separate_gp/anpei_b0.8/nrep03/seed21
ackley_2d,separate_gp,anpei,0.8,3,22,ok,50,/data/zhq7531/IDEAL/hetero_lvgp/benchmark/results/ackley_2d/separate_gp/anpei_b0.8/nrep03/seed22.npz,ackley_2d/separate_gp/anpei_b0.8/nrep03/seed22
ackley_2d,separate_gp,anpei,0.8,3,23,ok,50,/data/zhq7531/IDEAL/hetero_lvgp/benchmark/results/ackley_2d/separate_gp/anpei_b0.8/nrep03/seed23.npz,ackley_2d/separate_gp/anpei_b0.8/nrep03/seed23
ackley_2d,separate_gp,anpei,0.8,3,24,ok,50,/data/zhq7531/IDEAL/hetero_lvgp/benchmark/results/ackley_2d/separate_gp/anpei_b0.8/nrep03/seed24.npz,ackley_2d/separate_gp/anpei_b0.8/nrep03/seed24
ackley_2d,separate_gp,anpei,0.8,3,25,ok,50,/data/zhq7531/IDEAL/hetero_lvgp/benchmark/results/ackley_2d/separate_gp/anpei_b0.8/nrep03/seed25.npz,ackley_2d/separate_gp/anpei_b0.8/nrep03/seed25
ackley_2d,separate_gp,anpei,0.8,3,26,ok,50,/data/zhq7531/IDEAL/hetero_lvgp/benchmark/results/ackley_2d/separate_gp/anpei_b0.8/nrep03/seed26.npz,ackley_2d/separate_gp/anpei_b0.8/nrep03/seed26
ackley_2d,separate_gp,anpei,0.8,3,27,ok,50,/data/zhq7531/IDEAL/hetero_lvgp/benchmark/results/ackley_2d/separate_gp/anpei_b0.8/nrep03/seed27.npz,ackley_2d/separate_gp/anpei_b0.8/nrep03/seed27
ackley_2d,separate_gp,anpei,0.8,3,28,ok,50,/data/zhq7531/IDEAL/hetero_lvgp/benchmark/results/ackley_2d/separate_gp/anpei_b0.8/nrep03/seed28.npz,ackley_2d/separate_gp/anpei_b0.8/nrep03/seed28
ackley_2d,separate_gp,anpei,0.8,3,29,ok,50,/data/zhq7531/IDEAL/hetero_lvgp/benchmark/results/ackley_2d/separate_gp/anpei_b0.8/nrep03/seed29.npz,ackley_2d/separate_gp/anpei_b0.8/nrep03/seed29
ackley_2d,separate_gp,anpei,0.8,3,30,ok,50,/data/zhq7531/IDEAL/hetero_lvgp/benchmark/results/ackley_2d/separate_gp/anpei_b0.8/nrep03/seed30.npz,ackley_2d/separate_gp/anpei_b0.8/nrep03/seed30
ackley_2d,separate_gp,anpei,0.8,10,1,ok,50,/data/zhq7531/IDEAL/hetero_lvgp/benchmark/results/ackley_2d/separate_gp/anpei_b0.8/nrep10/seed01.npz,ackley_2d/separate_gp/anpei_b0.8/nrep10/seed01
ackley_2d,separate_gp,anpei,0.8,10,2,ok,50,/data/zhq7531/IDEAL/hetero_lvgp/benchmark/results/ackley_2d/separate_gp/anpei_b0.8/nrep10/seed02.npz,ackley_2d/separate_gp/anpei_b0.8/nrep10/seed02
ackley_2d,separate_gp,anpei,0.8,10,3,ok,50,/data/zhq7531/IDEAL/hetero_lvgp/benchmark/results/ackley_2d/separate_gp/anpei_b0.8/nrep10/seed03.npz,ackley_2d/separate_gp/anpei_b0.8/nrep10/seed03
ackley_2d,separate_gp,anpei,0.8,10,4,ok,50,/data/zhq7531/IDEAL/hetero_lvgp/benchmark/results/ackley_2d/separate_gp/anpei_b0.8/nrep10/seed04.npz,ackley_2d/separate_gp/anpei_b0.8/nrep10/seed04
ackley_2d,separate_gp,anpei,0.8,10,5,ok,50,/data/zhq7531/IDEAL/hetero_lvgp/benchmark/results/ackley_2d/separate_gp/anpei_b0.8/nrep10/seed05.npz,ackley_2d/separate_gp/anpei_b0.8/nrep10/seed05
ackley_2d,separate_gp,anpei,0.8,10,6,ok,50,/data/zhq7531/IDEAL/hetero_lvgp/benchmark/results/ackley_2d/separate_gp/anpei_b0.8/nrep10/seed06.npz,ackley_2d/separate_gp/anpei_b0.8/nrep10/seed06
ackley_2d,separate_gp,anpei,0.8,10,7,ok,50,/data/zhq7531/IDEAL/hetero_lvgp/benchmark/results/ackley_2d/separate_gp/anpei_b0.8/nrep10/seed07.npz,ackley_2d/separate_gp/anpei_b0.8/nrep10/seed07
ackley_2d,separate_gp,anpei,0.8,10,8,ok,50,/data/zhq7531/IDEAL/hetero_lvgp/benchmark/results/ackley_2d/separate_gp/anpei_b0.8/nrep10/seed08.npz,ackley_2d/separate_gp/anpei_b0.8/nrep10/seed08
ackley_2d,separate_gp,anpei,0.8,10,9,ok,50,/data/zhq7531/IDEAL/hetero_lvgp/benchmark/results/ackley_2d/separate_gp/anpei_b0.8/nrep10/seed09.npz,ackley_2d/separate_gp/anpei_b0.8/nrep10/seed09
ackley_2d,separate_gp,anpei,0.8,10,10,ok,50,/data/zhq7531/IDEAL/hetero_lvgp/benchmark/results/ackley_2d/separate_gp/anpei_b0.8/nrep10/seed10.npz,ackley_2d/separate_gp/anpei_b0.8/nrep10/seed10
ackley_2d,separate_gp,anpei,0.8,10,11,ok,50,/data/zhq7531/IDEAL/hetero_lvgp/benchmark/results/ackley_2d/separate_gp/anpei_b0.8/nrep10/seed11.npz,ackley_2d/separate_gp/anpei_b0.8/nrep10/seed11
ackley_2d,separate_gp,anpei,0.8,10,12,ok,50,/data/zhq7531/IDEAL/hetero_lvgp/benchmark/results/ackley_2d/separate_gp/anpei_b0.8/nrep10/seed12.npz,ackley_2d/separate_gp/anpei_b0.8/nrep10/seed12
ackley_2d,separate_gp,anpei,0.8,10,13,ok,50,/data/zhq7531/IDEAL/hetero_lvgp/benchmark/results/ackley_2d/separate_gp/anpei_b0.8/nrep10/seed13.npz,ackley_2d/separate_gp/anpei_b0.8/nrep10/seed13
ackley_2d,separate_gp,anpei,0.8,10,14,ok,50,/data/zhq7531/IDEAL/hetero_lvgp/benchmark/results/ackley_2d/separate_gp/anpei_b0.8/nrep10/seed14.npz,ackley_2d/separate_gp/anpei_b0.8/nrep10/seed14
ackley_2d,separate_gp,anpei,0.8,10,15,ok,50,/data/zhq7531/IDEAL/hetero_lvgp/benchmark/results/ackley_2d/separate_gp/anpei_b0.8/nrep10/seed15.npz,ackley_2d/separate_gp/anpei_b0.8/nrep10/seed15
ackley_2d,separate_gp,anpei,0.8,10,16,ok,50,/data/zhq7531/IDEAL/hetero_lvgp/benchmark/results/ackley_2d/separate_gp/anpei_b0.8/nrep10/seed16.npz,ackley_2d/separate_gp/anpei_b0.8/nrep10/seed16
ackley_2d,separate_gp,anpei,0.8,10,17,ok,50,/data/zhq7531/IDEAL/hetero_lvgp/benchmark/results/ackley_2d/separate_gp/anpei_b0.8/nrep10/seed17.npz,ackley_2d/separate_gp/anpei_b0.8/nrep10/seed17
ackley_2d,separate_gp,anpei,0.8,10,18,ok,50,/data/zhq7531/IDEAL/hetero_lvgp/benchmark/results/ackley_2d/separate_gp/anpei_b0.8/nrep10/seed18.npz,ackley_2d/separate_gp/anpei_b0.8/nrep10/seed18
ackley_2d,separate_gp,anpei,0.8,10,19,ok,50,/data/zhq7531/IDEAL/hetero_lvgp/benchmark/results/ackley_2d/separate_gp/anpei_b0.8/nrep10/seed19.npz,ackley_2d/separate_gp/anpei_b0.8/nrep10/seed19
ackley_2d,separate_gp,anpei,0.8,10,20,ok,50,/data/zhq7531/IDEAL/hetero_lvgp/benchmark/results/ackley_2d/separate_gp/anpei_b0.8/nrep10/seed20.npz,ackley_2d/separate_gp/anpei_b0.8/nrep10/seed20
ackley_2d,separate_gp,anpei,0.8,10,21,ok,50,/data/zhq7531/IDEAL/hetero_lvgp/benchmark/results/ackley_2d/separate_gp/anpei_b0.8/nrep10/seed21.npz,ackley_2d/separate_gp/anpei_b0.8/nrep10/seed21
ackley_2d,separate_gp,anpei,0.8,10,22,ok,50,/data/zhq7531/IDEAL/hetero_lvgp/benchmark/results/ackley_2d/separate_gp/anpei_b0.8/nrep10/seed22.npz,ackley_2d/separate_gp/anpei_b0.8/nrep10/seed22
ackley_2d,separate_gp,anpei,0.8,10,23,ok,50,/data/zhq7531/IDEAL/hetero_lvgp/benchmark/results/ackley_2d/separate_gp/anpei_b0.8/nrep10/seed23.npz,ackley_2d/separate_gp/anpei_b0.8/nrep10/seed23
ackley_2d,separate_gp,anpei,0.8,10,24,ok,50,/data/zhq7531/IDEAL/hetero_lvgp/benchmark/results/ackley_2d/separate_gp/anpei_b0.8/nrep10/seed24.npz,ackley_2d/separate_gp/anpei_b0.8/nrep10/seed24
ackley_2d,separate_gp,anpei,0.8,10,25,ok,50,/data/zhq7531/IDEAL/hetero_lvgp/benchmark/results/ackley_2d/separate_gp/anpei_b0.8/nrep10/seed25.npz,ackley_2d/separate_gp/anpei_b0.8/nrep10/seed25
ackley_2d,separate_gp,anpei,0.8,10,26,ok,50,/data/zhq7531/IDEAL/hetero_lvgp/benchmark/results/ackley_2d/separate_gp/anpei_b0.8/nrep10/seed26.npz,ackley_2d/separate_gp/anpei_b0.8/nrep10/seed26
ackley_2d,separate_gp,anpei,0.8,10,27,ok,50,/data/zhq7531/IDEAL/hetero_lvgp/benchmark/results/ackley_2d/separate_gp/anpei_b0.8/nrep10/seed27.npz,ackley_2d/separate_gp/anpei_b0.8/nrep10/seed27
ackley_2d,separate_gp,anpei,0.8,10,28,ok,50,/data/zhq7531/IDEAL/hetero_lvgp/benchmark/results/ackley_2d/separate_gp/anpei_b0.8/nrep10/seed28.npz,ackley_2d/separate_gp/anpei_b0.8/nrep10/seed28
ackley_2d,separate_gp,anpei,0.8,10,29,ok,50,/data/zhq7531/IDEAL/hetero_lvgp/benchmark/results/ackley_2d/separate_gp/anpei_b0.8/nrep10/seed29.npz,ackley_2d/separate_gp/anpei_b0.8/nrep10/seed29
ackley_2d,separate_gp,anpei,0.8,10,30,ok,50,/data/zhq7531/IDEAL/hetero_lvgp/benchmark/results/ackley_2d/separate_gp/anpei_b0.8/nrep10/seed30.npz,ackley_2d/separate_gp/anpei_b0.8/nrep10/seed30
ackley_2d,separate_gp,rahbo,0.5,3,1,ok,50,/data/zhq7531/IDEAL/hetero_lvgp/benchmark/results/ackley_2d/separate_gp/rahbo_a0.5/nrep03/seed01.npz,ackley_2d/separate_gp/rahbo_a0.5/nrep03/seed01
ackley_2d,separate_gp,rahbo,0.5,3,2,ok,50,/data/zhq7531/IDEAL/hetero_lvgp/benchmark/results/ackley_2d/separate_gp/rahbo_a0.5/nrep03/seed02.npz,ackley_2d/separate_gp/rahbo_a0.5/nrep03/seed02
ackley_2d,separate_gp,rahbo,0.5,3,3,ok,50,/data/zhq7531/IDEAL/hetero_lvgp/benchmark/results/ackley_2d/separate_gp/rahbo_a0.5/nrep03/seed03.npz,ackley_2d/separate_gp/rahbo_a0.5/nrep03/seed03
ackley_2d,separate_gp,rahbo,0.5,3,4,ok,50,/data/zhq7531/IDEAL/hetero_lvgp/benchmark/results/ackley_2d/separate_gp/rahbo_a0.5/nrep03/seed04.npz,ackley_2d/separate_gp/rahbo_a0.5/nrep03/seed04
ackley_2d,separate_gp,rahbo,0.5,3,5,ok,50,/data/zhq7531/IDEAL/hetero_lvgp/benchmark/results/ackley_2d/separate_gp/rahbo_a0.5/nrep03/seed05.npz,ackley_2d/separate_gp/rahbo_a0.5/nrep03/seed05
ackley_2d,separate_gp,rahbo,0.5,3,6,ok,50,/data/zhq7531/IDEAL/hetero_lvgp/benchmark/results/ackley_2d/separate_gp/rahbo_a0.5/nrep03/seed06.npz,ackley_2d/separate_gp/rahbo_a0.5/nrep03/seed06
ackley_2d,separate_gp,rahbo,0.5,3,7,ok,50,/data/zhq7531/IDEAL/hetero_lvgp/benchmark/results/ackley_2d/separate_gp/rahbo_a0.5/nrep03/seed07.npz,ackley_2d/separate_gp/rahbo_a0.5/nrep03/seed07
ackley_2d,separate_gp,rahbo,0.5,3,8,ok,50,/data/zhq7531/IDEAL/hetero_lvgp/benchmark/results/ackley_2d/separate_gp/rahbo_a0.5/nrep03/seed08.npz,ackley_2d/separate_gp/rahbo_a0.5/nrep03/seed08
ackley_2d,separate_gp,rahbo,0.5,3,9,ok,50,/data/zhq7531/IDEAL/hetero_lvgp/benchmark/results/ackley_2d/separate_gp/rahbo_a0.5/nrep03/seed09.npz,ackley_2d/separate_gp/rahbo_a0.5/nrep03/seed09
ackley_2d,separate_gp,rahbo,0.5,3,10,ok,50,/data/zhq7531/IDEAL/hetero_lvgp/benchmark/results/ackley_2d/separate_gp/rahbo_a0.5/nrep03/seed10.npz,ackley_2d/separate_gp/rahbo_a0.5/nrep03/seed10
ackley_2d,separate_gp,rahbo,0.5,3,11,ok,50,/data/zhq7531/IDEAL/hetero_lvgp/benchmark/results/ackley_2d/separate_gp/rahbo_a0.5/nrep03/seed11.npz,ackley_2d/separate_gp/rahbo_a0.5/nrep03/seed11
ackley_2d,separate_gp,rahbo,0.5,3,12,ok,50,/data/zhq7531/IDEAL/hetero_lvgp/benchmark/results/ackley_2d/separate_gp/rahbo_a0.5/nrep03/seed12.npz,ackley_2d/separate_gp/rahbo_a0.5/nrep03/seed12
ackley_2d,separate_gp,rahbo,0.5,3,13,ok,50,/data/zhq7531/IDEAL/hetero_lvgp/benchmark/results/ackley_2d/separate_gp/rahbo_a0.5/nrep03/seed13.npz,ackley_2d/separate_gp/rahbo_a0.5/nrep03/seed13
ackley_2d,separate_gp,rahbo,0.5,3,14,ok,50,/data/zhq7531/IDEAL/hetero_lvgp/benchmark/results/ackley_2d/separate_gp/rahbo_a0.5/nrep03/seed14.npz,ackley_2d/separate_gp/rahbo_a0.5/nrep03/seed14
ackley_2d,separate_gp,rahbo,0.5,3,15,ok,50,/data/zhq7531/IDEAL/hetero_lvgp/benchmark/results/ackley_2d/separate_gp/rahbo_a0.5/nrep03/seed15.npz,ackley_2d/separate_gp/rahbo_a0.5/nrep03/seed15
ackley_2d,separate_gp,rahbo,0.5,3,16,ok,50,/data/zhq7531/IDEAL/hetero_lvgp/benchmark/results/ackley_2d/separate_gp/rahbo_a0.5/nrep03/seed16.npz,ackley_2d/separate_gp/rahbo_a0.5/nrep03/seed16
ackley_2d,separate_gp,rahbo,0.5,3,17,ok,50,/data/zhq7531/IDEAL/hetero_lvgp/benchmark/results/ackley_2d/separate_gp/rahbo_a0.5/nrep03/seed17.npz,ackley_2d/separate_gp/rahbo_a0.5/nrep03/seed17
ackley_2d,separate_gp,rahbo,0.5,3,18,ok,50,/data/zhq7531/IDEAL/hetero_lvgp/benchmark/results/ackley_2d/separate_gp/rahbo_a0.5/nrep03/seed18.npz,ackley_2d/separate_gp/rahbo_a0.5/nrep03/seed18
ackley_2d,separate_gp,rahbo,0.5,3,19,ok,50,/data/zhq7531/IDEAL/hetero_lvgp/benchmark/results/ackley_2d/separate_gp/rahbo_a0.5/nrep03/seed19.npz,ackley_2d/separate_gp/rahbo_a0.5/nrep03/seed19
ackley_2d,separate_gp,rahbo,0.5,3,20,ok,50,/data/zhq7531/IDEAL/hetero_lvgp/benchmark/results/ackley_2d/separate_gp/rahbo_a0.5/nrep03/seed20.npz,ackley_2d/separate_gp/rahbo_a0.5/nrep03/seed20
ackley_2d,separate_gp,rahbo,0.5,3,21,ok,50,/data/zhq7531/IDEAL/hetero_lvgp/benchmark/results/ackley_2d/separate_gp/rahbo_a0.5/nrep03/seed21.npz,ackley_2d/separate_gp/rahbo_a0.5/nrep03/seed21
ackley_2d,separate_gp,rahbo,0.5,3,22,ok,50,/data/zhq7531/IDEAL/hetero_lvgp/benchmark/results/ackley_2d/separate_gp/rahbo_a0.5/nrep03/seed22.npz,ackley_2d/separate_gp/rahbo_a0.5/nrep03/seed22
ackley_2d,separate_gp,rahbo,0.5,3,23,ok,50,/data/zhq7531/IDEAL/hetero_lvgp/benchmark/results/ackley_2d/separate_gp/rahbo_a0.5/nrep03/seed23.npz,ackley_2d/separate_gp/rahbo_a0.5/nrep03/seed23
ackley_2d,separate_gp,rahbo,0.5,3,24,ok,50,/data/zhq7531/IDEAL/hetero_lvgp/benchmark/results/ackley_2d/separate_gp/rahbo_a0.5/nrep03/seed24.npz,ackley_2d/separate_gp/rahbo_a0.5/nrep03/seed24
ackley_2d,separate_gp,rahbo,0.5,3,25,ok,50,/data/zhq7531/IDEAL/hetero_lvgp/benchmark/results/ackley_2d/separate_gp/rahbo_a0.5/nrep03/seed25.npz,ackley_2d/separate_gp/rahbo_a0.5/nrep03/seed25
ackley_2d,separate_gp,rahbo,0.5,3,26,ok,50,/data/zhq7531/IDEAL/hetero_lvgp/benchmark/results/ackley_2d/separate_gp/rahbo_a0.5/nrep03/seed26.npz,ackley_2d/separate_gp/rahbo_a0.5/nrep03/seed26
ackley_2d,separate_gp,rahbo,0.5,3,27,ok,50,/data/zhq7531/IDEAL/hetero_lvgp/benchmark/results/ackley_2d/separate_gp/rahbo_a0.5/nrep03/seed27.npz,ackley_2d/separate_gp/rahbo_a0.5/nrep03/seed27
ackley_2d,separate_gp,rahbo,0.5,3,28,ok,50,/data/zhq7531/IDEAL/hetero_lvgp/benchmark/results/ackley_2d/separate_gp/rahbo_a0.5/nrep03/seed28.npz,ackley_2d/separate_gp/rahbo_a0.5/nrep03/seed28
ackley_2d,separate_gp,rahbo,0.5,3,29,ok,50,/data/zhq7531/IDEAL/hetero_lvgp/benchmark/results/ackley_2d/separate_gp/rahbo_a0.5/nrep03/seed29.npz,ackley_2d/separate_gp/rahbo_a0.5/nrep03/seed29
ackley_2d,separate_gp,rahbo,0.5,3,30,ok,50,/data/zhq7531/IDEAL/hetero_lvgp/benchmark/results/ackley_2d/separate_gp/rahbo_a0.5/nrep03/seed30.npz,ackley_2d/separate_gp/rahbo_a0.5/nrep03/seed30
ackley_2d,separate_gp,rahbo,0.5,10,1,ok,50,/data/zhq7531/IDEAL/hetero_lvgp/benchmark/results/ackley_2d/separate_gp/rahbo_a0.5/nrep10/seed01.npz,ackley_2d/separate_gp/rahbo_a0.5/nrep10/seed01
ackley_2d,separate_gp,rahbo,0.5,10,2,ok,50,/data/zhq7531/IDEAL/hetero_lvgp/benchmark/results/ackley_2d/separate_gp/rahbo_a0.5/nrep10/seed02.npz,ackley_2d/separate_gp/rahbo_a0.5/nrep10/seed02
ackley_2d,separate_gp,rahbo,0.5,10,3,ok,50,/data/zhq7531/IDEAL/hetero_lvgp/benchmark/results/ackley_2d/separate_gp/rahbo_a0.5/nrep10/seed03.npz,ackley_2d/separate_gp/rahbo_a0.5/nrep10/seed03
ackley_2d,separate_gp,rahbo,0.5,10,4,ok,50,/data/zhq7531/IDEAL/hetero_lvgp/benchmark/results/ackley_2d/separate_gp/rahbo_a0.5/nrep10/seed04.npz,ackley_2d/separate_gp/rahbo_a0.5/nrep10/seed04
ackley_2d,separate_gp,rahbo,0.5,10,5,ok,50,/data/zhq7531/IDEAL/hetero_lvgp/benchmark/results/ackley_2d/separate_gp/rahbo_a0.5/nrep10/seed05.npz,ackley_2d/separate_gp/rahbo_a0.5/nrep10/seed05
ackley_2d,separate_gp,rahbo,0.5,10,6,ok,50,/data/zhq7531/IDEAL/hetero_lvgp/benchmark/results/ackley_2d/separate_gp/rahbo_a0.5/nrep10/seed06.npz,ackley_2d/separate_gp/rahbo_a0.5/nrep10/seed06
ackley_2d,separate_gp,rahbo,0.5,10,7,ok,50,/data/zhq7531/IDEAL/hetero_lvgp/benchmark/results/ackley_2d/separate_gp/rahbo_a0.5/nrep10/seed07.npz,ackley_2d/separate_gp/rahbo_a0.5/nrep10/seed07
ackley_2d,separate_gp,rahbo,0.5,10,8,ok,50,/data/zhq7531/IDEAL/hetero_lvgp/benchmark/results/ackley_2d/separate_gp/rahbo_a0.5/nrep10/seed08.npz,ackley_2d/separate_gp/rahbo_a0.5/nrep10/seed08
ackley_2d,separate_gp,rahbo,0.5,10,9,ok,50,/data/zhq7531/IDEAL/hetero_lvgp/benchmark/results/ackley_2d/separate_gp/rahbo_a0.5/nrep10/seed09.npz,ackley_2d/separate_gp/rahbo_a0.5/nrep10/seed09
ackley_2d,separate_gp,rahbo,0.5,10,10,ok,50,/data/zhq7531/IDEAL/hetero_lvgp/benchmark/results/ackley_2d/separate_gp/rahbo_a0.5/nrep10/seed10.npz,ackley_2d/separate_gp/rahbo_a0.5/nrep10/seed10
ackley_2d,separate_gp,rahbo,0.5,10,11,ok,50,/data/zhq7531/IDEAL/hetero_lvgp/benchmark/results/ackley_2d/separate_gp/rahbo_a0.5/nrep10/seed11.npz,ackley_2d/separate_gp/rahbo_a0.5/nrep10/seed11
ackley_2d,separate_gp,rahbo,0.5,10,12,ok,50,/data/zhq7531/IDEAL/hetero_lvgp/benchmark/results/ackley_2d/separate_gp/rahbo_a0.5/nrep10/seed12.npz,ackley_2d/separate_gp/rahbo_a0.5/nrep10/seed12
ackley_2d,separate_gp,rahbo,0.5,10,13,ok,50,/data/zhq7531/IDEAL/hetero_lvgp/benchmark/results/ackley_2d/separate_gp/rahbo_a0.5/nrep10/seed13.npz,ackley_2d/separate_gp/rahbo_a0.5/nrep10/seed13
ackley_2d,separate_gp,rahbo,0.5,10,14,ok,50,/data/zhq7531/IDEAL/hetero_lvgp/benchmark/results/ackley_2d/separate_gp/rahbo_a0.5/nrep10/seed14.npz,ackley_2d/separate_gp/rahbo_a0.5/nrep10/seed14
ackley_2d,separate_gp,rahbo,0.5,10,15,ok,50,/data/zhq7531/IDEAL/hetero_lvgp/benchmark/results/ackley_2d/separate_gp/rahbo_a0.5/nrep10/seed15.npz,ackley_2d/separate_gp/rahbo_a0.5/nrep10/seed15
ackley_2d,separate_gp,rahbo,0.5,10,16,ok,50,/data/zhq7531/IDEAL/hetero_lvgp/benchmark/results/ackley_2d/separate_gp/rahbo_a0.5/nrep10/seed16.npz,ackley_2d/separate_gp/rahbo_a0.5/nrep10/seed16
ackley_2d,separate_gp,rahbo,0.5,10,17,ok,50,/data/zhq7531/IDEAL/hetero_lvgp/benchmark/results/ackley_2d/separate_gp/rahbo_a0.5/nrep10/seed17.npz,ackley_2d/separate_gp/rahbo_a0.5/nrep10/seed17
ackley_2d,separate_gp,rahbo,0.5,10,18,ok,50,/data/zhq7531/IDEAL/hetero_lvgp/benchmark/results/ackley_2d/separate_gp/rahbo_a0.5/nrep10/seed18.npz,ackley_2d/separate_gp/rahbo_a0.5/nrep10/seed18
ackley_2d,separate_gp,rahbo,0.5,10,19,ok,50,/data/zhq7531/IDEAL/hetero_lvgp/benchmark/results/ackley_2d/separate_gp/rahbo_a0.5/nrep10/seed19.npz,ackley_2d/separate_gp/rahbo_a0.5/nrep10/seed19
ackley_2d,separate_gp,rahbo,0.5,10,20,ok,50,/data/zhq7531/IDEAL/hetero_lvgp/benchmark/results/ackley_2d/separate_gp/rahbo_a0.5/nrep10/seed20.npz,ackley_2d/separate_gp/rahbo_a0.5/nrep10/seed20
ackley_2d,separate_gp,rahbo,0.5,10,21,ok,50,/data/zhq7531/IDEAL/hetero_lvgp/benchmark/results/ackley_2d/separate_gp/rahbo_a0.5/nrep10/seed21.npz,ackley_2d/separate_gp/rahbo_a0.5/nrep10/seed21
ackley_2d,separate_gp,rahbo,0.5,10,22,ok,50,/data/zhq7531/IDEAL/hetero_lvgp/benchmark/results/ackley_2d/separate_gp/rahbo_a0.5/nrep10/seed22.npz,ackley_2d/separate_gp/rahbo_a0.5/nrep10/seed22
ackley_2d,separate_gp,rahbo,0.5,10,23,ok,50,/data/zhq7531/IDEAL/hetero_lvgp/benchmark/results/ackley_2d/separate_gp/rahbo_a0.5/nrep10/seed23.npz,ackley_2d/separate_gp/rahbo_a0.5/nrep10/seed23
ackley_2d,separate_gp,rahbo,0.5,10,24,ok,50,/data/zhq7531/IDEAL/hetero_lvgp/benchmark/results/ackley_2d/separate_gp/rahbo_a0.5/nrep10/seed24.npz,ackley_2d/separate_gp/rahbo_a0.5/nrep10/seed24
ackley_2d,separate_gp,rahbo,0.5,10,25,ok,50,/data/zhq7531/IDEAL/hetero_lvgp/benchmark/results/ackley_2d/separate_gp/rahbo_a0.5/nrep10/seed25.npz,ackley_2d/separate_gp/rahbo_a0.5/nrep10/seed25
ackley_2d,separate_gp,rahbo,0.5,10,26,ok,50,/data/zhq7531/IDEAL/hetero_lvgp/benchmark/results/ackley_2d/separate_gp/rahbo_a0.5/nrep10/seed26.npz,ackley_2d/separate_gp/rahbo_a0.5/nrep10/seed26
ackley_2d,separate_gp,rahbo,0.5,10,27,ok,50,/data/zhq7531/IDEAL/hetero_lvgp/benchmark/results/ackley_2d/separate_gp/rahbo_a0.5/nrep10/seed27.npz,ackley_2d/separate_gp/rahbo_a0.5/nrep10/seed27
ackley_2d,separate_gp,rahbo,0.5,10,28,ok,50,/data/zhq7531/IDEAL/hetero_lvgp/benchmark/results/ackley_2d/separate_gp/rahbo_a0.5/nrep10/seed28.npz,ackley_2d/separate_gp/rahbo_a0.5/nrep10/seed28
ackley_2d,separate_gp,rahbo,0.5,10,29,ok,50,/data/zhq7531/IDEAL/hetero_lvgp/benchmark/results/ackley_2d/separate_gp/rahbo_a0.5/nrep10/seed29.npz,ackley_2d/separate_gp/rahbo_a0.5/nrep10/seed29
ackley_2d,separate_gp,rahbo,0.5,10,30,ok,50,/data/zhq7531/IDEAL/hetero_lvgp/benchmark/results/ackley_2d/separate_gp/rahbo_a0.5/nrep10/seed30.npz,ackley_2d/separate_gp/rahbo_a0.5/nrep10/seed30
ackley_2d,categorical_kernel,lcb,,3,1,ok,50,/data/zhq7531/IDEAL/hetero_lvgp/benchmark/results/ackley_2d/categorical_kernel/lcb/nrep03/seed01.npz,ackley_2d/categorical_kernel/lcb/nrep03/seed01
ackley_2d,categorical_kernel,lcb,,3,2,ok,50,/data/zhq7531/IDEAL/hetero_lvgp/benchmark/results/ackley_2d/categorical_kernel/lcb/nrep03/seed02.npz,ackley_2d/categorical_kernel/lcb/nrep03/seed02
ackley_2d,categorical_kernel,lcb,,3,3,ok,50,/data/zhq7531/IDEAL/hetero_lvgp/benchmark/results/ackley_2d/categorical_kernel/lcb/nrep03/seed03.npz,ackley_2d/categorical_kernel/lcb/nrep03/seed03
ackley_2d,categorical_kernel,lcb,,3,4,ok,50,/data/zhq7531/IDEAL/hetero_lvgp/benchmark/results/ackley_2d/categorical_kernel/lcb/nrep03/seed04.npz,ackley_2d/categorical_kernel/lcb/nrep03/seed04
ackley_2d,categorical_kernel,lcb,,3,5,ok,50,/data/zhq7531/IDEAL/hetero_lvgp/benchmark/results/ackley_2d/categorical_kernel/lcb/nrep03/seed05.npz,ackley_2d/categorical_kernel/lcb/nrep03/seed05
ackley_2d,categorical_kernel,lcb,,3,6,ok,50,/data/zhq7531/IDEAL/hetero_lvgp/benchmark/results/ackley_2d/categorical_kernel/lcb/nrep03/seed06.npz,ackley_2d/categorical_kernel/lcb/nrep03/seed06
ackley_2d,categorical_kernel,lcb,,3,7,ok,50,/data/zhq7531/IDEAL/hetero_lvgp/benchmark/results/ackley_2d/categorical_kernel/lcb/nrep03/seed07.npz,ackley_2d/categorical_kernel/lcb/nrep03/seed07
ackley_2d,categorical_kernel,lcb,,3,8,ok,50,/data/zhq7531/IDEAL/hetero_lvgp/benchmark/results/ackley_2d/categorical_kernel/lcb/nrep03/seed08.npz,ackley_2d/categorical_kernel/lcb/nrep03/seed08
ackley_2d,categorical_kernel,lcb,,3,9,ok,50,/data/zhq7531/IDEAL/hetero_lvgp/benchmark/results/ackley_2d/categorical_kernel/lcb/nrep03/seed09.npz,ackley_2d/categorical_kernel/lcb/nrep03/seed09
ackley_2d,categorical_kernel,lcb,,3,10,ok,50,/data/zhq7531/IDEAL/hetero_lvgp/benchmark/results/ackley_2d/categorical_kernel/lcb/nrep03/seed10.npz,ackley_2d/categorical_kernel/lcb/nrep03/seed10
ackley_2d,categorical_kernel,lcb,,3,11,ok,50,/data/zhq7531/IDEAL/hetero_lvgp/benchmark/results/ackley_2d/categorical_kernel/lcb/nrep03/seed11.npz,ackley_2d/categorical_kernel/lcb/nrep03/seed11
ackley_2d,categorical_kernel,lcb,,3,12,ok,50,/data/zhq7531/IDEAL/hetero_lvgp/benchmark/results/ackley_2d/categorical_kernel/lcb/nrep03/seed12.npz,ackley_2d/categorical_kernel/lcb/nrep03/seed12
ackley_2d,categorical_kernel,lcb,,3,13,ok,50,/data/zhq7531/IDEAL/hetero_lvgp/benchmark/results/ackley_2d/categorical_kernel/lcb/nrep03/seed13.npz,ackley_2d/categorical_kernel/lcb/nrep03/seed13
ackley_2d,categorical_kernel,lcb,,3,14,ok,50,/data/zhq7531/IDEAL/hetero_lvgp/benchmark/results/ackley_2d/categorical_kernel/lcb/nrep03/seed14.npz,ackley_2d/categorical_kernel/lcb/nrep03/seed14
ackley_2d,categorical_kernel,lcb,,3,15,ok,50,/data/zhq7531/IDEAL/hetero_lvgp/benchmark/results/ackley_2d/categorical_kernel/lcb/nrep03/seed15.npz,ackley_2d/categorical_kernel/lcb/nrep03/seed15
ackley_2d,categorical_kernel,lcb,,3,16,ok,50,/data/zhq7531/IDEAL/hetero_lvgp/benchmark/results/ackley_2d/categorical_kernel/lcb/nrep03/seed16.npz,ackley_2d/categorical_kernel/lcb/nrep03/seed16
ackley_2d,categorical_kernel,lcb,,3,17,ok,50,/data/zhq7531/IDEAL/hetero_lvgp/benchmark/results/ackley_2d/categorical_kernel/lcb/nrep03/seed17.npz,ackley_2d/categorical_kernel/lcb/nrep03/seed17
ackley_2d,categorical_kernel,lcb,,3,18,ok,50,/data/zhq7531/IDEAL/hetero_lvgp/benchmark/results/ackley_2d/categorical_kernel/lcb/nrep03/seed18.npz,ackley_2d/categorical_kernel/lcb/nrep03/seed18
ackley_2d,categorical_kernel,lcb,,3,19,ok,50,/data/zhq7531/IDEAL/hetero_lvgp/benchmark/results/ackley_2d/categorical_kernel/lcb/nrep03/seed19.npz,ackley_2d/categorical_kernel/lcb/nrep03/seed19
ackley_2d,categorical_kernel,lcb,,3,20,ok,50,/data/zhq7531/IDEAL/hetero_lvgp/benchmark/results/ackley_2d/categorical_kernel/lcb/nrep03/seed20.npz,ackley_2d/categorical_kernel/lcb/nrep03/seed20
ackley_2d,categorical_kernel,lcb,,3,21,ok,50,/data/zhq7531/IDEAL/hetero_lvgp/benchmark/results/ackley_2d/categorical_kernel/lcb/nrep03/seed21.npz,ackley_2d/categorical_kernel/lcb/nrep03/seed21
ackley_2d,categorical_kernel,lcb,,3,22,ok,50,/data/zhq7531/IDEAL/hetero_lvgp/benchmark/results/ackley_2d/categorical_kernel/lcb/nrep03/seed22.npz,ackley_2d/categorical_kernel/lcb/nrep03/seed22
ackley_2d,categorical_kernel,lcb,,3,23,ok,50,/data/zhq7531/IDEAL/hetero_lvgp/benchmark/results/ackley_2d/categorical_kernel/lcb/nrep03/seed23.npz,ackley_2d/categorical_kernel/lcb/nrep03/seed23
ackley_2d,categorical_kernel,lcb,,3,24,ok,50,/data/zhq7531/IDEAL/hetero_lvgp/benchmark/results/ackley_2d/categorical_kernel/lcb/nrep03/seed24.npz,ackley_2d/categorical_kernel/lcb/nrep03/seed24
ackley_2d,categorical_kernel,lcb,,3,25,ok,50,/data/zhq7531/IDEAL/hetero_lvgp/benchmark/results/ackley_2d/categorical_kernel/lcb/nrep03/seed25.npz,ackley_2d/categorical_kernel/lcb/nrep03/seed25
ackley_2d,categorical_kernel,lcb,,3,26,ok,50,/data/zhq7531/IDEAL/hetero_lvgp/benchmark/results/ackley_2d/categorical_kernel/lcb/nrep03/seed26.npz,ackley_2d/categorical_kernel/lcb/nrep03/seed26
ackley_2d,categorical_kernel,lcb,,3,27,ok,50,/data/zhq7531/IDEAL/hetero_lvgp/benchmark/results/ackley_2d/categorical_kernel/lcb/nrep03/seed27.npz,ackley_2d/categorical_kernel/lcb/nrep03/seed27
ackley_2d,categorical_kernel,lcb,,3,28,ok,50,/data/zhq7531/IDEAL/hetero_lvgp/benchmark/results/ackley_2d/categorical_kernel/lcb/nrep03/seed28.npz,ackley_2d/categorical_kernel/lcb/nrep03/seed28
ackley_2d,categorical_kernel,lcb,,3,29,ok,50,/data/zhq7531/IDEAL/hetero_lvgp/benchmark/results/ackley_2d/categorical_kernel/lcb/nrep03/seed29.npz,ackley_2d/categorical_kernel/lcb/nrep03/seed29
ackley_2d,categorical_kernel,lcb,,3,30,ok,50,/data/zhq7531/IDEAL/hetero_lvgp/benchmark/results/ackley_2d/categorical_kernel/lcb/nrep03/seed30.npz,ackley_2d/categorical_kernel/lcb/nrep03/seed30
ackley_2d,categorical_kernel,lcb,,10,1,ok,50,/data/zhq7531/IDEAL/hetero_lvgp/benchmark/results/ackley_2d/categorical_kernel/lcb/nrep10/seed01.npz,ackley_2d/categorical_kernel/lcb/nrep10/seed01
ackley_2d,categorical_kernel,lcb,,10,2,ok,50,/data/zhq7531/IDEAL/hetero_lvgp/benchmark/results/ackley_2d/categorical_kernel/lcb/nrep10/seed02.npz,ackley_2d/categorical_kernel/lcb/nrep10/seed02
ackley_2d,categorical_kernel,lcb,,10,3,ok,50,/data/zhq7531/IDEAL/hetero_lvgp/benchmark/results/ackley_2d/categorical_kernel/lcb/nrep10/seed03.npz,ackley_2d/categorical_kernel/lcb/nrep10/seed03
ackley_2d,categorical_kernel,lcb,,10,4,ok,50,/data/zhq7531/IDEAL/hetero_lvgp/benchmark/results/ackley_2d/categorical_kernel/lcb/nrep10/seed04.npz,ackley_2d/categorical_kernel/lcb/nrep10/seed04
ackley_2d,categorical_kernel,lcb,,10,5,ok,50,/data/zhq7531/IDEAL/hetero_lvgp/benchmark/results/ackley_2d/categorical_kernel/lcb/nrep10/seed05.npz,ackley_2d/categorical_kernel/lcb/nrep10/seed05
ackley_2d,categorical_kernel,lcb,,10,6,ok,50,/data/zhq7531/IDEAL/hetero_lvgp/benchmark/results/ackley_2d/categorical_kernel/lcb/nrep10/seed06.npz,ackley_2d/categorical_kernel/lcb/nrep10/seed06
ackley_2d,categorical_kernel,lcb,,10,7,ok,50,/data/zhq7531/IDEAL/hetero_lvgp/benchmark/results/ackley_2d/categorical_kernel/lcb/nrep10/seed07.npz,ackley_2d/categorical_kernel/lcb/nrep10/seed07
ackley_2d,categorical_kernel,lcb,,10,8,ok,50,/data/zhq7531/IDEAL/hetero_lvgp/benchmark/results/ackley_2d/categorical_kernel/lcb/nrep10/seed08.npz,ackley_2d/categorical_kernel/lcb/nrep10/seed08
ackley_2d,categorical_kernel,lcb,,10,9,ok,50,/data/zhq7531/IDEAL/hetero_lvgp/benchmark/results/ackley_2d/categorical_kernel/lcb/nrep10/seed09.npz,ackley_2d/categorical_kernel/lcb/nrep10/seed09
ackley_2d,categorical_kernel,lcb,,10,10,ok,50,/data/zhq7531/IDEAL/hetero_lvgp/benchmark/results/ackley_2d/categorical_kernel/lcb/nrep10/seed10.npz,ackley_2d/categorical_kernel/lcb/nrep10/seed10
ackley_2d,categorical_kernel,lcb,,10,11,ok,50,/data/zhq7531/IDEAL/hetero_lvgp/benchmark/results/ackley_2d/categorical_kernel/lcb/nrep10/seed11.npz,ackley_2d/categorical_kernel/lcb/nrep10/seed11
ackley_2d,categorical_kernel,lcb,,10,12,ok,50,/data/zhq7531/IDEAL/hetero_lvgp/benchmark/results/ackley_2d/categorical_kernel/lcb/nrep10/seed12.npz,ackley_2d/categorical_kernel/lcb/nrep10/seed12
ackley_2d,categorical_kernel,lcb,,10,13,ok,50,/data/zhq7531/IDEAL/hetero_lvgp/benchmark/results/ackley_2d/categorical_kernel/lcb/nrep10/seed13.npz,ackley_2d/categorical_kernel/lcb/nrep10/seed13
ackley_2d,categorical_kernel,lcb,,10,14,ok,50,/data/zhq7531/IDEAL/hetero_lvgp/benchmark/results/ackley_2d/categorical_kernel/lcb/nrep10/seed14.npz,ackley_2d/categorical_kernel/lcb/nrep10/seed14
ackley_2d,categorical_kernel,lcb,,10,15,ok,50,/data/zhq7531/IDEAL/hetero_lvgp/benchmark/results/ackley_2d/categorical_kernel/lcb/nrep10/seed15.npz,ackley_2d/categorical_kernel/lcb/nrep10/seed15
ackley_2d,categorical_kernel,lcb,,10,16,ok,50,/data/zhq7531/IDEAL/hetero_lvgp/benchmark/results/ackley_2d/categorical_kernel/lcb/nrep10/seed16.npz,ackley_2d/categorical_kernel/lcb/nrep10/seed16
ackley_2d,categorical_kernel,lcb,,10,17,ok,50,/data/zhq7531/IDEAL/hetero_lvgp/benchmark/results/ackley_2d/categorical_kernel/lcb/nrep10/seed17.npz,ackley_2d/categorical_kernel/lcb/nrep10/seed17
ackley_2d,categorical_kernel,lcb,,10,18,ok,50,/data/zhq7531/IDEAL/hetero_lvgp/benchmark/results/ackley_2d/categorical_kernel/lcb/nrep10/seed18.npz,ackley_2d/categorical_kernel/lcb/nrep10/seed18
ackley_2d,categorical_kernel,lcb,,10,19,ok,50,/data/zhq7531/IDEAL/hetero_lvgp/benchmark/results/ackley_2d/categorical_kernel/lcb/nrep10/seed19.npz,ackley_2d/categorical_kernel/lcb/nrep10/seed19
ackley_2d,categorical_kernel,lcb,,10,20,ok,50,/data/zhq7531/IDEAL/hetero_lvgp/benchmark/results/ackley_2d/categorical_kernel/lcb/nrep10/seed20.npz,ackley_2d/categorical_kernel/lcb/nrep10/seed20
ackley_2d,categorical_kernel,lcb,,10,21,ok,50,/data/zhq7531/IDEAL/hetero_lvgp/benchmark/results/ackley_2d/categorical_kernel/lcb/nrep10/seed21.npz,ackley_2d/categorical_kernel/lcb/nrep10/seed21
ackley_2d,categorical_kernel,lcb,,10,22,ok,50,/data/zhq7531/IDEAL/hetero_lvgp/benchmark/results/ackley_2d/categorical_kernel/lcb/nrep10/seed22.npz,ackley_2d/categorical_kernel/lcb/nrep10/seed22
ackley_2d,categorical_kernel,lcb,,10,23,ok,50,/data/zhq7531/IDEAL/hetero_lvgp/benchmark/results/ackley_2d/categorical_kernel/lcb/nrep10/seed23.npz,ackley_2d/categorical_kernel/lcb/nrep10/seed23
ackley_2d,categorical_kernel,lcb,,10,24,ok,50,/data/zhq7531/IDEAL/hetero_lvgp/benchmark/results/ackley_2d/categorical_kernel/lcb/nrep10/seed24.npz,ackley_2d/categorical_kernel/lcb/nrep10/seed24
ackley_2d,categorical_kernel,lcb,,10,25,ok,50,/data/zhq7531/IDEAL/hetero_lvgp/benchmark/results/ackley_2d/categorical_kernel/lcb/nrep10/seed25.npz,ackley_2d/categorical_kernel/lcb/nrep10/seed25
ackley_2d,categorical_kernel,lcb,,10,26,ok,50,/data/zhq7531/IDEAL/hetero_lvgp/benchmark/results/ackley_2d/categorical_kernel/lcb/nrep10/seed26.npz,ackley_2d/categorical_kernel/lcb/nrep10/seed26
ackley_2d,categorical_kernel,lcb,,10,27,ok,50,/data/zhq7531/IDEAL/hetero_lvgp/benchmark/results/ackley_2d/categorical_kernel/lcb/nrep10/seed27.npz,ackley_2d/categorical_kernel/lcb/nrep10/seed27
ackley_2d,categorical_kernel,lcb,,10,28,ok,50,/data/zhq7531/IDEAL/hetero_lvgp/benchmark/results/ackley_2d/categorical_kernel/lcb/nrep10/seed28.npz,ackley_2d/categorical_kernel/lcb/nrep10/seed28
ackley_2d,categorical_kernel,lcb,,10,29,ok,50,/data/zhq7531/IDEAL/hetero_lvgp/benchmark/results/ackley_2d/categorical_kernel/lcb/nrep10/seed29.npz,ackley_2d/categorical_kernel/lcb/nrep10/seed29
ackley_2d,categorical_kernel,lcb,,10,30,ok,50,/data/zhq7531/IDEAL/hetero_lvgp/benchmark/results/ackley_2d/categorical_kernel/lcb/nrep10/seed30.npz,ackley_2d/categorical_kernel/lcb/nrep10/seed30
ackley_2d,categorical_kernel,pi,,3,1,ok,50,/data/zhq7531/IDEAL/hetero_lvgp/benchmark/results/ackley_2d/categorical_kernel/pi/nrep03/seed01.npz,ackley_2d/categorical_kernel/pi/nrep03/seed01
ackley_2d,categorical_kernel,pi,,3,2,ok,50,/data/zhq7531/IDEAL/hetero_lvgp/benchmark/results/ackley_2d/categorical_kernel/pi/nrep03/seed02.npz,ackley_2d/categorical_kernel/pi/nrep03/seed02
ackley_2d,categorical_kernel,pi,,3,3,ok,50,/data/zhq7531/IDEAL/hetero_lvgp/benchmark/results/ackley_2d/categorical_kernel/pi/nrep03/seed03.npz,ackley_2d/categorical_kernel/pi/nrep03/seed03
ackley_2d,categorical_kernel,pi,,3,4,ok,50,/data/zhq7531/IDEAL/hetero_lvgp/benchmark/results/ackley_2d/categorical_kernel/pi/nrep03/seed04.npz,ackley_2d/categorical_kernel/pi/nrep03/seed04
ackley_2d,categorical_kernel,pi,,3,5,ok,50,/data/zhq7531/IDEAL/hetero_lvgp/benchmark/results/ackley_2d/categorical_kernel/pi/nrep03/seed05.npz,ackley_2d/categorical_kernel/pi/nrep03/seed05
ackley_2d,categorical_kernel,pi,,3,6,ok,50,/data/zhq7531/IDEAL/hetero_lvgp/benchmark/results/ackley_2d/categorical_kernel/pi/nrep03/seed06.npz,ackley_2d/categorical_kernel/pi/nrep03/seed06
ackley_2d,categorical_kernel,pi,,3,7,ok,50,/data/zhq7531/IDEAL/hetero_lvgp/benchmark/results/ackley_2d/categorical_kernel/pi/nrep03/seed07.npz,ackley_2d/categorical_kernel/pi/nrep03/seed07
ackley_2d,categorical_kernel,pi,,3,8,ok,50,/data/zhq7531/IDEAL/hetero_lvgp/benchmark/results/ackley_2d/categorical_kernel/pi/nrep03/seed08.npz,ackley_2d/categorical_kernel/pi/nrep03/seed08
ackley_2d,categorical_kernel,pi,,3,9,ok,50,/data/zhq7531/IDEAL/hetero_lvgp/benchmark/results/ackley_2d/categorical_kernel/pi/nrep03/seed09.npz,ackley_2d/categorical_kernel/pi/nrep03/seed09
ackley_2d,categorical_kernel,pi,,3,10,ok,50,/data/zhq7531/IDEAL/hetero_lvgp/benchmark/results/ackley_2d/categorical_kernel/pi/nrep03/seed10.npz,ackley_2d/categorical_kernel/pi/nrep03/seed10
ackley_2d,categorical_kernel,pi,,3,11,ok,50,/data/zhq7531/IDEAL/hetero_lvgp/benchmark/results/ackley_2d/categorical_kernel/pi/nrep03/seed11.npz,ackley_2d/categorical_kernel/pi/nrep03/seed11
ackley_2d,categorical_kernel,pi,,3,12,ok,50,/data/zhq7531/IDEAL/hetero_lvgp/benchmark/results/ackley_2d/categorical_kernel/pi/nrep03/seed12.npz,ackley_2d/categorical_kernel/pi/nrep03/seed12
ackley_2d,categorical_kernel,pi,,3,13,ok,50,/data/zhq7531/IDEAL/hetero_lvgp/benchmark/results/ackley_2d/categorical_kernel/pi/nrep03/seed13.npz,ackley_2d/categorical_kernel/pi/nrep03/seed13
ackley_2d,categorical_kernel,pi,,3,14,ok,50,/data/zhq7531/IDEAL/hetero_lvgp/benchmark/results/ackley_2d/categorical_kernel/pi/nrep03/seed14.npz,ackley_2d/categorical_kernel/pi/nrep03/seed14
ackley_2d,categorical_kernel,pi,,3,15,ok,50,/data/zhq7531/IDEAL/hetero_lvgp/benchmark/results/ackley_2d/categorical_kernel/pi/nrep03/seed15.npz,ackley_2d/categorical_kernel/pi/nrep03/seed15
ackley_2d,categorical_kernel,pi,,3,16,ok,50,/data/zhq7531/IDEAL/hetero_lvgp/benchmark/results/ackley_2d/categorical_kernel/pi/nrep03/seed16.npz,ackley_2d/categorical_kernel/pi/nrep03/seed16
ackley_2d,categorical_kernel,pi,,3,17,ok,50,/data/zhq7531/IDEAL/hetero_lvgp/benchmark/results/ackley_2d/categorical_kernel/pi/nrep03/seed17.npz,ackley_2d/categorical_kernel/pi/nrep03/seed17
ackley_2d,categorical_kernel,pi,,3,18,ok,50,/data/zhq7531/IDEAL/hetero_lvgp/benchmark/results/ackley_2d/categorical_kernel/pi/nrep03/seed18.npz,ackley_2d/categorical_kernel/pi/nrep03/seed18
ackley_2d,categorical_kernel,pi,,3,19,ok,50,/data/zhq7531/IDEAL/hetero_lvgp/benchmark/results/ackley_2d/categorical_kernel/pi/nrep03/seed19.npz,ackley_2d/categorical_kernel/pi/nrep03/seed19
ackley_2d,categorical_kernel,pi,,3,20,ok,50,/data/zhq7531/IDEAL/hetero_lvgp/benchmark/results/ackley_2d/categorical_kernel/pi/nrep03/seed20.npz,ackley_2d/categorical_kernel/pi/nrep03/seed20
ackley_2d,categorical_kernel,pi,,3,21,ok,50,/data/zhq7531/IDEAL/hetero_lvgp/benchmark/results/ackley_2d/categorical_kernel/pi/nrep03/seed21.npz,ackley_2d/categorical_kernel/pi/nrep03/seed21
ackley_2d,categorical_kernel,pi,,3,22,ok,50,/data/zhq7531/IDEAL/hetero_lvgp/benchmark/results/ackley_2d/categorical_kernel/pi/nrep03/seed22.npz,ackley_2d/categorical_kernel/pi/nrep03/seed22
ackley_2d,categorical_kernel,pi,,3,23,ok,50,/data/zhq7531/IDEAL/hetero_lvgp/benchmark/results/ackley_2d/categorical_kernel/pi/nrep03/seed23.npz,ackley_2d/categorical_kernel/pi/nrep03/seed23
ackley_2d,categorical_kernel,pi,,3,24,ok,50,/data/zhq7531/IDEAL/hetero_lvgp/benchmark/results/ackley_2d/categorical_kernel/pi/nrep03/seed24.npz,ackley_2d/categorical_kernel/pi/nrep03/seed24
ackley_2d,categorical_kernel,pi,,3,25,ok,50,/data/zhq7531/IDEAL/hetero_lvgp/benchmark/results/ackley_2d/categorical_kernel/pi/nrep03/seed25.npz,ackley_2d/categorical_kernel/pi/nrep03/seed25
ackley_2d,categorical_kernel,pi,,3,26,ok,50,/data/zhq7531/IDEAL/hetero_lvgp/benchmark/results/ackley_2d/categorical_kernel/pi/nrep03/seed26.npz,ackley_2d/categorical_kernel/pi/nrep03/seed26
ackley_2d,categorical_kernel,pi,,3,27,ok,50,/data/zhq7531/IDEAL/hetero_lvgp/benchmark/results/ackley_2d/categorical_kernel/pi/nrep03/seed27.npz,ackley_2d/categorical_kernel/pi/nrep03/seed27
ackley_2d,categorical_kernel,pi,,3,28,ok,50,/data/zhq7531/IDEAL/hetero_lvgp/benchmark/results/ackley_2d/categorical_kernel/pi/nrep03/seed28.npz,ackley_2d/categorical_kernel/pi/nrep03/seed28
ackley_2d,categorical_kernel,pi,,3,29,ok,50,/data/zhq7531/IDEAL/hetero_lvgp/benchmark/results/ackley_2d/categorical_kernel/pi/nrep03/seed29.npz,ackley_2d/categorical_kernel/pi/nrep03/seed29
ackley_2d,categorical_kernel,pi,,3,30,ok,50,/data/zhq7531/IDEAL/hetero_lvgp/benchmark/results/ackley_2d/categorical_kernel/pi/nrep03/seed30.npz,ackley_2d/categorical_kernel/pi/nrep03/seed30
ackley_2d,categorical_kernel,pi,,10,1,ok,50,/data/zhq7531/IDEAL/hetero_lvgp/benchmark/results/ackley_2d/categorical_kernel/pi/nrep10/seed01.npz,ackley_2d/categorical_kernel/pi/nrep10/seed01
ackley_2d,categorical_kernel,pi,,10,2,ok,50,/data/zhq7531/IDEAL/hetero_lvgp/benchmark/results/ackley_2d/categorical_kernel/pi/nrep10/seed02.npz,ackley_2d/categorical_kernel/pi/nrep10/seed02
ackley_2d,categorical_kernel,pi,,10,3,ok,50,/data/zhq7531/IDEAL/hetero_lvgp/benchmark/results/ackley_2d/categorical_kernel/pi/nrep10/seed03.npz,ackley_2d/categorical_kernel/pi/nrep10/seed03
ackley_2d,categorical_kernel,pi,,10,4,ok,50,/data/zhq7531/IDEAL/hetero_lvgp/benchmark/results/ackley_2d/categorical_kernel/pi/nrep10/seed04.npz,ackley_2d/categorical_kernel/pi/nrep10/seed04
ackley_2d,categorical_kernel,pi,,10,5,ok,50,/data/zhq7531/IDEAL/hetero_lvgp/benchmark/results/ackley_2d/categorical_kernel/pi/nrep10/seed05.npz,ackley_2d/categorical_kernel/pi/nrep10/seed05
ackley_2d,categorical_kernel,pi,,10,6,ok,50,/data/zhq7531/IDEAL/hetero_lvgp/benchmark/results/ackley_2d/categorical_kernel/pi/nrep10/seed06.npz,ackley_2d/categorical_kernel/pi/nrep10/seed06
ackley_2d,categorical_kernel,pi,,10,7,ok,50,/data/zhq7531/IDEAL/hetero_lvgp/benchmark/results/ackley_2d/categorical_kernel/pi/nrep10/seed07.npz,ackley_2d/categorical_kernel/pi/nrep10/seed07
ackley_2d,categorical_kernel,pi,,10,8,ok,50,/data/zhq7531/IDEAL/hetero_lvgp/benchmark/results/ackley_2d/categorical_kernel/pi/nrep10/seed08.npz,ackley_2d/categorical_kernel/pi/nrep10/seed08
ackley_2d,categorical_kernel,pi,,10,9,ok,50,/data/zhq7531/IDEAL/hetero_lvgp/benchmark/results/ackley_2d/categorical_kernel/pi/nrep10/seed09.npz,ackley_2d/categorical_kernel/pi/nrep10/seed09
ackley_2d,categorical_kernel,pi,,10,10,ok,50,/data/zhq7531/IDEAL/hetero_lvgp/benchmark/results/ackley_2d/categorical_kernel/pi/nrep10/seed10.npz,ackley_2d/categorical_kernel/pi/nrep10/seed10
ackley_2d,categorical_kernel,pi,,10,11,ok,50,/data/zhq7531/IDEAL/hetero_lvgp/benchmark/results/ackley_2d/categorical_kernel/pi/nrep10/seed11.npz,ackley_2d/categorical_kernel/pi/nrep10/seed11
ackley_2d,categorical_kernel,pi,,10,12,ok,50,/data/zhq7531/IDEAL/hetero_lvgp/benchmark/results/ackley_2d/categorical_kernel/pi/nrep10/seed12.npz,ackley_2d/categorical_kernel/pi/nrep10/seed12
ackley_2d,categorical_kernel,pi,,10,13,ok,50,/data/zhq7531/IDEAL/hetero_lvgp/benchmark/results/ackley_2d/categorical_kernel/pi/nrep10/seed13.npz,ackley_2d/categorical_kernel/pi/nrep10/seed13
ackley_2d,categorical_kernel,pi,,10,14,ok,50,/data/zhq7531/IDEAL/hetero_lvgp/benchmark/results/ackley_2d/categorical_kernel/pi/nrep10/seed14.npz,ackley_2d/categorical_kernel/pi/nrep10/seed14
ackley_2d,categorical_kernel,pi,,10,15,ok,50,/data/zhq7531/IDEAL/hetero_lvgp/benchmark/results/ackley_2d/categorical_kernel/pi/nrep10/seed15.npz,ackley_2d/categorical_kernel/pi/nrep10/seed15
ackley_2d,categorical_kernel,pi,,10,16,ok,50,/data/zhq7531/IDEAL/hetero_lvgp/benchmark/results/ackley_2d/categorical_kernel/pi/nrep10/seed16.npz,ackley_2d/categorical_kernel/pi/nrep10/seed16
ackley_2d,categorical_kernel,pi,,10,17,ok,50,/data/zhq7531/IDEAL/hetero_lvgp/benchmark/results/ackley_2d/categorical_kernel/pi/nrep10/seed17.npz,ackley_2d/categorical_kernel/pi/nrep10/seed17
ackley_2d,categorical_kernel,pi,,10,18,ok,50,/data/zhq7531/IDEAL/hetero_lvgp/benchmark/results/ackley_2d/categorical_kernel/pi/nrep10/seed18.npz,ackley_2d/categorical_kernel/pi/nrep10/seed18
ackley_2d,categorical_kernel,pi,,10,19,ok,50,/data/zhq7531/IDEAL/hetero_lvgp/benchmark/results/ackley_2d/categorical_kernel/pi/nrep10/seed19.npz,ackley_2d/categorical_kernel/pi/nrep10/seed19
ackley_2d,categorical_kernel,pi,,10,20,ok,50,/data/zhq7531/IDEAL/hetero_lvgp/benchmark/results/ackley_2d/categorical_kernel/pi/nrep10/seed20.npz,ackley_2d/categorical_kernel/pi/nrep10/seed20
ackley_2d,categorical_kernel,pi,,10,21,ok,50,/data/zhq7531/IDEAL/hetero_lvgp/benchmark/results/ackley_2d/categorical_kernel/pi/nrep10/seed21.npz,ackley_2d/categorical_kernel/pi/nrep10/seed21
ackley_2d,categorical_kernel,pi,,10,22,ok,50,/data/zhq7531/IDEAL/hetero_lvgp/benchmark/results/ackley_2d/categorical_kernel/pi/nrep10/seed22.npz,ackley_2d/categorical_kernel/pi/nrep10/seed22
ackley_2d,categorical_kernel,pi,,10,23,ok,50,/data/zhq7531/IDEAL/hetero_lvgp/benchmark/results/ackley_2d/categorical_kernel/pi/nrep10/seed23.npz,ackley_2d/categorical_kernel/pi/nrep10/seed23
ackley_2d,categorical_kernel,pi,,10,24,ok,50,/data/zhq7531/IDEAL/hetero_lvgp/benchmark/results/ackley_2d/categorical_kernel/pi/nrep10/seed24.npz,ackley_2d/categorical_kernel/pi/nrep10/seed24
ackley_2d,categorical_kernel,pi,,10,25,ok,50,/data/zhq7531/IDEAL/hetero_lvgp/benchmark/results/ackley_2d/categorical_kernel/pi/nrep10/seed25.npz,ackley_2d/categorical_kernel/pi/nrep10/seed25
ackley_2d,categorical_kernel,pi,,10,26,ok,50,/data/zhq7531/IDEAL/hetero_lvgp/benchmark/results/ackley_2d/categorical_kernel/pi/nrep10/seed26.npz,ackley_2d/categorical_kernel/pi/nrep10/seed26
ackley_2d,categorical_kernel,pi,,10,27,ok,50,/data/zhq7531/IDEAL/hetero_lvgp/benchmark/results/ackley_2d/categorical_kernel/pi/nrep10/seed27.npz,ackley_2d/categorical_kernel/pi/nrep10/seed27
ackley_2d,categorical_kernel,pi,,10,28,ok,50,/data/zhq7531/IDEAL/hetero_lvgp/benchmark/results/ackley_2d/categorical_kernel/pi/nrep10/seed28.npz,ackley_2d/categorical_kernel/pi/nrep10/seed28
ackley_2d,categorical_kernel,pi,,10,29,ok,50,/data/zhq7531/IDEAL/hetero_lvgp/benchmark/results/ackley_2d/categorical_kernel/pi/nrep10/seed29.npz,ackley_2d/categorical_kernel/pi/nrep10/seed29
ackley_2d,categorical_kernel,pi,,10,30,ok,50,/data/zhq7531/IDEAL/hetero_lvgp/benchmark/results/ackley_2d/categorical_kernel/pi/nrep10/seed30.npz,ackley_2d/categorical_kernel/pi/nrep10/seed30
ackley_2d,categorical_kernel,ei,,3,1,ok,50,/data/zhq7531/IDEAL/hetero_lvgp/benchmark/results/ackley_2d/categorical_kernel/ei/nrep03/seed01.npz,ackley_2d/categorical_kernel/ei/nrep03/seed01
ackley_2d,categorical_kernel,ei,,3,2,ok,50,/data/zhq7531/IDEAL/hetero_lvgp/benchmark/results/ackley_2d/categorical_kernel/ei/nrep03/seed02.npz,ackley_2d/categorical_kernel/ei/nrep03/seed02
ackley_2d,categorical_kernel,ei,,3,3,ok,50,/data/zhq7531/IDEAL/hetero_lvgp/benchmark/results/ackley_2d/categorical_kernel/ei/nrep03/seed03.npz,ackley_2d/categorical_kernel/ei/nrep03/seed03
ackley_2d,categorical_kernel,ei,,3,4,ok,50,/data/zhq7531/IDEAL/hetero_lvgp/benchmark/results/ackley_2d/categorical_kernel/ei/nrep03/seed04.npz,ackley_2d/categorical_kernel/ei/nrep03/seed04
ackley_2d,categorical_kernel,ei,,3,5,ok,50,/data/zhq7531/IDEAL/hetero_lvgp/benchmark/results/ackley_2d/categorical_kernel/ei/nrep03/seed05.npz,ackley_2d/categorical_kernel/ei/nrep03/seed05
ackley_2d,categorical_kernel,ei,,3,6,ok,50,/data/zhq7531/IDEAL/hetero_lvgp/benchmark/results/ackley_2d/categorical_kernel/ei/nrep03/seed06.npz,ackley_2d/categorical_kernel/ei/nrep03/seed06
ackley_2d,categorical_kernel,ei,,3,7,ok,50,/data/zhq7531/IDEAL/hetero_lvgp/benchmark/results/ackley_2d/categorical_kernel/ei/nrep03/seed07.npz,ackley_2d/categorical_kernel/ei/nrep03/seed07
ackley_2d,categorical_kernel,ei,,3,8,ok,50,/data/zhq7531/IDEAL/hetero_lvgp/benchmark/results/ackley_2d/categorical_kernel/ei/nrep03/seed08.npz,ackley_2d/categorical_kernel/ei/nrep03/seed08
ackley_2d,categorical_kernel,ei,,3,9,ok,50,/data/zhq7531/IDEAL/hetero_lvgp/benchmark/results/ackley_2d/categorical_kernel/ei/nrep03/seed09.npz,ackley_2d/categorical_kernel/ei/nrep03/seed09
ackley_2d,categorical_kernel,ei,,3,10,ok,50,/data/zhq7531/IDEAL/hetero_lvgp/benchmark/results/ackley_2d/categorical_kernel/ei/nrep03/seed10.npz,ackley_2d/categorical_kernel/ei/nrep03/seed10
ackley_2d,categorical_kernel,ei,,3,11,ok,50,/data/zhq7531/IDEAL/hetero_lvgp/benchmark/results/ackley_2d/categorical_kernel/ei/nrep03/seed11.npz,ackley_2d/categorical_kernel/ei/nrep03/seed11
ackley_2d,categorical_kernel,ei,,3,12,ok,50,/data/zhq7531/IDEAL/hetero_lvgp/benchmark/results/ackley_2d/categorical_kernel/ei/nrep03/seed12.npz,ackley_2d/categorical_kernel/ei/nrep03/seed12
ackley_2d,categorical_kernel,ei,,3,13,ok,50,/data/zhq7531/IDEAL/hetero_lvgp/benchmark/results/ackley_2d/categorical_kernel/ei/nrep03/seed13.npz,ackley_2d/categorical_kernel/ei/nrep03/seed13
ackley_2d,categorical_kernel,ei,,3,14,ok,50,/data/zhq7531/IDEAL/hetero_lvgp/benchmark/results/ackley_2d/categorical_kernel/ei/nrep03/seed14.npz,ackley_2d/categorical_kernel/ei/nrep03/seed14
ackley_2d,categorical_kernel,ei,,3,15,ok,50,/data/zhq7531/IDEAL/hetero_lvgp/benchmark/results/ackley_2d/categorical_kernel/ei/nrep03/seed15.npz,ackley_2d/categorical_kernel/ei/nrep03/seed15
ackley_2d,categorical_kernel,ei,,3,16,ok,50,/data/zhq7531/IDEAL/hetero_lvgp/benchmark/results/ackley_2d/categorical_kernel/ei/nrep03/seed16.npz,ackley_2d/categorical_kernel/ei/nrep03/seed16
ackley_2d,categorical_kernel,ei,,3,17,ok,50,/data/zhq7531/IDEAL/hetero_lvgp/benchmark/results/ackley_2d/categorical_kernel/ei/nrep03/seed17.npz,ackley_2d/categorical_kernel/ei/nrep03/seed17
ackley_2d,categorical_kernel,ei,,3,18,ok,50,/data/zhq7531/IDEAL/hetero_lvgp/benchmark/results/ackley_2d/categorical_kernel/ei/nrep03/seed18.npz,ackley_2d/categorical_kernel/ei/nrep03/seed18
ackley_2d,categorical_kernel,ei,,3,19,ok,50,/data/zhq7531/IDEAL/hetero_lvgp/benchmark/results/ackley_2d/categorical_kernel/ei/nrep03/seed19.npz,ackley_2d/categorical_kernel/ei/nrep03/seed19
ackley_2d,categorical_kernel,ei,,3,20,ok,50,/data/zhq7531/IDEAL/hetero_lvgp/benchmark/results/ackley_2d/categorical_kernel/ei/nrep03/seed20.npz,ackley_2d/categorical_kernel/ei/nrep03/seed20
ackley_2d,categorical_kernel,ei,,3,21,ok,50,/data/zhq7531/IDEAL/hetero_lvgp/benchmark/results/ackley_2d/categorical_kernel/ei/nrep03/seed21.npz,ackley_2d/categorical_kernel/ei/nrep03/seed21
ackley_2d,categorical_kernel,ei,,3,22,ok,50,/data/zhq7531/IDEAL/hetero_lvgp/benchmark/results/ackley_2d/categorical_kernel/ei/nrep03/seed22.npz,ackley_2d/categorical_kernel/ei/nrep03/seed22
ackley_2d,categorical_kernel,ei,,3,23,ok,50,/data/zhq7531/IDEAL/hetero_lvgp/benchmark/results/ackley_2d/categorical_kernel/ei/nrep03/seed23.npz,ackley_2d/categorical_kernel/ei/nrep03/seed23
ackley_2d,categorical_kernel,ei,,3,24,ok,50,/data/zhq7531/IDEAL/hetero_lvgp/benchmark/results/ackley_2d/categorical_kernel/ei/nrep03/seed24.npz,ackley_2d/categorical_kernel/ei/nrep03/seed24
ackley_2d,categorical_kernel,ei,,3,25,ok,50,/data/zhq7531/IDEAL/hetero_lvgp/benchmark/results/ackley_2d/categorical_kernel/ei/nrep03/seed25.npz,ackley_2d/categorical_kernel/ei/nrep03/seed25
ackley_2d,categorical_kernel,ei,,3,26,ok,50,/data/zhq7531/IDEAL/hetero_lvgp/benchmark/results/ackley_2d/categorical_kernel/ei/nrep03/seed26.npz,ackley_2d/categorical_kernel/ei/nrep03/seed26
ackley_2d,categorical_kernel,ei,,3,27,ok,50,/data/zhq7531/IDEAL/hetero_lvgp/benchmark/results/ackley_2d/categorical_kernel/ei/nrep03/seed27.npz,ackley_2d/categorical_kernel/ei/nrep03/seed27
ackley_2d,categorical_kernel,ei,,3,28,ok,50,/data/zhq7531/IDEAL/hetero_lvgp/benchmark/results/ackley_2d/categorical_kernel/ei/nrep03/seed28.npz,ackley_2d/categorical_kernel/ei/nrep03/seed28
ackley_2d,categorical_kernel,ei,,3,29,ok,50,/data/zhq7531/IDEAL/hetero_lvgp/benchmark/results/ackley_2d/categorical_kernel/ei/nrep03/seed29.npz,ackley_2d/categorical_kernel/ei/nrep03/seed29
ackley_2d,categorical_kernel,ei,,3,30,ok,50,/data/zhq7531/IDEAL/hetero_lvgp/benchmark/results/ackley_2d/categorical_kernel/ei/nrep03/seed30.npz,ackley_2d/categorical_kernel/ei/nrep03/seed30
ackley_2d,categorical_kernel,ei,,10,1,ok,50,/data/zhq7531/IDEAL/hetero_lvgp/benchmark/results/ackley_2d/categorical_kernel/ei/nrep10/seed01.npz,ackley_2d/categorical_kernel/ei/nrep10/seed01
ackley_2d,categorical_kernel,ei,,10,2,ok,50,/data/zhq7531/IDEAL/hetero_lvgp/benchmark/results/ackley_2d/categorical_kernel/ei/nrep10/seed02.npz,ackley_2d/categorical_kernel/ei/nrep10/seed02
ackley_2d,categorical_kernel,ei,,10,3,ok,50,/data/zhq7531/IDEAL/hetero_lvgp/benchmark/results/ackley_2d/categorical_kernel/ei/nrep10/seed03.npz,ackley_2d/categorical_kernel/ei/nrep10/seed03
ackley_2d,categorical_kernel,ei,,10,4,ok,50,/data/zhq7531/IDEAL/hetero_lvgp/benchmark/results/ackley_2d/categorical_kernel/ei/nrep10/seed04.npz,ackley_2d/categorical_kernel/ei/nrep10/seed04
ackley_2d,categorical_kernel,ei,,10,5,ok,50,/data/zhq7531/IDEAL/hetero_lvgp/benchmark/results/ackley_2d/categorical_kernel/ei/nrep10/seed05.npz,ackley_2d/categorical_kernel/ei/nrep10/seed05
ackley_2d,categorical_kernel,ei,,10,6,ok,50,/data/zhq7531/IDEAL/hetero_lvgp/benchmark/results/ackley_2d/categorical_kernel/ei/nrep10/seed06.npz,ackley_2d/categorical_kernel/ei/nrep10/seed06
ackley_2d,categorical_kernel,ei,,10,7,ok,50,/data/zhq7531/IDEAL/hetero_lvgp/benchmark/results/ackley_2d/categorical_kernel/ei/nrep10/seed07.npz,ackley_2d/categorical_kernel/ei/nrep10/seed07
ackley_2d,categorical_kernel,ei,,10,8,ok,50,/data/zhq7531/IDEAL/hetero_lvgp/benchmark/results/ackley_2d/categorical_kernel/ei/nrep10/seed08.npz,ackley_2d/categorical_kernel/ei/nrep10/seed08
ackley_2d,categorical_kernel,ei,,10,9,ok,50,/data/zhq7531/IDEAL/hetero_lvgp/benchmark/results/ackley_2d/categorical_kernel/ei/nrep10/seed09.npz,ackley_2d/categorical_kernel/ei/nrep10/seed09
ackley_2d,categorical_kernel,ei,,10,10,ok,50,/data/zhq7531/IDEAL/hetero_lvgp/benchmark/results/ackley_2d/categorical_kernel/ei/nrep10/seed10.npz,ackley_2d/categorical_kernel/ei/nrep10/seed10
ackley_2d,categorical_kernel,ei,,10,11,ok,50,/data/zhq7531/IDEAL/hetero_lvgp/benchmark/results/ackley_2d/categorical_kernel/ei/nrep10/seed11.npz,ackley_2d/categorical_kernel/ei/nrep10/seed11
ackley_2d,categorical_kernel,ei,,10,12,ok,50,/data/zhq7531/IDEAL/hetero_lvgp/benchmark/results/ackley_2d/categorical_kernel/ei/nrep10/seed12.npz,ackley_2d/categorical_kernel/ei/nrep10/seed12
ackley_2d,categorical_kernel,ei,,10,13,ok,50,/data/zhq7531/IDEAL/hetero_lvgp/benchmark/results/ackley_2d/categorical_kernel/ei/nrep10/seed13.npz,ackley_2d/categorical_kernel/ei/nrep10/seed13
ackley_2d,categorical_kernel,ei,,10,14,ok,50,/data/zhq7531/IDEAL/hetero_lvgp/benchmark/results/ackley_2d/categorical_kernel/ei/nrep10/seed14.npz,ackley_2d/categorical_kernel/ei/nrep10/seed14
ackley_2d,categorical_kernel,ei,,10,15,ok,50,/data/zhq7531/IDEAL/hetero_lvgp/benchmark/results/ackley_2d/categorical_kernel/ei/nrep10/seed15.npz,ackley_2d/categorical_kernel/ei/nrep10/seed15
ackley_2d,categorical_kernel,ei,,10,16,ok,50,/data/zhq7531/IDEAL/hetero_lvgp/benchmark/results/ackley_2d/categorical_kernel/ei/nrep10/seed16.npz,ackley_2d/categorical_kernel/ei/nrep10/seed16
ackley_2d,categorical_kernel,ei,,10,17,ok,50,/data/zhq7531/IDEAL/hetero_lvgp/benchmark/results/ackley_2d/categorical_kernel/ei/nrep10/seed17.npz,ackley_2d/categorical_kernel/ei/nrep10/seed17
ackley_2d,categorical_kernel,ei,,10,18,ok,50,/data/zhq7531/IDEAL/hetero_lvgp/benchmark/results/ackley_2d/categorical_kernel/ei/nrep10/seed18.npz,ackley_2d/categorical_kernel/ei/nrep10/seed18
ackley_2d,categorical_kernel,ei,,10,19,ok,50,/data/zhq7531/IDEAL/hetero_lvgp/benchmark/results/ackley_2d/categorical_kernel/ei/nrep10/seed19.npz,ackley_2d/categorical_kernel/ei/nrep10/seed19
ackley_2d,categorical_kernel,ei,,10,20,ok,50,/data/zhq7531/IDEAL/hetero_lvgp/benchmark/results/ackley_2d/categorical_kernel/ei/nrep10/seed20.npz,ackley_2d/categorical_kernel/ei/nrep10/seed20
ackley_2d,categorical_kernel,ei,,10,21,ok,50,/data/zhq7531/IDEAL/hetero_lvgp/benchmark/results/ackley_2d/categorical_kernel/ei/nrep10/seed21.npz,ackley_2d/categorical_kernel/ei/nrep10/seed21
ackley_2d,categorical_kernel,ei,,10,22,ok,50,/data/zhq7531/IDEAL/hetero_lvgp/benchmark/results/ackley_2d/categorical_kernel/ei/nrep10/seed22.npz,ackley_2d/categorical_kernel/ei/nrep10/seed22
ackley_2d,categorical_kernel,ei,,10,23,ok,50,/data/zhq7531/IDEAL/hetero_lvgp/benchmark/results/ackley_2d/categorical_kernel/ei/nrep10/seed23.npz,ackley_2d/categorical_kernel/ei/nrep10/seed23
ackley_2d,categorical_kernel,ei,,10,24,ok,50,/data/zhq7531/IDEAL/hetero_lvgp/benchmark/results/ackley_2d/categorical_kernel/ei/nrep10/seed24.npz,ackley_2d/categorical_kernel/ei/nrep10/seed24
ackley_2d,categorical_kernel,ei,,10,25,ok,50,/data/zhq7531/IDEAL/hetero_lvgp/benchmark/results/ackley_2d/categorical_kernel/ei/nrep10/seed25.npz,ackley_2d/categorical_kernel/ei/nrep10/seed25
ackley_2d,categorical_kernel,ei,,10,26,ok,50,/data/zhq7531/IDEAL/hetero_lvgp/benchmark/results/ackley_2d/categorical_kernel/ei/nrep10/seed26.npz,ackley_2d/categorical_kernel/ei/nrep10/seed26
ackley_2d,categorical_kernel,ei,,10,27,ok,50,/data/zhq7531/IDEAL/hetero_lvgp/benchmark/results/ackley_2d/categorical_kernel/ei/nrep10/seed27.npz,ackley_2d/categorical_kernel/ei/nrep10/seed27
ackley_2d,categorical_kernel,ei,,10,28,ok,50,/data/zhq7531/IDEAL/hetero_lvgp/benchmark/results/ackley_2d/categorical_kernel/ei/nrep10/seed28.npz,ackley_2d/categorical_kernel/ei/nrep10/seed28
ackley_2d,categorical_kernel,ei,,10,29,ok,50,/data/zhq7531/IDEAL/hetero_lvgp/benchmark/results/ackley_2d/categorical_kernel/ei/nrep10/seed29.npz,ackley_2d/categorical_kernel/ei/nrep10/seed29
ackley_2d,categorical_kernel,ei,,10,30,ok,50,/data/zhq7531/IDEAL/hetero_lvgp/benchmark/results/ackley_2d/categorical_kernel/ei/nrep10/seed30.npz,ackley_2d/categorical_kernel/ei/nrep10/seed30
ackley_2d,categorical_kernel,haei,0.5,3,1,ok,50,/data/zhq7531/IDEAL/hetero_lvgp/benchmark/results/ackley_2d/categorical_kernel/haei_g0.5/nrep03/seed01.npz,ackley_2d/categorical_kernel/haei_g0.5/nrep03/seed01
ackley_2d,categorical_kernel,haei,0.5,3,2,ok,50,/data/zhq7531/IDEAL/hetero_lvgp/benchmark/results/ackley_2d/categorical_kernel/haei_g0.5/nrep03/seed02.npz,ackley_2d/categorical_kernel/haei_g0.5/nrep03/seed02
ackley_2d,categorical_kernel,haei,0.5,3,3,ok,50,/data/zhq7531/IDEAL/hetero_lvgp/benchmark/results/ackley_2d/categorical_kernel/haei_g0.5/nrep03/seed03.npz,ackley_2d/categorical_kernel/haei_g0.5/nrep03/seed03
ackley_2d,categorical_kernel,haei,0.5,3,4,ok,50,/data/zhq7531/IDEAL/hetero_lvgp/benchmark/results/ackley_2d/categorical_kernel/haei_g0.5/nrep03/seed04.npz,ackley_2d/categorical_kernel/haei_g0.5/nrep03/seed04
ackley_2d,categorical_kernel,haei,0.5,3,5,ok,50,/data/zhq7531/IDEAL/hetero_lvgp/benchmark/results/ackley_2d/categorical_kernel/haei_g0.5/nrep03/seed05.npz,ackley_2d/categorical_kernel/haei_g0.5/nrep03/seed05
ackley_2d,categorical_kernel,haei,0.5,3,6,ok,50,/data/zhq7531/IDEAL/hetero_lvgp/benchmark/results/ackley_2d/categorical_kernel/haei_g0.5/nrep03/seed06.npz,ackley_2d/categorical_kernel/haei_g0.5/nrep03/seed06
ackley_2d,categorical_kernel,haei,0.5,3,7,ok,50,/data/zhq7531/IDEAL/hetero_lvgp/benchmark/results/ackley_2d/categorical_kernel/haei_g0.5/nrep03/seed07.npz,ackley_2d/categorical_kernel/haei_g0.5/nrep03/seed07
ackley_2d,categorical_kernel,haei,0.5,3,8,ok,50,/data/zhq7531/IDEAL/hetero_lvgp/benchmark/results/ackley_2d/categorical_kernel/haei_g0.5/nrep03/seed08.npz,ackley_2d/categorical_kernel/haei_g0.5/nrep03/seed08
ackley_2d,categorical_kernel,haei,0.5,3,9,ok,50,/data/zhq7531/IDEAL/hetero_lvgp/benchmark/results/ackley_2d/categorical_kernel/haei_g0.5/nrep03/seed09.npz,ackley_2d/categorical_kernel/haei_g0.5/nrep03/seed09
ackley_2d,categorical_kernel,haei,0.5,3,10,ok,50,/data/zhq7531/IDEAL/hetero_lvgp/benchmark/results/ackley_2d/categorical_kernel/haei_g0.5/nrep03/seed10.npz,ackley_2d/categorical_kernel/haei_g0.5/nrep03/seed10
ackley_2d,categorical_kernel,haei,0.5,3,11,ok,50,/data/zhq7531/IDEAL/hetero_lvgp/benchmark/results/ackley_2d/categorical_kernel/haei_g0.5/nrep03/seed11.npz,ackley_2d/categorical_kernel/haei_g0.5/nrep03/seed11
ackley_2d,categorical_kernel,haei,0.5,3,12,ok,50,/data/zhq7531/IDEAL/hetero_lvgp/benchmark/results/ackley_2d/categorical_kernel/haei_g0.5/nrep03/seed12.npz,ackley_2d/categorical_kernel/haei_g0.5/nrep03/seed12
ackley_2d,categorical_kernel,haei,0.5,3,13,ok,50,/data/zhq7531/IDEAL/hetero_lvgp/benchmark/results/ackley_2d/categorical_kernel/haei_g0.5/nrep03/seed13.npz,ackley_2d/categorical_kernel/haei_g0.5/nrep03/seed13
ackley_2d,categorical_kernel,haei,0.5,3,14,ok,50,/data/zhq7531/IDEAL/hetero_lvgp/benchmark/results/ackley_2d/categorical_kernel/haei_g0.5/nrep03/seed14.npz,ackley_2d/categorical_kernel/haei_g0.5/nrep03/seed14
ackley_2d,categorical_kernel,haei,0.5,3,15,ok,50,/data/zhq7531/IDEAL/hetero_lvgp/benchmark/results/ackley_2d/categorical_kernel/haei_g0.5/nrep03/seed15.npz,ackley_2d/categorical_kernel/haei_g0.5/nrep03/seed15
ackley_2d,categorical_kernel,haei,0.5,3,16,ok,50,/data/zhq7531/IDEAL/hetero_lvgp/benchmark/results/ackley_2d/categorical_kernel/haei_g0.5/nrep03/seed16.npz,ackley_2d/categorical_kernel/haei_g0.5/nrep03/seed16
ackley_2d,categorical_kernel,haei,0.5,3,17,ok,50,/data/zhq7531/IDEAL/hetero_lvgp/benchmark/results/ackley_2d/categorical_kernel/haei_g0.5/nrep03/seed17.npz,ackley_2d/categorical_kernel/haei_g0.5/nrep03/seed17
ackley_2d,categorical_kernel,haei,0.5,3,18,ok,50,/data/zhq7531/IDEAL/hetero_lvgp/benchmark/results/ackley_2d/categorical_kernel/haei_g0.5/nrep03/seed18.npz,ackley_2d/categorical_kernel/haei_g0.5/nrep03/seed18
ackley_2d,categorical_kernel,haei,0.5,3,19,ok,50,/data/zhq7531/IDEAL/hetero_lvgp/benchmark/results/ackley_2d/categorical_kernel/haei_g0.5/nrep03/seed19.npz,ackley_2d/categorical_kernel/haei_g0.5/nrep03/seed19
ackley_2d,categorical_kernel,haei,0.5,3,20,ok,50,/data/zhq7531/IDEAL/hetero_lvgp/benchmark/results/ackley_2d/categorical_kernel/haei_g0.5/nrep03/seed20.npz,ackley_2d/categorical_kernel/haei_g0.5/nrep03/seed20
ackley_2d,categorical_kernel,haei,0.5,3,21,ok,50,/data/zhq7531/IDEAL/hetero_lvgp/benchmark/results/ackley_2d/categorical_kernel/haei_g0.5/nrep03/seed21.npz,ackley_2d/categorical_kernel/haei_g0.5/nrep03/seed21
ackley_2d,categorical_kernel,haei,0.5,3,22,ok,50,/data/zhq7531/IDEAL/hetero_lvgp/benchmark/results/ackley_2d/categorical_kernel/haei_g0.5/nrep03/seed22.npz,ackley_2d/categorical_kernel/haei_g0.5/nrep03/seed22
ackley_2d,categorical_kernel,haei,0.5,3,23,ok,50,/data/zhq7531/IDEAL/hetero_lvgp/benchmark/results/ackley_2d/categorical_kernel/haei_g0.5/nrep03/seed23.npz,ackley_2d/categorical_kernel/haei_g0.5/nrep03/seed23
ackley_2d,categorical_kernel,haei,0.5,3,24,ok,50,/data/zhq7531/IDEAL/hetero_lvgp/benchmark/results/ackley_2d/categorical_kernel/haei_g0.5/nrep03/seed24.npz,ackley_2d/categorical_kernel/haei_g0.5/nrep03/seed24
ackley_2d,categorical_kernel,haei,0.5,3,25,ok,50,/data/zhq7531/IDEAL/hetero_lvgp/benchmark/results/ackley_2d/categorical_kernel/haei_g0.5/nrep03/seed25.npz,ackley_2d/categorical_kernel/haei_g0.5/nrep03/seed25
ackley_2d,categorical_kernel,haei,0.5,3,26,ok,50,/data/zhq7531/IDEAL/hetero_lvgp/benchmark/results/ackley_2d/categorical_kernel/haei_g0.5/nrep03/seed26.npz,ackley_2d/categorical_kernel/haei_g0.5/nrep03/seed26
ackley_2d,categorical_kernel,haei,0.5,3,27,ok,50,/data/zhq7531/IDEAL/hetero_lvgp/benchmark/results/ackley_2d/categorical_kernel/haei_g0.5/nrep03/seed27.npz,ackley_2d/categorical_kernel/haei_g0.5/nrep03/seed27
ackley_2d,categorical_kernel,haei,0.5,3,28,ok,50,/data/zhq7531/IDEAL/hetero_lvgp/benchmark/results/ackley_2d/categorical_kernel/haei_g0.5/nrep03/seed28.npz,ackley_2d/categorical_kernel/haei_g0.5/nrep03/seed28
ackley_2d,categorical_kernel,haei,0.5,3,29,ok,50,/data/zhq7531/IDEAL/hetero_lvgp/benchmark/results/ackley_2d/categorical_kernel/haei_g0.5/nrep03/seed29.npz,ackley_2d/categorical_kernel/haei_g0.5/nrep03/seed29
ackley_2d,categorical_kernel,haei,0.5,3,30,ok,50,/data/zhq7531/IDEAL/hetero_lvgp/benchmark/results/ackley_2d/categorical_kernel/haei_g0.5/nrep03/seed30.npz,ackley_2d/categorical_kernel/haei_g0.5/nrep03/seed30
ackley_2d,categorical_kernel,haei,0.5,10,1,ok,50,/data/zhq7531/IDEAL/hetero_lvgp/benchmark/results/ackley_2d/categorical_kernel/haei_g0.5/nrep10/seed01.npz,ackley_2d/categorical_kernel/haei_g0.5/nrep10/seed01
ackley_2d,categorical_kernel,haei,0.5,10,2,ok,50,/data/zhq7531/IDEAL/hetero_lvgp/benchmark/results/ackley_2d/categorical_kernel/haei_g0.5/nrep10/seed02.npz,ackley_2d/categorical_kernel/haei_g0.5/nrep10/seed02
ackley_2d,categorical_kernel,haei,0.5,10,3,ok,50,/data/zhq7531/IDEAL/hetero_lvgp/benchmark/results/ackley_2d/categorical_kernel/haei_g0.5/nrep10/seed03.npz,ackley_2d/categorical_kernel/haei_g0.5/nrep10/seed03
ackley_2d,categorical_kernel,haei,0.5,10,4,ok,50,/data/zhq7531/IDEAL/hetero_lvgp/benchmark/results/ackley_2d/categorical_kernel/haei_g0.5/nrep10/seed04.npz,ackley_2d/categorical_kernel/haei_g0.5/nrep10/seed04
ackley_2d,categorical_kernel,haei,0.5,10,5,ok,50,/data/zhq7531/IDEAL/hetero_lvgp/benchmark/results/ackley_2d/categorical_kernel/haei_g0.5/nrep10/seed05.npz,ackley_2d/categorical_kernel/haei_g0.5/nrep10/seed05
ackley_2d,categorical_kernel,haei,0.5,10,6,ok,50,/data/zhq7531/IDEAL/hetero_lvgp/benchmark/results/ackley_2d/categorical_kernel/haei_g0.5/nrep10/seed06.npz,ackley_2d/categorical_kernel/haei_g0.5/nrep10/seed06
ackley_2d,categorical_kernel,haei,0.5,10,7,ok,50,/data/zhq7531/IDEAL/hetero_lvgp/benchmark/results/ackley_2d/categorical_kernel/haei_g0.5/nrep10/seed07.npz,ackley_2d/categorical_kernel/haei_g0.5/nrep10/seed07
ackley_2d,categorical_kernel,haei,0.5,10,8,ok,50,/data/zhq7531/IDEAL/hetero_lvgp/benchmark/results/ackley_2d/categorical_kernel/haei_g0.5/nrep10/seed08.npz,ackley_2d/categorical_kernel/haei_g0.5/nrep10/seed08
ackley_2d,categorical_kernel,haei,0.5,10,9,ok,50,/data/zhq7531/IDEAL/hetero_lvgp/benchmark/results/ackley_2d/categorical_kernel/haei_g0.5/nrep10/seed09.npz,ackley_2d/categorical_kernel/haei_g0.5/nrep10/seed09
ackley_2d,categorical_kernel,haei,0.5,10,10,ok,50,/data/zhq7531/IDEAL/hetero_lvgp/benchmark/results/ackley_2d/categorical_kernel/haei_g0.5/nrep10/seed10.npz,ackley_2d/categorical_kernel/haei_g0.5/nrep10/seed10
ackley_2d,categorical_kernel,haei,0.5,10,11,ok,50,/data/zhq7531/IDEAL/hetero_lvgp/benchmark/results/ackley_2d/categorical_kernel/haei_g0.5/nrep10/seed11.npz,ackley_2d/categorical_kernel/haei_g0.5/nrep10/seed11
ackley_2d,categorical_kernel,haei,0.5,10,12,ok,50,/data/zhq7531/IDEAL/hetero_lvgp/benchmark/results/ackley_2d/categorical_kernel/haei_g0.5/nrep10/seed12.npz,ackley_2d/categorical_kernel/haei_g0.5/nrep10/seed12
ackley_2d,categorical_kernel,haei,0.5,10,13,ok,50,/data/zhq7531/IDEAL/hetero_lvgp/benchmark/results/ackley_2d/categorical_kernel/haei_g0.5/nrep10/seed13.npz,ackley_2d/categorical_kernel/haei_g0.5/nrep10/seed13
ackley_2d,categorical_kernel,haei,0.5,10,14,ok,50,/data/zhq7531/IDEAL/hetero_lvgp/benchmark/results/ackley_2d/categorical_kernel/haei_g0.5/nrep10/seed14.npz,ackley_2d/categorical_kernel/haei_g0.5/nrep10/seed14
ackley_2d,categorical_kernel,haei,0.5,10,15,ok,50,/data/zhq7531/IDEAL/hetero_lvgp/benchmark/results/ackley_2d/categorical_kernel/haei_g0.5/nrep10/seed15.npz,ackley_2d/categorical_kernel/haei_g0.5/nrep10/seed15
ackley_2d,categorical_kernel,haei,0.5,10,16,ok,50,/data/zhq7531/IDEAL/hetero_lvgp/benchmark/results/ackley_2d/categorical_kernel/haei_g0.5/nrep10/seed16.npz,ackley_2d/categorical_kernel/haei_g0.5/nrep10/seed16
ackley_2d,categorical_kernel,haei,0.5,10,17,ok,50,/data/zhq7531/IDEAL/hetero_lvgp/benchmark/results/ackley_2d/categorical_kernel/haei_g0.5/nrep10/seed17.npz,ackley_2d/categorical_kernel/haei_g0.5/nrep10/seed17
ackley_2d,categorical_kernel,haei,0.5,10,18,ok,50,/data/zhq7531/IDEAL/hetero_lvgp/benchmark/results/ackley_2d/categorical_kernel/haei_g0.5/nrep10/seed18.npz,ackley_2d/categorical_kernel/haei_g0.5/nrep10/seed18
ackley_2d,categorical_kernel,haei,0.5,10,19,ok,50,/data/zhq7531/IDEAL/hetero_lvgp/benchmark/results/ackley_2d/categorical_kernel/haei_g0.5/nrep10/seed19.npz,ackley_2d/categorical_kernel/haei_g0.5/nrep10/seed19
ackley_2d,categorical_kernel,haei,0.5,10,20,ok,50,/data/zhq7531/IDEAL/hetero_lvgp/benchmark/results/ackley_2d/categorical_kernel/haei_g0.5/nrep10/seed20.npz,ackley_2d/categorical_kernel/haei_g0.5/nrep10/seed20
ackley_2d,categorical_kernel,haei,0.5,10,21,ok,50,/data/zhq7531/IDEAL/hetero_lvgp/benchmark/results/ackley_2d/categorical_kernel/haei_g0.5/nrep10/seed21.npz,ackley_2d/categorical_kernel/haei_g0.5/nrep10/seed21
ackley_2d,categorical_kernel,haei,0.5,10,22,ok,50,/data/zhq7531/IDEAL/hetero_lvgp/benchmark/results/ackley_2d/categorical_kernel/haei_g0.5/nrep10/seed22.npz,ackley_2d/categorical_kernel/haei_g0.5/nrep10/seed22
ackley_2d,categorical_kernel,haei,0.5,10,23,ok,50,/data/zhq7531/IDEAL/hetero_lvgp/benchmark/results/ackley_2d/categorical_kernel/haei_g0.5/nrep10/seed23.npz,ackley_2d/categorical_kernel/haei_g0.5/nrep10/seed23
ackley_2d,categorical_kernel,haei,0.5,10,24,ok,50,/data/zhq7531/IDEAL/hetero_lvgp/benchmark/results/ackley_2d/categorical_kernel/haei_g0.5/nrep10/seed24.npz,ackley_2d/categorical_kernel/haei_g0.5/nrep10/seed24
ackley_2d,categorical_kernel,haei,0.5,10,25,ok,50,/data/zhq7531/IDEAL/hetero_lvgp/benchmark/results/ackley_2d/categorical_kernel/haei_g0.5/nrep10/seed25.npz,ackley_2d/categorical_kernel/haei_g0.5/nrep10/seed25
ackley_2d,categorical_kernel,haei,0.5,10,26,ok,50,/data/zhq7531/IDEAL/hetero_lvgp/benchmark/results/ackley_2d/categorical_kernel/haei_g0.5/nrep10/seed26.npz,ackley_2d/categorical_kernel/haei_g0.5/nrep10/seed26
ackley_2d,categorical_kernel,haei,0.5,10,27,ok,50,/data/zhq7531/IDEAL/hetero_lvgp/benchmark/results/ackley_2d/categorical_kernel/haei_g0.5/nrep10/seed27.npz,ackley_2d/categorical_kernel/haei_g0.5/nrep10/seed27
ackley_2d,categorical_kernel,haei,0.5,10,28,ok,50,/data/zhq7531/IDEAL/hetero_lvgp/benchmark/results/ackley_2d/categorical_kernel/haei_g0.5/nrep10/seed28.npz,ackley_2d/categorical_kernel/haei_g0.5/nrep10/seed28
ackley_2d,categorical_kernel,haei,0.5,10,29,ok,50,/data/zhq7531/IDEAL/hetero_lvgp/benchmark/results/ackley_2d/categorical_kernel/haei_g0.5/nrep10/seed29.npz,ackley_2d/categorical_kernel/haei_g0.5/nrep10/seed29
ackley_2d,categorical_kernel,haei,0.5,10,30,ok,50,/data/zhq7531/IDEAL/hetero_lvgp/benchmark/results/ackley_2d/categorical_kernel/haei_g0.5/nrep10/seed30.npz,ackley_2d/categorical_kernel/haei_g0.5/nrep10/seed30
ackley_2d,categorical_kernel,anpei,0.8,3,1,ok,50,/data/zhq7531/IDEAL/hetero_lvgp/benchmark/results/ackley_2d/categorical_kernel/anpei_b0.8/nrep03/seed01.npz,ackley_2d/categorical_kernel/anpei_b0.8/nrep03/seed01
ackley_2d,categorical_kernel,anpei,0.8,3,2,ok,50,/data/zhq7531/IDEAL/hetero_lvgp/benchmark/results/ackley_2d/categorical_kernel/anpei_b0.8/nrep03/seed02.npz,ackley_2d/categorical_kernel/anpei_b0.8/nrep03/seed02
ackley_2d,categorical_kernel,anpei,0.8,3,3,ok,50,/data/zhq7531/IDEAL/hetero_lvgp/benchmark/results/ackley_2d/categorical_kernel/anpei_b0.8/nrep03/seed03.npz,ackley_2d/categorical_kernel/anpei_b0.8/nrep03/seed03
ackley_2d,categorical_kernel,anpei,0.8,3,4,ok,50,/data/zhq7531/IDEAL/hetero_lvgp/benchmark/results/ackley_2d/categorical_kernel/anpei_b0.8/nrep03/seed04.npz,ackley_2d/categorical_kernel/anpei_b0.8/nrep03/seed04
ackley_2d,categorical_kernel,anpei,0.8,3,5,ok,50,/data/zhq7531/IDEAL/hetero_lvgp/benchmark/results/ackley_2d/categorical_kernel/anpei_b0.8/nrep03/seed05.npz,ackley_2d/categorical_kernel/anpei_b0.8/nrep03/seed05
ackley_2d,categorical_kernel,anpei,0.8,3,6,ok,50,/data/zhq7531/IDEAL/hetero_lvgp/benchmark/results/ackley_2d/categorical_kernel/anpei_b0.8/nrep03/seed06.npz,ackley_2d/categorical_kernel/anpei_b0.8/nrep03/seed06
ackley_2d,categorical_kernel,anpei,0.8,3,7,ok,50,/data/zhq7531/IDEAL/hetero_lvgp/benchmark/results/ackley_2d/categorical_kernel/anpei_b0.8/nrep03/seed07.npz,ackley_2d/categorical_kernel/anpei_b0.8/nrep03/seed07
ackley_2d,categorical_kernel,anpei,0.8,3,8,ok,50,/data/zhq7531/IDEAL/hetero_lvgp/benchmark/results/ackley_2d/categorical_kernel/anpei_b0.8/nrep03/seed08.npz,ackley_2d/categorical_kernel/anpei_b0.8/nrep03/seed08
ackley_2d,categorical_kernel,anpei,0.8,3,9,ok,50,/data/zhq7531/IDEAL/hetero_lvgp/benchmark/results/ackley_2d/categorical_kernel/anpei_b0.8/nrep03/seed09.npz,ackley_2d/categorical_kernel/anpei_b0.8/nrep03/seed09
ackley_2d,categorical_kernel,anpei,0.8,3,10,ok,50,/data/zhq7531/IDEAL/hetero_lvgp/benchmark/results/ackley_2d/categorical_kernel/anpei_b0.8/nrep03/seed10.npz,ackley_2d/categorical_kernel/anpei_b0.8/nrep03/seed10
ackley_2d,categorical_kernel,anpei,0.8,3,11,ok,50,/data/zhq7531/IDEAL/hetero_lvgp/benchmark/results/ackley_2d/categorical_kernel/anpei_b0.8/nrep03/seed11.npz,ackley_2d/categorical_kernel/anpei_b0.8/nrep03/seed11
ackley_2d,categorical_kernel,anpei,0.8,3,12,ok,50,/data/zhq7531/IDEAL/hetero_lvgp/benchmark/results/ackley_2d/categorical_kernel/anpei_b0.8/nrep03/seed12.npz,ackley_2d/categorical_kernel/anpei_b0.8/nrep03/seed12
ackley_2d,categorical_kernel,anpei,0.8,3,13,ok,50,/data/zhq7531/IDEAL/hetero_lvgp/benchmark/results/ackley_2d/categorical_kernel/anpei_b0.8/nrep03/seed13.npz,ackley_2d/categorical_kernel/anpei_b0.8/nrep03/seed13
ackley_2d,categorical_kernel,anpei,0.8,3,14,ok,50,/data/zhq7531/IDEAL/hetero_lvgp/benchmark/results/ackley_2d/categorical_kernel/anpei_b0.8/nrep03/seed14.npz,ackley_2d/categorical_kernel/anpei_b0.8/nrep03/seed14
ackley_2d,categorical_kernel,anpei,0.8,3,15,ok,50,/data/zhq7531/IDEAL/hetero_lvgp/benchmark/results/ackley_2d/categorical_kernel/anpei_b0.8/nrep03/seed15.npz,ackley_2d/categorical_kernel/anpei_b0.8/nrep03/seed15
ackley_2d,categorical_kernel,anpei,0.8,3,16,ok,50,/data/zhq7531/IDEAL/hetero_lvgp/benchmark/results/ackley_2d/categorical_kernel/anpei_b0.8/nrep03/seed16.npz,ackley_2d/categorical_kernel/anpei_b0.8/nrep03/seed16
ackley_2d,categorical_kernel,anpei,0.8,3,17,ok,50,/data/zhq7531/IDEAL/hetero_lvgp/benchmark/results/ackley_2d/categorical_kernel/anpei_b0.8/nrep03/seed17.npz,ackley_2d/categorical_kernel/anpei_b0.8/nrep03/seed17
ackley_2d,categorical_kernel,anpei,0.8,3,18,ok,50,/data/zhq7531/IDEAL/hetero_lvgp/benchmark/results/ackley_2d/categorical_kernel/anpei_b0.8/nrep03/seed18.npz,ackley_2d/categorical_kernel/anpei_b0.8/nrep03/seed18
ackley_2d,categorical_kernel,anpei,0.8,3,19,ok,50,/data/zhq7531/IDEAL/hetero_lvgp/benchmark/results/ackley_2d/categorical_kernel/anpei_b0.8/nrep03/seed19.npz,ackley_2d/categorical_kernel/anpei_b0.8/nrep03/seed19
ackley_2d,categorical_kernel,anpei,0.8,3,20,ok,50,/data/zhq7531/IDEAL/hetero_lvgp/benchmark/results/ackley_2d/categorical_kernel/anpei_b0.8/nrep03/seed20.npz,ackley_2d/categorical_kernel/anpei_b0.8/nrep03/seed20
ackley_2d,categorical_kernel,anpei,0.8,3,21,ok,50,/data/zhq7531/IDEAL/hetero_lvgp/benchmark/results/ackley_2d/categorical_kernel/anpei_b0.8/nrep03/seed21.npz,ackley_2d/categorical_kernel/anpei_b0.8/nrep03/seed21
ackley_2d,categorical_kernel,anpei,0.8,3,22,ok,50,/data/zhq7531/IDEAL/hetero_lvgp/benchmark/results/ackley_2d/categorical_kernel/anpei_b0.8/nrep03/seed22.npz,ackley_2d/categorical_kernel/anpei_b0.8/nrep03/seed22
ackley_2d,categorical_kernel,anpei,0.8,3,23,ok,50,/data/zhq7531/IDEAL/hetero_lvgp/benchmark/results/ackley_2d/categorical_kernel/anpei_b0.8/nrep03/seed23.npz,ackley_2d/categorical_kernel/anpei_b0.8/nrep03/seed23
ackley_2d,categorical_kernel,anpei,0.8,3,24,ok,50,/data/zhq7531/IDEAL/hetero_lvgp/benchmark/results/ackley_2d/categorical_kernel/anpei_b0.8/nrep03/seed24.npz,ackley_2d/categorical_kernel/anpei_b0.8/nrep03/seed24
ackley_2d,categorical_kernel,anpei,0.8,3,25,ok,50,/data/zhq7531/IDEAL/hetero_lvgp/benchmark/results/ackley_2d/categorical_kernel/anpei_b0.8/nrep03/seed25.npz,ackley_2d/categorical_kernel/anpei_b0.8/nrep03/seed25
ackley_2d,categorical_kernel,anpei,0.8,3,26,ok,50,/data/zhq7531/IDEAL/hetero_lvgp/benchmark/results/ackley_2d/categorical_kernel/anpei_b0.8/nrep03/seed26.npz,ackley_2d/categorical_kernel/anpei_b0.8/nrep03/seed26
ackley_2d,categorical_kernel,anpei,0.8,3,27,ok,50,/data/zhq7531/IDEAL/hetero_lvgp/benchmark/results/ackley_2d/categorical_kernel/anpei_b0.8/nrep03/seed27.npz,ackley_2d/categorical_kernel/anpei_b0.8/nrep03/seed27
ackley_2d,categorical_kernel,anpei,0.8,3,28,ok,50,/data/zhq7531/IDEAL/hetero_lvgp/benchmark/results/ackley_2d/categorical_kernel/anpei_b0.8/nrep03/seed28.npz,ackley_2d/categorical_kernel/anpei_b0.8/nrep03/seed28
ackley_2d,categorical_kernel,anpei,0.8,3,29,ok,50,/data/zhq7531/IDEAL/hetero_lvgp/benchmark/results/ackley_2d/categorical_kernel/anpei_b0.8/nrep03/seed29.npz,ackley_2d/categorical_kernel/anpei_b0.8/nrep03/seed29
ackley_2d,categorical_kernel,anpei,0.8,3,30,ok,50,/data/zhq7531/IDEAL/hetero_lvgp/benchmark/results/ackley_2d/categorical_kernel/anpei_b0.8/nrep03/seed30.npz,ackley_2d/categorical_kernel/anpei_b0.8/nrep03/seed30
ackley_2d,categorical_kernel,anpei,0.8,10,1,ok,50,/data/zhq7531/IDEAL/hetero_lvgp/benchmark/results/ackley_2d/categorical_kernel/anpei_b0.8/nrep10/seed01.npz,ackley_2d/categorical_kernel/anpei_b0.8/nrep10/seed01
ackley_2d,categorical_kernel,anpei,0.8,10,2,ok,50,/data/zhq7531/IDEAL/hetero_lvgp/benchmark/results/ackley_2d/categorical_kernel/anpei_b0.8/nrep10/seed02.npz,ackley_2d/categorical_kernel/anpei_b0.8/nrep10/seed02
ackley_2d,categorical_kernel,anpei,0.8,10,3,ok,50,/data/zhq7531/IDEAL/hetero_lvgp/benchmark/results/ackley_2d/categorical_kernel/anpei_b0.8/nrep10/seed03.npz,ackley_2d/categorical_kernel/anpei_b0.8/nrep10/seed03
ackley_2d,categorical_kernel,anpei,0.8,10,4,ok,50,/data/zhq7531/IDEAL/hetero_lvgp/benchmark/results/ackley_2d/categorical_kernel/anpei_b0.8/nrep10/seed04.npz,ackley_2d/categorical_kernel/anpei_b0.8/nrep10/seed04
ackley_2d,categorical_kernel,anpei,0.8,10,5,ok,50,/data/zhq7531/IDEAL/hetero_lvgp/benchmark/results/ackley_2d/categorical_kernel/anpei_b0.8/nrep10/seed05.npz,ackley_2d/categorical_kernel/anpei_b0.8/nrep10/seed05
ackley_2d,categorical_kernel,anpei,0.8,10,6,ok,50,/data/zhq7531/IDEAL/hetero_lvgp/benchmark/results/ackley_2d/categorical_kernel/anpei_b0.8/nrep10/seed06.npz,ackley_2d/categorical_kernel/anpei_b0.8/nrep10/seed06
ackley_2d,categorical_kernel,anpei,0.8,10,7,ok,50,/data/zhq7531/IDEAL/hetero_lvgp/benchmark/results/ackley_2d/categorical_kernel/anpei_b0.8/nrep10/seed07.npz,ackley_2d/categorical_kernel/anpei_b0.8/nrep10/seed07
ackley_2d,categorical_kernel,anpei,0.8,10,8,ok,50,/data/zhq7531/IDEAL/hetero_lvgp/benchmark/results/ackley_2d/categorical_kernel/anpei_b0.8/nrep10/seed08.npz,ackley_2d/categorical_kernel/anpei_b0.8/nrep10/seed08
ackley_2d,categorical_kernel,anpei,0.8,10,9,ok,50,/data/zhq7531/IDEAL/hetero_lvgp/benchmark/results/ackley_2d/categorical_kernel/anpei_b0.8/nrep10/seed09.npz,ackley_2d/categorical_kernel/anpei_b0.8/nrep10/seed09
ackley_2d,categorical_kernel,anpei,0.8,10,10,ok,50,/data/zhq7531/IDEAL/hetero_lvgp/benchmark/results/ackley_2d/categorical_kernel/anpei_b0.8/nrep10/seed10.npz,ackley_2d/categorical_kernel/anpei_b0.8/nrep10/seed10
ackley_2d,categorical_kernel,anpei,0.8,10,11,ok,50,/data/zhq7531/IDEAL/hetero_lvgp/benchmark/results/ackley_2d/categorical_kernel/anpei_b0.8/nrep10/seed11.npz,ackley_2d/categorical_kernel/anpei_b0.8/nrep10/seed11
ackley_2d,categorical_kernel,anpei,0.8,10,12,ok,50,/data/zhq7531/IDEAL/hetero_lvgp/benchmark/results/ackley_2d/categorical_kernel/anpei_b0.8/nrep10/seed12.npz,ackley_2d/categorical_kernel/anpei_b0.8/nrep10/seed12
ackley_2d,categorical_kernel,anpei,0.8,10,13,ok,50,/data/zhq7531/IDEAL/hetero_lvgp/benchmark/results/ackley_2d/categorical_kernel/anpei_b0.8/nrep10/seed13.npz,ackley_2d/categorical_kernel/anpei_b0.8/nrep10/seed13
ackley_2d,categorical_kernel,anpei,0.8,10,14,ok,50,/data/zhq7531/IDEAL/hetero_lvgp/benchmark/results/ackley_2d/categorical_kernel/anpei_b0.8/nrep10/seed14.npz,ackley_2d/categorical_kernel/anpei_b0.8/nrep10/seed14
ackley_2d,categorical_kernel,anpei,0.8,10,15,ok,50,/data/zhq7531/IDEAL/hetero_lvgp/benchmark/results/ackley_2d/categorical_kernel/anpei_b0.8/nrep10/seed15.npz,ackley_2d/categorical_kernel/anpei_b0.8/nrep10/seed15
ackley_2d,categorical_kernel,anpei,0.8,10,16,ok,50,/data/zhq7531/IDEAL/hetero_lvgp/benchmark/results/ackley_2d/categorical_kernel/anpei_b0.8/nrep10/seed16.npz,ackley_2d/categorical_kernel/anpei_b0.8/nrep10/seed16
ackley_2d,categorical_kernel,anpei,0.8,10,17,ok,50,/data/zhq7531/IDEAL/hetero_lvgp/benchmark/results/ackley_2d/categorical_kernel/anpei_b0.8/nrep10/seed17.npz,ackley_2d/categorical_kernel/anpei_b0.8/nrep10/seed17
ackley_2d,categorical_kernel,anpei,0.8,10,18,ok,50,/data/zhq7531/IDEAL/hetero_lvgp/benchmark/results/ackley_2d/categorical_kernel/anpei_b0.8/nrep10/seed18.npz,ackley_2d/categorical_kernel/anpei_b0.8/nrep10/seed18
ackley_2d,categorical_kernel,anpei,0.8,10,19,ok,50,/data/zhq7531/IDEAL/hetero_lvgp/benchmark/results/ackley_2d/categorical_kernel/anpei_b0.8/nrep10/seed19.npz,ackley_2d/categorical_kernel/anpei_b0.8/nrep10/seed19
ackley_2d,categorical_kernel,anpei,0.8,10,20,ok,50,/data/zhq7531/IDEAL/hetero_lvgp/benchmark/results/ackley_2d/categorical_kernel/anpei_b0.8/nrep10/seed20.npz,ackley_2d/categorical_kernel/anpei_b0.8/nrep10/seed20
ackley_2d,categorical_kernel,anpei,0.8,10,21,ok,50,/data/zhq7531/IDEAL/hetero_lvgp/benchmark/results/ackley_2d/categorical_kernel/anpei_b0.8/nrep10/seed21.npz,ackley_2d/categorical_kernel/anpei_b0.8/nrep10/seed21
ackley_2d,categorical_kernel,anpei,0.8,10,22,ok,50,/data/zhq7531/IDEAL/hetero_lvgp/benchmark/results/ackley_2d/categorical_kernel/anpei_b0.8/nrep10/seed22.npz,ackley_2d/categorical_kernel/anpei_b0.8/nrep10/seed22
ackley_2d,categorical_kernel,anpei,0.8,10,23,ok,50,/data/zhq7531/IDEAL/hetero_lvgp/benchmark/results/ackley_2d/categorical_kernel/anpei_b0.8/nrep10/seed23.npz,ackley_2d/categorical_kernel/anpei_b0.8/nrep10/seed23
ackley_2d,categorical_kernel,anpei,0.8,10,24,ok,50,/data/zhq7531/IDEAL/hetero_lvgp/benchmark/results/ackley_2d/categorical_kernel/anpei_b0.8/nrep10/seed24.npz,ackley_2d/categorical_kernel/anpei_b0.8/nrep10/seed24
ackley_2d,categorical_kernel,anpei,0.8,10,25,ok,50,/data/zhq7531/IDEAL/hetero_lvgp/benchmark/results/ackley_2d/categorical_kernel/anpei_b0.8/nrep10/seed25.npz,ackley_2d/categorical_kernel/anpei_b0.8/nrep10/seed25
ackley_2d,categorical_kernel,anpei,0.8,10,26,ok,50,/data/zhq7531/IDEAL/hetero_lvgp/benchmark/results/ackley_2d/categorical_kernel/anpei_b0.8/nrep10/seed26.npz,ackley_2d/categorical_kernel/anpei_b0.8/nrep10/seed26
ackley_2d,categorical_kernel,anpei,0.8,10,27,ok,50,/data/zhq7531/IDEAL/hetero_lvgp/benchmark/results/ackley_2d/categorical_kernel/anpei_b0.8/nrep10/seed27.npz,ackley_2d/categorical_kernel/anpei_b0.8/nrep10/seed27
ackley_2d,categorical_kernel,anpei,0.8,10,28,ok,50,/data/zhq7531/IDEAL/hetero_lvgp/benchmark/results/ackley_2d/categorical_kernel/anpei_b0.8/nrep10/seed28.npz,ackley_2d/categorical_kernel/anpei_b0.8/nrep10/seed28
ackley_2d,categorical_kernel,anpei,0.8,10,29,ok,50,/data/zhq7531/IDEAL/hetero_lvgp/benchmark/results/ackley_2d/categorical_kernel/anpei_b0.8/nrep10/seed29.npz,ackley_2d/categorical_kernel/anpei_b0.8/nrep10/seed29
ackley_2d,categorical_kernel,anpei,0.8,10,30,ok,50,/data/zhq7531/IDEAL/hetero_lvgp/benchmark/results/ackley_2d/categorical_kernel/anpei_b0.8/nrep10/seed30.npz,ackley_2d/categorical_kernel/anpei_b0.8/nrep10/seed30
ackley_2d,categorical_kernel,rahbo,0.5,3,1,ok,50,/data/zhq7531/IDEAL/hetero_lvgp/benchmark/results/ackley_2d/categorical_kernel/rahbo_a0.5/nrep03/seed01.npz,ackley_2d/categorical_kernel/rahbo_a0.5/nrep03/seed01
ackley_2d,categorical_kernel,rahbo,0.5,3,2,ok,50,/data/zhq7531/IDEAL/hetero_lvgp/benchmark/results/ackley_2d/categorical_kernel/rahbo_a0.5/nrep03/seed02.npz,ackley_2d/categorical_kernel/rahbo_a0.5/nrep03/seed02
ackley_2d,categorical_kernel,rahbo,0.5,3,3,ok,50,/data/zhq7531/IDEAL/hetero_lvgp/benchmark/results/ackley_2d/categorical_kernel/rahbo_a0.5/nrep03/seed03.npz,ackley_2d/categorical_kernel/rahbo_a0.5/nrep03/seed03
ackley_2d,categorical_kernel,rahbo,0.5,3,4,ok,50,/data/zhq7531/IDEAL/hetero_lvgp/benchmark/results/ackley_2d/categorical_kernel/rahbo_a0.5/nrep03/seed04.npz,ackley_2d/categorical_kernel/rahbo_a0.5/nrep03/seed04
ackley_2d,categorical_kernel,rahbo,0.5,3,5,ok,50,/data/zhq7531/IDEAL/hetero_lvgp/benchmark/results/ackley_2d/categorical_kernel/rahbo_a0.5/nrep03/seed05.npz,ackley_2d/categorical_kernel/rahbo_a0.5/nrep03/seed05
ackley_2d,categorical_kernel,rahbo,0.5,3,6,ok,50,/data/zhq7531/IDEAL/hetero_lvgp/benchmark/results/ackley_2d/categorical_kernel/rahbo_a0.5/nrep03/seed06.npz,ackley_2d/categorical_kernel/rahbo_a0.5/nrep03/seed06
ackley_2d,categorical_kernel,rahbo,0.5,3,7,ok,50,/data/zhq7531/IDEAL/hetero_lvgp/benchmark/results/ackley_2d/categorical_kernel/rahbo_a0.5/nrep03/seed07.npz,ackley_2d/categorical_kernel/rahbo_a0.5/nrep03/seed07
ackley_2d,categorical_kernel,rahbo,0.5,3,8,ok,50,/data/zhq7531/IDEAL/hetero_lvgp/benchmark/results/ackley_2d/categorical_kernel/rahbo_a0.5/nrep03/seed08.npz,ackley_2d/categorical_kernel/rahbo_a0.5/nrep03/seed08
ackley_2d,categorical_kernel,rahbo,0.5,3,9,ok,50,/data/zhq7531/IDEAL/hetero_lvgp/benchmark/results/ackley_2d/categorical_kernel/rahbo_a0.5/nrep03/seed09.npz,ackley_2d/categorical_kernel/rahbo_a0.5/nrep03/seed09
ackley_2d,categorical_kernel,rahbo,0.5,3,10,ok,50,/data/zhq7531/IDEAL/hetero_lvgp/benchmark/results/ackley_2d/categorical_kernel/rahbo_a0.5/nrep03/seed10.npz,ackley_2d/categorical_kernel/rahbo_a0.5/nrep03/seed10
ackley_2d,categorical_kernel,rahbo,0.5,3,11,ok,50,/data/zhq7531/IDEAL/hetero_lvgp/benchmark/results/ackley_2d/categorical_kernel/rahbo_a0.5/nrep03/seed11.npz,ackley_2d/categorical_kernel/rahbo_a0.5/nrep03/seed11
ackley_2d,categorical_kernel,rahbo,0.5,3,12,ok,50,/data/zhq7531/IDEAL/hetero_lvgp/benchmark/results/ackley_2d/categorical_kernel/rahbo_a0.5/nrep03/seed12.npz,ackley_2d/categorical_kernel/rahbo_a0.5/nrep03/seed12
ackley_2d,categorical_kernel,rahbo,0.5,3,13,ok,50,/data/zhq7531/IDEAL/hetero_lvgp/benchmark/results/ackley_2d/categorical_kernel/rahbo_a0.5/nrep03/seed13.npz,ackley_2d/categorical_kernel/rahbo_a0.5/nrep03/seed13
ackley_2d,categorical_kernel,rahbo,0.5,3,14,ok,50,/data/zhq7531/IDEAL/hetero_lvgp/benchmark/results/ackley_2d/categorical_kernel/rahbo_a0.5/nrep03/seed14.npz,ackley_2d/categorical_kernel/rahbo_a0.5/nrep03/seed14
ackley_2d,categorical_kernel,rahbo,0.5,3,15,ok,50,/data/zhq7531/IDEAL/hetero_lvgp/benchmark/results/ackley_2d/categorical_kernel/rahbo_a0.5/nrep03/seed15.npz,ackley_2d/categorical_kernel/rahbo_a0.5/nrep03/seed15
ackley_2d,categorical_kernel,rahbo,0.5,3,16,ok,50,/data/zhq7531/IDEAL/hetero_lvgp/benchmark/results/ackley_2d/categorical_kernel/rahbo_a0.5/nrep03/seed16.npz,ackley_2d/categorical_kernel/rahbo_a0.5/nrep03/seed16
ackley_2d,categorical_kernel,rahbo,0.5,3,17,ok,50,/data/zhq7531/IDEAL/hetero_lvgp/benchmark/results/ackley_2d/categorical_kernel/rahbo_a0.5/nrep03/seed17.npz,ackley_2d/categorical_kernel/rahbo_a0.5/nrep03/seed17
ackley_2d,categorical_kernel,rahbo,0.5,3,18,ok,50,/data/zhq7531/IDEAL/hetero_lvgp/benchmark/results/ackley_2d/categorical_kernel/rahbo_a0.5/nrep03/seed18.npz,ackley_2d/categorical_kernel/rahbo_a0.5/nrep03/seed18
ackley_2d,categorical_kernel,rahbo,0.5,3,19,ok,50,/data/zhq7531/IDEAL/hetero_lvgp/benchmark/results/ackley_2d/categorical_kernel/rahbo_a0.5/nrep03/seed19.npz,ackley_2d/categorical_kernel/rahbo_a0.5/nrep03/seed19
ackley_2d,categorical_kernel,rahbo,0.5,3,20,ok,50,/data/zhq7531/IDEAL/hetero_lvgp/benchmark/results/ackley_2d/categorical_kernel/rahbo_a0.5/nrep03/seed20.npz,ackley_2d/categorical_kernel/rahbo_a0.5/nrep03/seed20
ackley_2d,categorical_kernel,rahbo,0.5,3,21,ok,50,/data/zhq7531/IDEAL/hetero_lvgp/benchmark/results/ackley_2d/categorical_kernel/rahbo_a0.5/nrep03/seed21.npz,ackley_2d/categorical_kernel/rahbo_a0.5/nrep03/seed21
ackley_2d,categorical_kernel,rahbo,0.5,3,22,ok,50,/data/zhq7531/IDEAL/hetero_lvgp/benchmark/results/ackley_2d/categorical_kernel/rahbo_a0.5/nrep03/seed22.npz,ackley_2d/categorical_kernel/rahbo_a0.5/nrep03/seed22
ackley_2d,categorical_kernel,rahbo,0.5,3,23,ok,50,/data/zhq7531/IDEAL/hetero_lvgp/benchmark/results/ackley_2d/categorical_kernel/rahbo_a0.5/nrep03/seed23.npz,ackley_2d/categorical_kernel/rahbo_a0.5/nrep03/seed23
ackley_2d,categorical_kernel,rahbo,0.5,3,24,ok,50,/data/zhq7531/IDEAL/hetero_lvgp/benchmark/results/ackley_2d/categorical_kernel/rahbo_a0.5/nrep03/seed24.npz,ackley_2d/categorical_kernel/rahbo_a0.5/nrep03/seed24
ackley_2d,categorical_kernel,rahbo,0.5,3,25,ok,50,/data/zhq7531/IDEAL/hetero_lvgp/benchmark/results/ackley_2d/categorical_kernel/rahbo_a0.5/nrep03/seed25.npz,ackley_2d/categorical_kernel/rahbo_a0.5/nrep03/seed25
ackley_2d,categorical_kernel,rahbo,0.5,3,26,ok,50,/data/zhq7531/IDEAL/hetero_lvgp/benchmark/results/ackley_2d/categorical_kernel/rahbo_a0.5/nrep03/seed26.npz,ackley_2d/categorical_kernel/rahbo_a0.5/nrep03/seed26
ackley_2d,categorical_kernel,rahbo,0.5,3,27,ok,50,/data/zhq7531/IDEAL/hetero_lvgp/benchmark/results/ackley_2d/categorical_kernel/rahbo_a0.5/nrep03/seed27.npz,ackley_2d/categorical_kernel/rahbo_a0.5/nrep03/seed27
ackley_2d,categorical_kernel,rahbo,0.5,3,28,ok,50,/data/zhq7531/IDEAL/hetero_lvgp/benchmark/results/ackley_2d/categorical_kernel/rahbo_a0.5/nrep03/seed28.npz,ackley_2d/categorical_kernel/rahbo_a0.5/nrep03/seed28
ackley_2d,categorical_kernel,rahbo,0.5,3,29,ok,50,/data/zhq7531/IDEAL/hetero_lvgp/benchmark/results/ackley_2d/categorical_kernel/rahbo_a0.5/nrep03/seed29.npz,ackley_2d/categorical_kernel/rahbo_a0.5/nrep03/seed29
ackley_2d,categorical_kernel,rahbo,0.5,3,30,ok,50,/data/zhq7531/IDEAL/hetero_lvgp/benchmark/results/ackley_2d/categorical_kernel/rahbo_a0.5/nrep03/seed30.npz,ackley_2d/categorical_kernel/rahbo_a0.5/nrep03/seed30
ackley_2d,categorical_kernel,rahbo,0.5,10,1,ok,50,/data/zhq7531/IDEAL/hetero_lvgp/benchmark/results/ackley_2d/categorical_kernel/rahbo_a0.5/nrep10/seed01.npz,ackley_2d/categorical_kernel/rahbo_a0.5/nrep10/seed01
ackley_2d,categorical_kernel,rahbo,0.5,10,2,ok,50,/data/zhq7531/IDEAL/hetero_lvgp/benchmark/results/ackley_2d/categorical_kernel/rahbo_a0.5/nrep10/seed02.npz,ackley_2d/categorical_kernel/rahbo_a0.5/nrep10/seed02
ackley_2d,categorical_kernel,rahbo,0.5,10,3,ok,50,/data/zhq7531/IDEAL/hetero_lvgp/benchmark/results/ackley_2d/categorical_kernel/rahbo_a0.5/nrep10/seed03.npz,ackley_2d/categorical_kernel/rahbo_a0.5/nrep10/seed03
ackley_2d,categorical_kernel,rahbo,0.5,10,4,ok,50,/data/zhq7531/IDEAL/hetero_lvgp/benchmark/results/ackley_2d/categorical_kernel/rahbo_a0.5/nrep10/seed04.npz,ackley_2d/categorical_kernel/rahbo_a0.5/nrep10/seed04
ackley_2d,categorical_kernel,rahbo,0.5,10,5,ok,50,/data/zhq7531/IDEAL/hetero_lvgp/benchmark/results/ackley_2d/categorical_kernel/rahbo_a0.5/nrep10/seed05.npz,ackley_2d/categorical_kernel/rahbo_a0.5/nrep10/seed05
ackley_2d,categorical_kernel,rahbo,0.5,10,6,ok,50,/data/zhq7531/IDEAL/hetero_lvgp/benchmark/results/ackley_2d/categorical_kernel/rahbo_a0.5/nrep10/seed06.npz,ackley_2d/categorical_kernel/rahbo_a0.5/nrep10/seed06
ackley_2d,categorical_kernel,rahbo,0.5,10,7,ok,50,/data/zhq7531/IDEAL/hetero_lvgp/benchmark/results/ackley_2d/categorical_kernel/rahbo_a0.5/nrep10/seed07.npz,ackley_2d/categorical_kernel/rahbo_a0.5/nrep10/seed07
ackley_2d,categorical_kernel,rahbo,0.5,10,8,ok,50,/data/zhq7531/IDEAL/hetero_lvgp/benchmark/results/ackley_2d/categorical_kernel/rahbo_a0.5/nrep10/seed08.npz,ackley_2d/categorical_kernel/rahbo_a0.5/nrep10/seed08
ackley_2d,categorical_kernel,rahbo,0.5,10,9,ok,50,/data/zhq7531/IDEAL/hetero_lvgp/benchmark/results/ackley_2d/categorical_kernel/rahbo_a0.5/nrep10/seed09.npz,ackley_2d/categorical_kernel/rahbo_a0.5/nrep10/seed09
ackley_2d,categorical_kernel,rahbo,0.5,10,10,ok,50,/data/zhq7531/IDEAL/hetero_lvgp/benchmark/results/ackley_2d/categorical_kernel/rahbo_a0.5/nrep10/seed10.npz,ackley_2d/categorical_kernel/rahbo_a0.5/nrep10/seed10
ackley_2d,categorical_kernel,rahbo,0.5,10,11,ok,50,/data/zhq7531/IDEAL/hetero_lvgp/benchmark/results/ackley_2d/categorical_kernel/rahbo_a0.5/nrep10/seed11.npz,ackley_2d/categorical_kernel/rahbo_a0.5/nrep10/seed11
ackley_2d,categorical_kernel,rahbo,0.5,10,12,ok,50,/data/zhq7531/IDEAL/hetero_lvgp/benchmark/results/ackley_2d/categorical_kernel/rahbo_a0.5/nrep10/seed12.npz,ackley_2d/categorical_kernel/rahbo_a0.5/nrep10/seed12
ackley_2d,categorical_kernel,rahbo,0.5,10,13,ok,50,/data/zhq7531/IDEAL/hetero_lvgp/benchmark/results/ackley_2d/categorical_kernel/rahbo_a0.5/nrep10/seed13.npz,ackley_2d/categorical_kernel/rahbo_a0.5/nrep10/seed13
ackley_2d,categorical_kernel,rahbo,0.5,10,14,ok,50,/data/zhq7531/IDEAL/hetero_lvgp/benchmark/results/ackley_2d/categorical_kernel/rahbo_a0.5/nrep10/seed14.npz,ackley_2d/categorical_kernel/rahbo_a0.5/nrep10/seed14
ackley_2d,categorical_kernel,rahbo,0.5,10,15,ok,50,/data/zhq7531/IDEAL/hetero_lvgp/benchmark/results/ackley_2d/categorical_kernel/rahbo_a0.5/nrep10/seed15.npz,ackley_2d/categorical_kernel/rahbo_a0.5/nrep10/seed15
ackley_2d,categorical_kernel,rahbo,0.5,10,16,ok,50,/data/zhq7531/IDEAL/hetero_lvgp/benchmark/results/ackley_2d/categorical_kernel/rahbo_a0.5/nrep10/seed16.npz,ackley_2d/categorical_kernel/rahbo_a0.5/nrep10/seed16
ackley_2d,categorical_kernel,rahbo,0.5,10,17,ok,50,/data/zhq7531/IDEAL/hetero_lvgp/benchmark/results/ackley_2d/categorical_kernel/rahbo_a0.5/nrep10/seed17.npz,ackley_2d/categorical_kernel/rahbo_a0.5/nrep10/seed17
ackley_2d,categorical_kernel,rahbo,0.5,10,18,ok,50,/data/zhq7531/IDEAL/hetero_lvgp/benchmark/results/ackley_2d/categorical_kernel/rahbo_a0.5/nrep10/seed18.npz,ackley_2d/categorical_kernel/rahbo_a0.5/nrep10/seed18
ackley_2d,categorical_kernel,rahbo,0.5,10,19,ok,50,/data/zhq7531/IDEAL/hetero_lvgp/benchmark/results/ackley_2d/categorical_kernel/rahbo_a0.5/nrep10/seed19.npz,ackley_2d/categorical_kernel/rahbo_a0.5/nrep10/seed19
ackley_2d,categorical_kernel,rahbo,0.5,10,20,ok,50,/data/zhq7531/IDEAL/hetero_lvgp/benchmark/results/ackley_2d/categorical_kernel/rahbo_a0.5/nrep10/seed20.npz,ackley_2d/categorical_kernel/rahbo_a0.5/nrep10/seed20
ackley_2d,categorical_kernel,rahbo,0.5,10,21,ok,50,/data/zhq7531/IDEAL/hetero_lvgp/benchmark/results/ackley_2d/categorical_kernel/rahbo_a0.5/nrep10/seed21.npz,ackley_2d/categorical_kernel/rahbo_a0.5/nrep10/seed21
ackley_2d,categorical_kernel,rahbo,0.5,10,22,ok,50,/data/zhq7531/IDEAL/hetero_lvgp/benchmark/results/ackley_2d/categorical_kernel/rahbo_a0.5/nrep10/seed22.npz,ackley_2d/categorical_kernel/rahbo_a0.5/nrep10/seed22
ackley_2d,categorical_kernel,rahbo,0.5,10,23,ok,50,/data/zhq7531/IDEAL/hetero_lvgp/benchmark/results/ackley_2d/categorical_kernel/rahbo_a0.5/nrep10/seed23.npz,ackley_2d/categorical_kernel/rahbo_a0.5/nrep10/seed23
ackley_2d,categorical_kernel,rahbo,0.5,10,24,ok,50,/data/zhq7531/IDEAL/hetero_lvgp/benchmark/results/ackley_2d/categorical_kernel/rahbo_a0.5/nrep10/seed24.npz,ackley_2d/categorical_kernel/rahbo_a0.5/nrep10/seed24
ackley_2d,categorical_kernel,rahbo,0.5,10,25,ok,50,/data/zhq7531/IDEAL/hetero_lvgp/benchmark/results/ackley_2d/categorical_kernel/rahbo_a0.5/nrep10/seed25.npz,ackley_2d/categorical_kernel/rahbo_a0.5/nrep10/seed25
ackley_2d,categorical_kernel,rahbo,0.5,10,26,ok,50,/data/zhq7531/IDEAL/hetero_lvgp/benchmark/results/ackley_2d/categorical_kernel/rahbo_a0.5/nrep10/seed26.npz,ackley_2d/categorical_kernel/rahbo_a0.5/nrep10/seed26
ackley_2d,categorical_kernel,rahbo,0.5,10,27,ok,50,/data/zhq7531/IDEAL/hetero_lvgp/benchmark/results/ackley_2d/categorical_kernel/rahbo_a0.5/nrep10/seed27.npz,ackley_2d/categorical_kernel/rahbo_a0.5/nrep10/seed27
ackley_2d,categorical_kernel,rahbo,0.5,10,28,ok,50,/data/zhq7531/IDEAL/hetero_lvgp/benchmark/results/ackley_2d/categorical_kernel/rahbo_a0.5/nrep10/seed28.npz,ackley_2d/categorical_kernel/rahbo_a0.5/nrep10/seed28
ackley_2d,categorical_kernel,rahbo,0.5,10,29,ok,50,/data/zhq7531/IDEAL/hetero_lvgp/benchmark/results/ackley_2d/categorical_kernel/rahbo_a0.5/nrep10/seed29.npz,ackley_2d/categorical_kernel/rahbo_a0.5/nrep10/seed29
ackley_2d,categorical_kernel,rahbo,0.5,10,30,ok,50,/data/zhq7531/IDEAL/hetero_lvgp/benchmark/results/ackley_2d/categorical_kernel/rahbo_a0.5/nrep10/seed30.npz,ackley_2d/categorical_kernel/rahbo_a0.5/nrep10/seed30
ackley_2d,standard_LVGP,lcb,,3,1,ok,50,/data/zhq7531/IDEAL/hetero_lvgp/benchmark/results/ackley_2d/standard_LVGP/lcb/nrep03/seed01.mat,ackley_2d/standard_LVGP/lcb/nrep03/seed01
ackley_2d,standard_LVGP,lcb,,3,2,ok,50,/data/zhq7531/IDEAL/hetero_lvgp/benchmark/results/ackley_2d/standard_LVGP/lcb/nrep03/seed02.mat,ackley_2d/standard_LVGP/lcb/nrep03/seed02
ackley_2d,standard_LVGP,lcb,,3,3,ok,50,/data/zhq7531/IDEAL/hetero_lvgp/benchmark/results/ackley_2d/standard_LVGP/lcb/nrep03/seed03.mat,ackley_2d/standard_LVGP/lcb/nrep03/seed03
ackley_2d,standard_LVGP,lcb,,3,4,ok,50,/data/zhq7531/IDEAL/hetero_lvgp/benchmark/results/ackley_2d/standard_LVGP/lcb/nrep03/seed04.mat,ackley_2d/standard_LVGP/lcb/nrep03/seed04
ackley_2d,standard_LVGP,lcb,,3,5,ok,50,/data/zhq7531/IDEAL/hetero_lvgp/benchmark/results/ackley_2d/standard_LVGP/lcb/nrep03/seed05.mat,ackley_2d/standard_LVGP/lcb/nrep03/seed05
ackley_2d,standard_LVGP,lcb,,3,6,ok,50,/data/zhq7531/IDEAL/hetero_lvgp/benchmark/results/ackley_2d/standard_LVGP/lcb/nrep03/seed06.mat,ackley_2d/standard_LVGP/lcb/nrep03/seed06
ackley_2d,standard_LVGP,lcb,,3,7,ok,50,/data/zhq7531/IDEAL/hetero_lvgp/benchmark/results/ackley_2d/standard_LVGP/lcb/nrep03/seed07.mat,ackley_2d/standard_LVGP/lcb/nrep03/seed07
ackley_2d,standard_LVGP,lcb,,3,8,ok,50,/data/zhq7531/IDEAL/hetero_lvgp/benchmark/results/ackley_2d/standard_LVGP/lcb/nrep03/seed08.mat,ackley_2d/standard_LVGP/lcb/nrep03/seed08
ackley_2d,standard_LVGP,lcb,,3,9,ok,50,/data/zhq7531/IDEAL/hetero_lvgp/benchmark/results/ackley_2d/standard_LVGP/lcb/nrep03/seed09.mat,ackley_2d/standard_LVGP/lcb/nrep03/seed09
ackley_2d,standard_LVGP,lcb,,3,10,ok,50,/data/zhq7531/IDEAL/hetero_lvgp/benchmark/results/ackley_2d/standard_LVGP/lcb/nrep03/seed10.mat,ackley_2d/standard_LVGP/lcb/nrep03/seed10
ackley_2d,standard_LVGP,lcb,,3,11,ok,50,/data/zhq7531/IDEAL/hetero_lvgp/benchmark/results/ackley_2d/standard_LVGP/lcb/nrep03/seed11.mat,ackley_2d/standard_LVGP/lcb/nrep03/seed11
ackley_2d,standard_LVGP,lcb,,3,12,ok,50,/data/zhq7531/IDEAL/hetero_lvgp/benchmark/results/ackley_2d/standard_LVGP/lcb/nrep03/seed12.mat,ackley_2d/standard_LVGP/lcb/nrep03/seed12
ackley_2d,standard_LVGP,lcb,,3,13,ok,50,/data/zhq7531/IDEAL/hetero_lvgp/benchmark/results/ackley_2d/standard_LVGP/lcb/nrep03/seed13.mat,ackley_2d/standard_LVGP/lcb/nrep03/seed13
ackley_2d,standard_LVGP,lcb,,3,14,ok,50,/data/zhq7531/IDEAL/hetero_lvgp/benchmark/results/ackley_2d/standard_LVGP/lcb/nrep03/seed14.mat,ackley_2d/standard_LVGP/lcb/nrep03/seed14
ackley_2d,standard_LVGP,lcb,,3,15,ok,50,/data/zhq7531/IDEAL/hetero_lvgp/benchmark/results/ackley_2d/standard_LVGP/lcb/nrep03/seed15.mat,ackley_2d/standard_LVGP/lcb/nrep03/seed15
ackley_2d,standard_LVGP,lcb,,3,16,ok,50,/data/zhq7531/IDEAL/hetero_lvgp/benchmark/results/ackley_2d/standard_LVGP/lcb/nrep03/seed16.mat,ackley_2d/standard_LVGP/lcb/nrep03/seed16
ackley_2d,standard_LVGP,lcb,,3,17,ok,50,/data/zhq7531/IDEAL/hetero_lvgp/benchmark/results/ackley_2d/standard_LVGP/lcb/nrep03/seed17.mat,ackley_2d/standard_LVGP/lcb/nrep03/seed17
ackley_2d,standard_LVGP,lcb,,3,18,ok,50,/data/zhq7531/IDEAL/hetero_lvgp/benchmark/results/ackley_2d/standard_LVGP/lcb/nrep03/seed18.mat,ackley_2d/standard_LVGP/lcb/nrep03/seed18
ackley_2d,standard_LVGP,lcb,,3,19,ok,50,/data/zhq7531/IDEAL/hetero_lvgp/benchmark/results/ackley_2d/standard_LVGP/lcb/nrep03/seed19.mat,ackley_2d/standard_LVGP/lcb/nrep03/seed19
ackley_2d,standard_LVGP,lcb,,3,20,ok,50,/data/zhq7531/IDEAL/hetero_lvgp/benchmark/results/ackley_2d/standard_LVGP/lcb/nrep03/seed20.mat,ackley_2d/standard_LVGP/lcb/nrep03/seed20
ackley_2d,standard_LVGP,lcb,,3,21,ok,50,/data/zhq7531/IDEAL/hetero_lvgp/benchmark/results/ackley_2d/standard_LVGP/lcb/nrep03/seed21.mat,ackley_2d/standard_LVGP/lcb/nrep03/seed21
ackley_2d,standard_LVGP,lcb,,3,22,ok,50,/data/zhq7531/IDEAL/hetero_lvgp/benchmark/results/ackley_2d/standard_LVGP/lcb/nrep03/seed22.mat,ackley_2d/standard_LVGP/lcb/nrep03/seed22
ackley_2d,standard_LVGP,lcb,,3,23,ok,50,/data/zhq7531/IDEAL/hetero_lvgp/benchmark/results/ackley_2d/standard_LVGP/lcb/nrep03/seed23.mat,ackley_2d/standard_LVGP/lcb/nrep03/seed23
ackley_2d,standard_LVGP,lcb,,3,24,ok,50,/data/zhq7531/IDEAL/hetero_lvgp/benchmark/results/ackley_2d/standard_LVGP/lcb/nrep03/seed24.mat,ackley_2d/standard_LVGP/lcb/nrep03/seed24
ackley_2d,standard_LVGP,lcb,,3,25,ok,50,/data/zhq7531/IDEAL/hetero_lvgp/benchmark/results/ackley_2d/standard_LVGP/lcb/nrep03/seed25.mat,ackley_2d/standard_LVGP/lcb/nrep03/seed25
ackley_2d,standard_LVGP,lcb,,3,26,ok,50,/data/zhq7531/IDEAL/hetero_lvgp/benchmark/results/ackley_2d/standard_LVGP/lcb/nrep03/seed26.mat,ackley_2d/standard_LVGP/lcb/nrep03/seed26
ackley_2d,standard_LVGP,lcb,,3,27,ok,50,/data/zhq7531/IDEAL/hetero_lvgp/benchmark/results/ackley_2d/standard_LVGP/lcb/nrep03/seed27.mat,ackley_2d/standard_LVGP/lcb/nrep03/seed27
ackley_2d,standard_LVGP,lcb,,3,28,ok,50,/data/zhq7531/IDEAL/hetero_lvgp/benchmark/results/ackley_2d/standard_LVGP/lcb/nrep03/seed28.mat,ackley_2d/standard_LVGP/lcb/nrep03/seed28
ackley_2d,standard_LVGP,lcb,,3,29,ok,50,/data/zhq7531/IDEAL/hetero_lvgp/benchmark/results/ackley_2d/standard_LVGP/lcb/nrep03/seed29.mat,ackley_2d/standard_LVGP/lcb/nrep03/seed29
ackley_2d,standard_LVGP,lcb,,3,30,ok,50,/data/zhq7531/IDEAL/hetero_lvgp/benchmark/results/ackley_2d/standard_LVGP/lcb/nrep03/seed30.mat,ackley_2d/standard_LVGP/lcb/nrep03/seed30
ackley_2d,standard_LVGP,lcb,,10,1,ok,50,/data/zhq7531/IDEAL/hetero_lvgp/benchmark/results/ackley_2d/standard_LVGP/lcb/nrep10/seed01.mat,ackley_2d/standard_LVGP/lcb/nrep10/seed01
ackley_2d,standard_LVGP,lcb,,10,2,ok,50,/data/zhq7531/IDEAL/hetero_lvgp/benchmark/results/ackley_2d/standard_LVGP/lcb/nrep10/seed02.mat,ackley_2d/standard_LVGP/lcb/nrep10/seed02
ackley_2d,standard_LVGP,lcb,,10,3,ok,50,/data/zhq7531/IDEAL/hetero_lvgp/benchmark/results/ackley_2d/standard_LVGP/lcb/nrep10/seed03.mat,ackley_2d/standard_LVGP/lcb/nrep10/seed03
ackley_2d,standard_LVGP,lcb,,10,4,ok,50,/data/zhq7531/IDEAL/hetero_lvgp/benchmark/results/ackley_2d/standard_LVGP/lcb/nrep10/seed04.mat,ackley_2d/standard_LVGP/lcb/nrep10/seed04
ackley_2d,standard_LVGP,lcb,,10,5,ok,50,/data/zhq7531/IDEAL/hetero_lvgp/benchmark/results/ackley_2d/standard_LVGP/lcb/nrep10/seed05.mat,ackley_2d/standard_LVGP/lcb/nrep10/seed05
ackley_2d,standard_LVGP,lcb,,10,6,ok,50,/data/zhq7531/IDEAL/hetero_lvgp/benchmark/results/ackley_2d/standard_LVGP/lcb/nrep10/seed06.mat,ackley_2d/standard_LVGP/lcb/nrep10/seed06
ackley_2d,standard_LVGP,lcb,,10,7,ok,50,/data/zhq7531/IDEAL/hetero_lvgp/benchmark/results/ackley_2d/standard_LVGP/lcb/nrep10/seed07.mat,ackley_2d/standard_LVGP/lcb/nrep10/seed07
ackley_2d,standard_LVGP,lcb,,10,8,ok,50,/data/zhq7531/IDEAL/hetero_lvgp/benchmark/results/ackley_2d/standard_LVGP/lcb/nrep10/seed08.mat,ackley_2d/standard_LVGP/lcb/nrep10/seed08
ackley_2d,standard_LVGP,lcb,,10,9,ok,50,/data/zhq7531/IDEAL/hetero_lvgp/benchmark/results/ackley_2d/standard_LVGP/lcb/nrep10/seed09.mat,ackley_2d/standard_LVGP/lcb/nrep10/seed09
ackley_2d,standard_LVGP,lcb,,10,10,ok,50,/data/zhq7531/IDEAL/hetero_lvgp/benchmark/results/ackley_2d/standard_LVGP/lcb/nrep10/seed10.mat,ackley_2d/standard_LVGP/lcb/nrep10/seed10
ackley_2d,standard_LVGP,lcb,,10,11,ok,50,/data/zhq7531/IDEAL/hetero_lvgp/benchmark/results/ackley_2d/standard_LVGP/lcb/nrep10/seed11.mat,ackley_2d/standard_LVGP/lcb/nrep10/seed11
ackley_2d,standard_LVGP,lcb,,10,12,ok,50,/data/zhq7531/IDEAL/hetero_lvgp/benchmark/results/ackley_2d/standard_LVGP/lcb/nrep10/seed12.mat,ackley_2d/standard_LVGP/lcb/nrep10/seed12
ackley_2d,standard_LVGP,lcb,,10,13,ok,50,/data/zhq7531/IDEAL/hetero_lvgp/benchmark/results/ackley_2d/standard_LVGP/lcb/nrep10/seed13.mat,ackley_2d/standard_LVGP/lcb/nrep10/seed13
ackley_2d,standard_LVGP,lcb,,10,14,ok,50,/data/zhq7531/IDEAL/hetero_lvgp/benchmark/results/ackley_2d/standard_LVGP/lcb/nrep10/seed14.mat,ackley_2d/standard_LVGP/lcb/nrep10/seed14
ackley_2d,standard_LVGP,lcb,,10,15,ok,50,/data/zhq7531/IDEAL/hetero_lvgp/benchmark/results/ackley_2d/standard_LVGP/lcb/nrep10/seed15.mat,ackley_2d/standard_LVGP/lcb/nrep10/seed15
ackley_2d,standard_LVGP,lcb,,10,16,ok,50,/data/zhq7531/IDEAL/hetero_lvgp/benchmark/results/ackley_2d/standard_LVGP/lcb/nrep10/seed16.mat,ackley_2d/standard_LVGP/lcb/nrep10/seed16
ackley_2d,standard_LVGP,lcb,,10,17,ok,50,/data/zhq7531/IDEAL/hetero_lvgp/benchmark/results/ackley_2d/standard_LVGP/lcb/nrep10/seed17.mat,ackley_2d/standard_LVGP/lcb/nrep10/seed17
ackley_2d,standard_LVGP,lcb,,10,18,ok,50,/data/zhq7531/IDEAL/hetero_lvgp/benchmark/results/ackley_2d/standard_LVGP/lcb/nrep10/seed18.mat,ackley_2d/standard_LVGP/lcb/nrep10/seed18
ackley_2d,standard_LVGP,lcb,,10,19,ok,50,/data/zhq7531/IDEAL/hetero_lvgp/benchmark/results/ackley_2d/standard_LVGP/lcb/nrep10/seed19.mat,ackley_2d/standard_LVGP/lcb/nrep10/seed19
ackley_2d,standard_LVGP,lcb,,10,20,ok,50,/data/zhq7531/IDEAL/hetero_lvgp/benchmark/results/ackley_2d/standard_LVGP/lcb/nrep10/seed20.mat,ackley_2d/standard_LVGP/lcb/nrep10/seed20
ackley_2d,standard_LVGP,lcb,,10,21,ok,50,/data/zhq7531/IDEAL/hetero_lvgp/benchmark/results/ackley_2d/standard_LVGP/lcb/nrep10/seed21.mat,ackley_2d/standard_LVGP/lcb/nrep10/seed21
ackley_2d,standard_LVGP,lcb,,10,22,ok,50,/data/zhq7531/IDEAL/hetero_lvgp/benchmark/results/ackley_2d/standard_LVGP/lcb/nrep10/seed22.mat,ackley_2d/standard_LVGP/lcb/nrep10/seed22
ackley_2d,standard_LVGP,lcb,,10,23,ok,50,/data/zhq7531/IDEAL/hetero_lvgp/benchmark/results/ackley_2d/standard_LVGP/lcb/nrep10/seed23.mat,ackley_2d/standard_LVGP/lcb/nrep10/seed23
ackley_2d,standard_LVGP,lcb,,10,24,ok,50,/data/zhq7531/IDEAL/hetero_lvgp/benchmark/results/ackley_2d/standard_LVGP/lcb/nrep10/seed24.mat,ackley_2d/standard_LVGP/lcb/nrep10/seed24
ackley_2d,standard_LVGP,lcb,,10,25,ok,50,/data/zhq7531/IDEAL/hetero_lvgp/benchmark/results/ackley_2d/standard_LVGP/lcb/nrep10/seed25.mat,ackley_2d/standard_LVGP/lcb/nrep10/seed25
ackley_2d,standard_LVGP,lcb,,10,26,ok,50,/data/zhq7531/IDEAL/hetero_lvgp/benchmark/results/ackley_2d/standard_LVGP/lcb/nrep10/seed26.mat,ackley_2d/standard_LVGP/lcb/nrep10/seed26
ackley_2d,standard_LVGP,lcb,,10,27,ok,50,/data/zhq7531/IDEAL/hetero_lvgp/benchmark/results/ackley_2d/standard_LVGP/lcb/nrep10/seed27.mat,ackley_2d/standard_LVGP/lcb/nrep10/seed27
ackley_2d,standard_LVGP,lcb,,10,28,ok,50,/data/zhq7531/IDEAL/hetero_lvgp/benchmark/results/ackley_2d/standard_LVGP/lcb/nrep10/seed28.mat,ackley_2d/standard_LVGP/lcb/nrep10/seed28
ackley_2d,standard_LVGP,lcb,,10,29,ok,50,/data/zhq7531/IDEAL/hetero_lvgp/benchmark/results/ackley_2d/standard_LVGP/lcb/nrep10/seed29.mat,ackley_2d/standard_LVGP/lcb/nrep10/seed29
ackley_2d,standard_LVGP,lcb,,10,30,ok,50,/data/zhq7531/IDEAL/hetero_lvgp/benchmark/results/ackley_2d/standard_LVGP/lcb/nrep10/seed30.mat,ackley_2d/standard_LVGP/lcb/nrep10/seed30
ackley_2d,standard_LVGP,pi,,3,1,ok,50,/data/zhq7531/IDEAL/hetero_lvgp/benchmark/results/ackley_2d/standard_LVGP/pi/nrep03/seed01.mat,ackley_2d/standard_LVGP/pi/nrep03/seed01
ackley_2d,standard_LVGP,pi,,3,2,ok,50,/data/zhq7531/IDEAL/hetero_lvgp/benchmark/results/ackley_2d/standard_LVGP/pi/nrep03/seed02.mat,ackley_2d/standard_LVGP/pi/nrep03/seed02
ackley_2d,standard_LVGP,pi,,3,3,ok,50,/data/zhq7531/IDEAL/hetero_lvgp/benchmark/results/ackley_2d/standard_LVGP/pi/nrep03/seed03.mat,ackley_2d/standard_LVGP/pi/nrep03/seed03
ackley_2d,standard_LVGP,pi,,3,4,ok,50,/data/zhq7531/IDEAL/hetero_lvgp/benchmark/results/ackley_2d/standard_LVGP/pi/nrep03/seed04.mat,ackley_2d/standard_LVGP/pi/nrep03/seed04
ackley_2d,standard_LVGP,pi,,3,5,ok,50,/data/zhq7531/IDEAL/hetero_lvgp/benchmark/results/ackley_2d/standard_LVGP/pi/nrep03/seed05.mat,ackley_2d/standard_LVGP/pi/nrep03/seed05
ackley_2d,standard_LVGP,pi,,3,6,ok,50,/data/zhq7531/IDEAL/hetero_lvgp/benchmark/results/ackley_2d/standard_LVGP/pi/nrep03/seed06.mat,ackley_2d/standard_LVGP/pi/nrep03/seed06
ackley_2d,standard_LVGP,pi,,3,7,ok,50,/data/zhq7531/IDEAL/hetero_lvgp/benchmark/results/ackley_2d/standard_LVGP/pi/nrep03/seed07.mat,ackley_2d/standard_LVGP/pi/nrep03/seed07
ackley_2d,standard_LVGP,pi,,3,8,ok,50,/data/zhq7531/IDEAL/hetero_lvgp/benchmark/results/ackley_2d/standard_LVGP/pi/nrep03/seed08.mat,ackley_2d/standard_LVGP/pi/nrep03/seed08
ackley_2d,standard_LVGP,pi,,3,9,ok,50,/data/zhq7531/IDEAL/hetero_lvgp/benchmark/results/ackley_2d/standard_LVGP/pi/nrep03/seed09.mat,ackley_2d/standard_LVGP/pi/nrep03/seed09
ackley_2d,standard_LVGP,pi,,3,10,ok,50,/data/zhq7531/IDEAL/hetero_lvgp/benchmark/results/ackley_2d/standard_LVGP/pi/nrep03/seed10.mat,ackley_2d/standard_LVGP/pi/nrep03/seed10
ackley_2d,standard_LVGP,pi,,3,11,ok,50,/data/zhq7531/IDEAL/hetero_lvgp/benchmark/results/ackley_2d/standard_LVGP/pi/nrep03/seed11.mat,ackley_2d/standard_LVGP/pi/nrep03/seed11
ackley_2d,standard_LVGP,pi,,3,12,ok,50,/data/zhq7531/IDEAL/hetero_lvgp/benchmark/results/ackley_2d/standard_LVGP/pi/nrep03/seed12.mat,ackley_2d/standard_LVGP/pi/nrep03/seed12
ackley_2d,standard_LVGP,pi,,3,13,ok,50,/data/zhq7531/IDEAL/hetero_lvgp/benchmark/results/ackley_2d/standard_LVGP/pi/nrep03/seed13.mat,ackley_2d/standard_LVGP/pi/nrep03/seed13
ackley_2d,standard_LVGP,pi,,3,14,ok,50,/data/zhq7531/IDEAL/hetero_lvgp/benchmark/results/ackley_2d/standard_LVGP/pi/nrep03/seed14.mat,ackley_2d/standard_LVGP/pi/nrep03/seed14
ackley_2d,standard_LVGP,pi,,3,15,ok,50,/data/zhq7531/IDEAL/hetero_lvgp/benchmark/results/ackley_2d/standard_LVGP/pi/nrep03/seed15.mat,ackley_2d/standard_LVGP/pi/nrep03/seed15
ackley_2d,standard_LVGP,pi,,3,16,ok,50,/data/zhq7531/IDEAL/hetero_lvgp/benchmark/results/ackley_2d/standard_LVGP/pi/nrep03/seed16.mat,ackley_2d/standard_LVGP/pi/nrep03/seed16
ackley_2d,standard_LVGP,pi,,3,17,ok,50,/data/zhq7531/IDEAL/hetero_lvgp/benchmark/results/ackley_2d/standard_LVGP/pi/nrep03/seed17.mat,ackley_2d/standard_LVGP/pi/nrep03/seed17
ackley_2d,standard_LVGP,pi,,3,18,ok,50,/data/zhq7531/IDEAL/hetero_lvgp/benchmark/results/ackley_2d/standard_LVGP/pi/nrep03/seed18.mat,ackley_2d/standard_LVGP/pi/nrep03/seed18
ackley_2d,standard_LVGP,pi,,3,19,ok,50,/data/zhq7531/IDEAL/hetero_lvgp/benchmark/results/ackley_2d/standard_LVGP/pi/nrep03/seed19.mat,ackley_2d/standard_LVGP/pi/nrep03/seed19
ackley_2d,standard_LVGP,pi,,3,20,ok,50,/data/zhq7531/IDEAL/hetero_lvgp/benchmark/results/ackley_2d/standard_LVGP/pi/nrep03/seed20.mat,ackley_2d/standard_LVGP/pi/nrep03/seed20
ackley_2d,standard_LVGP,pi,,3,21,ok,50,/data/zhq7531/IDEAL/hetero_lvgp/benchmark/results/ackley_2d/standard_LVGP/pi/nrep03/seed21.mat,ackley_2d/standard_LVGP/pi/nrep03/seed21
ackley_2d,standard_LVGP,pi,,3,22,ok,50,/data/zhq7531/IDEAL/hetero_lvgp/benchmark/results/ackley_2d/standard_LVGP/pi/nrep03/seed22.mat,ackley_2d/standard_LVGP/pi/nrep03/seed22
ackley_2d,standard_LVGP,pi,,3,23,ok,50,/data/zhq7531/IDEAL/hetero_lvgp/benchmark/results/ackley_2d/standard_LVGP/pi/nrep03/seed23.mat,ackley_2d/standard_LVGP/pi/nrep03/seed23
ackley_2d,standard_LVGP,pi,,3,24,ok,50,/data/zhq7531/IDEAL/hetero_lvgp/benchmark/results/ackley_2d/standard_LVGP/pi/nrep03/seed24.mat,ackley_2d/standard_LVGP/pi/nrep03/seed24
ackley_2d,standard_LVGP,pi,,3,25,ok,50,/data/zhq7531/IDEAL/hetero_lvgp/benchmark/results/ackley_2d/standard_LVGP/pi/nrep03/seed25.mat,ackley_2d/standard_LVGP/pi/nrep03/seed25
ackley_2d,standard_LVGP,pi,,3,26,ok,50,/data/zhq7531/IDEAL/hetero_lvgp/benchmark/results/ackley_2d/standard_LVGP/pi/nrep03/seed26.mat,ackley_2d/standard_LVGP/pi/nrep03/seed26
ackley_2d,standard_LVGP,pi,,3,27,ok,50,/data/zhq7531/IDEAL/hetero_lvgp/benchmark/results/ackley_2d/standard_LVGP/pi/nrep03/seed27.mat,ackley_2d/standard_LVGP/pi/nrep03/seed27
ackley_2d,standard_LVGP,pi,,3,28,ok,50,/data/zhq7531/IDEAL/hetero_lvgp/benchmark/results/ackley_2d/standard_LVGP/pi/nrep03/seed28.mat,ackley_2d/standard_LVGP/pi/nrep03/seed28
ackley_2d,standard_LVGP,pi,,3,29,ok,50,/data/zhq7531/IDEAL/hetero_lvgp/benchmark/results/ackley_2d/standard_LVGP/pi/nrep03/seed29.mat,ackley_2d/standard_LVGP/pi/nrep03/seed29
ackley_2d,standard_LVGP,pi,,3,30,ok,50,/data/zhq7531/IDEAL/hetero_lvgp/benchmark/results/ackley_2d/standard_LVGP/pi/nrep03/seed30.mat,ackley_2d/standard_LVGP/pi/nrep03/seed30
ackley_2d,standard_LVGP,pi,,10,1,ok,50,/data/zhq7531/IDEAL/hetero_lvgp/benchmark/results/ackley_2d/standard_LVGP/pi/nrep10/seed01.mat,ackley_2d/standard_LVGP/pi/nrep10/seed01
ackley_2d,standard_LVGP,pi,,10,2,ok,50,/data/zhq7531/IDEAL/hetero_lvgp/benchmark/results/ackley_2d/standard_LVGP/pi/nrep10/seed02.mat,ackley_2d/standard_LVGP/pi/nrep10/seed02
ackley_2d,standard_LVGP,pi,,10,3,ok,50,/data/zhq7531/IDEAL/hetero_lvgp/benchmark/results/ackley_2d/standard_LVGP/pi/nrep10/seed03.mat,ackley_2d/standard_LVGP/pi/nrep10/seed03
ackley_2d,standard_LVGP,pi,,10,4,ok,50,/data/zhq7531/IDEAL/hetero_lvgp/benchmark/results/ackley_2d/standard_LVGP/pi/nrep10/seed04.mat,ackley_2d/standard_LVGP/pi/nrep10/seed04
ackley_2d,standard_LVGP,pi,,10,5,ok,50,/data/zhq7531/IDEAL/hetero_lvgp/benchmark/results/ackley_2d/standard_LVGP/pi/nrep10/seed05.mat,ackley_2d/standard_LVGP/pi/nrep10/seed05
ackley_2d,standard_LVGP,pi,,10,6,ok,50,/data/zhq7531/IDEAL/hetero_lvgp/benchmark/results/ackley_2d/standard_LVGP/pi/nrep10/seed06.mat,ackley_2d/standard_LVGP/pi/nrep10/seed06
ackley_2d,standard_LVGP,pi,,10,7,ok,50,/data/zhq7531/IDEAL/hetero_lvgp/benchmark/results/ackley_2d/standard_LVGP/pi/nrep10/seed07.mat,ackley_2d/standard_LVGP/pi/nrep10/seed07
ackley_2d,standard_LVGP,pi,,10,8,ok,50,/data/zhq7531/IDEAL/hetero_lvgp/benchmark/results/ackley_2d/standard_LVGP/pi/nrep10/seed08.mat,ackley_2d/standard_LVGP/pi/nrep10/seed08
ackley_2d,standard_LVGP,pi,,10,9,ok,50,/data/zhq7531/IDEAL/hetero_lvgp/benchmark/results/ackley_2d/standard_LVGP/pi/nrep10/seed09.mat,ackley_2d/standard_LVGP/pi/nrep10/seed09
ackley_2d,standard_LVGP,pi,,10,10,ok,50,/data/zhq7531/IDEAL/hetero_lvgp/benchmark/results/ackley_2d/standard_LVGP/pi/nrep10/seed10.mat,ackley_2d/standard_LVGP/pi/nrep10/seed10
ackley_2d,standard_LVGP,pi,,10,11,ok,50,/data/zhq7531/IDEAL/hetero_lvgp/benchmark/results/ackley_2d/standard_LVGP/pi/nrep10/seed11.mat,ackley_2d/standard_LVGP/pi/nrep10/seed11
ackley_2d,standard_LVGP,pi,,10,12,ok,50,/data/zhq7531/IDEAL/hetero_lvgp/benchmark/results/ackley_2d/standard_LVGP/pi/nrep10/seed12.mat,ackley_2d/standard_LVGP/pi/nrep10/seed12
ackley_2d,standard_LVGP,pi,,10,13,ok,50,/data/zhq7531/IDEAL/hetero_lvgp/benchmark/results/ackley_2d/standard_LVGP/pi/nrep10/seed13.mat,ackley_2d/standard_LVGP/pi/nrep10/seed13
ackley_2d,standard_LVGP,pi,,10,14,ok,50,/data/zhq7531/IDEAL/hetero_lvgp/benchmark/results/ackley_2d/standard_LVGP/pi/nrep10/seed14.mat,ackley_2d/standard_LVGP/pi/nrep10/seed14
ackley_2d,standard_LVGP,pi,,10,15,ok,50,/data/zhq7531/IDEAL/hetero_lvgp/benchmark/results/ackley_2d/standard_LVGP/pi/nrep10/seed15.mat,ackley_2d/standard_LVGP/pi/nrep10/seed15
ackley_2d,standard_LVGP,pi,,10,16,ok,50,/data/zhq7531/IDEAL/hetero_lvgp/benchmark/results/ackley_2d/standard_LVGP/pi/nrep10/seed16.mat,ackley_2d/standard_LVGP/pi/nrep10/seed16
ackley_2d,standard_LVGP,pi,,10,17,ok,50,/data/zhq7531/IDEAL/hetero_lvgp/benchmark/results/ackley_2d/standard_LVGP/pi/nrep10/seed17.mat,ackley_2d/standard_LVGP/pi/nrep10/seed17
ackley_2d,standard_LVGP,pi,,10,18,ok,50,/data/zhq7531/IDEAL/hetero_lvgp/benchmark/results/ackley_2d/standard_LVGP/pi/nrep10/seed18.mat,ackley_2d/standard_LVGP/pi/nrep10/seed18
ackley_2d,standard_LVGP,pi,,10,19,ok,50,/data/zhq7531/IDEAL/hetero_lvgp/benchmark/results/ackley_2d/standard_LVGP/pi/nrep10/seed19.mat,ackley_2d/standard_LVGP/pi/nrep10/seed19
ackley_2d,standard_LVGP,pi,,10,20,ok,50,/data/zhq7531/IDEAL/hetero_lvgp/benchmark/results/ackley_2d/standard_LVGP/pi/nrep10/seed20.mat,ackley_2d/standard_LVGP/pi/nrep10/seed20
ackley_2d,standard_LVGP,pi,,10,21,ok,50,/data/zhq7531/IDEAL/hetero_lvgp/benchmark/results/ackley_2d/standard_LVGP/pi/nrep10/seed21.mat,ackley_2d/standard_LVGP/pi/nrep10/seed21
ackley_2d,standard_LVGP,pi,,10,22,ok,50,/data/zhq7531/IDEAL/hetero_lvgp/benchmark/results/ackley_2d/standard_LVGP/pi/nrep10/seed22.mat,ackley_2d/standard_LVGP/pi/nrep10/seed22
ackley_2d,standard_LVGP,pi,,10,23,ok,50,/data/zhq7531/IDEAL/hetero_lvgp/benchmark/results/ackley_2d/standard_LVGP/pi/nrep10/seed23.mat,ackley_2d/standard_LVGP/pi/nrep10/seed23
ackley_2d,standard_LVGP,pi,,10,24,ok,50,/data/zhq7531/IDEAL/hetero_lvgp/benchmark/results/ackley_2d/standard_LVGP/pi/nrep10/seed24.mat,ackley_2d/standard_LVGP/pi/nrep10/seed24
ackley_2d,standard_LVGP,pi,,10,25,ok,50,/data/zhq7531/IDEAL/hetero_lvgp/benchmark/results/ackley_2d/standard_LVGP/pi/nrep10/seed25.mat,ackley_2d/standard_LVGP/pi/nrep10/seed25
ackley_2d,standard_LVGP,pi,,10,26,ok,50,/data/zhq7531/IDEAL/hetero_lvgp/benchmark/results/ackley_2d/standard_LVGP/pi/nrep10/seed26.mat,ackley_2d/standard_LVGP/pi/nrep10/seed26
ackley_2d,standard_LVGP,pi,,10,27,ok,50,/data/zhq7531/IDEAL/hetero_lvgp/benchmark/results/ackley_2d/standard_LVGP/pi/nrep10/seed27.mat,ackley_2d/standard_LVGP/pi/nrep10/seed27
ackley_2d,standard_LVGP,pi,,10,28,ok,50,/data/zhq7531/IDEAL/hetero_lvgp/benchmark/results/ackley_2d/standard_LVGP/pi/nrep10/seed28.mat,ackley_2d/standard_LVGP/pi/nrep10/seed28
ackley_2d,standard_LVGP,pi,,10,29,ok,50,/data/zhq7531/IDEAL/hetero_lvgp/benchmark/results/ackley_2d/standard_LVGP/pi/nrep10/seed29.mat,ackley_2d/standard_LVGP/pi/nrep10/seed29
ackley_2d,standard_LVGP,pi,,10,30,ok,50,/data/zhq7531/IDEAL/hetero_lvgp/benchmark/results/ackley_2d/standard_LVGP/pi/nrep10/seed30.mat,ackley_2d/standard_LVGP/pi/nrep10/seed30
ackley_2d,standard_LVGP,ei,,3,1,ok,50,/data/zhq7531/IDEAL/hetero_lvgp/benchmark/results/ackley_2d/standard_LVGP/ei/nrep03/seed01.mat,ackley_2d/standard_LVGP/ei/nrep03/seed01
ackley_2d,standard_LVGP,ei,,3,2,ok,50,/data/zhq7531/IDEAL/hetero_lvgp/benchmark/results/ackley_2d/standard_LVGP/ei/nrep03/seed02.mat,ackley_2d/standard_LVGP/ei/nrep03/seed02
ackley_2d,standard_LVGP,ei,,3,3,ok,50,/data/zhq7531/IDEAL/hetero_lvgp/benchmark/results/ackley_2d/standard_LVGP/ei/nrep03/seed03.mat,ackley_2d/standard_LVGP/ei/nrep03/seed03
ackley_2d,standard_LVGP,ei,,3,4,ok,50,/data/zhq7531/IDEAL/hetero_lvgp/benchmark/results/ackley_2d/standard_LVGP/ei/nrep03/seed04.mat,ackley_2d/standard_LVGP/ei/nrep03/seed04
ackley_2d,standard_LVGP,ei,,3,5,ok,50,/data/zhq7531/IDEAL/hetero_lvgp/benchmark/results/ackley_2d/standard_LVGP/ei/nrep03/seed05.mat,ackley_2d/standard_LVGP/ei/nrep03/seed05
ackley_2d,standard_LVGP,ei,,3,6,ok,50,/data/zhq7531/IDEAL/hetero_lvgp/benchmark/results/ackley_2d/standard_LVGP/ei/nrep03/seed06.mat,ackley_2d/standard_LVGP/ei/nrep03/seed06
ackley_2d,standard_LVGP,ei,,3,7,ok,50,/data/zhq7531/IDEAL/hetero_lvgp/benchmark/results/ackley_2d/standard_LVGP/ei/nrep03/seed07.mat,ackley_2d/standard_LVGP/ei/nrep03/seed07
ackley_2d,standard_LVGP,ei,,3,8,ok,50,/data/zhq7531/IDEAL/hetero_lvgp/benchmark/results/ackley_2d/standard_LVGP/ei/nrep03/seed08.mat,ackley_2d/standard_LVGP/ei/nrep03/seed08
ackley_2d,standard_LVGP,ei,,3,9,ok,50,/data/zhq7531/IDEAL/hetero_lvgp/benchmark/results/ackley_2d/standard_LVGP/ei/nrep03/seed09.mat,ackley_2d/standard_LVGP/ei/nrep03/seed09
ackley_2d,standard_LVGP,ei,,3,10,ok,50,/data/zhq7531/IDEAL/hetero_lvgp/benchmark/results/ackley_2d/standard_LVGP/ei/nrep03/seed10.mat,ackley_2d/standard_LVGP/ei/nrep03/seed10
ackley_2d,standard_LVGP,ei,,3,11,ok,50,/data/zhq7531/IDEAL/hetero_lvgp/benchmark/results/ackley_2d/standard_LVGP/ei/nrep03/seed11.mat,ackley_2d/standard_LVGP/ei/nrep03/seed11
ackley_2d,standard_LVGP,ei,,3,12,ok,50,/data/zhq7531/IDEAL/hetero_lvgp/benchmark/results/ackley_2d/standard_LVGP/ei/nrep03/seed12.mat,ackley_2d/standard_LVGP/ei/nrep03/seed12
ackley_2d,standard_LVGP,ei,,3,13,ok,50,/data/zhq7531/IDEAL/hetero_lvgp/benchmark/results/ackley_2d/standard_LVGP/ei/nrep03/seed13.mat,ackley_2d/standard_LVGP/ei/nrep03/seed13
ackley_2d,standard_LVGP,ei,,3,14,ok,50,/data/zhq7531/IDEAL/hetero_lvgp/benchmark/results/ackley_2d/standard_LVGP/ei/nrep03/seed14.mat,ackley_2d/standard_LVGP/ei/nrep03/seed14
ackley_2d,standard_LVGP,ei,,3,15,ok,50,/data/zhq7531/IDEAL/hetero_lvgp/benchmark/results/ackley_2d/standard_LVGP/ei/nrep03/seed15.mat,ackley_2d/standard_LVGP/ei/nrep03/seed15
ackley_2d,standard_LVGP,ei,,3,16,ok,50,/data/zhq7531/IDEAL/hetero_lvgp/benchmark/results/ackley_2d/standard_LVGP/ei/nrep03/seed16.mat,ackley_2d/standard_LVGP/ei/nrep03/seed16
ackley_2d,standard_LVGP,ei,,3,17,ok,50,/data/zhq7531/IDEAL/hetero_lvgp/benchmark/results/ackley_2d/standard_LVGP/ei/nrep03/seed17.mat,ackley_2d/standard_LVGP/ei/nrep03/seed17
ackley_2d,standard_LVGP,ei,,3,18,ok,50,/data/zhq7531/IDEAL/hetero_lvgp/benchmark/results/ackley_2d/standard_LVGP/ei/nrep03/seed18.mat,ackley_2d/standard_LVGP/ei/nrep03/seed18
ackley_2d,standard_LVGP,ei,,3,19,ok,50,/data/zhq7531/IDEAL/hetero_lvgp/benchmark/results/ackley_2d/standard_LVGP/ei/nrep03/seed19.mat,ackley_2d/standard_LVGP/ei/nrep03/seed19
ackley_2d,standard_LVGP,ei,,3,20,ok,50,/data/zhq7531/IDEAL/hetero_lvgp/benchmark/results/ackley_2d/standard_LVGP/ei/nrep03/seed20.mat,ackley_2d/standard_LVGP/ei/nrep03/seed20
ackley_2d,standard_LVGP,ei,,3,21,ok,50,/data/zhq7531/IDEAL/hetero_lvgp/benchmark/results/ackley_2d/standard_LVGP/ei/nrep03/seed21.mat,ackley_2d/standard_LVGP/ei/nrep03/seed21
ackley_2d,standard_LVGP,ei,,3,22,ok,50,/data/zhq7531/IDEAL/hetero_lvgp/benchmark/results/ackley_2d/standard_LVGP/ei/nrep03/seed22.mat,ackley_2d/standard_LVGP/ei/nrep03/seed22
ackley_2d,standard_LVGP,ei,,3,23,ok,50,/data/zhq7531/IDEAL/hetero_lvgp/benchmark/results/ackley_2d/standard_LVGP/ei/nrep03/seed23.mat,ackley_2d/standard_LVGP/ei/nrep03/seed23
ackley_2d,standard_LVGP,ei,,3,24,ok,50,/data/zhq7531/IDEAL/hetero_lvgp/benchmark/results/ackley_2d/standard_LVGP/ei/nrep03/seed24.mat,ackley_2d/standard_LVGP/ei/nrep03/seed24
ackley_2d,standard_LVGP,ei,,3,25,ok,50,/data/zhq7531/IDEAL/hetero_lvgp/benchmark/results/ackley_2d/standard_LVGP/ei/nrep03/seed25.mat,ackley_2d/standard_LVGP/ei/nrep03/seed25
ackley_2d,standard_LVGP,ei,,3,26,ok,50,/data/zhq7531/IDEAL/hetero_lvgp/benchmark/results/ackley_2d/standard_LVGP/ei/nrep03/seed26.mat,ackley_2d/standard_LVGP/ei/nrep03/seed26
ackley_2d,standard_LVGP,ei,,3,27,ok,50,/data/zhq7531/IDEAL/hetero_lvgp/benchmark/results/ackley_2d/standard_LVGP/ei/nrep03/seed27.mat,ackley_2d/standard_LVGP/ei/nrep03/seed27
ackley_2d,standard_LVGP,ei,,3,28,ok,50,/data/zhq7531/IDEAL/hetero_lvgp/benchmark/results/ackley_2d/standard_LVGP/ei/nrep03/seed28.mat,ackley_2d/standard_LVGP/ei/nrep03/seed28
ackley_2d,standard_LVGP,ei,,3,29,ok,50,/data/zhq7531/IDEAL/hetero_lvgp/benchmark/results/ackley_2d/standard_LVGP/ei/nrep03/seed29.mat,ackley_2d/standard_LVGP/ei/nrep03/seed29
ackley_2d,standard_LVGP,ei,,3,30,ok,50,/data/zhq7531/IDEAL/hetero_lvgp/benchmark/results/ackley_2d/standard_LVGP/ei/nrep03/seed30.mat,ackley_2d/standard_LVGP/ei/nrep03/seed30
ackley_2d,standard_LVGP,ei,,10,1,ok,50,/data/zhq7531/IDEAL/hetero_lvgp/benchmark/results/ackley_2d/standard_LVGP/ei/nrep10/seed01.mat,ackley_2d/standard_LVGP/ei/nrep10/seed01
ackley_2d,standard_LVGP,ei,,10,2,ok,50,/data/zhq7531/IDEAL/hetero_lvgp/benchmark/results/ackley_2d/standard_LVGP/ei/nrep10/seed02.mat,ackley_2d/standard_LVGP/ei/nrep10/seed02
ackley_2d,standard_LVGP,ei,,10,3,ok,50,/data/zhq7531/IDEAL/hetero_lvgp/benchmark/results/ackley_2d/standard_LVGP/ei/nrep10/seed03.mat,ackley_2d/standard_LVGP/ei/nrep10/seed03
ackley_2d,standard_LVGP,ei,,10,4,ok,50,/data/zhq7531/IDEAL/hetero_lvgp/benchmark/results/ackley_2d/standard_LVGP/ei/nrep10/seed04.mat,ackley_2d/standard_LVGP/ei/nrep10/seed04
ackley_2d,standard_LVGP,ei,,10,5,ok,50,/data/zhq7531/IDEAL/hetero_lvgp/benchmark/results/ackley_2d/standard_LVGP/ei/nrep10/seed05.mat,ackley_2d/standard_LVGP/ei/nrep10/seed05
ackley_2d,standard_LVGP,ei,,10,6,ok,50,/data/zhq7531/IDEAL/hetero_lvgp/benchmark/results/ackley_2d/standard_LVGP/ei/nrep10/seed06.mat,ackley_2d/standard_LVGP/ei/nrep10/seed06
ackley_2d,standard_LVGP,ei,,10,7,ok,50,/data/zhq7531/IDEAL/hetero_lvgp/benchmark/results/ackley_2d/standard_LVGP/ei/nrep10/seed07.mat,ackley_2d/standard_LVGP/ei/nrep10/seed07
ackley_2d,standard_LVGP,ei,,10,8,ok,50,/data/zhq7531/IDEAL/hetero_lvgp/benchmark/results/ackley_2d/standard_LVGP/ei/nrep10/seed08.mat,ackley_2d/standard_LVGP/ei/nrep10/seed08
ackley_2d,standard_LVGP,ei,,10,9,ok,50,/data/zhq7531/IDEAL/hetero_lvgp/benchmark/results/ackley_2d/standard_LVGP/ei/nrep10/seed09.mat,ackley_2d/standard_LVGP/ei/nrep10/seed09
ackley_2d,standard_LVGP,ei,,10,10,ok,50,/data/zhq7531/IDEAL/hetero_lvgp/benchmark/results/ackley_2d/standard_LVGP/ei/nrep10/seed10.mat,ackley_2d/standard_LVGP/ei/nrep10/seed10
ackley_2d,standard_LVGP,ei,,10,11,ok,50,/data/zhq7531/IDEAL/hetero_lvgp/benchmark/results/ackley_2d/standard_LVGP/ei/nrep10/seed11.mat,ackley_2d/standard_LVGP/ei/nrep10/seed11
ackley_2d,standard_LVGP,ei,,10,12,ok,50,/data/zhq7531/IDEAL/hetero_lvgp/benchmark/results/ackley_2d/standard_LVGP/ei/nrep10/seed12.mat,ackley_2d/standard_LVGP/ei/nrep10/seed12
ackley_2d,standard_LVGP,ei,,10,13,ok,50,/data/zhq7531/IDEAL/hetero_lvgp/benchmark/results/ackley_2d/standard_LVGP/ei/nrep10/seed13.mat,ackley_2d/standard_LVGP/ei/nrep10/seed13
ackley_2d,standard_LVGP,ei,,10,14,ok,50,/data/zhq7531/IDEAL/hetero_lvgp/benchmark/results/ackley_2d/standard_LVGP/ei/nrep10/seed14.mat,ackley_2d/standard_LVGP/ei/nrep10/seed14
ackley_2d,standard_LVGP,ei,,10,15,ok,50,/data/zhq7531/IDEAL/hetero_lvgp/benchmark/results/ackley_2d/standard_LVGP/ei/nrep10/seed15.mat,ackley_2d/standard_LVGP/ei/nrep10/seed15
ackley_2d,standard_LVGP,ei,,10,16,ok,50,/data/zhq7531/IDEAL/hetero_lvgp/benchmark/results/ackley_2d/standard_LVGP/ei/nrep10/seed16.mat,ackley_2d/standard_LVGP/ei/nrep10/seed16
ackley_2d,standard_LVGP,ei,,10,17,ok,50,/data/zhq7531/IDEAL/hetero_lvgp/benchmark/results/ackley_2d/standard_LVGP/ei/nrep10/seed17.mat,ackley_2d/standard_LVGP/ei/nrep10/seed17
ackley_2d,standard_LVGP,ei,,10,18,ok,50,/data/zhq7531/IDEAL/hetero_lvgp/benchmark/results/ackley_2d/standard_LVGP/ei/nrep10/seed18.mat,ackley_2d/standard_LVGP/ei/nrep10/seed18
ackley_2d,standard_LVGP,ei,,10,19,ok,50,/data/zhq7531/IDEAL/hetero_lvgp/benchmark/results/ackley_2d/standard_LVGP/ei/nrep10/seed19.mat,ackley_2d/standard_LVGP/ei/nrep10/seed19
ackley_2d,standard_LVGP,ei,,10,20,ok,50,/data/zhq7531/IDEAL/hetero_lvgp/benchmark/results/ackley_2d/standard_LVGP/ei/nrep10/seed20.mat,ackley_2d/standard_LVGP/ei/nrep10/seed20
ackley_2d,standard_LVGP,ei,,10,21,ok,50,/data/zhq7531/IDEAL/hetero_lvgp/benchmark/results/ackley_2d/standard_LVGP/ei/nrep10/seed21.mat,ackley_2d/standard_LVGP/ei/nrep10/seed21
ackley_2d,standard_LVGP,ei,,10,22,ok,50,/data/zhq7531/IDEAL/hetero_lvgp/benchmark/results/ackley_2d/standard_LVGP/ei/nrep10/seed22.mat,ackley_2d/standard_LVGP/ei/nrep10/seed22
ackley_2d,standard_LVGP,ei,,10,23,ok,50,/data/zhq7531/IDEAL/hetero_lvgp/benchmark/results/ackley_2d/standard_LVGP/ei/nrep10/seed23.mat,ackley_2d/standard_LVGP/ei/nrep10/seed23
ackley_2d,standard_LVGP,ei,,10,24,ok,50,/data/zhq7531/IDEAL/hetero_lvgp/benchmark/results/ackley_2d/standard_LVGP/ei/nrep10/seed24.mat,ackley_2d/standard_LVGP/ei/nrep10/seed24
ackley_2d,standard_LVGP,ei,,10,25,ok,50,/data/zhq7531/IDEAL/hetero_lvgp/benchmark/results/ackley_2d/standard_LVGP/ei/nrep10/seed25.mat,ackley_2d/standard_LVGP/ei/nrep10/seed25
ackley_2d,standard_LVGP,ei,,10,26,ok,50,/data/zhq7531/IDEAL/hetero_lvgp/benchmark/results/ackley_2d/standard_LVGP/ei/nrep10/seed26.mat,ackley_2d/standard_LVGP/ei/nrep10/seed26
ackley_2d,standard_LVGP,ei,,10,27,ok,50,/data/zhq7531/IDEAL/hetero_lvgp/benchmark/results/ackley_2d/standard_LVGP/ei/nrep10/seed27.mat,ackley_2d/standard_LVGP/ei/nrep10/seed27
ackley_2d,standard_LVGP,ei,,10,28,ok,50,/data/zhq7531/IDEAL/hetero_lvgp/benchmark/results/ackley_2d/standard_LVGP/ei/nrep10/seed28.mat,ackley_2d/standard_LVGP/ei/nrep10/seed28
ackley_2d,standard_LVGP,ei,,10,29,ok,50,/data/zhq7531/IDEAL/hetero_lvgp/benchmark/results/ackley_2d/standard_LVGP/ei/nrep10/seed29.mat,ackley_2d/standard_LVGP/ei/nrep10/seed29
ackley_2d,standard_LVGP,ei,,10,30,ok,50,/data/zhq7531/IDEAL/hetero_lvgp/benchmark/results/ackley_2d/standard_LVGP/ei/nrep10/seed30.mat,ackley_2d/standard_LVGP/ei/nrep10/seed30
ackley_2d,heter_LVGP,lcb,,3,1,ok,50,/data/zhq7531/IDEAL/hetero_lvgp/benchmark/results/ackley_2d/heter_LVGP/lcb/nrep03/seed01.mat,ackley_2d/heter_LVGP/lcb/nrep03/seed01
ackley_2d,heter_LVGP,lcb,,3,2,ok,50,/data/zhq7531/IDEAL/hetero_lvgp/benchmark/results/ackley_2d/heter_LVGP/lcb/nrep03/seed02.mat,ackley_2d/heter_LVGP/lcb/nrep03/seed02
ackley_2d,heter_LVGP,lcb,,3,3,ok,50,/data/zhq7531/IDEAL/hetero_lvgp/benchmark/results/ackley_2d/heter_LVGP/lcb/nrep03/seed03.mat,ackley_2d/heter_LVGP/lcb/nrep03/seed03
ackley_2d,heter_LVGP,lcb,,3,4,ok,50,/data/zhq7531/IDEAL/hetero_lvgp/benchmark/results/ackley_2d/heter_LVGP/lcb/nrep03/seed04.mat,ackley_2d/heter_LVGP/lcb/nrep03/seed04
ackley_2d,heter_LVGP,lcb,,3,5,ok,50,/data/zhq7531/IDEAL/hetero_lvgp/benchmark/results/ackley_2d/heter_LVGP/lcb/nrep03/seed05.mat,ackley_2d/heter_LVGP/lcb/nrep03/seed05
ackley_2d,heter_LVGP,lcb,,3,6,ok,50,/data/zhq7531/IDEAL/hetero_lvgp/benchmark/results/ackley_2d/heter_LVGP/lcb/nrep03/seed06.mat,ackley_2d/heter_LVGP/lcb/nrep03/seed06
ackley_2d,heter_LVGP,lcb,,3,7,ok,50,/data/zhq7531/IDEAL/hetero_lvgp/benchmark/results/ackley_2d/heter_LVGP/lcb/nrep03/seed07.mat,ackley_2d/heter_LVGP/lcb/nrep03/seed07
ackley_2d,heter_LVGP,lcb,,3,8,ok,50,/data/zhq7531/IDEAL/hetero_lvgp/benchmark/results/ackley_2d/heter_LVGP/lcb/nrep03/seed08.mat,ackley_2d/heter_LVGP/lcb/nrep03/seed08
ackley_2d,heter_LVGP,lcb,,3,9,ok,50,/data/zhq7531/IDEAL/hetero_lvgp/benchmark/results/ackley_2d/heter_LVGP/lcb/nrep03/seed09.mat,ackley_2d/heter_LVGP/lcb/nrep03/seed09
ackley_2d,heter_LVGP,lcb,,3,10,ok,50,/data/zhq7531/IDEAL/hetero_lvgp/benchmark/results/ackley_2d/heter_LVGP/lcb/nrep03/seed10.mat,ackley_2d/heter_LVGP/lcb/nrep03/seed10
ackley_2d,heter_LVGP,lcb,,3,11,ok,50,/data/zhq7531/IDEAL/hetero_lvgp/benchmark/results/ackley_2d/heter_LVGP/lcb/nrep03/seed11.mat,ackley_2d/heter_LVGP/lcb/nrep03/seed11
ackley_2d,heter_LVGP,lcb,,3,12,ok,50,/data/zhq7531/IDEAL/hetero_lvgp/benchmark/results/ackley_2d/heter_LVGP/lcb/nrep03/seed12.mat,ackley_2d/heter_LVGP/lcb/nrep03/seed12
ackley_2d,heter_LVGP,lcb,,3,13,ok,50,/data/zhq7531/IDEAL/hetero_lvgp/benchmark/results/ackley_2d/heter_LVGP/lcb/nrep03/seed13.mat,ackley_2d/heter_LVGP/lcb/nrep03/seed13
ackley_2d,heter_LVGP,lcb,,3,14,ok,50,/data/zhq7531/IDEAL/hetero_lvgp/benchmark/results/ackley_2d/heter_LVGP/lcb/nrep03/seed14.mat,ackley_2d/heter_LVGP/lcb/nrep03/seed14
ackley_2d,heter_LVGP,lcb,,3,15,ok,50,/data/zhq7531/IDEAL/hetero_lvgp/benchmark/results/ackley_2d/heter_LVGP/lcb/nrep03/seed15.mat,ackley_2d/heter_LVGP/lcb/nrep03/seed15
ackley_2d,heter_LVGP,lcb,,3,16,ok,50,/data/zhq7531/IDEAL/hetero_lvgp/benchmark/results/ackley_2d/heter_LVGP/lcb/nrep03/seed16.mat,ackley_2d/heter_LVGP/lcb/nrep03/seed16
ackley_2d,heter_LVGP,lcb,,3,17,ok,50,/data/zhq7531/IDEAL/hetero_lvgp/benchmark/results/ackley_2d/heter_LVGP/lcb/nrep03/seed17.mat,ackley_2d/heter_LVGP/lcb/nrep03/seed17
ackley_2d,heter_LVGP,lcb,,3,18,ok,50,/data/zhq7531/IDEAL/hetero_lvgp/benchmark/results/ackley_2d/heter_LVGP/lcb/nrep03/seed18.mat,ackley_2d/heter_LVGP/lcb/nrep03/seed18
ackley_2d,heter_LVGP,lcb,,3,19,ok,50,/data/zhq7531/IDEAL/hetero_lvgp/benchmark/results/ackley_2d/heter_LVGP/lcb/nrep03/seed19.mat,ackley_2d/heter_LVGP/lcb/nrep03/seed19
ackley_2d,heter_LVGP,lcb,,3,20,ok,50,/data/zhq7531/IDEAL/hetero_lvgp/benchmark/results/ackley_2d/heter_LVGP/lcb/nrep03/seed20.mat,ackley_2d/heter_LVGP/lcb/nrep03/seed20
ackley_2d,heter_LVGP,lcb,,3,21,ok,50,/data/zhq7531/IDEAL/hetero_lvgp/benchmark/results/ackley_2d/heter_LVGP/lcb/nrep03/seed21.mat,ackley_2d/heter_LVGP/lcb/nrep03/seed21
ackley_2d,heter_LVGP,lcb,,3,22,ok,50,/data/zhq7531/IDEAL/hetero_lvgp/benchmark/results/ackley_2d/heter_LVGP/lcb/nrep03/seed22.mat,ackley_2d/heter_LVGP/lcb/nrep03/seed22
ackley_2d,heter_LVGP,lcb,,3,23,ok,50,/data/zhq7531/IDEAL/hetero_lvgp/benchmark/results/ackley_2d/heter_LVGP/lcb/nrep03/seed23.mat,ackley_2d/heter_LVGP/lcb/nrep03/seed23
ackley_2d,heter_LVGP,lcb,,3,24,ok,50,/data/zhq7531/IDEAL/hetero_lvgp/benchmark/results/ackley_2d/heter_LVGP/lcb/nrep03/seed24.mat,ackley_2d/heter_LVGP/lcb/nrep03/seed24
ackley_2d,heter_LVGP,lcb,,3,25,ok,50,/data/zhq7531/IDEAL/hetero_lvgp/benchmark/results/ackley_2d/heter_LVGP/lcb/nrep03/seed25.mat,ackley_2d/heter_LVGP/lcb/nrep03/seed25
ackley_2d,heter_LVGP,lcb,,3,26,ok,50,/data/zhq7531/IDEAL/hetero_lvgp/benchmark/results/ackley_2d/heter_LVGP/lcb/nrep03/seed26.mat,ackley_2d/heter_LVGP/lcb/nrep03/seed26
ackley_2d,heter_LVGP,lcb,,3,27,ok,50,/data/zhq7531/IDEAL/hetero_lvgp/benchmark/results/ackley_2d/heter_LVGP/lcb/nrep03/seed27.mat,ackley_2d/heter_LVGP/lcb/nrep03/seed27
ackley_2d,heter_LVGP,lcb,,3,28,ok,50,/data/zhq7531/IDEAL/hetero_lvgp/benchmark/results/ackley_2d/heter_LVGP/lcb/nrep03/seed28.mat,ackley_2d/heter_LVGP/lcb/nrep03/seed28
ackley_2d,heter_LVGP,lcb,,3,29,ok,50,/data/zhq7531/IDEAL/hetero_lvgp/benchmark/results/ackley_2d/heter_LVGP/lcb/nrep03/seed29.mat,ackley_2d/heter_LVGP/lcb/nrep03/seed29
ackley_2d,heter_LVGP,lcb,,3,30,ok,50,/data/zhq7531/IDEAL/hetero_lvgp/benchmark/results/ackley_2d/heter_LVGP/lcb/nrep03/seed30.mat,ackley_2d/heter_LVGP/lcb/nrep03/seed30
ackley_2d,heter_LVGP,lcb,,10,1,ok,50,/data/zhq7531/IDEAL/hetero_lvgp/benchmark/results/ackley_2d/heter_LVGP/lcb/nrep10/seed01.mat,ackley_2d/heter_LVGP/lcb/nrep10/seed01
ackley_2d,heter_LVGP,lcb,,10,2,ok,50,/data/zhq7531/IDEAL/hetero_lvgp/benchmark/results/ackley_2d/heter_LVGP/lcb/nrep10/seed02.mat,ackley_2d/heter_LVGP/lcb/nrep10/seed02
ackley_2d,heter_LVGP,lcb,,10,3,ok,50,/data/zhq7531/IDEAL/hetero_lvgp/benchmark/results/ackley_2d/heter_LVGP/lcb/nrep10/seed03.mat,ackley_2d/heter_LVGP/lcb/nrep10/seed03
ackley_2d,heter_LVGP,lcb,,10,4,ok,50,/data/zhq7531/IDEAL/hetero_lvgp/benchmark/results/ackley_2d/heter_LVGP/lcb/nrep10/seed04.mat,ackley_2d/heter_LVGP/lcb/nrep10/seed04
ackley_2d,heter_LVGP,lcb,,10,5,ok,50,/data/zhq7531/IDEAL/hetero_lvgp/benchmark/results/ackley_2d/heter_LVGP/lcb/nrep10/seed05.mat,ackley_2d/heter_LVGP/lcb/nrep10/seed05
ackley_2d,heter_LVGP,lcb,,10,6,ok,50,/data/zhq7531/IDEAL/hetero_lvgp/benchmark/results/ackley_2d/heter_LVGP/lcb/nrep10/seed06.mat,ackley_2d/heter_LVGP/lcb/nrep10/seed06
ackley_2d,heter_LVGP,lcb,,10,7,ok,50,/data/zhq7531/IDEAL/hetero_lvgp/benchmark/results/ackley_2d/heter_LVGP/lcb/nrep10/seed07.mat,ackley_2d/heter_LVGP/lcb/nrep10/seed07
ackley_2d,heter_LVGP,lcb,,10,8,ok,50,/data/zhq7531/IDEAL/hetero_lvgp/benchmark/results/ackley_2d/heter_LVGP/lcb/nrep10/seed08.mat,ackley_2d/heter_LVGP/lcb/nrep10/seed08
ackley_2d,heter_LVGP,lcb,,10,9,ok,50,/data/zhq7531/IDEAL/hetero_lvgp/benchmark/results/ackley_2d/heter_LVGP/lcb/nrep10/seed09.mat,ackley_2d/heter_LVGP/lcb/nrep10/seed09
ackley_2d,heter_LVGP,lcb,,10,10,ok,50,/data/zhq7531/IDEAL/hetero_lvgp/benchmark/results/ackley_2d/heter_LVGP/lcb/nrep10/seed10.mat,ackley_2d/heter_LVGP/lcb/nrep10/seed10
ackley_2d,heter_LVGP,lcb,,10,11,ok,50,/data/zhq7531/IDEAL/hetero_lvgp/benchmark/results/ackley_2d/heter_LVGP/lcb/nrep10/seed11.mat,ackley_2d/heter_LVGP/lcb/nrep10/seed11
ackley_2d,heter_LVGP,lcb,,10,12,ok,50,/data/zhq7531/IDEAL/hetero_lvgp/benchmark/results/ackley_2d/heter_LVGP/lcb/nrep10/seed12.mat,ackley_2d/heter_LVGP/lcb/nrep10/seed12
ackley_2d,heter_LVGP,lcb,,10,13,ok,50,/data/zhq7531/IDEAL/hetero_lvgp/benchmark/results/ackley_2d/heter_LVGP/lcb/nrep10/seed13.mat,ackley_2d/heter_LVGP/lcb/nrep10/seed13
ackley_2d,heter_LVGP,lcb,,10,14,ok,50,/data/zhq7531/IDEAL/hetero_lvgp/benchmark/results/ackley_2d/heter_LVGP/lcb/nrep10/seed14.mat,ackley_2d/heter_LVGP/lcb/nrep10/seed14
ackley_2d,heter_LVGP,lcb,,10,15,ok,50,/data/zhq7531/IDEAL/hetero_lvgp/benchmark/results/ackley_2d/heter_LVGP/lcb/nrep10/seed15.mat,ackley_2d/heter_LVGP/lcb/nrep10/seed15
ackley_2d,heter_LVGP,lcb,,10,16,ok,50,/data/zhq7531/IDEAL/hetero_lvgp/benchmark/results/ackley_2d/heter_LVGP/lcb/nrep10/seed16.mat,ackley_2d/heter_LVGP/lcb/nrep10/seed16
ackley_2d,heter_LVGP,lcb,,10,17,ok,50,/data/zhq7531/IDEAL/hetero_lvgp/benchmark/results/ackley_2d/heter_LVGP/lcb/nrep10/seed17.mat,ackley_2d/heter_LVGP/lcb/nrep10/seed17
ackley_2d,heter_LVGP,lcb,,10,18,ok,50,/data/zhq7531/IDEAL/hetero_lvgp/benchmark/results/ackley_2d/heter_LVGP/lcb/nrep10/seed18.mat,ackley_2d/heter_LVGP/lcb/nrep10/seed18
ackley_2d,heter_LVGP,lcb,,10,19,ok,50,/data/zhq7531/IDEAL/hetero_lvgp/benchmark/results/ackley_2d/heter_LVGP/lcb/nrep10/seed19.mat,ackley_2d/heter_LVGP/lcb/nrep10/seed19
ackley_2d,heter_LVGP,lcb,,10,20,ok,50,/data/zhq7531/IDEAL/hetero_lvgp/benchmark/results/ackley_2d/heter_LVGP/lcb/nrep10/seed20.mat,ackley_2d/heter_LVGP/lcb/nrep10/seed20
ackley_2d,heter_LVGP,lcb,,10,21,ok,50,/data/zhq7531/IDEAL/hetero_lvgp/benchmark/results/ackley_2d/heter_LVGP/lcb/nrep10/seed21.mat,ackley_2d/heter_LVGP/lcb/nrep10/seed21
ackley_2d,heter_LVGP,lcb,,10,22,ok,50,/data/zhq7531/IDEAL/hetero_lvgp/benchmark/results/ackley_2d/heter_LVGP/lcb/nrep10/seed22.mat,ackley_2d/heter_LVGP/lcb/nrep10/seed22
ackley_2d,heter_LVGP,lcb,,10,23,ok,50,/data/zhq7531/IDEAL/hetero_lvgp/benchmark/results/ackley_2d/heter_LVGP/lcb/nrep10/seed23.mat,ackley_2d/heter_LVGP/lcb/nrep10/seed23
ackley_2d,heter_LVGP,lcb,,10,24,ok,50,/data/zhq7531/IDEAL/hetero_lvgp/benchmark/results/ackley_2d/heter_LVGP/lcb/nrep10/seed24.mat,ackley_2d/heter_LVGP/lcb/nrep10/seed24
ackley_2d,heter_LVGP,lcb,,10,25,ok,50,/data/zhq7531/IDEAL/hetero_lvgp/benchmark/results/ackley_2d/heter_LVGP/lcb/nrep10/seed25.mat,ackley_2d/heter_LVGP/lcb/nrep10/seed25
ackley_2d,heter_LVGP,lcb,,10,26,ok,50,/data/zhq7531/IDEAL/hetero_lvgp/benchmark/results/ackley_2d/heter_LVGP/lcb/nrep10/seed26.mat,ackley_2d/heter_LVGP/lcb/nrep10/seed26
ackley_2d,heter_LVGP,lcb,,10,27,ok,50,/data/zhq7531/IDEAL/hetero_lvgp/benchmark/results/ackley_2d/heter_LVGP/lcb/nrep10/seed27.mat,ackley_2d/heter_LVGP/lcb/nrep10/seed27
ackley_2d,heter_LVGP,lcb,,10,28,ok,50,/data/zhq7531/IDEAL/hetero_lvgp/benchmark/results/ackley_2d/heter_LVGP/lcb/nrep10/seed28.mat,ackley_2d/heter_LVGP/lcb/nrep10/seed28
ackley_2d,heter_LVGP,lcb,,10,29,ok,50,/data/zhq7531/IDEAL/hetero_lvgp/benchmark/results/ackley_2d/heter_LVGP/lcb/nrep10/seed29.mat,ackley_2d/heter_LVGP/lcb/nrep10/seed29
ackley_2d,heter_LVGP,lcb,,10,30,ok,50,/data/zhq7531/IDEAL/hetero_lvgp/benchmark/results/ackley_2d/heter_LVGP/lcb/nrep10/seed30.mat,ackley_2d/heter_LVGP/lcb/nrep10/seed30
ackley_2d,heter_LVGP,pi,,3,1,ok,50,/data/zhq7531/IDEAL/hetero_lvgp/benchmark/results/ackley_2d/heter_LVGP/pi/nrep03/seed01.mat,ackley_2d/heter_LVGP/pi/nrep03/seed01
ackley_2d,heter_LVGP,pi,,3,2,ok,50,/data/zhq7531/IDEAL/hetero_lvgp/benchmark/results/ackley_2d/heter_LVGP/pi/nrep03/seed02.mat,ackley_2d/heter_LVGP/pi/nrep03/seed02
ackley_2d,heter_LVGP,pi,,3,3,ok,50,/data/zhq7531/IDEAL/hetero_lvgp/benchmark/results/ackley_2d/heter_LVGP/pi/nrep03/seed03.mat,ackley_2d/heter_LVGP/pi/nrep03/seed03
ackley_2d,heter_LVGP,pi,,3,4,ok,50,/data/zhq7531/IDEAL/hetero_lvgp/benchmark/results/ackley_2d/heter_LVGP/pi/nrep03/seed04.mat,ackley_2d/heter_LVGP/pi/nrep03/seed04
ackley_2d,heter_LVGP,pi,,3,5,ok,50,/data/zhq7531/IDEAL/hetero_lvgp/benchmark/results/ackley_2d/heter_LVGP/pi/nrep03/seed05.mat,ackley_2d/heter_LVGP/pi/nrep03/seed05
ackley_2d,heter_LVGP,pi,,3,6,ok,50,/data/zhq7531/IDEAL/hetero_lvgp/benchmark/results/ackley_2d/heter_LVGP/pi/nrep03/seed06.mat,ackley_2d/heter_LVGP/pi/nrep03/seed06
ackley_2d,heter_LVGP,pi,,3,7,ok,50,/data/zhq7531/IDEAL/hetero_lvgp/benchmark/results/ackley_2d/heter_LVGP/pi/nrep03/seed07.mat,ackley_2d/heter_LVGP/pi/nrep03/seed07
ackley_2d,heter_LVGP,pi,,3,8,ok,50,/data/zhq7531/IDEAL/hetero_lvgp/benchmark/results/ackley_2d/heter_LVGP/pi/nrep03/seed08.mat,ackley_2d/heter_LVGP/pi/nrep03/seed08
ackley_2d,heter_LVGP,pi,,3,9,ok,50,/data/zhq7531/IDEAL/hetero_lvgp/benchmark/results/ackley_2d/heter_LVGP/pi/nrep03/seed09.mat,ackley_2d/heter_LVGP/pi/nrep03/seed09
ackley_2d,heter_LVGP,pi,,3,10,ok,50,/data/zhq7531/IDEAL/hetero_lvgp/benchmark/results/ackley_2d/heter_LVGP/pi/nrep03/seed10.mat,ackley_2d/heter_LVGP/pi/nrep03/seed10
ackley_2d,heter_LVGP,pi,,3,11,ok,50,/data/zhq7531/IDEAL/hetero_lvgp/benchmark/results/ackley_2d/heter_LVGP/pi/nrep03/seed11.mat,ackley_2d/heter_LVGP/pi/nrep03/seed11
ackley_2d,heter_LVGP,pi,,3,12,ok,50,/data/zhq7531/IDEAL/hetero_lvgp/benchmark/results/ackley_2d/heter_LVGP/pi/nrep03/seed12.mat,ackley_2d/heter_LVGP/pi/nrep03/seed12
ackley_2d,heter_LVGP,pi,,3,13,ok,50,/data/zhq7531/IDEAL/hetero_lvgp/benchmark/results/ackley_2d/heter_LVGP/pi/nrep03/seed13.mat,ackley_2d/heter_LVGP/pi/nrep03/seed13
ackley_2d,heter_LVGP,pi,,3,14,ok,50,/data/zhq7531/IDEAL/hetero_lvgp/benchmark/results/ackley_2d/heter_LVGP/pi/nrep03/seed14.mat,ackley_2d/heter_LVGP/pi/nrep03/seed14
ackley_2d,heter_LVGP,pi,,3,15,ok,50,/data/zhq7531/IDEAL/hetero_lvgp/benchmark/results/ackley_2d/heter_LVGP/pi/nrep03/seed15.mat,ackley_2d/heter_LVGP/pi/nrep03/seed15
ackley_2d,heter_LVGP,pi,,3,16,ok,50,/data/zhq7531/IDEAL/hetero_lvgp/benchmark/results/ackley_2d/heter_LVGP/pi/nrep03/seed16.mat,ackley_2d/heter_LVGP/pi/nrep03/seed16
ackley_2d,heter_LVGP,pi,,3,17,ok,50,/data/zhq7531/IDEAL/hetero_lvgp/benchmark/results/ackley_2d/heter_LVGP/pi/nrep03/seed17.mat,ackley_2d/heter_LVGP/pi/nrep03/seed17
ackley_2d,heter_LVGP,pi,,3,18,ok,50,/data/zhq7531/IDEAL/hetero_lvgp/benchmark/results/ackley_2d/heter_LVGP/pi/nrep03/seed18.mat,ackley_2d/heter_LVGP/pi/nrep03/seed18
ackley_2d,heter_LVGP,pi,,3,19,ok,50,/data/zhq7531/IDEAL/hetero_lvgp/benchmark/results/ackley_2d/heter_LVGP/pi/nrep03/seed19.mat,ackley_2d/heter_LVGP/pi/nrep03/seed19
ackley_2d,heter_LVGP,pi,,3,20,ok,50,/data/zhq7531/IDEAL/hetero_lvgp/benchmark/results/ackley_2d/heter_LVGP/pi/nrep03/seed20.mat,ackley_2d/heter_LVGP/pi/nrep03/seed20
ackley_2d,heter_LVGP,pi,,3,21,ok,50,/data/zhq7531/IDEAL/hetero_lvgp/benchmark/results/ackley_2d/heter_LVGP/pi/nrep03/seed21.mat,ackley_2d/heter_LVGP/pi/nrep03/seed21
ackley_2d,heter_LVGP,pi,,3,22,ok,50,/data/zhq7531/IDEAL/hetero_lvgp/benchmark/results/ackley_2d/heter_LVGP/pi/nrep03/seed22.mat,ackley_2d/heter_LVGP/pi/nrep03/seed22
ackley_2d,heter_LVGP,pi,,3,23,ok,50,/data/zhq7531/IDEAL/hetero_lvgp/benchmark/results/ackley_2d/heter_LVGP/pi/nrep03/seed23.mat,ackley_2d/heter_LVGP/pi/nrep03/seed23
ackley_2d,heter_LVGP,pi,,3,24,ok,50,/data/zhq7531/IDEAL/hetero_lvgp/benchmark/results/ackley_2d/heter_LVGP/pi/nrep03/seed24.mat,ackley_2d/heter_LVGP/pi/nrep03/seed24
ackley_2d,heter_LVGP,pi,,3,25,ok,50,/data/zhq7531/IDEAL/hetero_lvgp/benchmark/results/ackley_2d/heter_LVGP/pi/nrep03/seed25.mat,ackley_2d/heter_LVGP/pi/nrep03/seed25
ackley_2d,heter_LVGP,pi,,3,26,ok,50,/data/zhq7531/IDEAL/hetero_lvgp/benchmark/results/ackley_2d/heter_LVGP/pi/nrep03/seed26.mat,ackley_2d/heter_LVGP/pi/nrep03/seed26
ackley_2d,heter_LVGP,pi,,3,27,ok,50,/data/zhq7531/IDEAL/hetero_lvgp/benchmark/results/ackley_2d/heter_LVGP/pi/nrep03/seed27.mat,ackley_2d/heter_LVGP/pi/nrep03/seed27
ackley_2d,heter_LVGP,pi,,3,28,ok,50,/data/zhq7531/IDEAL/hetero_lvgp/benchmark/results/ackley_2d/heter_LVGP/pi/nrep03/seed28.mat,ackley_2d/heter_LVGP/pi/nrep03/seed28
ackley_2d,heter_LVGP,pi,,3,29,ok,50,/data/zhq7531/IDEAL/hetero_lvgp/benchmark/results/ackley_2d/heter_LVGP/pi/nrep03/seed29.mat,ackley_2d/heter_LVGP/pi/nrep03/seed29
ackley_2d,heter_LVGP,pi,,3,30,ok,50,/data/zhq7531/IDEAL/hetero_lvgp/benchmark/results/ackley_2d/heter_LVGP/pi/nrep03/seed30.mat,ackley_2d/heter_LVGP/pi/nrep03/seed30
ackley_2d,heter_LVGP,pi,,10,1,ok,50,/data/zhq7531/IDEAL/hetero_lvgp/benchmark/results/ackley_2d/heter_LVGP/pi/nrep10/seed01.mat,ackley_2d/heter_LVGP/pi/nrep10/seed01
ackley_2d,heter_LVGP,pi,,10,2,ok,50,/data/zhq7531/IDEAL/hetero_lvgp/benchmark/results/ackley_2d/heter_LVGP/pi/nrep10/seed02.mat,ackley_2d/heter_LVGP/pi/nrep10/seed02
ackley_2d,heter_LVGP,pi,,10,3,ok,50,/data/zhq7531/IDEAL/hetero_lvgp/benchmark/results/ackley_2d/heter_LVGP/pi/nrep10/seed03.mat,ackley_2d/heter_LVGP/pi/nrep10/seed03
ackley_2d,heter_LVGP,pi,,10,4,ok,50,/data/zhq7531/IDEAL/hetero_lvgp/benchmark/results/ackley_2d/heter_LVGP/pi/nrep10/seed04.mat,ackley_2d/heter_LVGP/pi/nrep10/seed04
ackley_2d,heter_LVGP,pi,,10,5,ok,50,/data/zhq7531/IDEAL/hetero_lvgp/benchmark/results/ackley_2d/heter_LVGP/pi/nrep10/seed05.mat,ackley_2d/heter_LVGP/pi/nrep10/seed05
ackley_2d,heter_LVGP,pi,,10,6,ok,50,/data/zhq7531/IDEAL/hetero_lvgp/benchmark/results/ackley_2d/heter_LVGP/pi/nrep10/seed06.mat,ackley_2d/heter_LVGP/pi/nrep10/seed06
ackley_2d,heter_LVGP,pi,,10,7,ok,50,/data/zhq7531/IDEAL/hetero_lvgp/benchmark/results/ackley_2d/heter_LVGP/pi/nrep10/seed07.mat,ackley_2d/heter_LVGP/pi/nrep10/seed07
ackley_2d,heter_LVGP,pi,,10,8,ok,50,/data/zhq7531/IDEAL/hetero_lvgp/benchmark/results/ackley_2d/heter_LVGP/pi/nrep10/seed08.mat,ackley_2d/heter_LVGP/pi/nrep10/seed08
ackley_2d,heter_LVGP,pi,,10,9,ok,50,/data/zhq7531/IDEAL/hetero_lvgp/benchmark/results/ackley_2d/heter_LVGP/pi/nrep10/seed09.mat,ackley_2d/heter_LVGP/pi/nrep10/seed09
ackley_2d,heter_LVGP,pi,,10,10,ok,50,/data/zhq7531/IDEAL/hetero_lvgp/benchmark/results/ackley_2d/heter_LVGP/pi/nrep10/seed10.mat,ackley_2d/heter_LVGP/pi/nrep10/seed10
ackley_2d,heter_LVGP,pi,,10,11,ok,50,/data/zhq7531/IDEAL/hetero_lvgp/benchmark/results/ackley_2d/heter_LVGP/pi/nrep10/seed11.mat,ackley_2d/heter_LVGP/pi/nrep10/seed11
ackley_2d,heter_LVGP,pi,,10,12,ok,50,/data/zhq7531/IDEAL/hetero_lvgp/benchmark/results/ackley_2d/heter_LVGP/pi/nrep10/seed12.mat,ackley_2d/heter_LVGP/pi/nrep10/seed12
ackley_2d,heter_LVGP,pi,,10,13,ok,50,/data/zhq7531/IDEAL/hetero_lvgp/benchmark/results/ackley_2d/heter_LVGP/pi/nrep10/seed13.mat,ackley_2d/heter_LVGP/pi/nrep10/seed13
ackley_2d,heter_LVGP,pi,,10,14,ok,50,/data/zhq7531/IDEAL/hetero_lvgp/benchmark/results/ackley_2d/heter_LVGP/pi/nrep10/seed14.mat,ackley_2d/heter_LVGP/pi/nrep10/seed14
ackley_2d,heter_LVGP,pi,,10,15,ok,50,/data/zhq7531/IDEAL/hetero_lvgp/benchmark/results/ackley_2d/heter_LVGP/pi/nrep10/seed15.mat,ackley_2d/heter_LVGP/pi/nrep10/seed15
ackley_2d,heter_LVGP,pi,,10,16,ok,50,/data/zhq7531/IDEAL/hetero_lvgp/benchmark/results/ackley_2d/heter_LVGP/pi/nrep10/seed16.mat,ackley_2d/heter_LVGP/pi/nrep10/seed16
ackley_2d,heter_LVGP,pi,,10,17,ok,50,/data/zhq7531/IDEAL/hetero_lvgp/benchmark/results/ackley_2d/heter_LVGP/pi/nrep10/seed17.mat,ackley_2d/heter_LVGP/pi/nrep10/seed17
ackley_2d,heter_LVGP,pi,,10,18,ok,50,/data/zhq7531/IDEAL/hetero_lvgp/benchmark/results/ackley_2d/heter_LVGP/pi/nrep10/seed18.mat,ackley_2d/heter_LVGP/pi/nrep10/seed18
ackley_2d,heter_LVGP,pi,,10,19,ok,50,/data/zhq7531/IDEAL/hetero_lvgp/benchmark/results/ackley_2d/heter_LVGP/pi/nrep10/seed19.mat,ackley_2d/heter_LVGP/pi/nrep10/seed19
ackley_2d,heter_LVGP,pi,,10,20,ok,50,/data/zhq7531/IDEAL/hetero_lvgp/benchmark/results/ackley_2d/heter_LVGP/pi/nrep10/seed20.mat,ackley_2d/heter_LVGP/pi/nrep10/seed20
ackley_2d,heter_LVGP,pi,,10,21,ok,50,/data/zhq7531/IDEAL/hetero_lvgp/benchmark/results/ackley_2d/heter_LVGP/pi/nrep10/seed21.mat,ackley_2d/heter_LVGP/pi/nrep10/seed21
ackley_2d,heter_LVGP,pi,,10,22,ok,50,/data/zhq7531/IDEAL/hetero_lvgp/benchmark/results/ackley_2d/heter_LVGP/pi/nrep10/seed22.mat,ackley_2d/heter_LVGP/pi/nrep10/seed22
ackley_2d,heter_LVGP,pi,,10,23,ok,50,/data/zhq7531/IDEAL/hetero_lvgp/benchmark/results/ackley_2d/heter_LVGP/pi/nrep10/seed23.mat,ackley_2d/heter_LVGP/pi/nrep10/seed23
ackley_2d,heter_LVGP,pi,,10,24,ok,50,/data/zhq7531/IDEAL/hetero_lvgp/benchmark/results/ackley_2d/heter_LVGP/pi/nrep10/seed24.mat,ackley_2d/heter_LVGP/pi/nrep10/seed24
ackley_2d,heter_LVGP,pi,,10,25,ok,50,/data/zhq7531/IDEAL/hetero_lvgp/benchmark/results/ackley_2d/heter_LVGP/pi/nrep10/seed25.mat,ackley_2d/heter_LVGP/pi/nrep10/seed25
ackley_2d,heter_LVGP,pi,,10,26,ok,50,/data/zhq7531/IDEAL/hetero_lvgp/benchmark/results/ackley_2d/heter_LVGP/pi/nrep10/seed26.mat,ackley_2d/heter_LVGP/pi/nrep10/seed26
ackley_2d,heter_LVGP,pi,,10,27,ok,50,/data/zhq7531/IDEAL/hetero_lvgp/benchmark/results/ackley_2d/heter_LVGP/pi/nrep10/seed27.mat,ackley_2d/heter_LVGP/pi/nrep10/seed27
ackley_2d,heter_LVGP,pi,,10,28,ok,50,/data/zhq7531/IDEAL/hetero_lvgp/benchmark/results/ackley_2d/heter_LVGP/pi/nrep10/seed28.mat,ackley_2d/heter_LVGP/pi/nrep10/seed28
ackley_2d,heter_LVGP,pi,,10,29,ok,50,/data/zhq7531/IDEAL/hetero_lvgp/benchmark/results/ackley_2d/heter_LVGP/pi/nrep10/seed29.mat,ackley_2d/heter_LVGP/pi/nrep10/seed29
ackley_2d,heter_LVGP,pi,,10,30,ok,50,/data/zhq7531/IDEAL/hetero_lvgp/benchmark/results/ackley_2d/heter_LVGP/pi/nrep10/seed30.mat,ackley_2d/heter_LVGP/pi/nrep10/seed30
ackley_2d,heter_LVGP,ei,,3,1,ok,50,/data/zhq7531/IDEAL/hetero_lvgp/benchmark/results/ackley_2d/heter_LVGP/ei/nrep03/seed01.mat,ackley_2d/heter_LVGP/ei/nrep03/seed01
ackley_2d,heter_LVGP,ei,,3,2,ok,50,/data/zhq7531/IDEAL/hetero_lvgp/benchmark/results/ackley_2d/heter_LVGP/ei/nrep03/seed02.mat,ackley_2d/heter_LVGP/ei/nrep03/seed02
ackley_2d,heter_LVGP,ei,,3,3,ok,50,/data/zhq7531/IDEAL/hetero_lvgp/benchmark/results/ackley_2d/heter_LVGP/ei/nrep03/seed03.mat,ackley_2d/heter_LVGP/ei/nrep03/seed03
ackley_2d,heter_LVGP,ei,,3,4,ok,50,/data/zhq7531/IDEAL/hetero_lvgp/benchmark/results/ackley_2d/heter_LVGP/ei/nrep03/seed04.mat,ackley_2d/heter_LVGP/ei/nrep03/seed04
ackley_2d,heter_LVGP,ei,,3,5,ok,50,/data/zhq7531/IDEAL/hetero_lvgp/benchmark/results/ackley_2d/heter_LVGP/ei/nrep03/seed05.mat,ackley_2d/heter_LVGP/ei/nrep03/seed05
ackley_2d,heter_LVGP,ei,,3,6,ok,50,/data/zhq7531/IDEAL/hetero_lvgp/benchmark/results/ackley_2d/heter_LVGP/ei/nrep03/seed06.mat,ackley_2d/heter_LVGP/ei/nrep03/seed06
ackley_2d,heter_LVGP,ei,,3,7,ok,50,/data/zhq7531/IDEAL/hetero_lvgp/benchmark/results/ackley_2d/heter_LVGP/ei/nrep03/seed07.mat,ackley_2d/heter_LVGP/ei/nrep03/seed07
ackley_2d,heter_LVGP,ei,,3,8,ok,50,/data/zhq7531/IDEAL/hetero_lvgp/benchmark/results/ackley_2d/heter_LVGP/ei/nrep03/seed08.mat,ackley_2d/heter_LVGP/ei/nrep03/seed08
ackley_2d,heter_LVGP,ei,,3,9,ok,50,/data/zhq7531/IDEAL/hetero_lvgp/benchmark/results/ackley_2d/heter_LVGP/ei/nrep03/seed09.mat,ackley_2d/heter_LVGP/ei/nrep03/seed09
ackley_2d,heter_LVGP,ei,,3,10,ok,50,/data/zhq7531/IDEAL/hetero_lvgp/benchmark/results/ackley_2d/heter_LVGP/ei/nrep03/seed10.mat,ackley_2d/heter_LVGP/ei/nrep03/seed10
ackley_2d,heter_LVGP,ei,,3,11,ok,50,/data/zhq7531/IDEAL/hetero_lvgp/benchmark/results/ackley_2d/heter_LVGP/ei/nrep03/seed11.mat,ackley_2d/heter_LVGP/ei/nrep03/seed11
ackley_2d,heter_LVGP,ei,,3,12,ok,50,/data/zhq7531/IDEAL/hetero_lvgp/benchmark/results/ackley_2d/heter_LVGP/ei/nrep03/seed12.mat,ackley_2d/heter_LVGP/ei/nrep03/seed12
ackley_2d,heter_LVGP,ei,,3,13,ok,50,/data/zhq7531/IDEAL/hetero_lvgp/benchmark/results/ackley_2d/heter_LVGP/ei/nrep03/seed13.mat,ackley_2d/heter_LVGP/ei/nrep03/seed13
ackley_2d,heter_LVGP,ei,,3,14,ok,50,/data/zhq7531/IDEAL/hetero_lvgp/benchmark/results/ackley_2d/heter_LVGP/ei/nrep03/seed14.mat,ackley_2d/heter_LVGP/ei/nrep03/seed14
ackley_2d,heter_LVGP,ei,,3,15,ok,50,/data/zhq7531/IDEAL/hetero_lvgp/benchmark/results/ackley_2d/heter_LVGP/ei/nrep03/seed15.mat,ackley_2d/heter_LVGP/ei/nrep03/seed15
ackley_2d,heter_LVGP,ei,,3,16,ok,50,/data/zhq7531/IDEAL/hetero_lvgp/benchmark/results/ackley_2d/heter_LVGP/ei/nrep03/seed16.mat,ackley_2d/heter_LVGP/ei/nrep03/seed16
ackley_2d,heter_LVGP,ei,,3,17,ok,50,/data/zhq7531/IDEAL/hetero_lvgp/benchmark/results/ackley_2d/heter_LVGP/ei/nrep03/seed17.mat,ackley_2d/heter_LVGP/ei/nrep03/seed17
ackley_2d,heter_LVGP,ei,,3,18,ok,50,/data/zhq7531/IDEAL/hetero_lvgp/benchmark/results/ackley_2d/heter_LVGP/ei/nrep03/seed18.mat,ackley_2d/heter_LVGP/ei/nrep03/seed18
ackley_2d,heter_LVGP,ei,,3,19,ok,50,/data/zhq7531/IDEAL/hetero_lvgp/benchmark/results/ackley_2d/heter_LVGP/ei/nrep03/seed19.mat,ackley_2d/heter_LVGP/ei/nrep03/seed19
ackley_2d,heter_LVGP,ei,,3,20,ok,50,/data/zhq7531/IDEAL/hetero_lvgp/benchmark/results/ackley_2d/heter_LVGP/ei/nrep03/seed20.mat,ackley_2d/heter_LVGP/ei/nrep03/seed20
ackley_2d,heter_LVGP,ei,,3,21,ok,50,/data/zhq7531/IDEAL/hetero_lvgp/benchmark/results/ackley_2d/heter_LVGP/ei/nrep03/seed21.mat,ackley_2d/heter_LVGP/ei/nrep03/seed21
ackley_2d,heter_LVGP,ei,,3,22,ok,50,/data/zhq7531/IDEAL/hetero_lvgp/benchmark/results/ackley_2d/heter_LVGP/ei/nrep03/seed22.mat,ackley_2d/heter_LVGP/ei/nrep03/seed22
ackley_2d,heter_LVGP,ei,,3,23,ok,50,/data/zhq7531/IDEAL/hetero_lvgp/benchmark/results/ackley_2d/heter_LVGP/ei/nrep03/seed23.mat,ackley_2d/heter_LVGP/ei/nrep03/seed23
ackley_2d,heter_LVGP,ei,,3,24,ok,50,/data/zhq7531/IDEAL/hetero_lvgp/benchmark/results/ackley_2d/heter_LVGP/ei/nrep03/seed24.mat,ackley_2d/heter_LVGP/ei/nrep03/seed24
ackley_2d,heter_LVGP,ei,,3,25,ok,50,/data/zhq7531/IDEAL/hetero_lvgp/benchmark/results/ackley_2d/heter_LVGP/ei/nrep03/seed25.mat,ackley_2d/heter_LVGP/ei/nrep03/seed25
ackley_2d,heter_LVGP,ei,,3,26,ok,50,/data/zhq7531/IDEAL/hetero_lvgp/benchmark/results/ackley_2d/heter_LVGP/ei/nrep03/seed26.mat,ackley_2d/heter_LVGP/ei/nrep03/seed26
ackley_2d,heter_LVGP,ei,,3,27,ok,50,/data/zhq7531/IDEAL/hetero_lvgp/benchmark/results/ackley_2d/heter_LVGP/ei/nrep03/seed27.mat,ackley_2d/heter_LVGP/ei/nrep03/seed27
ackley_2d,heter_LVGP,ei,,3,28,ok,50,/data/zhq7531/IDEAL/hetero_lvgp/benchmark/results/ackley_2d/heter_LVGP/ei/nrep03/seed28.mat,ackley_2d/heter_LVGP/ei/nrep03/seed28
ackley_2d,heter_LVGP,ei,,3,29,ok,50,/data/zhq7531/IDEAL/hetero_lvgp/benchmark/results/ackley_2d/heter_LVGP/ei/nrep03/seed29.mat,ackley_2d/heter_LVGP/ei/nrep03/seed29
ackley_2d,heter_LVGP,ei,,3,30,ok,50,/data/zhq7531/IDEAL/hetero_lvgp/benchmark/results/ackley_2d/heter_LVGP/ei/nrep03/seed30.mat,ackley_2d/heter_LVGP/ei/nrep03/seed30
ackley_2d,heter_LVGP,ei,,10,1,ok,50,/data/zhq7531/IDEAL/hetero_lvgp/benchmark/results/ackley_2d/heter_LVGP/ei/nrep10/seed01.mat,ackley_2d/heter_LVGP/ei/nrep10/seed01
ackley_2d,heter_LVGP,ei,,10,2,ok,50,/data/zhq7531/IDEAL/hetero_lvgp/benchmark/results/ackley_2d/heter_LVGP/ei/nrep10/seed02.mat,ackley_2d/heter_LVGP/ei/nrep10/seed02
ackley_2d,heter_LVGP,ei,,10,3,ok,50,/data/zhq7531/IDEAL/hetero_lvgp/benchmark/results/ackley_2d/heter_LVGP/ei/nrep10/seed03.mat,ackley_2d/heter_LVGP/ei/nrep10/seed03
ackley_2d,heter_LVGP,ei,,10,4,ok,50,/data/zhq7531/IDEAL/hetero_lvgp/benchmark/results/ackley_2d/heter_LVGP/ei/nrep10/seed04.mat,ackley_2d/heter_LVGP/ei/nrep10/seed04
ackley_2d,heter_LVGP,ei,,10,5,ok,50,/data/zhq7531/IDEAL/hetero_lvgp/benchmark/results/ackley_2d/heter_LVGP/ei/nrep10/seed05.mat,ackley_2d/heter_LVGP/ei/nrep10/seed05
ackley_2d,heter_LVGP,ei,,10,6,ok,50,/data/zhq7531/IDEAL/hetero_lvgp/benchmark/results/ackley_2d/heter_LVGP/ei/nrep10/seed06.mat,ackley_2d/heter_LVGP/ei/nrep10/seed06
ackley_2d,heter_LVGP,ei,,10,7,ok,50,/data/zhq7531/IDEAL/hetero_lvgp/benchmark/results/ackley_2d/heter_LVGP/ei/nrep10/seed07.mat,ackley_2d/heter_LVGP/ei/nrep10/seed07
ackley_2d,heter_LVGP,ei,,10,8,ok,50,/data/zhq7531/IDEAL/hetero_lvgp/benchmark/results/ackley_2d/heter_LVGP/ei/nrep10/seed08.mat,ackley_2d/heter_LVGP/ei/nrep10/seed08
ackley_2d,heter_LVGP,ei,,10,9,ok,50,/data/zhq7531/IDEAL/hetero_lvgp/benchmark/results/ackley_2d/heter_LVGP/ei/nrep10/seed09.mat,ackley_2d/heter_LVGP/ei/nrep10/seed09
ackley_2d,heter_LVGP,ei,,10,10,ok,50,/data/zhq7531/IDEAL/hetero_lvgp/benchmark/results/ackley_2d/heter_LVGP/ei/nrep10/seed10.mat,ackley_2d/heter_LVGP/ei/nrep10/seed10
ackley_2d,heter_LVGP,ei,,10,11,ok,50,/data/zhq7531/IDEAL/hetero_lvgp/benchmark/results/ackley_2d/heter_LVGP/ei/nrep10/seed11.mat,ackley_2d/heter_LVGP/ei/nrep10/seed11
ackley_2d,heter_LVGP,ei,,10,12,ok,50,/data/zhq7531/IDEAL/hetero_lvgp/benchmark/results/ackley_2d/heter_LVGP/ei/nrep10/seed12.mat,ackley_2d/heter_LVGP/ei/nrep10/seed12
ackley_2d,heter_LVGP,ei,,10,13,ok,50,/data/zhq7531/IDEAL/hetero_lvgp/benchmark/results/ackley_2d/heter_LVGP/ei/nrep10/seed13.mat,ackley_2d/heter_LVGP/ei/nrep10/seed13
ackley_2d,heter_LVGP,ei,,10,14,ok,50,/data/zhq7531/IDEAL/hetero_lvgp/benchmark/results/ackley_2d/heter_LVGP/ei/nrep10/seed14.mat,ackley_2d/heter_LVGP/ei/nrep10/seed14
ackley_2d,heter_LVGP,ei,,10,15,ok,50,/data/zhq7531/IDEAL/hetero_lvgp/benchmark/results/ackley_2d/heter_LVGP/ei/nrep10/seed15.mat,ackley_2d/heter_LVGP/ei/nrep10/seed15
ackley_2d,heter_LVGP,ei,,10,16,ok,50,/data/zhq7531/IDEAL/hetero_lvgp/benchmark/results/ackley_2d/heter_LVGP/ei/nrep10/seed16.mat,ackley_2d/heter_LVGP/ei/nrep10/seed16
ackley_2d,heter_LVGP,ei,,10,17,ok,50,/data/zhq7531/IDEAL/hetero_lvgp/benchmark/results/ackley_2d/heter_LVGP/ei/nrep10/seed17.mat,ackley_2d/heter_LVGP/ei/nrep10/seed17
ackley_2d,heter_LVGP,ei,,10,18,ok,50,/data/zhq7531/IDEAL/hetero_lvgp/benchmark/results/ackley_2d/heter_LVGP/ei/nrep10/seed18.mat,ackley_2d/heter_LVGP/ei/nrep10/seed18
ackley_2d,heter_LVGP,ei,,10,19,ok,50,/data/zhq7531/IDEAL/hetero_lvgp/benchmark/results/ackley_2d/heter_LVGP/ei/nrep10/seed19.mat,ackley_2d/heter_LVGP/ei/nrep10/seed19
ackley_2d,heter_LVGP,ei,,10,20,ok,50,/data/zhq7531/IDEAL/hetero_lvgp/benchmark/results/ackley_2d/heter_LVGP/ei/nrep10/seed20.mat,ackley_2d/heter_LVGP/ei/nrep10/seed20
ackley_2d,heter_LVGP,ei,,10,21,ok,50,/data/zhq7531/IDEAL/hetero_lvgp/benchmark/results/ackley_2d/heter_LVGP/ei/nrep10/seed21.mat,ackley_2d/heter_LVGP/ei/nrep10/seed21
ackley_2d,heter_LVGP,ei,,10,22,ok,50,/data/zhq7531/IDEAL/hetero_lvgp/benchmark/results/ackley_2d/heter_LVGP/ei/nrep10/seed22.mat,ackley_2d/heter_LVGP/ei/nrep10/seed22
ackley_2d,heter_LVGP,ei,,10,23,ok,50,/data/zhq7531/IDEAL/hetero_lvgp/benchmark/results/ackley_2d/heter_LVGP/ei/nrep10/seed23.mat,ackley_2d/heter_LVGP/ei/nrep10/seed23
ackley_2d,heter_LVGP,ei,,10,24,ok,50,/data/zhq7531/IDEAL/hetero_lvgp/benchmark/results/ackley_2d/heter_LVGP/ei/nrep10/seed24.mat,ackley_2d/heter_LVGP/ei/nrep10/seed24
ackley_2d,heter_LVGP,ei,,10,25,ok,50,/data/zhq7531/IDEAL/hetero_lvgp/benchmark/results/ackley_2d/heter_LVGP/ei/nrep10/seed25.mat,ackley_2d/heter_LVGP/ei/nrep10/seed25
ackley_2d,heter_LVGP,ei,,10,26,ok,50,/data/zhq7531/IDEAL/hetero_lvgp/benchmark/results/ackley_2d/heter_LVGP/ei/nrep10/seed26.mat,ackley_2d/heter_LVGP/ei/nrep10/seed26
ackley_2d,heter_LVGP,ei,,10,27,ok,50,/data/zhq7531/IDEAL/hetero_lvgp/benchmark/results/ackley_2d/heter_LVGP/ei/nrep10/seed27.mat,ackley_2d/heter_LVGP/ei/nrep10/seed27
ackley_2d,heter_LVGP,ei,,10,28,ok,50,/data/zhq7531/IDEAL/hetero_lvgp/benchmark/results/ackley_2d/heter_LVGP/ei/nrep10/seed28.mat,ackley_2d/heter_LVGP/ei/nrep10/seed28
ackley_2d,heter_LVGP,ei,,10,29,ok,50,/data/zhq7531/IDEAL/hetero_lvgp/benchmark/results/ackley_2d/heter_LVGP/ei/nrep10/seed29.mat,ackley_2d/heter_LVGP/ei/nrep10/seed29
ackley_2d,heter_LVGP,ei,,10,30,ok,50,/data/zhq7531/IDEAL/hetero_lvgp/benchmark/results/ackley_2d/heter_LVGP/ei/nrep10/seed30.mat,ackley_2d/heter_LVGP/ei/nrep10/seed30
ackley_2d,heter_LVGP,haei,0.5,3,1,ok,50,/data/zhq7531/IDEAL/hetero_lvgp/benchmark/results/ackley_2d/heter_LVGP/haei_g0.5/nrep03/seed01.mat,ackley_2d/heter_LVGP/haei_g0.5/nrep03/seed01
ackley_2d,heter_LVGP,haei,0.5,3,2,ok,50,/data/zhq7531/IDEAL/hetero_lvgp/benchmark/results/ackley_2d/heter_LVGP/haei_g0.5/nrep03/seed02.mat,ackley_2d/heter_LVGP/haei_g0.5/nrep03/seed02
ackley_2d,heter_LVGP,haei,0.5,3,3,ok,50,/data/zhq7531/IDEAL/hetero_lvgp/benchmark/results/ackley_2d/heter_LVGP/haei_g0.5/nrep03/seed03.mat,ackley_2d/heter_LVGP/haei_g0.5/nrep03/seed03
ackley_2d,heter_LVGP,haei,0.5,3,4,ok,50,/data/zhq7531/IDEAL/hetero_lvgp/benchmark/results/ackley_2d/heter_LVGP/haei_g0.5/nrep03/seed04.mat,ackley_2d/heter_LVGP/haei_g0.5/nrep03/seed04
ackley_2d,heter_LVGP,haei,0.5,3,5,ok,50,/data/zhq7531/IDEAL/hetero_lvgp/benchmark/results/ackley_2d/heter_LVGP/haei_g0.5/nrep03/seed05.mat,ackley_2d/heter_LVGP/haei_g0.5/nrep03/seed05
ackley_2d,heter_LVGP,haei,0.5,3,6,ok,50,/data/zhq7531/IDEAL/hetero_lvgp/benchmark/results/ackley_2d/heter_LVGP/haei_g0.5/nrep03/seed06.mat,ackley_2d/heter_LVGP/haei_g0.5/nrep03/seed06
ackley_2d,heter_LVGP,haei,0.5,3,7,ok,50,/data/zhq7531/IDEAL/hetero_lvgp/benchmark/results/ackley_2d/heter_LVGP/haei_g0.5/nrep03/seed07.mat,ackley_2d/heter_LVGP/haei_g0.5/nrep03/seed07
ackley_2d,heter_LVGP,haei,0.5,3,8,ok,50,/data/zhq7531/IDEAL/hetero_lvgp/benchmark/results/ackley_2d/heter_LVGP/haei_g0.5/nrep03/seed08.mat,ackley_2d/heter_LVGP/haei_g0.5/nrep03/seed08
ackley_2d,heter_LVGP,haei,0.5,3,9,ok,50,/data/zhq7531/IDEAL/hetero_lvgp/benchmark/results/ackley_2d/heter_LVGP/haei_g0.5/nrep03/seed09.mat,ackley_2d/heter_LVGP/haei_g0.5/nrep03/seed09
ackley_2d,heter_LVGP,haei,0.5,3,10,ok,50,/data/zhq7531/IDEAL/hetero_lvgp/benchmark/results/ackley_2d/heter_LVGP/haei_g0.5/nrep03/seed10.mat,ackley_2d/heter_LVGP/haei_g0.5/nrep03/seed10
ackley_2d,heter_LVGP,haei,0.5,3,11,ok,50,/data/zhq7531/IDEAL/hetero_lvgp/benchmark/results/ackley_2d/heter_LVGP/haei_g0.5/nrep03/seed11.mat,ackley_2d/heter_LVGP/haei_g0.5/nrep03/seed11
ackley_2d,heter_LVGP,haei,0.5,3,12,ok,50,/data/zhq7531/IDEAL/hetero_lvgp/benchmark/results/ackley_2d/heter_LVGP/haei_g0.5/nrep03/seed12.mat,ackley_2d/heter_LVGP/haei_g0.5/nrep03/seed12
ackley_2d,heter_LVGP,haei,0.5,3,13,ok,50,/data/zhq7531/IDEAL/hetero_lvgp/benchmark/results/ackley_2d/heter_LVGP/haei_g0.5/nrep03/seed13.mat,ackley_2d/heter_LVGP/haei_g0.5/nrep03/seed13
ackley_2d,heter_LVGP,haei,0.5,3,14,ok,50,/data/zhq7531/IDEAL/hetero_lvgp/benchmark/results/ackley_2d/heter_LVGP/haei_g0.5/nrep03/seed14.mat,ackley_2d/heter_LVGP/haei_g0.5/nrep03/seed14
ackley_2d,heter_LVGP,haei,0.5,3,15,ok,50,/data/zhq7531/IDEAL/hetero_lvgp/benchmark/results/ackley_2d/heter_LVGP/haei_g0.5/nrep03/seed15.mat,ackley_2d/heter_LVGP/haei_g0.5/nrep03/seed15
ackley_2d,heter_LVGP,haei,0.5,3,16,ok,50,/data/zhq7531/IDEAL/hetero_lvgp/benchmark/results/ackley_2d/heter_LVGP/haei_g0.5/nrep03/seed16.mat,ackley_2d/heter_LVGP/haei_g0.5/nrep03/seed16
ackley_2d,heter_LVGP,haei,0.5,3,17,ok,50,/data/zhq7531/IDEAL/hetero_lvgp/benchmark/results/ackley_2d/heter_LVGP/haei_g0.5/nrep03/seed17.mat,ackley_2d/heter_LVGP/haei_g0.5/nrep03/seed17
ackley_2d,heter_LVGP,haei,0.5,3,18,ok,50,/data/zhq7531/IDEAL/hetero_lvgp/benchmark/results/ackley_2d/heter_LVGP/haei_g0.5/nrep03/seed18.mat,ackley_2d/heter_LVGP/haei_g0.5/nrep03/seed18
ackley_2d,heter_LVGP,haei,0.5,3,19,ok,50,/data/zhq7531/IDEAL/hetero_lvgp/benchmark/results/ackley_2d/heter_LVGP/haei_g0.5/nrep03/seed19.mat,ackley_2d/heter_LVGP/haei_g0.5/nrep03/seed19
ackley_2d,heter_LVGP,haei,0.5,3,20,ok,50,/data/zhq7531/IDEAL/hetero_lvgp/benchmark/results/ackley_2d/heter_LVGP/haei_g0.5/nrep03/seed20.mat,ackley_2d/heter_LVGP/haei_g0.5/nrep03/seed20
ackley_2d,heter_LVGP,haei,0.5,3,21,ok,50,/data/zhq7531/IDEAL/hetero_lvgp/benchmark/results/ackley_2d/heter_LVGP/haei_g0.5/nrep03/seed21.mat,ackley_2d/heter_LVGP/haei_g0.5/nrep03/seed21
ackley_2d,heter_LVGP,haei,0.5,3,22,ok,50,/data/zhq7531/IDEAL/hetero_lvgp/benchmark/results/ackley_2d/heter_LVGP/haei_g0.5/nrep03/seed22.mat,ackley_2d/heter_LVGP/haei_g0.5/nrep03/seed22
ackley_2d,heter_LVGP,haei,0.5,3,23,ok,50,/data/zhq7531/IDEAL/hetero_lvgp/benchmark/results/ackley_2d/heter_LVGP/haei_g0.5/nrep03/seed23.mat,ackley_2d/heter_LVGP/haei_g0.5/nrep03/seed23
ackley_2d,heter_LVGP,haei,0.5,3,24,ok,50,/data/zhq7531/IDEAL/hetero_lvgp/benchmark/results/ackley_2d/heter_LVGP/haei_g0.5/nrep03/seed24.mat,ackley_2d/heter_LVGP/haei_g0.5/nrep03/seed24
ackley_2d,heter_LVGP,haei,0.5,3,25,ok,50,/data/zhq7531/IDEAL/hetero_lvgp/benchmark/results/ackley_2d/heter_LVGP/haei_g0.5/nrep03/seed25.mat,ackley_2d/heter_LVGP/haei_g0.5/nrep03/seed25
ackley_2d,heter_LVGP,haei,0.5,3,26,ok,50,/data/zhq7531/IDEAL/hetero_lvgp/benchmark/results/ackley_2d/heter_LVGP/haei_g0.5/nrep03/seed26.mat,ackley_2d/heter_LVGP/haei_g0.5/nrep03/seed26
ackley_2d,heter_LVGP,haei,0.5,3,27,ok,50,/data/zhq7531/IDEAL/hetero_lvgp/benchmark/results/ackley_2d/heter_LVGP/haei_g0.5/nrep03/seed27.mat,ackley_2d/heter_LVGP/haei_g0.5/nrep03/seed27
ackley_2d,heter_LVGP,haei,0.5,3,28,ok,50,/data/zhq7531/IDEAL/hetero_lvgp/benchmark/results/ackley_2d/heter_LVGP/haei_g0.5/nrep03/seed28.mat,ackley_2d/heter_LVGP/haei_g0.5/nrep03/seed28
ackley_2d,heter_LVGP,haei,0.5,3,29,ok,50,/data/zhq7531/IDEAL/hetero_lvgp/benchmark/results/ackley_2d/heter_LVGP/haei_g0.5/nrep03/seed29.mat,ackley_2d/heter_LVGP/haei_g0.5/nrep03/seed29
ackley_2d,heter_LVGP,haei,0.5,3,30,ok,50,/data/zhq7531/IDEAL/hetero_lvgp/benchmark/results/ackley_2d/heter_LVGP/haei_g0.5/nrep03/seed30.mat,ackley_2d/heter_LVGP/haei_g0.5/nrep03/seed30
ackley_2d,heter_LVGP,haei,0.5,10,1,ok,50,/data/zhq7531/IDEAL/hetero_lvgp/benchmark/results/ackley_2d/heter_LVGP/haei_g0.5/nrep10/seed01.mat,ackley_2d/heter_LVGP/haei_g0.5/nrep10/seed01
ackley_2d,heter_LVGP,haei,0.5,10,2,ok,50,/data/zhq7531/IDEAL/hetero_lvgp/benchmark/results/ackley_2d/heter_LVGP/haei_g0.5/nrep10/seed02.mat,ackley_2d/heter_LVGP/haei_g0.5/nrep10/seed02
ackley_2d,heter_LVGP,haei,0.5,10,3,ok,50,/data/zhq7531/IDEAL/hetero_lvgp/benchmark/results/ackley_2d/heter_LVGP/haei_g0.5/nrep10/seed03.mat,ackley_2d/heter_LVGP/haei_g0.5/nrep10/seed03
ackley_2d,heter_LVGP,haei,0.5,10,4,ok,50,/data/zhq7531/IDEAL/hetero_lvgp/benchmark/results/ackley_2d/heter_LVGP/haei_g0.5/nrep10/seed04.mat,ackley_2d/heter_LVGP/haei_g0.5/nrep10/seed04
ackley_2d,heter_LVGP,haei,0.5,10,5,ok,50,/data/zhq7531/IDEAL/hetero_lvgp/benchmark/results/ackley_2d/heter_LVGP/haei_g0.5/nrep10/seed05.mat,ackley_2d/heter_LVGP/haei_g0.5/nrep10/seed05
ackley_2d,heter_LVGP,haei,0.5,10,6,ok,50,/data/zhq7531/IDEAL/hetero_lvgp/benchmark/results/ackley_2d/heter_LVGP/haei_g0.5/nrep10/seed06.mat,ackley_2d/heter_LVGP/haei_g0.5/nrep10/seed06
ackley_2d,heter_LVGP,haei,0.5,10,7,ok,50,/data/zhq7531/IDEAL/hetero_lvgp/benchmark/results/ackley_2d/heter_LVGP/haei_g0.5/nrep10/seed07.mat,ackley_2d/heter_LVGP/haei_g0.5/nrep10/seed07
ackley_2d,heter_LVGP,haei,0.5,10,8,ok,50,/data/zhq7531/IDEAL/hetero_lvgp/benchmark/results/ackley_2d/heter_LVGP/haei_g0.5/nrep10/seed08.mat,ackley_2d/heter_LVGP/haei_g0.5/nrep10/seed08
ackley_2d,heter_LVGP,haei,0.5,10,9,ok,50,/data/zhq7531/IDEAL/hetero_lvgp/benchmark/results/ackley_2d/heter_LVGP/haei_g0.5/nrep10/seed09.mat,ackley_2d/heter_LVGP/haei_g0.5/nrep10/seed09
ackley_2d,heter_LVGP,haei,0.5,10,10,ok,50,/data/zhq7531/IDEAL/hetero_lvgp/benchmark/results/ackley_2d/heter_LVGP/haei_g0.5/nrep10/seed10.mat,ackley_2d/heter_LVGP/haei_g0.5/nrep10/seed10
ackley_2d,heter_LVGP,haei,0.5,10,11,ok,50,/data/zhq7531/IDEAL/hetero_lvgp/benchmark/results/ackley_2d/heter_LVGP/haei_g0.5/nrep10/seed11.mat,ackley_2d/heter_LVGP/haei_g0.5/nrep10/seed11
ackley_2d,heter_LVGP,haei,0.5,10,12,ok,50,/data/zhq7531/IDEAL/hetero_lvgp/benchmark/results/ackley_2d/heter_LVGP/haei_g0.5/nrep10/seed12.mat,ackley_2d/heter_LVGP/haei_g0.5/nrep10/seed12
ackley_2d,heter_LVGP,haei,0.5,10,13,ok,50,/data/zhq7531/IDEAL/hetero_lvgp/benchmark/results/ackley_2d/heter_LVGP/haei_g0.5/nrep10/seed13.mat,ackley_2d/heter_LVGP/haei_g0.5/nrep10/seed13
ackley_2d,heter_LVGP,haei,0.5,10,14,ok,50,/data/zhq7531/IDEAL/hetero_lvgp/benchmark/results/ackley_2d/heter_LVGP/haei_g0.5/nrep10/seed14.mat,ackley_2d/heter_LVGP/haei_g0.5/nrep10/seed14
ackley_2d,heter_LVGP,haei,0.5,10,15,ok,50,/data/zhq7531/IDEAL/hetero_lvgp/benchmark/results/ackley_2d/heter_LVGP/haei_g0.5/nrep10/seed15.mat,ackley_2d/heter_LVGP/haei_g0.5/nrep10/seed15
ackley_2d,heter_LVGP,haei,0.5,10,16,ok,50,/data/zhq7531/IDEAL/hetero_lvgp/benchmark/results/ackley_2d/heter_LVGP/haei_g0.5/nrep10/seed16.mat,ackley_2d/heter_LVGP/haei_g0.5/nrep10/seed16
ackley_2d,heter_LVGP,haei,0.5,10,17,ok,50,/data/zhq7531/IDEAL/hetero_lvgp/benchmark/results/ackley_2d/heter_LVGP/haei_g0.5/nrep10/seed17.mat,ackley_2d/heter_LVGP/haei_g0.5/nrep10/seed17
ackley_2d,heter_LVGP,haei,0.5,10,18,ok,50,/data/zhq7531/IDEAL/hetero_lvgp/benchmark/results/ackley_2d/heter_LVGP/haei_g0.5/nrep10/seed18.mat,ackley_2d/heter_LVGP/haei_g0.5/nrep10/seed18
ackley_2d,heter_LVGP,haei,0.5,10,19,ok,50,/data/zhq7531/IDEAL/hetero_lvgp/benchmark/results/ackley_2d/heter_LVGP/haei_g0.5/nrep10/seed19.mat,ackley_2d/heter_LVGP/haei_g0.5/nrep10/seed19
ackley_2d,heter_LVGP,haei,0.5,10,20,ok,50,/data/zhq7531/IDEAL/hetero_lvgp/benchmark/results/ackley_2d/heter_LVGP/haei_g0.5/nrep10/seed20.mat,ackley_2d/heter_LVGP/haei_g0.5/nrep10/seed20
ackley_2d,heter_LVGP,haei,0.5,10,21,ok,50,/data/zhq7531/IDEAL/hetero_lvgp/benchmark/results/ackley_2d/heter_LVGP/haei_g0.5/nrep10/seed21.mat,ackley_2d/heter_LVGP/haei_g0.5/nrep10/seed21
ackley_2d,heter_LVGP,haei,0.5,10,22,ok,50,/data/zhq7531/IDEAL/hetero_lvgp/benchmark/results/ackley_2d/heter_LVGP/haei_g0.5/nrep10/seed22.mat,ackley_2d/heter_LVGP/haei_g0.5/nrep10/seed22
ackley_2d,heter_LVGP,haei,0.5,10,23,ok,50,/data/zhq7531/IDEAL/hetero_lvgp/benchmark/results/ackley_2d/heter_LVGP/haei_g0.5/nrep10/seed23.mat,ackley_2d/heter_LVGP/haei_g0.5/nrep10/seed23
ackley_2d,heter_LVGP,haei,0.5,10,24,ok,50,/data/zhq7531/IDEAL/hetero_lvgp/benchmark/results/ackley_2d/heter_LVGP/haei_g0.5/nrep10/seed24.mat,ackley_2d/heter_LVGP/haei_g0.5/nrep10/seed24
ackley_2d,heter_LVGP,haei,0.5,10,25,ok,50,/data/zhq7531/IDEAL/hetero_lvgp/benchmark/results/ackley_2d/heter_LVGP/haei_g0.5/nrep10/seed25.mat,ackley_2d/heter_LVGP/haei_g0.5/nrep10/seed25
ackley_2d,heter_LVGP,haei,0.5,10,26,ok,50,/data/zhq7531/IDEAL/hetero_lvgp/benchmark/results/ackley_2d/heter_LVGP/haei_g0.5/nrep10/seed26.mat,ackley_2d/heter_LVGP/haei_g0.5/nrep10/seed26
ackley_2d,heter_LVGP,haei,0.5,10,27,ok,50,/data/zhq7531/IDEAL/hetero_lvgp/benchmark/results/ackley_2d/heter_LVGP/haei_g0.5/nrep10/seed27.mat,ackley_2d/heter_LVGP/haei_g0.5/nrep10/seed27
ackley_2d,heter_LVGP,haei,0.5,10,28,ok,50,/data/zhq7531/IDEAL/hetero_lvgp/benchmark/results/ackley_2d/heter_LVGP/haei_g0.5/nrep10/seed28.mat,ackley_2d/heter_LVGP/haei_g0.5/nrep10/seed28
ackley_2d,heter_LVGP,haei,0.5,10,29,ok,50,/data/zhq7531/IDEAL/hetero_lvgp/benchmark/results/ackley_2d/heter_LVGP/haei_g0.5/nrep10/seed29.mat,ackley_2d/heter_LVGP/haei_g0.5/nrep10/seed29
ackley_2d,heter_LVGP,haei,0.5,10,30,ok,50,/data/zhq7531/IDEAL/hetero_lvgp/benchmark/results/ackley_2d/heter_LVGP/haei_g0.5/nrep10/seed30.mat,ackley_2d/heter_LVGP/haei_g0.5/nrep10/seed30
ackley_2d,heter_LVGP,anpei,0.8,3,1,ok,50,/data/zhq7531/IDEAL/hetero_lvgp/benchmark/results/ackley_2d/heter_LVGP/anpei_b0.8/nrep03/seed01.mat,ackley_2d/heter_LVGP/anpei_b0.8/nrep03/seed01
ackley_2d,heter_LVGP,anpei,0.8,3,2,ok,50,/data/zhq7531/IDEAL/hetero_lvgp/benchmark/results/ackley_2d/heter_LVGP/anpei_b0.8/nrep03/seed02.mat,ackley_2d/heter_LVGP/anpei_b0.8/nrep03/seed02
ackley_2d,heter_LVGP,anpei,0.8,3,3,ok,50,/data/zhq7531/IDEAL/hetero_lvgp/benchmark/results/ackley_2d/heter_LVGP/anpei_b0.8/nrep03/seed03.mat,ackley_2d/heter_LVGP/anpei_b0.8/nrep03/seed03
ackley_2d,heter_LVGP,anpei,0.8,3,4,ok,50,/data/zhq7531/IDEAL/hetero_lvgp/benchmark/results/ackley_2d/heter_LVGP/anpei_b0.8/nrep03/seed04.mat,ackley_2d/heter_LVGP/anpei_b0.8/nrep03/seed04
ackley_2d,heter_LVGP,anpei,0.8,3,5,ok,50,/data/zhq7531/IDEAL/hetero_lvgp/benchmark/results/ackley_2d/heter_LVGP/anpei_b0.8/nrep03/seed05.mat,ackley_2d/heter_LVGP/anpei_b0.8/nrep03/seed05
ackley_2d,heter_LVGP,anpei,0.8,3,6,ok,50,/data/zhq7531/IDEAL/hetero_lvgp/benchmark/results/ackley_2d/heter_LVGP/anpei_b0.8/nrep03/seed06.mat,ackley_2d/heter_LVGP/anpei_b0.8/nrep03/seed06
ackley_2d,heter_LVGP,anpei,0.8,3,7,ok,50,/data/zhq7531/IDEAL/hetero_lvgp/benchmark/results/ackley_2d/heter_LVGP/anpei_b0.8/nrep03/seed07.mat,ackley_2d/heter_LVGP/anpei_b0.8/nrep03/seed07
ackley_2d,heter_LVGP,anpei,0.8,3,8,ok,50,/data/zhq7531/IDEAL/hetero_lvgp/benchmark/results/ackley_2d/heter_LVGP/anpei_b0.8/nrep03/seed08.mat,ackley_2d/heter_LVGP/anpei_b0.8/nrep03/seed08
ackley_2d,heter_LVGP,anpei,0.8,3,9,ok,50,/data/zhq7531/IDEAL/hetero_lvgp/benchmark/results/ackley_2d/heter_LVGP/anpei_b0.8/nrep03/seed09.mat,ackley_2d/heter_LVGP/anpei_b0.8/nrep03/seed09
ackley_2d,heter_LVGP,anpei,0.8,3,10,ok,50,/data/zhq7531/IDEAL/hetero_lvgp/benchmark/results/ackley_2d/heter_LVGP/anpei_b0.8/nrep03/seed10.mat,ackley_2d/heter_LVGP/anpei_b0.8/nrep03/seed10
ackley_2d,heter_LVGP,anpei,0.8,3,11,ok,50,/data/zhq7531/IDEAL/hetero_lvgp/benchmark/results/ackley_2d/heter_LVGP/anpei_b0.8/nrep03/seed11.mat,ackley_2d/heter_LVGP/anpei_b0.8/nrep03/seed11
ackley_2d,heter_LVGP,anpei,0.8,3,12,ok,50,/data/zhq7531/IDEAL/hetero_lvgp/benchmark/results/ackley_2d/heter_LVGP/anpei_b0.8/nrep03/seed12.mat,ackley_2d/heter_LVGP/anpei_b0.8/nrep03/seed12
ackley_2d,heter_LVGP,anpei,0.8,3,13,ok,50,/data/zhq7531/IDEAL/hetero_lvgp/benchmark/results/ackley_2d/heter_LVGP/anpei_b0.8/nrep03/seed13.mat,ackley_2d/heter_LVGP/anpei_b0.8/nrep03/seed13
ackley_2d,heter_LVGP,anpei,0.8,3,14,ok,50,/data/zhq7531/IDEAL/hetero_lvgp/benchmark/results/ackley_2d/heter_LVGP/anpei_b0.8/nrep03/seed14.mat,ackley_2d/heter_LVGP/anpei_b0.8/nrep03/seed14
ackley_2d,heter_LVGP,anpei,0.8,3,15,ok,50,/data/zhq7531/IDEAL/hetero_lvgp/benchmark/results/ackley_2d/heter_LVGP/anpei_b0.8/nrep03/seed15.mat,ackley_2d/heter_LVGP/anpei_b0.8/nrep03/seed15
ackley_2d,heter_LVGP,anpei,0.8,3,16,ok,50,/data/zhq7531/IDEAL/hetero_lvgp/benchmark/results/ackley_2d/heter_LVGP/anpei_b0.8/nrep03/seed16.mat,ackley_2d/heter_LVGP/anpei_b0.8/nrep03/seed16
ackley_2d,heter_LVGP,anpei,0.8,3,17,ok,50,/data/zhq7531/IDEAL/hetero_lvgp/benchmark/results/ackley_2d/heter_LVGP/anpei_b0.8/nrep03/seed17.mat,ackley_2d/heter_LVGP/anpei_b0.8/nrep03/seed17
ackley_2d,heter_LVGP,anpei,0.8,3,18,ok,50,/data/zhq7531/IDEAL/hetero_lvgp/benchmark/results/ackley_2d/heter_LVGP/anpei_b0.8/nrep03/seed18.mat,ackley_2d/heter_LVGP/anpei_b0.8/nrep03/seed18
ackley_2d,heter_LVGP,anpei,0.8,3,19,ok,50,/data/zhq7531/IDEAL/hetero_lvgp/benchmark/results/ackley_2d/heter_LVGP/anpei_b0.8/nrep03/seed19.mat,ackley_2d/heter_LVGP/anpei_b0.8/nrep03/seed19
ackley_2d,heter_LVGP,anpei,0.8,3,20,ok,50,/data/zhq7531/IDEAL/hetero_lvgp/benchmark/results/ackley_2d/heter_LVGP/anpei_b0.8/nrep03/seed20.mat,ackley_2d/heter_LVGP/anpei_b0.8/nrep03/seed20
ackley_2d,heter_LVGP,anpei,0.8,3,21,ok,50,/data/zhq7531/IDEAL/hetero_lvgp/benchmark/results/ackley_2d/heter_LVGP/anpei_b0.8/nrep03/seed21.mat,ackley_2d/heter_LVGP/anpei_b0.8/nrep03/seed21
ackley_2d,heter_LVGP,anpei,0.8,3,22,ok,50,/data/zhq7531/IDEAL/hetero_lvgp/benchmark/results/ackley_2d/heter_LVGP/anpei_b0.8/nrep03/seed22.mat,ackley_2d/heter_LVGP/anpei_b0.8/nrep03/seed22
ackley_2d,heter_LVGP,anpei,0.8,3,23,ok,50,/data/zhq7531/IDEAL/hetero_lvgp/benchmark/results/ackley_2d/heter_LVGP/anpei_b0.8/nrep03/seed23.mat,ackley_2d/heter_LVGP/anpei_b0.8/nrep03/seed23
ackley_2d,heter_LVGP,anpei,0.8,3,24,ok,50,/data/zhq7531/IDEAL/hetero_lvgp/benchmark/results/ackley_2d/heter_LVGP/anpei_b0.8/nrep03/seed24.mat,ackley_2d/heter_LVGP/anpei_b0.8/nrep03/seed24
ackley_2d,heter_LVGP,anpei,0.8,3,25,ok,50,/data/zhq7531/IDEAL/hetero_lvgp/benchmark/results/ackley_2d/heter_LVGP/anpei_b0.8/nrep03/seed25.mat,ackley_2d/heter_LVGP/anpei_b0.8/nrep03/seed25
ackley_2d,heter_LVGP,anpei,0.8,3,26,ok,50,/data/zhq7531/IDEAL/hetero_lvgp/benchmark/results/ackley_2d/heter_LVGP/anpei_b0.8/nrep03/seed26.mat,ackley_2d/heter_LVGP/anpei_b0.8/nrep03/seed26
ackley_2d,heter_LVGP,anpei,0.8,3,27,ok,50,/data/zhq7531/IDEAL/hetero_lvgp/benchmark/results/ackley_2d/heter_LVGP/anpei_b0.8/nrep03/seed27.mat,ackley_2d/heter_LVGP/anpei_b0.8/nrep03/seed27
ackley_2d,heter_LVGP,anpei,0.8,3,28,ok,50,/data/zhq7531/IDEAL/hetero_lvgp/benchmark/results/ackley_2d/heter_LVGP/anpei_b0.8/nrep03/seed28.mat,ackley_2d/heter_LVGP/anpei_b0.8/nrep03/seed28
ackley_2d,heter_LVGP,anpei,0.8,3,29,ok,50,/data/zhq7531/IDEAL/hetero_lvgp/benchmark/results/ackley_2d/heter_LVGP/anpei_b0.8/nrep03/seed29.mat,ackley_2d/heter_LVGP/anpei_b0.8/nrep03/seed29
ackley_2d,heter_LVGP,anpei,0.8,3,30,ok,50,/data/zhq7531/IDEAL/hetero_lvgp/benchmark/results/ackley_2d/heter_LVGP/anpei_b0.8/nrep03/seed30.mat,ackley_2d/heter_LVGP/anpei_b0.8/nrep03/seed30
ackley_2d,heter_LVGP,anpei,0.8,10,1,ok,50,/data/zhq7531/IDEAL/hetero_lvgp/benchmark/results/ackley_2d/heter_LVGP/anpei_b0.8/nrep10/seed01.mat,ackley_2d/heter_LVGP/anpei_b0.8/nrep10/seed01
ackley_2d,heter_LVGP,anpei,0.8,10,2,ok,50,/data/zhq7531/IDEAL/hetero_lvgp/benchmark/results/ackley_2d/heter_LVGP/anpei_b0.8/nrep10/seed02.mat,ackley_2d/heter_LVGP/anpei_b0.8/nrep10/seed02
ackley_2d,heter_LVGP,anpei,0.8,10,3,ok,50,/data/zhq7531/IDEAL/hetero_lvgp/benchmark/results/ackley_2d/heter_LVGP/anpei_b0.8/nrep10/seed03.mat,ackley_2d/heter_LVGP/anpei_b0.8/nrep10/seed03
ackley_2d,heter_LVGP,anpei,0.8,10,4,ok,50,/data/zhq7531/IDEAL/hetero_lvgp/benchmark/results/ackley_2d/heter_LVGP/anpei_b0.8/nrep10/seed04.mat,ackley_2d/heter_LVGP/anpei_b0.8/nrep10/seed04
ackley_2d,heter_LVGP,anpei,0.8,10,5,ok,50,/data/zhq7531/IDEAL/hetero_lvgp/benchmark/results/ackley_2d/heter_LVGP/anpei_b0.8/nrep10/seed05.mat,ackley_2d/heter_LVGP/anpei_b0.8/nrep10/seed05
ackley_2d,heter_LVGP,anpei,0.8,10,6,ok,50,/data/zhq7531/IDEAL/hetero_lvgp/benchmark/results/ackley_2d/heter_LVGP/anpei_b0.8/nrep10/seed06.mat,ackley_2d/heter_LVGP/anpei_b0.8/nrep10/seed06
ackley_2d,heter_LVGP,anpei,0.8,10,7,ok,50,/data/zhq7531/IDEAL/hetero_lvgp/benchmark/results/ackley_2d/heter_LVGP/anpei_b0.8/nrep10/seed07.mat,ackley_2d/heter_LVGP/anpei_b0.8/nrep10/seed07
ackley_2d,heter_LVGP,anpei,0.8,10,8,ok,50,/data/zhq7531/IDEAL/hetero_lvgp/benchmark/results/ackley_2d/heter_LVGP/anpei_b0.8/nrep10/seed08.mat,ackley_2d/heter_LVGP/anpei_b0.8/nrep10/seed08
ackley_2d,heter_LVGP,anpei,0.8,10,9,ok,50,/data/zhq7531/IDEAL/hetero_lvgp/benchmark/results/ackley_2d/heter_LVGP/anpei_b0.8/nrep10/seed09.mat,ackley_2d/heter_LVGP/anpei_b0.8/nrep10/seed09
ackley_2d,heter_LVGP,anpei,0.8,10,10,ok,50,/data/zhq7531/IDEAL/hetero_lvgp/benchmark/results/ackley_2d/heter_LVGP/anpei_b0.8/nrep10/seed10.mat,ackley_2d/heter_LVGP/anpei_b0.8/nrep10/seed10
ackley_2d,heter_LVGP,anpei,0.8,10,11,ok,50,/data/zhq7531/IDEAL/hetero_lvgp/benchmark/results/ackley_2d/heter_LVGP/anpei_b0.8/nrep10/seed11.mat,ackley_2d/heter_LVGP/anpei_b0.8/nrep10/seed11
ackley_2d,heter_LVGP,anpei,0.8,10,12,ok,50,/data/zhq7531/IDEAL/hetero_lvgp/benchmark/results/ackley_2d/heter_LVGP/anpei_b0.8/nrep10/seed12.mat,ackley_2d/heter_LVGP/anpei_b0.8/nrep10/seed12
ackley_2d,heter_LVGP,anpei,0.8,10,13,ok,50,/data/zhq7531/IDEAL/hetero_lvgp/benchmark/results/ackley_2d/heter_LVGP/anpei_b0.8/nrep10/seed13.mat,ackley_2d/heter_LVGP/anpei_b0.8/nrep10/seed13
ackley_2d,heter_LVGP,anpei,0.8,10,14,ok,50,/data/zhq7531/IDEAL/hetero_lvgp/benchmark/results/ackley_2d/heter_LVGP/anpei_b0.8/nrep10/seed14.mat,ackley_2d/heter_LVGP/anpei_b0.8/nrep10/seed14
ackley_2d,heter_LVGP,anpei,0.8,10,15,ok,50,/data/zhq7531/IDEAL/hetero_lvgp/benchmark/results/ackley_2d/heter_LVGP/anpei_b0.8/nrep10/seed15.mat,ackley_2d/heter_LVGP/anpei_b0.8/nrep10/seed15
ackley_2d,heter_LVGP,anpei,0.8,10,16,ok,50,/data/zhq7531/IDEAL/hetero_lvgp/benchmark/results/ackley_2d/heter_LVGP/anpei_b0.8/nrep10/seed16.mat,ackley_2d/heter_LVGP/anpei_b0.8/nrep10/seed16
ackley_2d,heter_LVGP,anpei,0.8,10,17,ok,50,/data/zhq7531/IDEAL/hetero_lvgp/benchmark/results/ackley_2d/heter_LVGP/anpei_b0.8/nrep10/seed17.mat,ackley_2d/heter_LVGP/anpei_b0.8/nrep10/seed17
ackley_2d,heter_LVGP,anpei,0.8,10,18,ok,50,/data/zhq7531/IDEAL/hetero_lvgp/benchmark/results/ackley_2d/heter_LVGP/anpei_b0.8/nrep10/seed18.mat,ackley_2d/heter_LVGP/anpei_b0.8/nrep10/seed18
ackley_2d,heter_LVGP,anpei,0.8,10,19,ok,50,/data/zhq7531/IDEAL/hetero_lvgp/benchmark/results/ackley_2d/heter_LVGP/anpei_b0.8/nrep10/seed19.mat,ackley_2d/heter_LVGP/anpei_b0.8/nrep10/seed19
ackley_2d,heter_LVGP,anpei,0.8,10,20,ok,50,/data/zhq7531/IDEAL/hetero_lvgp/benchmark/results/ackley_2d/heter_LVGP/anpei_b0.8/nrep10/seed20.mat,ackley_2d/heter_LVGP/anpei_b0.8/nrep10/seed20
ackley_2d,heter_LVGP,anpei,0.8,10,21,ok,50,/data/zhq7531/IDEAL/hetero_lvgp/benchmark/results/ackley_2d/heter_LVGP/anpei_b0.8/nrep10/seed21.mat,ackley_2d/heter_LVGP/anpei_b0.8/nrep10/seed21
ackley_2d,heter_LVGP,anpei,0.8,10,22,ok,50,/data/zhq7531/IDEAL/hetero_lvgp/benchmark/results/ackley_2d/heter_LVGP/anpei_b0.8/nrep10/seed22.mat,ackley_2d/heter_LVGP/anpei_b0.8/nrep10/seed22
ackley_2d,heter_LVGP,anpei,0.8,10,23,ok,50,/data/zhq7531/IDEAL/hetero_lvgp/benchmark/results/ackley_2d/heter_LVGP/anpei_b0.8/nrep10/seed23.mat,ackley_2d/heter_LVGP/anpei_b0.8/nrep10/seed23
ackley_2d,heter_LVGP,anpei,0.8,10,24,ok,50,/data/zhq7531/IDEAL/hetero_lvgp/benchmark/results/ackley_2d/heter_LVGP/anpei_b0.8/nrep10/seed24.mat,ackley_2d/heter_LVGP/anpei_b0.8/nrep10/seed24
ackley_2d,heter_LVGP,anpei,0.8,10,25,ok,50,/data/zhq7531/IDEAL/hetero_lvgp/benchmark/results/ackley_2d/heter_LVGP/anpei_b0.8/nrep10/seed25.mat,ackley_2d/heter_LVGP/anpei_b0.8/nrep10/seed25
ackley_2d,heter_LVGP,anpei,0.8,10,26,ok,50,/data/zhq7531/IDEAL/hetero_lvgp/benchmark/results/ackley_2d/heter_LVGP/anpei_b0.8/nrep10/seed26.mat,ackley_2d/heter_LVGP/anpei_b0.8/nrep10/seed26
ackley_2d,heter_LVGP,anpei,0.8,10,27,ok,50,/data/zhq7531/IDEAL/hetero_lvgp/benchmark/results/ackley_2d/heter_LVGP/anpei_b0.8/nrep10/seed27.mat,ackley_2d/heter_LVGP/anpei_b0.8/nrep10/seed27
ackley_2d,heter_LVGP,anpei,0.8,10,28,ok,50,/data/zhq7531/IDEAL/hetero_lvgp/benchmark/results/ackley_2d/heter_LVGP/anpei_b0.8/nrep10/seed28.mat,ackley_2d/heter_LVGP/anpei_b0.8/nrep10/seed28
ackley_2d,heter_LVGP,anpei,0.8,10,29,ok,50,/data/zhq7531/IDEAL/hetero_lvgp/benchmark/results/ackley_2d/heter_LVGP/anpei_b0.8/nrep10/seed29.mat,ackley_2d/heter_LVGP/anpei_b0.8/nrep10/seed29
ackley_2d,heter_LVGP,anpei,0.8,10,30,ok,50,/data/zhq7531/IDEAL/hetero_lvgp/benchmark/results/ackley_2d/heter_LVGP/anpei_b0.8/nrep10/seed30.mat,ackley_2d/heter_LVGP/anpei_b0.8/nrep10/seed30
ackley_2d,heter_LVGP,rahbo,0.5,3,1,ok,50,/data/zhq7531/IDEAL/hetero_lvgp/benchmark/results/ackley_2d/heter_LVGP/rahbo_a0.5/nrep03/seed01.mat,ackley_2d/heter_LVGP/rahbo_a0.5/nrep03/seed01
ackley_2d,heter_LVGP,rahbo,0.5,3,2,ok,50,/data/zhq7531/IDEAL/hetero_lvgp/benchmark/results/ackley_2d/heter_LVGP/rahbo_a0.5/nrep03/seed02.mat,ackley_2d/heter_LVGP/rahbo_a0.5/nrep03/seed02
ackley_2d,heter_LVGP,rahbo,0.5,3,3,ok,50,/data/zhq7531/IDEAL/hetero_lvgp/benchmark/results/ackley_2d/heter_LVGP/rahbo_a0.5/nrep03/seed03.mat,ackley_2d/heter_LVGP/rahbo_a0.5/nrep03/seed03
ackley_2d,heter_LVGP,rahbo,0.5,3,4,ok,50,/data/zhq7531/IDEAL/hetero_lvgp/benchmark/results/ackley_2d/heter_LVGP/rahbo_a0.5/nrep03/seed04.mat,ackley_2d/heter_LVGP/rahbo_a0.5/nrep03/seed04
ackley_2d,heter_LVGP,rahbo,0.5,3,5,ok,50,/data/zhq7531/IDEAL/hetero_lvgp/benchmark/results/ackley_2d/heter_LVGP/rahbo_a0.5/nrep03/seed05.mat,ackley_2d/heter_LVGP/rahbo_a0.5/nrep03/seed05
ackley_2d,heter_LVGP,rahbo,0.5,3,6,ok,50,/data/zhq7531/IDEAL/hetero_lvgp/benchmark/results/ackley_2d/heter_LVGP/rahbo_a0.5/nrep03/seed06.mat,ackley_2d/heter_LVGP/rahbo_a0.5/nrep03/seed06
ackley_2d,heter_LVGP,rahbo,0.5,3,7,ok,50,/data/zhq7531/IDEAL/hetero_lvgp/benchmark/results/ackley_2d/heter_LVGP/rahbo_a0.5/nrep03/seed07.mat,ackley_2d/heter_LVGP/rahbo_a0.5/nrep03/seed07
ackley_2d,heter_LVGP,rahbo,0.5,3,8,ok,50,/data/zhq7531/IDEAL/hetero_lvgp/benchmark/results/ackley_2d/heter_LVGP/rahbo_a0.5/nrep03/seed08.mat,ackley_2d/heter_LVGP/rahbo_a0.5/nrep03/seed08
ackley_2d,heter_LVGP,rahbo,0.5,3,9,ok,50,/data/zhq7531/IDEAL/hetero_lvgp/benchmark/results/ackley_2d/heter_LVGP/rahbo_a0.5/nrep03/seed09.mat,ackley_2d/heter_LVGP/rahbo_a0.5/nrep03/seed09
ackley_2d,heter_LVGP,rahbo,0.5,3,10,ok,50,/data/zhq7531/IDEAL/hetero_lvgp/benchmark/results/ackley_2d/heter_LVGP/rahbo_a0.5/nrep03/seed10.mat,ackley_2d/heter_LVGP/rahbo_a0.5/nrep03/seed10
ackley_2d,heter_LVGP,rahbo,0.5,3,11,ok,50,/data/zhq7531/IDEAL/hetero_lvgp/benchmark/results/ackley_2d/heter_LVGP/rahbo_a0.5/nrep03/seed11.mat,ackley_2d/heter_LVGP/rahbo_a0.5/nrep03/seed11
ackley_2d,heter_LVGP,rahbo,0.5,3,12,ok,50,/data/zhq7531/IDEAL/hetero_lvgp/benchmark/results/ackley_2d/heter_LVGP/rahbo_a0.5/nrep03/seed12.mat,ackley_2d/heter_LVGP/rahbo_a0.5/nrep03/seed12
ackley_2d,heter_LVGP,rahbo,0.5,3,13,ok,50,/data/zhq7531/IDEAL/hetero_lvgp/benchmark/results/ackley_2d/heter_LVGP/rahbo_a0.5/nrep03/seed13.mat,ackley_2d/heter_LVGP/rahbo_a0.5/nrep03/seed13
ackley_2d,heter_LVGP,rahbo,0.5,3,14,ok,50,/data/zhq7531/IDEAL/hetero_lvgp/benchmark/results/ackley_2d/heter_LVGP/rahbo_a0.5/nrep03/seed14.mat,ackley_2d/heter_LVGP/rahbo_a0.5/nrep03/seed14
ackley_2d,heter_LVGP,rahbo,0.5,3,15,ok,50,/data/zhq7531/IDEAL/hetero_lvgp/benchmark/results/ackley_2d/heter_LVGP/rahbo_a0.5/nrep03/seed15.mat,ackley_2d/heter_LVGP/rahbo_a0.5/nrep03/seed15
ackley_2d,heter_LVGP,rahbo,0.5,3,16,ok,50,/data/zhq7531/IDEAL/hetero_lvgp/benchmark/results/ackley_2d/heter_LVGP/rahbo_a0.5/nrep03/seed16.mat,ackley_2d/heter_LVGP/rahbo_a0.5/nrep03/seed16
ackley_2d,heter_LVGP,rahbo,0.5,3,17,ok,50,/data/zhq7531/IDEAL/hetero_lvgp/benchmark/results/ackley_2d/heter_LVGP/rahbo_a0.5/nrep03/seed17.mat,ackley_2d/heter_LVGP/rahbo_a0.5/nrep03/seed17
ackley_2d,heter_LVGP,rahbo,0.5,3,18,ok,50,/data/zhq7531/IDEAL/hetero_lvgp/benchmark/results/ackley_2d/heter_LVGP/rahbo_a0.5/nrep03/seed18.mat,ackley_2d/heter_LVGP/rahbo_a0.5/nrep03/seed18
ackley_2d,heter_LVGP,rahbo,0.5,3,19,ok,50,/data/zhq7531/IDEAL/hetero_lvgp/benchmark/results/ackley_2d/heter_LVGP/rahbo_a0.5/nrep03/seed19.mat,ackley_2d/heter_LVGP/rahbo_a0.5/nrep03/seed19
ackley_2d,heter_LVGP,rahbo,0.5,3,20,ok,50,/data/zhq7531/IDEAL/hetero_lvgp/benchmark/results/ackley_2d/heter_LVGP/rahbo_a0.5/nrep03/seed20.mat,ackley_2d/heter_LVGP/rahbo_a0.5/nrep03/seed20
ackley_2d,heter_LVGP,rahbo,0.5,3,21,ok,50,/data/zhq7531/IDEAL/hetero_lvgp/benchmark/results/ackley_2d/heter_LVGP/rahbo_a0.5/nrep03/seed21.mat,ackley_2d/heter_LVGP/rahbo_a0.5/nrep03/seed21
ackley_2d,heter_LVGP,rahbo,0.5,3,22,ok,50,/data/zhq7531/IDEAL/hetero_lvgp/benchmark/results/ackley_2d/heter_LVGP/rahbo_a0.5/nrep03/seed22.mat,ackley_2d/heter_LVGP/rahbo_a0.5/nrep03/seed22
ackley_2d,heter_LVGP,rahbo,0.5,3,23,ok,50,/data/zhq7531/IDEAL/hetero_lvgp/benchmark/results/ackley_2d/heter_LVGP/rahbo_a0.5/nrep03/seed23.mat,ackley_2d/heter_LVGP/rahbo_a0.5/nrep03/seed23
ackley_2d,heter_LVGP,rahbo,0.5,3,24,ok,50,/data/zhq7531/IDEAL/hetero_lvgp/benchmark/results/ackley_2d/heter_LVGP/rahbo_a0.5/nrep03/seed24.mat,ackley_2d/heter_LVGP/rahbo_a0.5/nrep03/seed24
ackley_2d,heter_LVGP,rahbo,0.5,3,25,ok,50,/data/zhq7531/IDEAL/hetero_lvgp/benchmark/results/ackley_2d/heter_LVGP/rahbo_a0.5/nrep03/seed25.mat,ackley_2d/heter_LVGP/rahbo_a0.5/nrep03/seed25
ackley_2d,heter_LVGP,rahbo,0.5,3,26,ok,50,/data/zhq7531/IDEAL/hetero_lvgp/benchmark/results/ackley_2d/heter_LVGP/rahbo_a0.5/nrep03/seed26.mat,ackley_2d/heter_LVGP/rahbo_a0.5/nrep03/seed26
ackley_2d,heter_LVGP,rahbo,0.5,3,27,ok,50,/data/zhq7531/IDEAL/hetero_lvgp/benchmark/results/ackley_2d/heter_LVGP/rahbo_a0.5/nrep03/seed27.mat,ackley_2d/heter_LVGP/rahbo_a0.5/nrep03/seed27
ackley_2d,heter_LVGP,rahbo,0.5,3,28,ok,50,/data/zhq7531/IDEAL/hetero_lvgp/benchmark/results/ackley_2d/heter_LVGP/rahbo_a0.5/nrep03/seed28.mat,ackley_2d/heter_LVGP/rahbo_a0.5/nrep03/seed28
ackley_2d,heter_LVGP,rahbo,0.5,3,29,ok,50,/data/zhq7531/IDEAL/hetero_lvgp/benchmark/results/ackley_2d/heter_LVGP/rahbo_a0.5/nrep03/seed29.mat,ackley_2d/heter_LVGP/rahbo_a0.5/nrep03/seed29
ackley_2d,heter_LVGP,rahbo,0.5,3,30,ok,50,/data/zhq7531/IDEAL/hetero_lvgp/benchmark/results/ackley_2d/heter_LVGP/rahbo_a0.5/nrep03/seed30.mat,ackley_2d/heter_LVGP/rahbo_a0.5/nrep03/seed30
ackley_2d,heter_LVGP,rahbo,0.5,10,1,ok,50,/data/zhq7531/IDEAL/hetero_lvgp/benchmark/results/ackley_2d/heter_LVGP/rahbo_a0.5/nrep10/seed01.mat,ackley_2d/heter_LVGP/rahbo_a0.5/nrep10/seed01
ackley_2d,heter_LVGP,rahbo,0.5,10,2,ok,50,/data/zhq7531/IDEAL/hetero_lvgp/benchmark/results/ackley_2d/heter_LVGP/rahbo_a0.5/nrep10/seed02.mat,ackley_2d/heter_LVGP/rahbo_a0.5/nrep10/seed02
ackley_2d,heter_LVGP,rahbo,0.5,10,3,ok,50,/data/zhq7531/IDEAL/hetero_lvgp/benchmark/results/ackley_2d/heter_LVGP/rahbo_a0.5/nrep10/seed03.mat,ackley_2d/heter_LVGP/rahbo_a0.5/nrep10/seed03
ackley_2d,heter_LVGP,rahbo,0.5,10,4,ok,50,/data/zhq7531/IDEAL/hetero_lvgp/benchmark/results/ackley_2d/heter_LVGP/rahbo_a0.5/nrep10/seed04.mat,ackley_2d/heter_LVGP/rahbo_a0.5/nrep10/seed04
ackley_2d,heter_LVGP,rahbo,0.5,10,5,ok,50,/data/zhq7531/IDEAL/hetero_lvgp/benchmark/results/ackley_2d/heter_LVGP/rahbo_a0.5/nrep10/seed05.mat,ackley_2d/heter_LVGP/rahbo_a0.5/nrep10/seed05
ackley_2d,heter_LVGP,rahbo,0.5,10,6,ok,50,/data/zhq7531/IDEAL/hetero_lvgp/benchmark/results/ackley_2d/heter_LVGP/rahbo_a0.5/nrep10/seed06.mat,ackley_2d/heter_LVGP/rahbo_a0.5/nrep10/seed06
ackley_2d,heter_LVGP,rahbo,0.5,10,7,ok,50,/data/zhq7531/IDEAL/hetero_lvgp/benchmark/results/ackley_2d/heter_LVGP/rahbo_a0.5/nrep10/seed07.mat,ackley_2d/heter_LVGP/rahbo_a0.5/nrep10/seed07
ackley_2d,heter_LVGP,rahbo,0.5,10,8,ok,50,/data/zhq7531/IDEAL/hetero_lvgp/benchmark/results/ackley_2d/heter_LVGP/rahbo_a0.5/nrep10/seed08.mat,ackley_2d/heter_LVGP/rahbo_a0.5/nrep10/seed08
ackley_2d,heter_LVGP,rahbo,0.5,10,9,ok,50,/data/zhq7531/IDEAL/hetero_lvgp/benchmark/results/ackley_2d/heter_LVGP/rahbo_a0.5/nrep10/seed09.mat,ackley_2d/heter_LVGP/rahbo_a0.5/nrep10/seed09
ackley_2d,heter_LVGP,rahbo,0.5,10,10,ok,50,/data/zhq7531/IDEAL/hetero_lvgp/benchmark/results/ackley_2d/heter_LVGP/rahbo_a0.5/nrep10/seed10.mat,ackley_2d/heter_LVGP/rahbo_a0.5/nrep10/seed10
ackley_2d,heter_LVGP,rahbo,0.5,10,11,ok,50,/data/zhq7531/IDEAL/hetero_lvgp/benchmark/results/ackley_2d/heter_LVGP/rahbo_a0.5/nrep10/seed11.mat,ackley_2d/heter_LVGP/rahbo_a0.5/nrep10/seed11
ackley_2d,heter_LVGP,rahbo,0.5,10,12,ok,50,/data/zhq7531/IDEAL/hetero_lvgp/benchmark/results/ackley_2d/heter_LVGP/rahbo_a0.5/nrep10/seed12.mat,ackley_2d/heter_LVGP/rahbo_a0.5/nrep10/seed12
ackley_2d,heter_LVGP,rahbo,0.5,10,13,ok,50,/data/zhq7531/IDEAL/hetero_lvgp/benchmark/results/ackley_2d/heter_LVGP/rahbo_a0.5/nrep10/seed13.mat,ackley_2d/heter_LVGP/rahbo_a0.5/nrep10/seed13
ackley_2d,heter_LVGP,rahbo,0.5,10,14,ok,50,/data/zhq7531/IDEAL/hetero_lvgp/benchmark/results/ackley_2d/heter_LVGP/rahbo_a0.5/nrep10/seed14.mat,ackley_2d/heter_LVGP/rahbo_a0.5/nrep10/seed14
ackley_2d,heter_LVGP,rahbo,0.5,10,15,ok,50,/data/zhq7531/IDEAL/hetero_lvgp/benchmark/results/ackley_2d/heter_LVGP/rahbo_a0.5/nrep10/seed15.mat,ackley_2d/heter_LVGP/rahbo_a0.5/nrep10/seed15
ackley_2d,heter_LVGP,rahbo,0.5,10,16,ok,50,/data/zhq7531/IDEAL/hetero_lvgp/benchmark/results/ackley_2d/heter_LVGP/rahbo_a0.5/nrep10/seed16.mat,ackley_2d/heter_LVGP/rahbo_a0.5/nrep10/seed16
ackley_2d,heter_LVGP,rahbo,0.5,10,17,ok,50,/data/zhq7531/IDEAL/hetero_lvgp/benchmark/results/ackley_2d/heter_LVGP/rahbo_a0.5/nrep10/seed17.mat,ackley_2d/heter_LVGP/rahbo_a0.5/nrep10/seed17
ackley_2d,heter_LVGP,rahbo,0.5,10,18,ok,50,/data/zhq7531/IDEAL/hetero_lvgp/benchmark/results/ackley_2d/heter_LVGP/rahbo_a0.5/nrep10/seed18.mat,ackley_2d/heter_LVGP/rahbo_a0.5/nrep10/seed18
ackley_2d,heter_LVGP,rahbo,0.5,10,19,ok,50,/data/zhq7531/IDEAL/hetero_lvgp/benchmark/results/ackley_2d/heter_LVGP/rahbo_a0.5/nrep10/seed19.mat,ackley_2d/heter_LVGP/rahbo_a0.5/nrep10/seed19
ackley_2d,heter_LVGP,rahbo,0.5,10,20,ok,50,/data/zhq7531/IDEAL/hetero_lvgp/benchmark/results/ackley_2d/heter_LVGP/rahbo_a0.5/nrep10/seed20.mat,ackley_2d/heter_LVGP/rahbo_a0.5/nrep10/seed20
ackley_2d,heter_LVGP,rahbo,0.5,10,21,ok,50,/data/zhq7531/IDEAL/hetero_lvgp/benchmark/results/ackley_2d/heter_LVGP/rahbo_a0.5/nrep10/seed21.mat,ackley_2d/heter_LVGP/rahbo_a0.5/nrep10/seed21
ackley_2d,heter_LVGP,rahbo,0.5,10,22,ok,50,/data/zhq7531/IDEAL/hetero_lvgp/benchmark/results/ackley_2d/heter_LVGP/rahbo_a0.5/nrep10/seed22.mat,ackley_2d/heter_LVGP/rahbo_a0.5/nrep10/seed22
ackley_2d,heter_LVGP,rahbo,0.5,10,23,ok,50,/data/zhq7531/IDEAL/hetero_lvgp/benchmark/results/ackley_2d/heter_LVGP/rahbo_a0.5/nrep10/seed23.mat,ackley_2d/heter_LVGP/rahbo_a0.5/nrep10/seed23
ackley_2d,heter_LVGP,rahbo,0.5,10,24,ok,50,/data/zhq7531/IDEAL/hetero_lvgp/benchmark/results/ackley_2d/heter_LVGP/rahbo_a0.5/nrep10/seed24.mat,ackley_2d/heter_LVGP/rahbo_a0.5/nrep10/seed24
ackley_2d,heter_LVGP,rahbo,0.5,10,25,ok,50,/data/zhq7531/IDEAL/hetero_lvgp/benchmark/results/ackley_2d/heter_LVGP/rahbo_a0.5/nrep10/seed25.mat,ackley_2d/heter_LVGP/rahbo_a0.5/nrep10/seed25
ackley_2d,heter_LVGP,rahbo,0.5,10,26,ok,50,/data/zhq7531/IDEAL/hetero_lvgp/benchmark/results/ackley_2d/heter_LVGP/rahbo_a0.5/nrep10/seed26.mat,ackley_2d/heter_LVGP/rahbo_a0.5/nrep10/seed26
ackley_2d,heter_LVGP,rahbo,0.5,10,27,ok,50,/data/zhq7531/IDEAL/hetero_lvgp/benchmark/results/ackley_2d/heter_LVGP/rahbo_a0.5/nrep10/seed27.mat,ackley_2d/heter_LVGP/rahbo_a0.5/nrep10/seed27
ackley_2d,heter_LVGP,rahbo,0.5,10,28,ok,50,/data/zhq7531/IDEAL/hetero_lvgp/benchmark/results/ackley_2d/heter_LVGP/rahbo_a0.5/nrep10/seed28.mat,ackley_2d/heter_LVGP/rahbo_a0.5/nrep10/seed28
ackley_2d,heter_LVGP,rahbo,0.5,10,29,ok,50,/data/zhq7531/IDEAL/hetero_lvgp/benchmark/results/ackley_2d/heter_LVGP/rahbo_a0.5/nrep10/seed29.mat,ackley_2d/heter_LVGP/rahbo_a0.5/nrep10/seed29
ackley_2d,heter_LVGP,rahbo,0.5,10,30,ok,50,/data/zhq7531/IDEAL/hetero_lvgp/benchmark/results/ackley_2d/heter_LVGP/rahbo_a0.5/nrep10/seed30.mat,ackley_2d/heter_LVGP/rahbo_a0.5/nrep10/seed30
