[Warning: Unable to locate a personal folder for $documents/MATLAB.] 

Feasible point with lower objective function value found, but optimality criteria not satisfied. See output.bestfeasible..


Feasible point with lower objective function value found, but optimality criteria not satisfied. See output.bestfeasible..


Feasible point with lower objective function value found, but optimality criteria not satisfied. See output.bestfeasible..


Feasible point with lower objective function value found, but optimality criteria not satisfied. See output.bestfeasible..


Feasible point with lower objective function value found, but optimality criteria not satisfied. See output.bestfeasible..


Feasible point with lower objective function value found, but optimality criteria not satisfied. See output.bestfeasible..


Feasible point with lower objective function value found, but optimality criteria not satisfied. See output.bestfeasible..


Feasible point with lower objective function value found, but optimality criteria not satisfied. See output.bestfeasible..


Solver stopped prematurely.

fmincon stopped because it exceeded the function evaluation limit,
options.MaxFunctionEvaluations = 1.000000e+03.


Solver stopped prematurely.

fmincon stopped because it exceeded the function evaluation limit,
options.MaxFunctionEvaluations = 1.000000e+03.


Solver stopped prematurely.

fmincon stopped because it exceeded the function evaluation limit,
options.MaxFunctionEvaluations = 1.000000e+03.

Iteration 1 completed. Current sample-mean minimum is 2372.332940. New variance estimate is 612.430769.

Feasible point with lower objective function value found, but optimality criteria not satisfied. See output.bestfeasible..


Feasible point with lower objective function value found, but optimality criteria not satisfied. See output.bestfeasible..


Feasible point with lower objective function value found, but optimality criteria not satisfied. See output.bestfeasible..


Solver stopped prematurely.

fmincon stopped because it exceeded the function evaluation limit,
options.MaxFunctionEvaluations = 1.000000e+03.


Solver stopped prematurely.

fmincon stopped because it exceeded the function evaluation limit,
options.MaxFunctionEvaluations = 1.000000e+03.

Iteration 2 completed. Current sample-mean minimum is 2372.332940. New variance estimate is 719.758453.

Feasible point with lower objective function value found, but optimality criteria not satisfied. See output.bestfeasible..


Feasible point with lower objective function value found, but optimality criteria not satisfied. See output.bestfeasible..


Feasible point with lower objective function value found, but optimality criteria not satisfied. See output.bestfeasible..


Solver stopped prematurely.

fmincon stopped because it exceeded the function evaluation limit,
options.MaxFunctionEvaluations = 1.000000e+03.


Solver stopped prematurely.

fmincon stopped because it exceeded the function evaluation limit,
options.MaxFunctionEvaluations = 1.000000e+03.

Iteration 3 completed. Current sample-mean minimum is 2372.332940. New variance estimate is 1411.916114.

Feasible point with lower objective function value found, but optimality criteria not satisfied. See output.bestfeasible..


Feasible point with lower objective function value found, but optimality criteria not satisfied. See output.bestfeasible..


Feasible point with lower objective function value found, but optimality criteria not satisfied. See output.bestfeasible..


Feasible point with lower objective function value found, but optimality criteria not satisfied. See output.bestfeasible..


Feasible point with lower objective function value found, but optimality criteria not satisfied. See output.bestfeasible..


Solver stopped prematurely.

fmincon stopped because it exceeded the function evaluation limit,
options.MaxFunctionEvaluations = 1.000000e+03.


Solver stopped prematurely.

fmincon stopped because it exceeded the function evaluation limit,
options.MaxFunctionEvaluations = 1.000000e+03.

Iteration 4 completed. Current sample-mean minimum is 2372.332940. New variance estimate is 1112.257190.

Feasible point with lower objective function value found, but optimality criteria not satisfied. See output.bestfeasible..


Solver stopped prematurely.

fmincon stopped because it exceeded the function evaluation limit,
options.MaxFunctionEvaluations = 5.000000e+03.


Feasible point with lower objective function value found, but optimality criteria not satisfied. See output.bestfeasible..


Feasible point with lower objective function value found, but optimality criteria not satisfied. See output.bestfeasible..


Feasible point with lower objective function value found, but optimality criteria not satisfied. See output.bestfeasible..


Feasible point with lower objective function value found, but optimality criteria not satisfied. See output.bestfeasible..


Feasible point with lower objective function value found, but optimality criteria not satisfied. See output.bestfeasible..


Feasible point with lower objective function value found, but optimality criteria not satisfied. See output.bestfeasible..


Solver stopped prematurely.

fmincon stopped because it exceeded the function evaluation limit,
options.MaxFunctionEvaluations = 1.000000e+03.


Solver stopped prematurely.

fmincon stopped because it exceeded the function evaluation limit,
options.MaxFunctionEvaluations = 1.000000e+03.


Solver stopped prematurely.

fmincon stopped because it exceeded the function evaluation limit,
options.MaxFunctionEvaluations = 1.000000e+03.


Solver stopped prematurely.

fmincon stopped because it exceeded the function evaluation limit,
options.MaxFunctionEvaluations = 1.000000e+03.

Iteration 5 completed. Current sample-mean minimum is 2349.429838. New variance estimate is 612.430775.

Feasible point with lower objective function value found, but optimality criteria not satisfied. See output.bestfeasible..


Feasible point with lower objective function value found, but optimality criteria not satisfied. See output.bestfeasible..


Feasible point with lower objective function value found, but optimality criteria not satisfied. See output.bestfeasible..


Feasible point with lower objective function value found, but optimality criteria not satisfied. See output.bestfeasible..


Feasible point with lower objective function value found, but optimality criteria not satisfied. See output.bestfeasible..


Solver stopped prematurely.

fmincon stopped because it exceeded the function evaluation limit,
options.MaxFunctionEvaluations = 1.000000e+03.


Solver stopped prematurely.

fmincon stopped because it exceeded the function evaluation limit,
options.MaxFunctionEvaluations = 1.000000e+03.

Iteration 6 completed. Current sample-mean minimum is 2349.429838. New variance estimate is 1957.431211.

Feasible point with lower objective function value found, but optimality criteria not satisfied. See output.bestfeasible..


Feasible point with lower objective function value found, but optimality criteria not satisfied. See output.bestfeasible..


Feasible point with lower objective function value found, but optimality criteria not satisfied. See output.bestfeasible..


Feasible point with lower objective function value found, but optimality criteria not satisfied. See output.bestfeasible..


Solver stopped prematurely.

fmincon stopped because it exceeded the function evaluation limit,
options.MaxFunctionEvaluations = 1.000000e+03.


Solver stopped prematurely.

fmincon stopped because it exceeded the function evaluation limit,
options.MaxFunctionEvaluations = 1.000000e+03.

Iteration 7 completed. Current sample-mean minimum is 2349.429838. New variance estimate is 1035.410150.

Feasible point with lower objective function value found, but optimality criteria not satisfied. See output.bestfeasible..


Feasible point with lower objective function value found, but optimality criteria not satisfied. See output.bestfeasible..


Feasible point with lower objective function value found, but optimality criteria not satisfied. See output.bestfeasible..


Feasible point with lower objective function value found, but optimality criteria not satisfied. See output.bestfeasible..


Solver stopped prematurely.

fmincon stopped because it exceeded the function evaluation limit,
options.MaxFunctionEvaluations = 1.000000e+03.


Solver stopped prematurely.

fmincon stopped because it exceeded the function evaluation limit,
options.MaxFunctionEvaluations = 1.000000e+03.

Iteration 8 completed. Current sample-mean minimum is 2349.429838. New variance estimate is 1010.331736.

Feasible point with lower objective function value found, but optimality criteria not satisfied. See output.bestfeasible..


Feasible point with lower objective function value found, but optimality criteria not satisfied. See output.bestfeasible..


Feasible point with lower objective function value found, but optimality criteria not satisfied. See output.bestfeasible..


Feasible point with lower objective function value found, but optimality criteria not satisfied. See output.bestfeasible..


Feasible point with lower objective function value found, but optimality criteria not satisfied. See output.bestfeasible..


Solver stopped prematurely.

fmincon stopped because it exceeded the function evaluation limit,
options.MaxFunctionEvaluations = 1.000000e+03.


Solver stopped prematurely.

fmincon stopped because it exceeded the function evaluation limit,
options.MaxFunctionEvaluations = 1.000000e+03.

Iteration 9 completed. Current sample-mean minimum is 2349.429838. New variance estimate is 1216.651102.

Feasible point with lower objective function value found, but optimality criteria not satisfied. See output.bestfeasible..


Feasible point with lower objective function value found, but optimality criteria not satisfied. See output.bestfeasible..


Feasible point with lower objective function value found, but optimality criteria not satisfied. See output.bestfeasible..


Feasible point with lower objective function value found, but optimality criteria not satisfied. See output.bestfeasible..


Solver stopped prematurely.

fmincon stopped because it exceeded the function evaluation limit,
options.MaxFunctionEvaluations = 1.000000e+03.


Solver stopped prematurely.

fmincon stopped because it exceeded the function evaluation limit,
options.MaxFunctionEvaluations = 1.000000e+03.

Iteration 10 completed. Current sample-mean minimum is 2349.429838. New variance estimate is 983.282052.

Feasible point with lower objective function value found, but optimality criteria not satisfied. See output.bestfeasible..


Feasible point with lower objective function value found, but optimality criteria not satisfied. See output.bestfeasible..


Feasible point with lower objective function value found, but optimality criteria not satisfied. See output.bestfeasible..


Feasible point with lower objective function value found, but optimality criteria not satisfied. See output.bestfeasible..


Feasible point with lower objective function value found, but optimality criteria not satisfied. See output.bestfeasible..


Solver stopped prematurely.

fmincon stopped because it exceeded the function evaluation limit,
options.MaxFunctionEvaluations = 1.000000e+03.


Solver stopped prematurely.

fmincon stopped because it exceeded the function evaluation limit,
options.MaxFunctionEvaluations = 1.000000e+03.


Solver stopped prematurely.

fmincon stopped because it exceeded the function evaluation limit,
options.MaxFunctionEvaluations = 1.000000e+03.

Iteration 11 completed. Current sample-mean minimum is 2349.429838. New variance estimate is 946.520364.

Feasible point with lower objective function value found, but optimality criteria not satisfied. See output.bestfeasible..


Feasible point with lower objective function value found, but optimality criteria not satisfied. See output.bestfeasible..


Feasible point with lower objective function value found, but optimality criteria not satisfied. See output.bestfeasible..


Feasible point with lower objective function value found, but optimality criteria not satisfied. See output.bestfeasible..


Feasible point with lower objective function value found, but optimality criteria not satisfied. See output.bestfeasible..


Solver stopped prematurely.

fmincon stopped because it exceeded the function evaluation limit,
options.MaxFunctionEvaluations = 1.000000e+03.

Iteration 12 completed. Current sample-mean minimum is 2349.429838. New variance estimate is 1599.619608.

Feasible point with lower objective function value found, but optimality criteria not satisfied. See output.bestfeasible..


Feasible point with lower objective function value found, but optimality criteria not satisfied. See output.bestfeasible..


Feasible point with lower objective function value found, but optimality criteria not satisfied. See output.bestfeasible..


Feasible point with lower objective function value found, but optimality criteria not satisfied. See output.bestfeasible..


Solver stopped prematurely.

fmincon stopped because it exceeded the function evaluation limit,
options.MaxFunctionEvaluations = 1.000000e+03.


Solver stopped prematurely.

fmincon stopped because it exceeded the function evaluation limit,
options.MaxFunctionEvaluations = 1.000000e+03.

Iteration 13 completed. Current sample-mean minimum is 2349.429838. New variance estimate is 620.464410.

Feasible point with lower objective function value found, but optimality criteria not satisfied. See output.bestfeasible..


Feasible point with lower objective function value found, but optimality criteria not satisfied. See output.bestfeasible..


Feasible point with lower objective function value found, but optimality criteria not satisfied. See output.bestfeasible..


Feasible point with lower objective function value found, but optimality criteria not satisfied. See output.bestfeasible..


Feasible point with lower objective function value found, but optimality criteria not satisfied. See output.bestfeasible..


Solver stopped prematurely.

fmincon stopped because it exceeded the function evaluation limit,
options.MaxFunctionEvaluations = 1.000000e+03.


Solver stopped prematurely.

fmincon stopped because it exceeded the function evaluation limit,
options.MaxFunctionEvaluations = 1.000000e+03.

Iteration 14 completed. Current sample-mean minimum is 2349.429838. New variance estimate is 612.431083.

Feasible point with lower objective function value found, but optimality criteria not satisfied. See output.bestfeasible..


Feasible point with lower objective function value found, but optimality criteria not satisfied. See output.bestfeasible..


Feasible point with lower objective function value found, but optimality criteria not satisfied. See output.bestfeasible..


Solver stopped prematurely.

fmincon stopped because it exceeded the function evaluation limit,
options.MaxFunctionEvaluations = 1.000000e+03.


Solver stopped prematurely.

fmincon stopped because it exceeded the function evaluation limit,
options.MaxFunctionEvaluations = 1.000000e+03.

Iteration 15 completed. Current sample-mean minimum is 2349.429838. New variance estimate is 612.430767.

Feasible point with lower objective function value found, but optimality criteria not satisfied. See output.bestfeasible..


Feasible point with lower objective function value found, but optimality criteria not satisfied. See output.bestfeasible..


Solver stopped prematurely.

fmincon stopped because it exceeded the function evaluation limit,
options.MaxFunctionEvaluations = 1.000000e+03.


Solver stopped prematurely.

fmincon stopped because it exceeded the function evaluation limit,
options.MaxFunctionEvaluations = 1.000000e+03.

Iteration 16 completed. Current sample-mean minimum is 2349.429838. New variance estimate is 563.506670.

Feasible point with lower objective function value found, but optimality criteria not satisfied. See output.bestfeasible..


Feasible point with lower objective function value found, but optimality criteria not satisfied. See output.bestfeasible..


Feasible point with lower objective function value found, but optimality criteria not satisfied. See output.bestfeasible..


Solver stopped prematurely.

fmincon stopped because it exceeded the function evaluation limit,
options.MaxFunctionEvaluations = 1.000000e+03.


Solver stopped prematurely.

fmincon stopped because it exceeded the function evaluation limit,
options.MaxFunctionEvaluations = 1.000000e+03.


Solver stopped prematurely.

fmincon stopped because it exceeded the function evaluation limit,
options.MaxFunctionEvaluations = 1.000000e+03.

Iteration 17 completed. Current sample-mean minimum is 2349.429838. New variance estimate is 500.551061.

Feasible point with lower objective function value found, but optimality criteria not satisfied. See output.bestfeasible..


Feasible point with lower objective function value found, but optimality criteria not satisfied. See output.bestfeasible..


Feasible point with lower objective function value found, but optimality criteria not satisfied. See output.bestfeasible..


Feasible point with lower objective function value found, but optimality criteria not satisfied. See output.bestfeasible..


Solver stopped prematurely.

fmincon stopped because it exceeded the function evaluation limit,
options.MaxFunctionEvaluations = 1.000000e+03.


Solver stopped prematurely.

fmincon stopped because it exceeded the function evaluation limit,
options.MaxFunctionEvaluations = 1.000000e+03.

Iteration 18 completed. Current sample-mean minimum is 2349.429838. New variance estimate is 1599.620059.

Feasible point with lower objective function value found, but optimality criteria not satisfied. See output.bestfeasible..


Feasible point with lower objective function value found, but optimality criteria not satisfied. See output.bestfeasible..


Feasible point with lower objective function value found, but optimality criteria not satisfied. See output.bestfeasible..


Solver stopped prematurely.

fmincon stopped because it exceeded the function evaluation limit,
options.MaxFunctionEvaluations = 1.000000e+03.


Solver stopped prematurely.

fmincon stopped because it exceeded the function evaluation limit,
options.MaxFunctionEvaluations = 1.000000e+03.

Iteration 19 completed. Current sample-mean minimum is 2349.429838. New variance estimate is 1680.867256.

Feasible point with lower objective function value found, but optimality criteria not satisfied. See output.bestfeasible..


Solver stopped prematurely.

fmincon stopped because it exceeded the function evaluation limit,
options.MaxFunctionEvaluations = 1.000000e+03.

Iteration 20 completed. Current sample-mean minimum is 2349.429838. New variance estimate is 729.319156.

Feasible point with lower objective function value found, but optimality criteria not satisfied. See output.bestfeasible..


Feasible point with lower objective function value found, but optimality criteria not satisfied. See output.bestfeasible..


Feasible point with lower objective function value found, but optimality criteria not satisfied. See output.bestfeasible..


Feasible point with lower objective function value found, but optimality criteria not satisfied. See output.bestfeasible..


Solver stopped prematurely.

fmincon stopped because it exceeded the function evaluation limit,
options.MaxFunctionEvaluations = 1.000000e+03.


Solver stopped prematurely.

fmincon stopped because it exceeded the function evaluation limit,
options.MaxFunctionEvaluations = 1.000000e+03.

Iteration 21 completed. Current sample-mean minimum is 2349.429838. New variance estimate is 425.299182.

Solver stopped prematurely.

fmincon stopped because it exceeded the function evaluation limit,
options.MaxFunctionEvaluations = 5.000000e+03.


Feasible point with lower objective function value found, but optimality criteria not satisfied. See output.bestfeasible..


Feasible point with lower objective function value found, but optimality criteria not satisfied. See output.bestfeasible..


Feasible point with lower objective function value found, but optimality criteria not satisfied. See output.bestfeasible..


Solver stopped prematurely.

fmincon stopped because it exceeded the function evaluation limit,
options.MaxFunctionEvaluations = 1.000000e+03.


Solver stopped prematurely.

fmincon stopped because it exceeded the function evaluation limit,
options.MaxFunctionEvaluations = 1.000000e+03.

Iteration 22 completed. Current sample-mean minimum is 2349.429838. New variance estimate is 1224.930723.

Feasible point with lower objective function value found, but optimality criteria not satisfied. See output.bestfeasible..


Feasible point with lower objective function value found, but optimality criteria not satisfied. See output.bestfeasible..


Solver stopped prematurely.

fmincon stopped because it exceeded the function evaluation limit,
options.MaxFunctionEvaluations = 1.000000e+03.


Solver stopped prematurely.

fmincon stopped because it exceeded the function evaluation limit,
options.MaxFunctionEvaluations = 1.000000e+03.

Iteration 23 completed. Current sample-mean minimum is 2349.429838. New variance estimate is 469.205745.

Feasible point with lower objective function value found, but optimality criteria not satisfied. See output.bestfeasible..


Feasible point with lower objective function value found, but optimality criteria not satisfied. See output.bestfeasible..


Solver stopped prematurely.

fmincon stopped because it exceeded the function evaluation limit,
options.MaxFunctionEvaluations = 1.000000e+03.

Iteration 24 completed. Current sample-mean minimum is 2349.429838. New variance estimate is 1074.607017.

Feasible point with lower objective function value found, but optimality criteria not satisfied. See output.bestfeasible..


Feasible point with lower objective function value found, but optimality criteria not satisfied. See output.bestfeasible..


Solver stopped prematurely.

fmincon stopped because it exceeded the function evaluation limit,
options.MaxFunctionEvaluations = 1.000000e+03.


Solver stopped prematurely.

fmincon stopped because it exceeded the function evaluation limit,
options.MaxFunctionEvaluations = 1.000000e+03.


Solver stopped prematurely.

fmincon stopped because it exceeded the function evaluation limit,
options.MaxFunctionEvaluations = 1.000000e+03.

Iteration 25 completed. Current sample-mean minimum is 2349.429838. New variance estimate is 425.299867.

Feasible point with lower objective function value found, but optimality criteria not satisfied. See output.bestfeasible..


Solver stopped prematurely.

fmincon stopped because it exceeded the function evaluation limit,
options.MaxFunctionEvaluations = 1.000000e+03.

Iteration 26 completed. Current sample-mean minimum is 2349.429838. New variance estimate is 881.900265.

Feasible point with lower objective function value found, but optimality criteria not satisfied. See output.bestfeasible..


Feasible point with lower objective function value found, but optimality criteria not satisfied. See output.bestfeasible..


Feasible point with lower objective function value found, but optimality criteria not satisfied. See output.bestfeasible..


Solver stopped prematurely.

fmincon stopped because it exceeded the function evaluation limit,
options.MaxFunctionEvaluations = 1.000000e+03.


Solver stopped prematurely.

fmincon stopped because it exceeded the function evaluation limit,
options.MaxFunctionEvaluations = 1.000000e+03.

Iteration 27 completed. Current sample-mean minimum is 2349.429838. New variance estimate is 490.835977.

Feasible point with lower objective function value found, but optimality criteria not satisfied. See output.bestfeasible..


Solver stopped prematurely.

fmincon stopped because it exceeded the function evaluation limit,
options.MaxFunctionEvaluations = 1.000000e+03.


Solver stopped prematurely.

fmincon stopped because it exceeded the function evaluation limit,
options.MaxFunctionEvaluations = 1.000000e+03.

Iteration 28 completed. Current sample-mean minimum is 2349.429838. New variance estimate is 425.299348.

Feasible point with lower objective function value found, but optimality criteria not satisfied. See output.bestfeasible..


Feasible point with lower objective function value found, but optimality criteria not satisfied. See output.bestfeasible..


Feasible point with lower objective function value found, but optimality criteria not satisfied. See output.bestfeasible..


Feasible point with lower objective function value found, but optimality criteria not satisfied. See output.bestfeasible..


Feasible point with lower objective function value found, but optimality criteria not satisfied. See output.bestfeasible..


Feasible point with lower objective function value found, but optimality criteria not satisfied. See output.bestfeasible..


Solver stopped prematurely.

fmincon stopped because it exceeded the function evaluation limit,
options.MaxFunctionEvaluations = 1.000000e+03.


Solver stopped prematurely.

fmincon stopped because it exceeded the function evaluation limit,
options.MaxFunctionEvaluations = 1.000000e+03.


Solver stopped prematurely.

fmincon stopped because it exceeded the function evaluation limit,
options.MaxFunctionEvaluations = 1.000000e+03.

Iteration 29 completed. Current sample-mean minimum is 2349.429838. New variance estimate is 612.430760.

Feasible point with lower objective function value found, but optimality criteria not satisfied. See output.bestfeasible..


Feasible point with lower objective function value found, but optimality criteria not satisfied. See output.bestfeasible..


Solver stopped prematurely.

fmincon stopped because it exceeded the function evaluation limit,
options.MaxFunctionEvaluations = 1.000000e+03.

Iteration 30 completed. Current sample-mean minimum is 2349.429838. New variance estimate is 454.180163.

Feasible point with lower objective function value found, but optimality criteria not satisfied. See output.bestfeasible..


Feasible point with lower objective function value found, but optimality criteria not satisfied. See output.bestfeasible..


Feasible point with lower objective function value found, but optimality criteria not satisfied. See output.bestfeasible..


Feasible point with lower objective function value found, but optimality criteria not satisfied. See output.bestfeasible..


Feasible point with lower objective function value found, but optimality criteria not satisfied. See output.bestfeasible..


Solver stopped prematurely.

fmincon stopped because it exceeded the function evaluation limit,
options.MaxFunctionEvaluations = 1.000000e+03.


Solver stopped prematurely.

fmincon stopped because it exceeded the function evaluation limit,
options.MaxFunctionEvaluations = 1.000000e+03.

Iteration 31 completed. Current sample-mean minimum is 2349.429838. New variance estimate is 454.797586.

Feasible point with lower objective function value found, but optimality criteria not satisfied. See output.bestfeasible..


Feasible point with lower objective function value found, but optimality criteria not satisfied. See output.bestfeasible..


Feasible point with lower objective function value found, but optimality criteria not satisfied. See output.bestfeasible..


Feasible point with lower objective function value found, but optimality criteria not satisfied. See output.bestfeasible..


Feasible point with lower objective function value found, but optimality criteria not satisfied. See output.bestfeasible..


Feasible point with lower objective function value found, but optimality criteria not satisfied. See output.bestfeasible..


Feasible point with lower objective function value found, but optimality criteria not satisfied. See output.bestfeasible..


Solver stopped prematurely.

fmincon stopped because it exceeded the function evaluation limit,
options.MaxFunctionEvaluations = 1.000000e+03.


Solver stopped prematurely.

fmincon stopped because it exceeded the function evaluation limit,
options.MaxFunctionEvaluations = 1.000000e+03.

Iteration 32 completed. Current sample-mean minimum is 2349.429838. New variance estimate is 468.276550.

Feasible point with lower objective function value found, but optimality criteria not satisfied. See output.bestfeasible..


Feasible point with lower objective function value found, but optimality criteria not satisfied. See output.bestfeasible..


Feasible point with lower objective function value found, but optimality criteria not satisfied. See output.bestfeasible..


Feasible point with lower objective function value found, but optimality criteria not satisfied. See output.bestfeasible..

Iteration 33 completed. Current sample-mean minimum is 2349.429838. New variance estimate is 956.923755.

Feasible point with lower objective function value found, but optimality criteria not satisfied. See output.bestfeasible..


Feasible point with lower objective function value found, but optimality criteria not satisfied. See output.bestfeasible..


Solver stopped prematurely.

fmincon stopped because it exceeded the function evaluation limit,
options.MaxFunctionEvaluations = 1.000000e+03.


Solver stopped prematurely.

fmincon stopped because it exceeded the function evaluation limit,
options.MaxFunctionEvaluations = 1.000000e+03.

Iteration 34 completed. Current sample-mean minimum is 2349.429838. New variance estimate is 483.804552.

Feasible point with lower objective function value found, but optimality criteria not satisfied. See output.bestfeasible..


Feasible point with lower objective function value found, but optimality criteria not satisfied. See output.bestfeasible..


Feasible point with lower objective function value found, but optimality criteria not satisfied. See output.bestfeasible..


Feasible point with lower objective function value found, but optimality criteria not satisfied. See output.bestfeasible..


Solver stopped prematurely.

fmincon stopped because it exceeded the function evaluation limit,
options.MaxFunctionEvaluations = 1.000000e+03.


Solver stopped prematurely.

fmincon stopped because it exceeded the function evaluation limit,
options.MaxFunctionEvaluations = 1.000000e+03.

Iteration 35 completed. Current sample-mean minimum is 2349.429838. New variance estimate is 457.317985.

Feasible point with lower objective function value found, but optimality criteria not satisfied. See output.bestfeasible..


Feasible point with lower objective function value found, but optimality criteria not satisfied. See output.bestfeasible..


Feasible point with lower objective function value found, but optimality criteria not satisfied. See output.bestfeasible..


Feasible point with lower objective function value found, but optimality criteria not satisfied. See output.bestfeasible..


Solver stopped prematurely.

fmincon stopped because it exceeded the function evaluation limit,
options.MaxFunctionEvaluations = 1.000000e+03.


Solver stopped prematurely.

fmincon stopped because it exceeded the function evaluation limit,
options.MaxFunctionEvaluations = 1.000000e+03.

Iteration 36 completed. Current sample-mean minimum is 2349.429838. New variance estimate is 429.114132.

Feasible point with lower objective function value found, but optimality criteria not satisfied. See output.bestfeasible..


Feasible point with lower objective function value found, but optimality criteria not satisfied. See output.bestfeasible..


Feasible point with lower objective function value found, but optimality criteria not satisfied. See output.bestfeasible..


Feasible point with lower objective function value found, but optimality criteria not satisfied. See output.bestfeasible..


Feasible point with lower objective function value found, but optimality criteria not satisfied. See output.bestfeasible..


Feasible point with lower objective function value found, but optimality criteria not satisfied. See output.bestfeasible..


Feasible point with lower objective function value found, but optimality criteria not satisfied. See output.bestfeasible..

Iteration 37 completed. Current sample-mean minimum is 2349.429838. New variance estimate is 4416.086665.

Feasible point with lower objective function value found, but optimality criteria not satisfied. See output.bestfeasible..


Feasible point with lower objective function value found, but optimality criteria not satisfied. See output.bestfeasible..


Feasible point with lower objective function value found, but optimality criteria not satisfied. See output.bestfeasible..


Solver stopped prematurely.

fmincon stopped because it exceeded the function evaluation limit,
options.MaxFunctionEvaluations = 1.000000e+03.


Solver stopped prematurely.

fmincon stopped because it exceeded the function evaluation limit,
options.MaxFunctionEvaluations = 1.000000e+03.

Iteration 38 completed. Current sample-mean minimum is 2349.429838. New variance estimate is 462.752541.

Feasible point with lower objective function value found, but optimality criteria not satisfied. See output.bestfeasible..


Feasible point with lower objective function value found, but optimality criteria not satisfied. See output.bestfeasible..


Feasible point with lower objective function value found, but optimality criteria not satisfied. See output.bestfeasible..


Feasible point with lower objective function value found, but optimality criteria not satisfied. See output.bestfeasible..


Feasible point with lower objective function value found, but optimality criteria not satisfied. See output.bestfeasible..


Solver stopped prematurely.

fmincon stopped because it exceeded the function evaluation limit,
options.MaxFunctionEvaluations = 1.000000e+03.


Solver stopped prematurely.

fmincon stopped because it exceeded the function evaluation limit,
options.MaxFunctionEvaluations = 1.000000e+03.

Iteration 39 completed. Current sample-mean minimum is 2349.429838. New variance estimate is 477.653550.

Feasible point with lower objective function value found, but optimality criteria not satisfied. See output.bestfeasible..


Feasible point with lower objective function value found, but optimality criteria not satisfied. See output.bestfeasible..


Feasible point with lower objective function value found, but optimality criteria not satisfied. See output.bestfeasible..


Solver stopped prematurely.

fmincon stopped because it exceeded the function evaluation limit,
options.MaxFunctionEvaluations = 1.000000e+03.


Solver stopped prematurely.

fmincon stopped because it exceeded the function evaluation limit,
options.MaxFunctionEvaluations = 1.000000e+03.

Iteration 40 completed. Current sample-mean minimum is 2349.429838. New variance estimate is 425.299168.

Feasible point with lower objective function value found, but optimality criteria not satisfied. See output.bestfeasible..


Feasible point with lower objective function value found, but optimality criteria not satisfied. See output.bestfeasible..


Feasible point with lower objective function value found, but optimality criteria not satisfied. See output.bestfeasible..


Feasible point with lower objective function value found, but optimality criteria not satisfied. See output.bestfeasible..


Feasible point with lower objective function value found, but optimality criteria not satisfied. See output.bestfeasible..


Feasible point with lower objective function value found, but optimality criteria not satisfied. See output.bestfeasible..


Solver stopped prematurely.

fmincon stopped because it exceeded the function evaluation limit,
options.MaxFunctionEvaluations = 1.000000e+03.

Iteration 41 completed. Current sample-mean minimum is 2349.429838. New variance estimate is 433.871468.

Feasible point with lower objective function value found, but optimality criteria not satisfied. See output.bestfeasible..


Solver stopped prematurely.

fmincon stopped because it exceeded the function evaluation limit,
options.MaxFunctionEvaluations = 5.000000e+03.


Feasible point with lower objective function value found, but optimality criteria not satisfied. See output.bestfeasible..


Feasible point with lower objective function value found, but optimality criteria not satisfied. See output.bestfeasible..


Feasible point with lower objective function value found, but optimality criteria not satisfied. See output.bestfeasible..


Feasible point with lower objective function value found, but optimality criteria not satisfied. See output.bestfeasible..


Solver stopped prematurely.

fmincon stopped because it exceeded the function evaluation limit,
options.MaxFunctionEvaluations = 1.000000e+03.


Solver stopped prematurely.

fmincon stopped because it exceeded the function evaluation limit,
options.MaxFunctionEvaluations = 1.000000e+03.


Solver stopped prematurely.

fmincon stopped because it exceeded the function evaluation limit,
options.MaxFunctionEvaluations = 1.000000e+03.

Iteration 42 completed. Current sample-mean minimum is 2349.429838. New variance estimate is 425.299221.

Feasible point with lower objective function value found, but optimality criteria not satisfied. See output.bestfeasible..


Feasible point with lower objective function value found, but optimality criteria not satisfied. See output.bestfeasible..


Feasible point with lower objective function value found, but optimality criteria not satisfied. See output.bestfeasible..


Feasible point with lower objective function value found, but optimality criteria not satisfied. See output.bestfeasible..

Iteration 43 completed. Current sample-mean minimum is 2349.429838. New variance estimate is 956.923082.

Feasible point with lower objective function value found, but optimality criteria not satisfied. See output.bestfeasible..


Solver stopped prematurely.

fmincon stopped because it exceeded the function evaluation limit,
options.MaxFunctionEvaluations = 5.000000e+03.


Feasible point with lower objective function value found, but optimality criteria not satisfied. See output.bestfeasible..


Feasible point with lower objective function value found, but optimality criteria not satisfied. See output.bestfeasible..


Feasible point with lower objective function value found, but optimality criteria not satisfied. See output.bestfeasible..


Feasible point with lower objective function value found, but optimality criteria not satisfied. See output.bestfeasible..


Solver stopped prematurely.

fmincon stopped because it exceeded the function evaluation limit,
options.MaxFunctionEvaluations = 1.000000e+03.


Solver stopped prematurely.

fmincon stopped because it exceeded the function evaluation limit,
options.MaxFunctionEvaluations = 1.000000e+03.

Iteration 44 completed. Current sample-mean minimum is 2349.429838. New variance estimate is 487.557325.

Feasible point with lower objective function value found, but optimality criteria not satisfied. See output.bestfeasible..


Feasible point with lower objective function value found, but optimality criteria not satisfied. See output.bestfeasible..

Iteration 45 completed. Current sample-mean minimum is 2349.429838. New variance estimate is 1377.969186.

Feasible point with lower objective function value found, but optimality criteria not satisfied. See output.bestfeasible..


Feasible point with lower objective function value found, but optimality criteria not satisfied. See output.bestfeasible..


Feasible point with lower objective function value found, but optimality criteria not satisfied. See output.bestfeasible..


Feasible point with lower objective function value found, but optimality criteria not satisfied. See output.bestfeasible..


Solver stopped prematurely.

fmincon stopped because it exceeded the function evaluation limit,
options.MaxFunctionEvaluations = 1.000000e+03.

Iteration 46 completed. Current sample-mean minimum is 2349.429838. New variance estimate is 427.053673.

Feasible point with lower objective function value found, but optimality criteria not satisfied. See output.bestfeasible..


Feasible point with lower objective function value found, but optimality criteria not satisfied. See output.bestfeasible..


Feasible point with lower objective function value found, but optimality criteria not satisfied. See output.bestfeasible..


Solver stopped prematurely.

fmincon stopped because it exceeded the function evaluation limit,
options.MaxFunctionEvaluations = 1.000000e+03.


Solver stopped prematurely.

fmincon stopped because it exceeded the function evaluation limit,
options.MaxFunctionEvaluations = 1.000000e+03.

Iteration 47 completed. Current sample-mean minimum is 2349.429838. New variance estimate is 431.061931.

Feasible point with lower objective function value found, but optimality criteria not satisfied. See output.bestfeasible..


Feasible point with lower objective function value found, but optimality criteria not satisfied. See output.bestfeasible..


Solver stopped prematurely.

fmincon stopped because it exceeded the function evaluation limit,
options.MaxFunctionEvaluations = 1.000000e+03.


Solver stopped prematurely.

fmincon stopped because it exceeded the function evaluation limit,
options.MaxFunctionEvaluations = 1.000000e+03.

Iteration 48 completed. Current sample-mean minimum is 2349.429838. New variance estimate is 433.404167.

Feasible point with lower objective function value found, but optimality criteria not satisfied. See output.bestfeasible..


Feasible point with lower objective function value found, but optimality criteria not satisfied. See output.bestfeasible..


Solver stopped prematurely.

fmincon stopped because it exceeded the function evaluation limit,
options.MaxFunctionEvaluations = 1.000000e+03.


Solver stopped prematurely.

fmincon stopped because it exceeded the function evaluation limit,
options.MaxFunctionEvaluations = 1.000000e+03.

Iteration 49 completed. Current sample-mean minimum is 2349.429838. New variance estimate is 435.058161.

Feasible point with lower objective function value found, but optimality criteria not satisfied. See output.bestfeasible..


Feasible point with lower objective function value found, but optimality criteria not satisfied. See output.bestfeasible..


Feasible point with lower objective function value found, but optimality criteria not satisfied. See output.bestfeasible..


Solver stopped prematurely.

fmincon stopped because it exceeded the function evaluation limit,
options.MaxFunctionEvaluations = 1.000000e+03.


Solver stopped prematurely.

fmincon stopped because it exceeded the function evaluation limit,
options.MaxFunctionEvaluations = 1.000000e+03.

Iteration 50 completed. Current sample-mean minimum is 2349.429838. New variance estimate is 467.698914.

Feasible point with lower objective function value found, but optimality criteria not satisfied. See output.bestfeasible..


Feasible point with lower objective function value found, but optimality criteria not satisfied. See output.bestfeasible..


Feasible point with lower objective function value found, but optimality criteria not satisfied. See output.bestfeasible..


Solver stopped prematurely.

fmincon stopped because it exceeded the function evaluation limit,
options.MaxFunctionEvaluations = 1.000000e+03.


Solver stopped prematurely.

fmincon stopped because it exceeded the function evaluation limit,
options.MaxFunctionEvaluations = 1.000000e+03.

Iteration 51 completed. Current sample-mean minimum is 2349.429838. New variance estimate is 431.350990.

Feasible point with lower objective function value found, but optimality criteria not satisfied. See output.bestfeasible..


Feasible point with lower objective function value found, but optimality criteria not satisfied. See output.bestfeasible..


Solver stopped prematurely.

fmincon stopped because it exceeded the function evaluation limit,
options.MaxFunctionEvaluations = 1.000000e+03.


Solver stopped prematurely.

fmincon stopped because it exceeded the function evaluation limit,
options.MaxFunctionEvaluations = 1.000000e+03.

Iteration 52 completed. Current sample-mean minimum is 2349.429838. New variance estimate is 432.243586.

Feasible point with lower objective function value found, but optimality criteria not satisfied. See output.bestfeasible..


Feasible point with lower objective function value found, but optimality criteria not satisfied. See output.bestfeasible..

Iteration 53 completed. Current sample-mean minimum is 2349.429838. New variance estimate is 956.923370.

Feasible point with lower objective function value found, but optimality criteria not satisfied. See output.bestfeasible..


Feasible point with lower objective function value found, but optimality criteria not satisfied. See output.bestfeasible..


Feasible point with lower objective function value found, but optimality criteria not satisfied. See output.bestfeasible..


Feasible point with lower objective function value found, but optimality criteria not satisfied. See output.bestfeasible..


Feasible point with lower objective function value found, but optimality criteria not satisfied. See output.bestfeasible..


Solver stopped prematurely.

fmincon stopped because it exceeded the function evaluation limit,
options.MaxFunctionEvaluations = 1.000000e+03.

Iteration 54 completed. Current sample-mean minimum is 2349.429838. New variance estimate is 433.551617.

Feasible point with lower objective function value found, but optimality criteria not satisfied. See output.bestfeasible..


Feasible point with lower objective function value found, but optimality criteria not satisfied. See output.bestfeasible..


Feasible point with lower objective function value found, but optimality criteria not satisfied. See output.bestfeasible..


Feasible point with lower objective function value found, but optimality criteria not satisfied. See output.bestfeasible..


Feasible point with lower objective function value found, but optimality criteria not satisfied. See output.bestfeasible..


Solver stopped prematurely.

fmincon stopped because it exceeded the function evaluation limit,
options.MaxFunctionEvaluations = 1.000000e+03.

Iteration 55 completed. Current sample-mean minimum is 2349.429838. New variance estimate is 434.076342.

Feasible point with lower objective function value found, but optimality criteria not satisfied. See output.bestfeasible..


Feasible point with lower objective function value found, but optimality criteria not satisfied. See output.bestfeasible..


Solver stopped prematurely.

fmincon stopped because it exceeded the function evaluation limit,
options.MaxFunctionEvaluations = 1.000000e+03.


Solver stopped prematurely.

fmincon stopped because it exceeded the function evaluation limit,
options.MaxFunctionEvaluations = 1.000000e+03.

Iteration 56 completed. Current sample-mean minimum is 2349.429838. New variance estimate is 434.378708.

Feasible point with lower objective function value found, but optimality criteria not satisfied. See output.bestfeasible..


Feasible point with lower objective function value found, but optimality criteria not satisfied. See output.bestfeasible..


Solver stopped prematurely.

fmincon stopped because it exceeded the function evaluation limit,
options.MaxFunctionEvaluations = 1.000000e+03.

Iteration 57 completed. Current sample-mean minimum is 2349.429838. New variance estimate is 434.685880.

Feasible point with lower objective function value found, but optimality criteria not satisfied. See output.bestfeasible..


Feasible point with lower objective function value found, but optimality criteria not satisfied. See output.bestfeasible..


Solver stopped prematurely.

fmincon stopped because it exceeded the function evaluation limit,
options.MaxFunctionEvaluations = 1.000000e+03.

Iteration 58 completed. Current sample-mean minimum is 2349.429838. New variance estimate is 434.739814.

Feasible point with lower objective function value found, but optimality criteria not satisfied. See output.bestfeasible..


Feasible point with lower objective function value found, but optimality criteria not satisfied. See output.bestfeasible..


Feasible point with lower objective function value found, but optimality criteria not satisfied. See output.bestfeasible..


Solver stopped prematurely.

fmincon stopped because it exceeded the function evaluation limit,
options.MaxFunctionEvaluations = 1.000000e+03.


Solver stopped prematurely.

fmincon stopped because it exceeded the function evaluation limit,
options.MaxFunctionEvaluations = 1.000000e+03.

Iteration 59 completed. Current sample-mean minimum is 2349.429838. New variance estimate is 435.096205.

Solver stopped prematurely.

fmincon stopped because it exceeded the function evaluation limit,
options.MaxFunctionEvaluations = 1.000000e+03.

Iteration 60 completed. Current sample-mean minimum is 2349.429838. New variance estimate is 466.592077.

Feasible point with lower objective function value found, but optimality criteria not satisfied. See output.bestfeasible..

Iteration 61 completed. Current sample-mean minimum is 2349.429838. New variance estimate is 500.696583.

Feasible point with lower objective function value found, but optimality criteria not satisfied. See output.bestfeasible..


Feasible point with lower objective function value found, but optimality criteria not satisfied. See output.bestfeasible..


Solver stopped prematurely.

fmincon stopped because it exceeded the function evaluation limit,
options.MaxFunctionEvaluations = 1.000000e+03.


Solver stopped prematurely.

fmincon stopped because it exceeded the function evaluation limit,
options.MaxFunctionEvaluations = 1.000000e+03.

Iteration 62 completed. Current sample-mean minimum is 2349.429838. New variance estimate is 436.417957.

Feasible point with lower objective function value found, but optimality criteria not satisfied. See output.bestfeasible..


Solver stopped prematurely.

fmincon stopped because it exceeded the function evaluation limit,
options.MaxFunctionEvaluations = 1.000000e+03.


Solver stopped prematurely.

fmincon stopped because it exceeded the function evaluation limit,
options.MaxFunctionEvaluations = 1.000000e+03.

Iteration 63 completed. Current sample-mean minimum is 2349.429838. New variance estimate is 434.259115.

Feasible point with lower objective function value found, but optimality criteria not satisfied. See output.bestfeasible..


Feasible point with lower objective function value found, but optimality criteria not satisfied. See output.bestfeasible..


Feasible point with lower objective function value found, but optimality criteria not satisfied. See output.bestfeasible..


Solver stopped prematurely.

fmincon stopped because it exceeded the function evaluation limit,
options.MaxFunctionEvaluations = 1.000000e+03.

Iteration 64 completed. Current sample-mean minimum is 2349.429838. New variance estimate is 434.202900.

Feasible point with lower objective function value found, but optimality criteria not satisfied. See output.bestfeasible..


Feasible point with lower objective function value found, but optimality criteria not satisfied. See output.bestfeasible..


Feasible point with lower objective function value found, but optimality criteria not satisfied. See output.bestfeasible..


Solver stopped prematurely.

fmincon stopped because it exceeded the function evaluation limit,
options.MaxFunctionEvaluations = 1.000000e+03.


Solver stopped prematurely.

fmincon stopped because it exceeded the function evaluation limit,
options.MaxFunctionEvaluations = 1.000000e+03.


Solver stopped prematurely.

fmincon stopped because it exceeded the function evaluation limit,
options.MaxFunctionEvaluations = 1.000000e+03.

Iteration 65 completed. Current sample-mean minimum is 2349.429838. New variance estimate is 434.552722.

Feasible point with lower objective function value found, but optimality criteria not satisfied. See output.bestfeasible..


Feasible point with lower objective function value found, but optimality criteria not satisfied. See output.bestfeasible..


Solver stopped prematurely.

fmincon stopped because it exceeded the function evaluation limit,
options.MaxFunctionEvaluations = 1.000000e+03.

Iteration 66 completed. Current sample-mean minimum is 2349.429838. New variance estimate is 434.638935.

Feasible point with lower objective function value found, but optimality criteria not satisfied. See output.bestfeasible..


Feasible point with lower objective function value found, but optimality criteria not satisfied. See output.bestfeasible..


Solver stopped prematurely.

fmincon stopped because it exceeded the function evaluation limit,
options.MaxFunctionEvaluations = 1.000000e+03.


Solver stopped prematurely.

fmincon stopped because it exceeded the function evaluation limit,
options.MaxFunctionEvaluations = 1.000000e+03.

Iteration 67 completed. Current sample-mean minimum is 2349.429838. New variance estimate is 434.698999.

Feasible point with lower objective function value found, but optimality criteria not satisfied. See output.bestfeasible..


Feasible point with lower objective function value found, but optimality criteria not satisfied. See output.bestfeasible..


Feasible point with lower objective function value found, but optimality criteria not satisfied. See output.bestfeasible..


Feasible point with lower objective function value found, but optimality criteria not satisfied. See output.bestfeasible..


Solver stopped prematurely.

fmincon stopped because it exceeded the function evaluation limit,
options.MaxFunctionEvaluations = 1.000000e+03.


Solver stopped prematurely.

fmincon stopped because it exceeded the function evaluation limit,
options.MaxFunctionEvaluations = 1.000000e+03.

Iteration 68 completed. Current sample-mean minimum is 2349.429838. New variance estimate is 440.189963.

Solver stopped prematurely.

fmincon stopped because it exceeded the function evaluation limit,
options.MaxFunctionEvaluations = 5.000000e+03.


Solver stopped prematurely.

fmincon stopped because it exceeded the function evaluation limit,
options.MaxFunctionEvaluations = 1.000000e+03.


Solver stopped prematurely.

fmincon stopped because it exceeded the function evaluation limit,
options.MaxFunctionEvaluations = 1.000000e+03.

Iteration 69 completed. Current sample-mean minimum is 2349.429838. New variance estimate is 434.609676.

Feasible point with lower objective function value found, but optimality criteria not satisfied. See output.bestfeasible..


Feasible point with lower objective function value found, but optimality criteria not satisfied. See output.bestfeasible..


Feasible point with lower objective function value found, but optimality criteria not satisfied. See output.bestfeasible..


Solver stopped prematurely.

fmincon stopped because it exceeded the function evaluation limit,
options.MaxFunctionEvaluations = 1.000000e+03.


Solver stopped prematurely.

fmincon stopped because it exceeded the function evaluation limit,
options.MaxFunctionEvaluations = 1.000000e+03.

Iteration 70 completed. Current sample-mean minimum is 2349.429838. New variance estimate is 434.945362.

Feasible point with lower objective function value found, but optimality criteria not satisfied. See output.bestfeasible..


Solver stopped prematurely.

fmincon stopped because it exceeded the function evaluation limit,
options.MaxFunctionEvaluations = 1.000000e+03.

Iteration 71 completed. Current sample-mean minimum is 2349.429838. New variance estimate is 434.974811.

Feasible point with lower objective function value found, but optimality criteria not satisfied. See output.bestfeasible..


Feasible point with lower objective function value found, but optimality criteria not satisfied. See output.bestfeasible..


Feasible point with lower objective function value found, but optimality criteria not satisfied. See output.bestfeasible..


Solver stopped prematurely.

fmincon stopped because it exceeded the function evaluation limit,
options.MaxFunctionEvaluations = 1.000000e+03.


Solver stopped prematurely.

fmincon stopped because it exceeded the function evaluation limit,
options.MaxFunctionEvaluations = 1.000000e+03.

Iteration 72 completed. Current sample-mean minimum is 2349.429838. New variance estimate is 435.002684.

Feasible point with lower objective function value found, but optimality criteria not satisfied. See output.bestfeasible..


Feasible point with lower objective function value found, but optimality criteria not satisfied. See output.bestfeasible..


Solver stopped prematurely.

fmincon stopped because it exceeded the function evaluation limit,
options.MaxFunctionEvaluations = 1.000000e+03.

Iteration 73 completed. Current sample-mean minimum is 2349.429838. New variance estimate is 435.026596.

Feasible point with lower objective function value found, but optimality criteria not satisfied. See output.bestfeasible..


Feasible point with lower objective function value found, but optimality criteria not satisfied. See output.bestfeasible..


Solver stopped prematurely.

fmincon stopped because it exceeded the function evaluation limit,
options.MaxFunctionEvaluations = 1.000000e+03.


Solver stopped prematurely.

fmincon stopped because it exceeded the function evaluation limit,
options.MaxFunctionEvaluations = 1.000000e+03.

Iteration 74 completed. Current sample-mean minimum is 2349.429838. New variance estimate is 435.740596.

Feasible point with lower objective function value found, but optimality criteria not satisfied. See output.bestfeasible..


Feasible point with lower objective function value found, but optimality criteria not satisfied. See output.bestfeasible..


Solver stopped prematurely.

fmincon stopped because it exceeded the function evaluation limit,
options.MaxFunctionEvaluations = 1.000000e+03.


Solver stopped prematurely.

fmincon stopped because it exceeded the function evaluation limit,
options.MaxFunctionEvaluations = 1.000000e+03.

Iteration 75 completed. Current sample-mean minimum is 2349.429838. New variance estimate is 434.944496.

Feasible point with lower objective function value found, but optimality criteria not satisfied. See output.bestfeasible..


Feasible point with lower objective function value found, but optimality criteria not satisfied. See output.bestfeasible..


Solver stopped prematurely.

fmincon stopped because it exceeded the function evaluation limit,
options.MaxFunctionEvaluations = 1.000000e+03.

Iteration 76 completed. Current sample-mean minimum is 2349.429838. New variance estimate is 439.541514.

Solver stopped prematurely.

fmincon stopped because it exceeded the function evaluation limit,
options.MaxFunctionEvaluations = 1.000000e+03.

Iteration 77 completed. Current sample-mean minimum is 2349.429838. New variance estimate is 439.157389.

Feasible point with lower objective function value found, but optimality criteria not satisfied. See output.bestfeasible..


Feasible point with lower objective function value found, but optimality criteria not satisfied. See output.bestfeasible..


Solver stopped prematurely.

fmincon stopped because it exceeded the function evaluation limit,
options.MaxFunctionEvaluations = 1.000000e+03.


Solver stopped prematurely.

fmincon stopped because it exceeded the function evaluation limit,
options.MaxFunctionEvaluations = 1.000000e+03.

Iteration 78 completed. Current sample-mean minimum is 2349.429838. New variance estimate is 465.135706.

Feasible point with lower objective function value found, but optimality criteria not satisfied. See output.bestfeasible..


Solver stopped prematurely.

fmincon stopped because it exceeded the function evaluation limit,
options.MaxFunctionEvaluations = 1.000000e+03.

Iteration 79 completed. Current sample-mean minimum is 2349.429838. New variance estimate is 439.564509.

Feasible point with lower objective function value found, but optimality criteria not satisfied. See output.bestfeasible..


Feasible point with lower objective function value found, but optimality criteria not satisfied. See output.bestfeasible..


Feasible point with lower objective function value found, but optimality criteria not satisfied. See output.bestfeasible..


Solver stopped prematurely.

fmincon stopped because it exceeded the function evaluation limit,
options.MaxFunctionEvaluations = 1.000000e+03.


Solver stopped prematurely.

fmincon stopped because it exceeded the function evaluation limit,
options.MaxFunctionEvaluations = 1.000000e+03.

Iteration 80 completed. Current sample-mean minimum is 2349.429838. New variance estimate is 439.399144.

Feasible point with lower objective function value found, but optimality criteria not satisfied. See output.bestfeasible..


Feasible point with lower objective function value found, but optimality criteria not satisfied. See output.bestfeasible..


Feasible point with lower objective function value found, but optimality criteria not satisfied. See output.bestfeasible..


Solver stopped prematurely.

fmincon stopped because it exceeded the function evaluation limit,
options.MaxFunctionEvaluations = 1.000000e+03.

Iteration 81 completed. Current sample-mean minimum is 2349.429838. New variance estimate is 439.258997.

Feasible point with lower objective function value found, but optimality criteria not satisfied. See output.bestfeasible..


Feasible point with lower objective function value found, but optimality criteria not satisfied. See output.bestfeasible..


Feasible point with lower objective function value found, but optimality criteria not satisfied. See output.bestfeasible..


Solver stopped prematurely.

fmincon stopped because it exceeded the function evaluation limit,
options.MaxFunctionEvaluations = 1.000000e+03.


Solver stopped prematurely.

fmincon stopped because it exceeded the function evaluation limit,
options.MaxFunctionEvaluations = 1.000000e+03.

Iteration 82 completed. Current sample-mean minimum is 2349.429838. New variance estimate is 439.136410.

Feasible point with lower objective function value found, but optimality criteria not satisfied. See output.bestfeasible..


Solver stopped prematurely.

fmincon stopped because it exceeded the function evaluation limit,
options.MaxFunctionEvaluations = 1.000000e+03.


Solver stopped prematurely.

fmincon stopped because it exceeded the function evaluation limit,
options.MaxFunctionEvaluations = 1.000000e+03.

Iteration 83 completed. Current sample-mean minimum is 2349.429838. New variance estimate is 439.046023.

Feasible point with lower objective function value found, but optimality criteria not satisfied. See output.bestfeasible..


Feasible point with lower objective function value found, but optimality criteria not satisfied. See output.bestfeasible..


Feasible point with lower objective function value found, but optimality criteria not satisfied. See output.bestfeasible..


Solver stopped prematurely.

fmincon stopped because it exceeded the function evaluation limit,
options.MaxFunctionEvaluations = 1.000000e+03.


Solver stopped prematurely.

fmincon stopped because it exceeded the function evaluation limit,
options.MaxFunctionEvaluations = 1.000000e+03.

Iteration 84 completed. Current sample-mean minimum is 2349.429838. New variance estimate is 438.970608.

Feasible point with lower objective function value found, but optimality criteria not satisfied. See output.bestfeasible..


Feasible point with lower objective function value found, but optimality criteria not satisfied. See output.bestfeasible..


Feasible point with lower objective function value found, but optimality criteria not satisfied. See output.bestfeasible..


Solver stopped prematurely.

fmincon stopped because it exceeded the function evaluation limit,
options.MaxFunctionEvaluations = 1.000000e+03.


Solver stopped prematurely.

fmincon stopped because it exceeded the function evaluation limit,
options.MaxFunctionEvaluations = 1.000000e+03.

Iteration 85 completed. Current sample-mean minimum is 2349.429838. New variance estimate is 438.916491.

Feasible point with lower objective function value found, but optimality criteria not satisfied. See output.bestfeasible..


Solver stopped prematurely.

fmincon stopped because it exceeded the function evaluation limit,
options.MaxFunctionEvaluations = 1.000000e+03.

Iteration 86 completed. Current sample-mean minimum is 2349.429838. New variance estimate is 438.868391.

Feasible point with lower objective function value found, but optimality criteria not satisfied. See output.bestfeasible..


Feasible point with lower objective function value found, but optimality criteria not satisfied. See output.bestfeasible..


Feasible point with lower objective function value found, but optimality criteria not satisfied. See output.bestfeasible..


Feasible point with lower objective function value found, but optimality criteria not satisfied. See output.bestfeasible..


Solver stopped prematurely.

fmincon stopped because it exceeded the function evaluation limit,
options.MaxFunctionEvaluations = 1.000000e+03.


Solver stopped prematurely.

fmincon stopped because it exceeded the function evaluation limit,
options.MaxFunctionEvaluations = 1.000000e+03.

Iteration 87 completed. Current sample-mean minimum is 2349.429838. New variance estimate is 438.850147.

Feasible point with lower objective function value found, but optimality criteria not satisfied. See output.bestfeasible..


Solver stopped prematurely.

fmincon stopped because it exceeded the function evaluation limit,
options.MaxFunctionEvaluations = 1.000000e+03.

Iteration 88 completed. Current sample-mean minimum is 2349.429838. New variance estimate is 438.836682.

Feasible point with lower objective function value found, but optimality criteria not satisfied. See output.bestfeasible..


Feasible point with lower objective function value found, but optimality criteria not satisfied. See output.bestfeasible..


Feasible point with lower objective function value found, but optimality criteria not satisfied. See output.bestfeasible..


Solver stopped prematurely.

fmincon stopped because it exceeded the function evaluation limit,
options.MaxFunctionEvaluations = 1.000000e+03.


Solver stopped prematurely.

fmincon stopped because it exceeded the function evaluation limit,
options.MaxFunctionEvaluations = 1.000000e+03.

Iteration 89 completed. Current sample-mean minimum is 2349.429838. New variance estimate is 438.848287.

Feasible point with lower objective function value found, but optimality criteria not satisfied. See output.bestfeasible..


Feasible point with lower objective function value found, but optimality criteria not satisfied. See output.bestfeasible..


Feasible point with lower objective function value found, but optimality criteria not satisfied. See output.bestfeasible..


Solver stopped prematurely.

fmincon stopped because it exceeded the function evaluation limit,
options.MaxFunctionEvaluations = 1.000000e+03.

Iteration 90 completed. Current sample-mean minimum is 2349.429838. New variance estimate is 438.895710.

Feasible point with lower objective function value found, but optimality criteria not satisfied. See output.bestfeasible..


Feasible point with lower objective function value found, but optimality criteria not satisfied. See output.bestfeasible..


Solver stopped prematurely.

fmincon stopped because it exceeded the function evaluation limit,
options.MaxFunctionEvaluations = 1.000000e+03.

Iteration 91 completed. Current sample-mean minimum is 2349.429838. New variance estimate is 439.048635.
Iteration 92 completed. Current sample-mean minimum is 2349.429838. New variance estimate is 612.430710.

Feasible point with lower objective function value found, but optimality criteria not satisfied. See output.bestfeasible..


Feasible point with lower objective function value found, but optimality criteria not satisfied. See output.bestfeasible..

Iteration 93 completed. Current sample-mean minimum is 2349.429838. New variance estimate is 441.291807.

Feasible point with lower objective function value found, but optimality criteria not satisfied. See output.bestfeasible..


Solver stopped prematurely.

fmincon stopped because it exceeded the function evaluation limit,
options.MaxFunctionEvaluations = 1.000000e+03.

Iteration 94 completed. Current sample-mean minimum is 2349.429838. New variance estimate is 444.548462.

Feasible point with lower objective function value found, but optimality criteria not satisfied. See output.bestfeasible..


Feasible point with lower objective function value found, but optimality criteria not satisfied. See output.bestfeasible..


Feasible point with lower objective function value found, but optimality criteria not satisfied. See output.bestfeasible..


Feasible point with lower objective function value found, but optimality criteria not satisfied. See output.bestfeasible..


Solver stopped prematurely.

fmincon stopped because it exceeded the function evaluation limit,
options.MaxFunctionEvaluations = 1.000000e+03.

Iteration 95 completed. Current sample-mean minimum is 2349.429838. New variance estimate is 440.814718.

Feasible point with lower objective function value found, but optimality criteria not satisfied. See output.bestfeasible..


Feasible point with lower objective function value found, but optimality criteria not satisfied. See output.bestfeasible..


Feasible point with lower objective function value found, but optimality criteria not satisfied. See output.bestfeasible..


Feasible point with lower objective function value found, but optimality criteria not satisfied. See output.bestfeasible..


Solver stopped prematurely.

fmincon stopped because it exceeded the function evaluation limit,
options.MaxFunctionEvaluations = 1.000000e+03.


Solver stopped prematurely.

fmincon stopped because it exceeded the function evaluation limit,
options.MaxFunctionEvaluations = 1.000000e+03.

Iteration 96 completed. Current sample-mean minimum is 2349.429838. New variance estimate is 425.299179.

Feasible point with lower objective function value found, but optimality criteria not satisfied. See output.bestfeasible..


Feasible point with lower objective function value found, but optimality criteria not satisfied. See output.bestfeasible..


Solver stopped prematurely.

fmincon stopped because it exceeded the function evaluation limit,
options.MaxFunctionEvaluations = 1.000000e+03.

Iteration 97 completed. Current sample-mean minimum is 2349.429838. New variance estimate is 434.650133.

Feasible point with lower objective function value found, but optimality criteria not satisfied. See output.bestfeasible..


Feasible point with lower objective function value found, but optimality criteria not satisfied. See output.bestfeasible..


Feasible point with lower objective function value found, but optimality criteria not satisfied. See output.bestfeasible..


Solver stopped prematurely.

fmincon stopped because it exceeded the function evaluation limit,
options.MaxFunctionEvaluations = 1.000000e+03.


Solver stopped prematurely.

fmincon stopped because it exceeded the function evaluation limit,
options.MaxFunctionEvaluations = 1.000000e+03.

Iteration 98 completed. Current sample-mean minimum is 2349.429838. New variance estimate is 442.666823.

Feasible point with lower objective function value found, but optimality criteria not satisfied. See output.bestfeasible..


Feasible point with lower objective function value found, but optimality criteria not satisfied. See output.bestfeasible..


Feasible point with lower objective function value found, but optimality criteria not satisfied. See output.bestfeasible..


Feasible point with lower objective function value found, but optimality criteria not satisfied. See output.bestfeasible..


Solver stopped prematurely.

fmincon stopped because it exceeded the function evaluation limit,
options.MaxFunctionEvaluations = 1.000000e+03.


Solver stopped prematurely.

fmincon stopped because it exceeded the function evaluation limit,
options.MaxFunctionEvaluations = 1.000000e+03.

Iteration 99 completed. Current sample-mean minimum is 2349.429838. New variance estimate is 461.503855.

Feasible point with lower objective function value found, but optimality criteria not satisfied. See output.bestfeasible..


Feasible point with lower objective function value found, but optimality criteria not satisfied. See output.bestfeasible..


Feasible point with lower objective function value found, but optimality criteria not satisfied. See output.bestfeasible..


Solver stopped prematurely.

fmincon stopped because it exceeded the function evaluation limit,
options.MaxFunctionEvaluations = 1.000000e+03.


Solver stopped prematurely.

fmincon stopped because it exceeded the function evaluation limit,
options.MaxFunctionEvaluations = 1.000000e+03.

Iteration 100 completed. Current sample-mean minimum is 2349.429838. New variance estimate is 443.700527.

Feasible point with lower objective function value found, but optimality criteria not satisfied. See output.bestfeasible..


Feasible point with lower objective function value found, but optimality criteria not satisfied. See output.bestfeasible..


Feasible point with lower objective function value found, but optimality criteria not satisfied. See output.bestfeasible..


Feasible point with lower objective function value found, but optimality criteria not satisfied. See output.bestfeasible..


Feasible point with lower objective function value found, but optimality criteria not satisfied. See output.bestfeasible..


Feasible point with lower objective function value found, but optimality criteria not satisfied. See output.bestfeasible..


Feasible point with lower objective function value found, but optimality criteria not satisfied. See output.bestfeasible..


Solver stopped prematurely.

fmincon stopped because it exceeded the function evaluation limit,
options.MaxFunctionEvaluations = 1.000000e+03.

Iteration 101 completed. Current sample-mean minimum is 2349.429838. New variance estimate is 430.461730.

Solver stopped prematurely.

fmincon stopped because it exceeded the function evaluation limit,
options.MaxFunctionEvaluations = 1.000000e+03.

Iteration 102 completed. Current sample-mean minimum is 2349.429838. New variance estimate is 433.405393.

Feasible point with lower objective function value found, but optimality criteria not satisfied. See output.bestfeasible..


Feasible point with lower objective function value found, but optimality criteria not satisfied. See output.bestfeasible..


Feasible point with lower objective function value found, but optimality criteria not satisfied. See output.bestfeasible..


Feasible point with lower objective function value found, but optimality criteria not satisfied. See output.bestfeasible..


Feasible point with lower objective function value found, but optimality criteria not satisfied. See output.bestfeasible..


Solver stopped prematurely.

fmincon stopped because it exceeded the function evaluation limit,
options.MaxFunctionEvaluations = 1.000000e+03.


Solver stopped prematurely.

fmincon stopped because it exceeded the function evaluation limit,
options.MaxFunctionEvaluations = 1.000000e+03.

Iteration 103 completed. Current sample-mean minimum is 2349.429838. New variance estimate is 466.813762.

Feasible point with lower objective function value found, but optimality criteria not satisfied. See output.bestfeasible..


Feasible point with lower objective function value found, but optimality criteria not satisfied. See output.bestfeasible..


Solver stopped prematurely.

fmincon stopped because it exceeded the function evaluation limit,
options.MaxFunctionEvaluations = 1.000000e+03.


Solver stopped prematurely.

fmincon stopped because it exceeded the function evaluation limit,
options.MaxFunctionEvaluations = 1.000000e+03.

Iteration 104 completed. Current sample-mean minimum is 2349.429838. New variance estimate is 438.867922.

Feasible point with lower objective function value found, but optimality criteria not satisfied. See output.bestfeasible..


Feasible point with lower objective function value found, but optimality criteria not satisfied. See output.bestfeasible..


Feasible point with lower objective function value found, but optimality criteria not satisfied. See output.bestfeasible..


Solver stopped prematurely.

fmincon stopped because it exceeded the function evaluation limit,
options.MaxFunctionEvaluations = 1.000000e+03.

Iteration 105 completed. Current sample-mean minimum is 2349.429838. New variance estimate is 430.837935.

Feasible point with lower objective function value found, but optimality criteria not satisfied. See output.bestfeasible..


Solver stopped prematurely.

fmincon stopped because it exceeded the function evaluation limit,
options.MaxFunctionEvaluations = 1.000000e+03.

Iteration 106 completed. Current sample-mean minimum is 2349.429838. New variance estimate is 436.645272.

Feasible point with lower objective function value found, but optimality criteria not satisfied. See output.bestfeasible..


Feasible point with lower objective function value found, but optimality criteria not satisfied. See output.bestfeasible..


Feasible point with lower objective function value found, but optimality criteria not satisfied. See output.bestfeasible..


Solver stopped prematurely.

fmincon stopped because it exceeded the function evaluation limit,
options.MaxFunctionEvaluations = 1.000000e+03.


Solver stopped prematurely.

fmincon stopped because it exceeded the function evaluation limit,
options.MaxFunctionEvaluations = 1.000000e+03.

Iteration 107 completed. Current sample-mean minimum is 2349.429838. New variance estimate is 441.617161.

Solver stopped prematurely.

fmincon stopped because it exceeded the function evaluation limit,
options.MaxFunctionEvaluations = 1.000000e+03.

Iteration 108 completed. Current sample-mean minimum is 2349.429838. New variance estimate is 446.595210.

Feasible point with lower objective function value found, but optimality criteria not satisfied. See output.bestfeasible..


Feasible point with lower objective function value found, but optimality criteria not satisfied. See output.bestfeasible..


Feasible point with lower objective function value found, but optimality criteria not satisfied. See output.bestfeasible..


Solver stopped prematurely.

fmincon stopped because it exceeded the function evaluation limit,
options.MaxFunctionEvaluations = 1.000000e+03.

Iteration 109 completed. Current sample-mean minimum is 2349.429838. New variance estimate is 434.658332.

Feasible point with lower objective function value found, but optimality criteria not satisfied. See output.bestfeasible..


Feasible point with lower objective function value found, but optimality criteria not satisfied. See output.bestfeasible..


Feasible point with lower objective function value found, but optimality criteria not satisfied. See output.bestfeasible..


Feasible point with lower objective function value found, but optimality criteria not satisfied. See output.bestfeasible..


Feasible point with lower objective function value found, but optimality criteria not satisfied. See output.bestfeasible..


Solver stopped prematurely.

fmincon stopped because it exceeded the function evaluation limit,
options.MaxFunctionEvaluations = 1.000000e+03.


Solver stopped prematurely.

fmincon stopped because it exceeded the function evaluation limit,
options.MaxFunctionEvaluations = 1.000000e+03.

Iteration 110 completed. Current sample-mean minimum is 2349.429838. New variance estimate is 433.359266.

Feasible point with lower objective function value found, but optimality criteria not satisfied. See output.bestfeasible..


Feasible point with lower objective function value found, but optimality criteria not satisfied. See output.bestfeasible..


Feasible point with lower objective function value found, but optimality criteria not satisfied. See output.bestfeasible..


Solver stopped prematurely.

fmincon stopped because it exceeded the function evaluation limit,
options.MaxFunctionEvaluations = 1.000000e+03.


Solver stopped prematurely.

fmincon stopped because it exceeded the function evaluation limit,
options.MaxFunctionEvaluations = 1.000000e+03.

Iteration 111 completed. Current sample-mean minimum is 2349.429838. New variance estimate is 774.037712.

Feasible point with lower objective function value found, but optimality criteria not satisfied. See output.bestfeasible..


Solver stopped prematurely.

fmincon stopped because it exceeded the function evaluation limit,
options.MaxFunctionEvaluations = 1.000000e+03.


Solver stopped prematurely.

fmincon stopped because it exceeded the function evaluation limit,
options.MaxFunctionEvaluations = 1.000000e+03.

Iteration 112 completed. Current sample-mean minimum is 2349.429838. New variance estimate is 429.095017.

Feasible point with lower objective function value found, but optimality criteria not satisfied. See output.bestfeasible..


Feasible point with lower objective function value found, but optimality criteria not satisfied. See output.bestfeasible..


Feasible point with lower objective function value found, but optimality criteria not satisfied. See output.bestfeasible..


Feasible point with lower objective function value found, but optimality criteria not satisfied. See output.bestfeasible..


Solver stopped prematurely.

fmincon stopped because it exceeded the function evaluation limit,
options.MaxFunctionEvaluations = 1.000000e+03.


Solver stopped prematurely.

fmincon stopped because it exceeded the function evaluation limit,
options.MaxFunctionEvaluations = 1.000000e+03.

Iteration 113 completed. Current sample-mean minimum is 2349.429838. New variance estimate is 425.299460.

Feasible point with lower objective function value found, but optimality criteria not satisfied. See output.bestfeasible..


Feasible point with lower objective function value found, but optimality criteria not satisfied. See output.bestfeasible..


Feasible point with lower objective function value found, but optimality criteria not satisfied. See output.bestfeasible..


Feasible point with lower objective function value found, but optimality criteria not satisfied. See output.bestfeasible..


Feasible point with lower objective function value found, but optimality criteria not satisfied. See output.bestfeasible..


Solver stopped prematurely.

fmincon stopped because it exceeded the function evaluation limit,
options.MaxFunctionEvaluations = 1.000000e+03.


Solver stopped prematurely.

fmincon stopped because it exceeded the function evaluation limit,
options.MaxFunctionEvaluations = 1.000000e+03.

Iteration 114 completed. Current sample-mean minimum is 2349.429838. New variance estimate is 433.408512.

Feasible point with lower objective function value found, but optimality criteria not satisfied. See output.bestfeasible..


Feasible point with lower objective function value found, but optimality criteria not satisfied. See output.bestfeasible..


Feasible point with lower objective function value found, but optimality criteria not satisfied. See output.bestfeasible..


Solver stopped prematurely.

fmincon stopped because it exceeded the function evaluation limit,
options.MaxFunctionEvaluations = 1.000000e+03.


Solver stopped prematurely.

fmincon stopped because it exceeded the function evaluation limit,
options.MaxFunctionEvaluations = 1.000000e+03.

Iteration 115 completed. Current sample-mean minimum is 2349.429838. New variance estimate is 429.040839.

Feasible point with lower objective function value found, but optimality criteria not satisfied. See output.bestfeasible..


Feasible point with lower objective function value found, but optimality criteria not satisfied. See output.bestfeasible..


Solver stopped prematurely.

fmincon stopped because it exceeded the function evaluation limit,
options.MaxFunctionEvaluations = 1.000000e+03.

Iteration 116 completed. Current sample-mean minimum is 2349.429838. New variance estimate is 428.011947.

Feasible point with lower objective function value found, but optimality criteria not satisfied. See output.bestfeasible..


Feasible point with lower objective function value found, but optimality criteria not satisfied. See output.bestfeasible..


Feasible point with lower objective function value found, but optimality criteria not satisfied. See output.bestfeasible..


Solver stopped prematurely.

fmincon stopped because it exceeded the function evaluation limit,
options.MaxFunctionEvaluations = 1.000000e+03.

Iteration 117 completed. Current sample-mean minimum is 2349.429838. New variance estimate is 425.299321.

Solver stopped prematurely.

fmincon stopped because it exceeded the function evaluation limit,
options.MaxFunctionEvaluations = 1.000000e+03.

Iteration 118 completed. Current sample-mean minimum is 2349.429838. New variance estimate is 425.299446.

Feasible point with lower objective function value found, but optimality criteria not satisfied. See output.bestfeasible..


Feasible point with lower objective function value found, but optimality criteria not satisfied. See output.bestfeasible..


Feasible point with lower objective function value found, but optimality criteria not satisfied. See output.bestfeasible..


Solver stopped prematurely.

fmincon stopped because it exceeded the function evaluation limit,
options.MaxFunctionEvaluations = 5.000000e+03.


Feasible point with lower objective function value found, but optimality criteria not satisfied. See output.bestfeasible..


Solver stopped prematurely.

fmincon stopped because it exceeded the function evaluation limit,
options.MaxFunctionEvaluations = 1.000000e+03.


Solver stopped prematurely.

fmincon stopped because it exceeded the function evaluation limit,
options.MaxFunctionEvaluations = 1.000000e+03.

Iteration 119 completed. Current sample-mean minimum is 2349.429838. New variance estimate is 425.299226.

Feasible point with lower objective function value found, but optimality criteria not satisfied. See output.bestfeasible..


Feasible point with lower objective function value found, but optimality criteria not satisfied. See output.bestfeasible..


Feasible point with lower objective function value found, but optimality criteria not satisfied. See output.bestfeasible..


Feasible point with lower objective function value found, but optimality criteria not satisfied. See output.bestfeasible..


Feasible point with lower objective function value found, but optimality criteria not satisfied. See output.bestfeasible..


Feasible point with lower objective function value found, but optimality criteria not satisfied. See output.bestfeasible..


Solver stopped prematurely.

fmincon stopped because it exceeded the function evaluation limit,
options.MaxFunctionEvaluations = 1.000000e+03.


Solver stopped prematurely.

fmincon stopped because it exceeded the function evaluation limit,
options.MaxFunctionEvaluations = 1.000000e+03.

Iteration 120 completed. Current sample-mean minimum is 2349.429838. New variance estimate is 431.912516.

Feasible point with lower objective function value found, but optimality criteria not satisfied. See output.bestfeasible..


Feasible point with lower objective function value found, but optimality criteria not satisfied. See output.bestfeasible..


Feasible point with lower objective function value found, but optimality criteria not satisfied. See output.bestfeasible..


Feasible point with lower objective function value found, but optimality criteria not satisfied. See output.bestfeasible..


Solver stopped prematurely.

fmincon stopped because it exceeded the function evaluation limit,
options.MaxFunctionEvaluations = 1.000000e+03.

Iteration 121 completed. Current sample-mean minimum is 2349.429838. New variance estimate is 425.299233.

Feasible point with lower objective function value found, but optimality criteria not satisfied. See output.bestfeasible..


Solver stopped prematurely.

fmincon stopped because it exceeded the function evaluation limit,
options.MaxFunctionEvaluations = 1.000000e+03.

Iteration 122 completed. Current sample-mean minimum is 2349.429838. New variance estimate is 425.299391.

Feasible point with lower objective function value found, but optimality criteria not satisfied. See output.bestfeasible..


Feasible point with lower objective function value found, but optimality criteria not satisfied. See output.bestfeasible..


Feasible point with lower objective function value found, but optimality criteria not satisfied. See output.bestfeasible..


Feasible point with lower objective function value found, but optimality criteria not satisfied. See output.bestfeasible..


Feasible point with lower objective function value found, but optimality criteria not satisfied. See output.bestfeasible..


Solver stopped prematurely.

fmincon stopped because it exceeded the function evaluation limit,
options.MaxFunctionEvaluations = 1.000000e+03.


Solver stopped prematurely.

fmincon stopped because it exceeded the function evaluation limit,
options.MaxFunctionEvaluations = 1.000000e+03.

Iteration 123 completed. Current sample-mean minimum is 2349.429838. New variance estimate is 425.299184.

Feasible point with lower objective function value found, but optimality criteria not satisfied. See output.bestfeasible..


Feasible point with lower objective function value found, but optimality criteria not satisfied. See output.bestfeasible..


Feasible point with lower objective function value found, but optimality criteria not satisfied. See output.bestfeasible..


Feasible point with lower objective function value found, but optimality criteria not satisfied. See output.bestfeasible..


Feasible point with lower objective function value found, but optimality criteria not satisfied. See output.bestfeasible..


Feasible point with lower objective function value found, but optimality criteria not satisfied. See output.bestfeasible..


Feasible point with lower objective function value found, but optimality criteria not satisfied. See output.bestfeasible..


Solver stopped prematurely.

fmincon stopped because it exceeded the function evaluation limit,
options.MaxFunctionEvaluations = 1.000000e+03.

Iteration 124 completed. Current sample-mean minimum is 2349.429838. New variance estimate is 3066.726922.

Feasible point with lower objective function value found, but optimality criteria not satisfied. See output.bestfeasible..


Feasible point with lower objective function value found, but optimality criteria not satisfied. See output.bestfeasible..


Feasible point with lower objective function value found, but optimality criteria not satisfied. See output.bestfeasible..


Feasible point with lower objective function value found, but optimality criteria not satisfied. See output.bestfeasible..


Feasible point with lower objective function value found, but optimality criteria not satisfied. See output.bestfeasible..


Feasible point with lower objective function value found, but optimality criteria not satisfied. See output.bestfeasible..


Feasible point with lower objective function value found, but optimality criteria not satisfied. See output.bestfeasible..


Solver stopped prematurely.

fmincon stopped because it exceeded the function evaluation limit,
options.MaxFunctionEvaluations = 1.000000e+03.


Solver stopped prematurely.

fmincon stopped because it exceeded the function evaluation limit,
options.MaxFunctionEvaluations = 1.000000e+03.

Iteration 125 completed. Current sample-mean minimum is 2349.429838. New variance estimate is 425.299184.

Feasible point with lower objective function value found, but optimality criteria not satisfied. See output.bestfeasible..


Feasible point with lower objective function value found, but optimality criteria not satisfied. See output.bestfeasible..

Iteration 126 completed. Current sample-mean minimum is 2349.429838. New variance estimate is 612.430764.

Feasible point with lower objective function value found, but optimality criteria not satisfied. See output.bestfeasible..


Feasible point with lower objective function value found, but optimality criteria not satisfied. See output.bestfeasible..


Feasible point with lower objective function value found, but optimality criteria not satisfied. See output.bestfeasible..


Solver stopped prematurely.

fmincon stopped because it exceeded the function evaluation limit,
options.MaxFunctionEvaluations = 1.000000e+03.

Iteration 127 completed. Current sample-mean minimum is 2349.429838. New variance estimate is 433.105658.

Solver stopped prematurely.

fmincon stopped because it exceeded the function evaluation limit,
options.MaxFunctionEvaluations = 5.000000e+03.


Feasible point with lower objective function value found, but optimality criteria not satisfied. See output.bestfeasible..


Solver stopped prematurely.

fmincon stopped because it exceeded the function evaluation limit,
options.MaxFunctionEvaluations = 1.000000e+03.


Solver stopped prematurely.

fmincon stopped because it exceeded the function evaluation limit,
options.MaxFunctionEvaluations = 1.000000e+03.

Iteration 128 completed. Current sample-mean minimum is 2349.429838. New variance estimate is 445.445354.

Feasible point with lower objective function value found, but optimality criteria not satisfied. See output.bestfeasible..


Feasible point with lower objective function value found, but optimality criteria not satisfied. See output.bestfeasible..


Feasible point with lower objective function value found, but optimality criteria not satisfied. See output.bestfeasible..


Solver stopped prematurely.

fmincon stopped because it exceeded the function evaluation limit,
options.MaxFunctionEvaluations = 1.000000e+03.

Iteration 129 completed. Current sample-mean minimum is 2349.429838. New variance estimate is 432.965505.

Feasible point with lower objective function value found, but optimality criteria not satisfied. See output.bestfeasible..


Solver stopped prematurely.

fmincon stopped because it exceeded the function evaluation limit,
options.MaxFunctionEvaluations = 1.000000e+03.

Iteration 130 completed. Current sample-mean minimum is 2349.429838. New variance estimate is 446.922066.

Feasible point with lower objective function value found, but optimality criteria not satisfied. See output.bestfeasible..


Feasible point with lower objective function value found, but optimality criteria not satisfied. See output.bestfeasible..


Feasible point with lower objective function value found, but optimality criteria not satisfied. See output.bestfeasible..


Solver stopped prematurely.

fmincon stopped because it exceeded the function evaluation limit,
options.MaxFunctionEvaluations = 1.000000e+03.

Iteration 131 completed. Current sample-mean minimum is 2349.429838. New variance estimate is 433.610255.

Feasible point with lower objective function value found, but optimality criteria not satisfied. See output.bestfeasible..


Feasible point with lower objective function value found, but optimality criteria not satisfied. See output.bestfeasible..


Feasible point with lower objective function value found, but optimality criteria not satisfied. See output.bestfeasible..


Feasible point with lower objective function value found, but optimality criteria not satisfied. See output.bestfeasible..


Solver stopped prematurely.

fmincon stopped because it exceeded the function evaluation limit,
options.MaxFunctionEvaluations = 1.000000e+03.

Iteration 132 completed. Current sample-mean minimum is 2349.429838. New variance estimate is 435.503053.

Feasible point with lower objective function value found, but optimality criteria not satisfied. See output.bestfeasible..


Feasible point with lower objective function value found, but optimality criteria not satisfied. See output.bestfeasible..


Solver stopped prematurely.

fmincon stopped because it exceeded the function evaluation limit,
options.MaxFunctionEvaluations = 1.000000e+03.

Iteration 133 completed. Current sample-mean minimum is 2349.429838. New variance estimate is 428.234869.

Feasible point with lower objective function value found, but optimality criteria not satisfied. See output.bestfeasible..


Feasible point with lower objective function value found, but optimality criteria not satisfied. See output.bestfeasible..


Feasible point with lower objective function value found, but optimality criteria not satisfied. See output.bestfeasible..


Feasible point with lower objective function value found, but optimality criteria not satisfied. See output.bestfeasible..


Feasible point with lower objective function value found, but optimality criteria not satisfied. See output.bestfeasible..


Solver stopped prematurely.

fmincon stopped because it exceeded the function evaluation limit,
options.MaxFunctionEvaluations = 1.000000e+03.

Iteration 134 completed. Current sample-mean minimum is 2349.429838. New variance estimate is 451.840818.

Feasible point with lower objective function value found, but optimality criteria not satisfied. See output.bestfeasible..


Solver stopped prematurely.

fmincon stopped because it exceeded the function evaluation limit,
options.MaxFunctionEvaluations = 1.000000e+03.

Iteration 135 completed. Current sample-mean minimum is 2349.429838. New variance estimate is 436.734085.

Feasible point with lower objective function value found, but optimality criteria not satisfied. See output.bestfeasible..


Feasible point with lower objective function value found, but optimality criteria not satisfied. See output.bestfeasible..


Solver stopped prematurely.

fmincon stopped because it exceeded the function evaluation limit,
options.MaxFunctionEvaluations = 1.000000e+03.

Iteration 136 completed. Current sample-mean minimum is 2349.429838. New variance estimate is 428.268007.

Feasible point with lower objective function value found, but optimality criteria not satisfied. See output.bestfeasible..


Solver stopped prematurely.

fmincon stopped because it exceeded the function evaluation limit,
options.MaxFunctionEvaluations = 5.000000e+03.


Solver stopped prematurely.

fmincon stopped because it exceeded the function evaluation limit,
options.MaxFunctionEvaluations = 1.000000e+03.

Iteration 137 completed. Current sample-mean minimum is 2349.429838. New variance estimate is 491.061677.

Feasible point with lower objective function value found, but optimality criteria not satisfied. See output.bestfeasible..


Feasible point with lower objective function value found, but optimality criteria not satisfied. See output.bestfeasible..


Solver stopped prematurely.

fmincon stopped because it exceeded the function evaluation limit,
options.MaxFunctionEvaluations = 1.000000e+03.


Solver stopped prematurely.

fmincon stopped because it exceeded the function evaluation limit,
options.MaxFunctionEvaluations = 1.000000e+03.

Iteration 138 completed. Current sample-mean minimum is 2349.429838. New variance estimate is 431.090382.

Feasible point with lower objective function value found, but optimality criteria not satisfied. See output.bestfeasible..


Solver stopped prematurely.

fmincon stopped because it exceeded the function evaluation limit,
options.MaxFunctionEvaluations = 1.000000e+03.

Iteration 139 completed. Current sample-mean minimum is 2349.429838. New variance estimate is 425.299406.

Feasible point with lower objective function value found, but optimality criteria not satisfied. See output.bestfeasible..


Feasible point with lower objective function value found, but optimality criteria not satisfied. See output.bestfeasible..


Feasible point with lower objective function value found, but optimality criteria not satisfied. See output.bestfeasible..


Feasible point with lower objective function value found, but optimality criteria not satisfied. See output.bestfeasible..

Iteration 140 completed. Current sample-mean minimum is 2349.429838. New variance estimate is 440.002703.

Feasible point with lower objective function value found, but optimality criteria not satisfied. See output.bestfeasible..


Feasible point with lower objective function value found, but optimality criteria not satisfied. See output.bestfeasible..


Feasible point with lower objective function value found, but optimality criteria not satisfied. See output.bestfeasible..


Solver stopped prematurely.

fmincon stopped because it exceeded the function evaluation limit,
options.MaxFunctionEvaluations = 1.000000e+03.


Solver stopped prematurely.

fmincon stopped because it exceeded the function evaluation limit,
options.MaxFunctionEvaluations = 1.000000e+03.

Iteration 141 completed. Current sample-mean minimum is 2349.429838. New variance estimate is 426.977841.

Feasible point with lower objective function value found, but optimality criteria not satisfied. See output.bestfeasible..


Feasible point with lower objective function value found, but optimality criteria not satisfied. See output.bestfeasible..


Feasible point with lower objective function value found, but optimality criteria not satisfied. See output.bestfeasible..


Solver stopped prematurely.

fmincon stopped because it exceeded the function evaluation limit,
options.MaxFunctionEvaluations = 1.000000e+03.


Solver stopped prematurely.

fmincon stopped because it exceeded the function evaluation limit,
options.MaxFunctionEvaluations = 1.000000e+03.

Iteration 142 completed. Current sample-mean minimum is 2349.429838. New variance estimate is 430.373600.

Solver stopped prematurely.

fmincon stopped because it exceeded the function evaluation limit,
options.MaxFunctionEvaluations = 5.000000e+03.


Solver stopped prematurely.

fmincon stopped because it exceeded the function evaluation limit,
options.MaxFunctionEvaluations = 1.000000e+03.


Solver stopped prematurely.

fmincon stopped because it exceeded the function evaluation limit,
options.MaxFunctionEvaluations = 1.000000e+03.

Iteration 143 completed. Current sample-mean minimum is 2349.429838. New variance estimate is 435.378031.

Feasible point with lower objective function value found, but optimality criteria not satisfied. See output.bestfeasible..


Feasible point with lower objective function value found, but optimality criteria not satisfied. See output.bestfeasible..


Feasible point with lower objective function value found, but optimality criteria not satisfied. See output.bestfeasible..


Solver stopped prematurely.

fmincon stopped because it exceeded the function evaluation limit,
options.MaxFunctionEvaluations = 1.000000e+03.


Solver stopped prematurely.

fmincon stopped because it exceeded the function evaluation limit,
options.MaxFunctionEvaluations = 1.000000e+03.

Iteration 144 completed. Current sample-mean minimum is 2349.429838. New variance estimate is 438.560024.

Feasible point with lower objective function value found, but optimality criteria not satisfied. See output.bestfeasible..


Feasible point with lower objective function value found, but optimality criteria not satisfied. See output.bestfeasible..


Feasible point with lower objective function value found, but optimality criteria not satisfied. See output.bestfeasible..


Solver stopped prematurely.

fmincon stopped because it exceeded the function evaluation limit,
options.MaxFunctionEvaluations = 1.000000e+03.

Iteration 145 completed. Current sample-mean minimum is 2349.429838. New variance estimate is 440.064408.

Feasible point with lower objective function value found, but optimality criteria not satisfied. See output.bestfeasible..


Solver stopped prematurely.

fmincon stopped because it exceeded the function evaluation limit,
options.MaxFunctionEvaluations = 5.000000e+03.


Solver stopped prematurely.

fmincon stopped because it exceeded the function evaluation limit,
options.MaxFunctionEvaluations = 1.000000e+03.

Iteration 146 completed. Current sample-mean minimum is 2349.429838. New variance estimate is 1984.291619.

Feasible point with lower objective function value found, but optimality criteria not satisfied. See output.bestfeasible..


Feasible point with lower objective function value found, but optimality criteria not satisfied. See output.bestfeasible..


Solver stopped prematurely.

fmincon stopped because it exceeded the function evaluation limit,
options.MaxFunctionEvaluations = 1.000000e+03.

Iteration 147 completed. Current sample-mean minimum is 2349.429838. New variance estimate is 425.299158.

Feasible point with lower objective function value found, but optimality criteria not satisfied. See output.bestfeasible..


Feasible point with lower objective function value found, but optimality criteria not satisfied. See output.bestfeasible..


Feasible point with lower objective function value found, but optimality criteria not satisfied. See output.bestfeasible..


Feasible point with lower objective function value found, but optimality criteria not satisfied. See output.bestfeasible..

Iteration 148 completed. Current sample-mean minimum is 2349.429838. New variance estimate is 444.383385.

Feasible point with lower objective function value found, but optimality criteria not satisfied. See output.bestfeasible..


Feasible point with lower objective function value found, but optimality criteria not satisfied. See output.bestfeasible..


Solver stopped prematurely.

fmincon stopped because it exceeded the function evaluation limit,
options.MaxFunctionEvaluations = 1.000000e+03.


Solver stopped prematurely.

fmincon stopped because it exceeded the function evaluation limit,
options.MaxFunctionEvaluations = 1.000000e+03.

Iteration 149 completed. Current sample-mean minimum is 2349.429838. New variance estimate is 425.299709.

Feasible point with lower objective function value found, but optimality criteria not satisfied. See output.bestfeasible..


Feasible point with lower objective function value found, but optimality criteria not satisfied. See output.bestfeasible..


Solver stopped prematurely.

fmincon stopped because it exceeded the function evaluation limit,
options.MaxFunctionEvaluations = 1.000000e+03.

Iteration 150 completed. Current sample-mean minimum is 2349.429838. New variance estimate is 425.299452.

Feasible point with lower objective function value found, but optimality criteria not satisfied. See output.bestfeasible..


Solver stopped prematurely.

fmincon stopped because it exceeded the function evaluation limit,
options.MaxFunctionEvaluations = 1.000000e+03.

Iteration 151 completed. Current sample-mean minimum is 2349.429838. New variance estimate is 425.299576.

Feasible point with lower objective function value found, but optimality criteria not satisfied. See output.bestfeasible..


Feasible point with lower objective function value found, but optimality criteria not satisfied. See output.bestfeasible..


Feasible point with lower objective function value found, but optimality criteria not satisfied. See output.bestfeasible..


Solver stopped prematurely.

fmincon stopped because it exceeded the function evaluation limit,
options.MaxFunctionEvaluations = 1.000000e+03.


Solver stopped prematurely.

fmincon stopped because it exceeded the function evaluation limit,
options.MaxFunctionEvaluations = 1.000000e+03.

Iteration 152 completed. Current sample-mean minimum is 2349.429838. New variance estimate is 425.299619.

Feasible point with lower objective function value found, but optimality criteria not satisfied. See output.bestfeasible..


Solver stopped prematurely.

fmincon stopped because it exceeded the function evaluation limit,
options.MaxFunctionEvaluations = 1.000000e+03.


Solver stopped prematurely.

fmincon stopped because it exceeded the function evaluation limit,
options.MaxFunctionEvaluations = 1.000000e+03.

Iteration 153 completed. Current sample-mean minimum is 2349.429838. New variance estimate is 425.299772.

Feasible point with lower objective function value found, but optimality criteria not satisfied. See output.bestfeasible..


Feasible point with lower objective function value found, but optimality criteria not satisfied. See output.bestfeasible..


Solver stopped prematurely.

fmincon stopped because it exceeded the function evaluation limit,
options.MaxFunctionEvaluations = 1.000000e+03.


Solver stopped prematurely.

fmincon stopped because it exceeded the function evaluation limit,
options.MaxFunctionEvaluations = 1.000000e+03.

Iteration 154 completed. Current sample-mean minimum is 2349.429838. New variance estimate is 425.299826.

Feasible point with lower objective function value found, but optimality criteria not satisfied. See output.bestfeasible..


Feasible point with lower objective function value found, but optimality criteria not satisfied. See output.bestfeasible..


Solver stopped prematurely.

fmincon stopped because it exceeded the function evaluation limit,
options.MaxFunctionEvaluations = 1.000000e+03.

Iteration 155 completed. Current sample-mean minimum is 2349.429838. New variance estimate is 425.299953.

Feasible point with lower objective function value found, but optimality criteria not satisfied. See output.bestfeasible..


Solver stopped prematurely.

fmincon stopped because it exceeded the function evaluation limit,
options.MaxFunctionEvaluations = 1.000000e+03.

Iteration 156 completed. Current sample-mean minimum is 2349.429838. New variance estimate is 425.299940.

Feasible point with lower objective function value found, but optimality criteria not satisfied. See output.bestfeasible..


Feasible point with lower objective function value found, but optimality criteria not satisfied. See output.bestfeasible..


Solver stopped prematurely.

fmincon stopped because it exceeded the function evaluation limit,
options.MaxFunctionEvaluations = 1.000000e+03.

Iteration 157 completed. Current sample-mean minimum is 2349.429838. New variance estimate is 425.299876.

Feasible point with lower objective function value found, but optimality criteria not satisfied. See output.bestfeasible..


Solver stopped prematurely.

fmincon stopped because it exceeded the function evaluation limit,
options.MaxFunctionEvaluations = 1.000000e+03.

Iteration 158 completed. Current sample-mean minimum is 2349.429838. New variance estimate is 425.299903.

Feasible point with lower objective function value found, but optimality criteria not satisfied. See output.bestfeasible..


Solver stopped prematurely.

fmincon stopped because it exceeded the function evaluation limit,
options.MaxFunctionEvaluations = 1.000000e+03.


Solver stopped prematurely.

fmincon stopped because it exceeded the function evaluation limit,
options.MaxFunctionEvaluations = 1.000000e+03.

Iteration 159 completed. Current sample-mean minimum is 2349.429838. New variance estimate is 425.299810.

Solver stopped prematurely.

fmincon stopped because it exceeded the function evaluation limit,
options.MaxFunctionEvaluations = 1.000000e+03.

Iteration 160 completed. Current sample-mean minimum is 2349.429838. New variance estimate is 425.299745.

Solver stopped prematurely.

fmincon stopped because it exceeded the function evaluation limit,
options.MaxFunctionEvaluations = 1.000000e+03.

Iteration 161 completed. Current sample-mean minimum is 2349.429838. New variance estimate is 425.299729.

Feasible point with lower objective function value found, but optimality criteria not satisfied. See output.bestfeasible..


Feasible point with lower objective function value found, but optimality criteria not satisfied. See output.bestfeasible..


Feasible point with lower objective function value found, but optimality criteria not satisfied. See output.bestfeasible..


Solver stopped prematurely.

fmincon stopped because it exceeded the function evaluation limit,
options.MaxFunctionEvaluations = 5.000000e+03.

Iteration 162 completed. Current sample-mean minimum is 2349.429838. New variance estimate is 425.299638.

Solver stopped prematurely.

fmincon stopped because it exceeded the function evaluation limit,
options.MaxFunctionEvaluations = 5.000000e+03.


Solver stopped prematurely.

fmincon stopped because it exceeded the function evaluation limit,
options.MaxFunctionEvaluations = 5.000000e+03.


Solver stopped prematurely.

fmincon stopped because it exceeded the function evaluation limit,
options.MaxFunctionEvaluations = 1.000000e+03.


Solver stopped prematurely.

fmincon stopped because it exceeded the function evaluation limit,
options.MaxFunctionEvaluations = 1.000000e+03.


Solver stopped prematurely.

fmincon stopped because it exceeded the function evaluation limit,
options.MaxFunctionEvaluations = 1.000000e+03.

Iteration 163 completed. Current sample-mean minimum is 2349.429838. New variance estimate is 425.299576.

Solver stopped prematurely.

fmincon stopped because it exceeded the function evaluation limit,
options.MaxFunctionEvaluations = 1.000000e+03.


Solver stopped prematurely.

fmincon stopped because it exceeded the function evaluation limit,
options.MaxFunctionEvaluations = 1.000000e+03.

Iteration 164 completed. Current sample-mean minimum is 2349.429838. New variance estimate is 425.299446.

Feasible point with lower objective function value found, but optimality criteria not satisfied. See output.bestfeasible..


Feasible point with lower objective function value found, but optimality criteria not satisfied. See output.bestfeasible..


Solver stopped prematurely.

fmincon stopped because it exceeded the function evaluation limit,
options.MaxFunctionEvaluations = 1.000000e+03.

Iteration 165 completed. Current sample-mean minimum is 2349.429838. New variance estimate is 425.299500.

Feasible point with lower objective function value found, but optimality criteria not satisfied. See output.bestfeasible..


Feasible point with lower objective function value found, but optimality criteria not satisfied. See output.bestfeasible..


Solver stopped prematurely.

fmincon stopped because it exceeded the function evaluation limit,
options.MaxFunctionEvaluations = 1.000000e+03.

Iteration 166 completed. Current sample-mean minimum is 2349.429838. New variance estimate is 425.299464.

Feasible point with lower objective function value found, but optimality criteria not satisfied. See output.bestfeasible..


Solver stopped prematurely.

fmincon stopped because it exceeded the function evaluation limit,
options.MaxFunctionEvaluations = 1.000000e+03.

Iteration 167 completed. Current sample-mean minimum is 2349.429838. New variance estimate is 425.299440.

Feasible point with lower objective function value found, but optimality criteria not satisfied. See output.bestfeasible..


Feasible point with lower objective function value found, but optimality criteria not satisfied. See output.bestfeasible..


Feasible point with lower objective function value found, but optimality criteria not satisfied. See output.bestfeasible..


Solver stopped prematurely.

fmincon stopped because it exceeded the function evaluation limit,
options.MaxFunctionEvaluations = 1.000000e+03.

Iteration 168 completed. Current sample-mean minimum is 2349.429838. New variance estimate is 425.299424.

Feasible point with lower objective function value found, but optimality criteria not satisfied. See output.bestfeasible..


Solver stopped prematurely.

fmincon stopped because it exceeded the function evaluation limit,
options.MaxFunctionEvaluations = 1.000000e+03.

Iteration 169 completed. Current sample-mean minimum is 2349.429838. New variance estimate is 425.299411.

Feasible point with lower objective function value found, but optimality criteria not satisfied. See output.bestfeasible..


Feasible point with lower objective function value found, but optimality criteria not satisfied. See output.bestfeasible..

Iteration 170 completed. Current sample-mean minimum is 2349.429838. New variance estimate is 425.299400.

Feasible point with lower objective function value found, but optimality criteria not satisfied. See output.bestfeasible..


Feasible point with lower objective function value found, but optimality criteria not satisfied. See output.bestfeasible..


Solver stopped prematurely.

fmincon stopped because it exceeded the function evaluation limit,
options.MaxFunctionEvaluations = 1.000000e+03.

Iteration 171 completed. Current sample-mean minimum is 2349.429838. New variance estimate is 425.299400.

Feasible point with lower objective function value found, but optimality criteria not satisfied. See output.bestfeasible..


Feasible point with lower objective function value found, but optimality criteria not satisfied. See output.bestfeasible..


Feasible point with lower objective function value found, but optimality criteria not satisfied. See output.bestfeasible..


Feasible point with lower objective function value found, but optimality criteria not satisfied. See output.bestfeasible..

Iteration 172 completed. Current sample-mean minimum is 2349.429838. New variance estimate is 434.529202.

Feasible point with lower objective function value found, but optimality criteria not satisfied. See output.bestfeasible..


Feasible point with lower objective function value found, but optimality criteria not satisfied. See output.bestfeasible..


Solver stopped prematurely.

fmincon stopped because it exceeded the function evaluation limit,
options.MaxFunctionEvaluations = 1.000000e+03.

Iteration 173 completed. Current sample-mean minimum is 2349.429838. New variance estimate is 425.300812.

Feasible point with lower objective function value found, but optimality criteria not satisfied. See output.bestfeasible..


Solver stopped prematurely.

fmincon stopped because it exceeded the function evaluation limit,
options.MaxFunctionEvaluations = 1.000000e+03.

Iteration 174 completed. Current sample-mean minimum is 2349.429838. New variance estimate is 425.301075.

Feasible point with lower objective function value found, but optimality criteria not satisfied. See output.bestfeasible..


Feasible point with lower objective function value found, but optimality criteria not satisfied. See output.bestfeasible..


Feasible point with lower objective function value found, but optimality criteria not satisfied. See output.bestfeasible..


Solver stopped prematurely.

fmincon stopped because it exceeded the function evaluation limit,
options.MaxFunctionEvaluations = 1.000000e+03.

Iteration 175 completed. Current sample-mean minimum is 2349.429838. New variance estimate is 437.848827.

Feasible point with lower objective function value found, but optimality criteria not satisfied. See output.bestfeasible..


Feasible point with lower objective function value found, but optimality criteria not satisfied. See output.bestfeasible..


Feasible point with lower objective function value found, but optimality criteria not satisfied. See output.bestfeasible..


Solver stopped prematurely.

fmincon stopped because it exceeded the function evaluation limit,
options.MaxFunctionEvaluations = 1.000000e+03.

Iteration 176 completed. Current sample-mean minimum is 2349.429838. New variance estimate is 425.299198.

Feasible point with lower objective function value found, but optimality criteria not satisfied. See output.bestfeasible..


Feasible point with lower objective function value found, but optimality criteria not satisfied. See output.bestfeasible..


Feasible point with lower objective function value found, but optimality criteria not satisfied. See output.bestfeasible..


Solver stopped prematurely.

fmincon stopped because it exceeded the function evaluation limit,
options.MaxFunctionEvaluations = 5.000000e+03.


Solver stopped prematurely.

fmincon stopped because it exceeded the function evaluation limit,
options.MaxFunctionEvaluations = 1.000000e+03.

Iteration 177 completed. Current sample-mean minimum is 2349.429838. New variance estimate is 425.299212.

Feasible point with lower objective function value found, but optimality criteria not satisfied. See output.bestfeasible..


Feasible point with lower objective function value found, but optimality criteria not satisfied. See output.bestfeasible..


Feasible point with lower objective function value found, but optimality criteria not satisfied. See output.bestfeasible..


Feasible point with lower objective function value found, but optimality criteria not satisfied. See output.bestfeasible..


Feasible point with lower objective function value found, but optimality criteria not satisfied. See output.bestfeasible..


Solver stopped prematurely.

fmincon stopped because it exceeded the function evaluation limit,
options.MaxFunctionEvaluations = 1.000000e+03.


Solver stopped prematurely.

fmincon stopped because it exceeded the function evaluation limit,
options.MaxFunctionEvaluations = 1.000000e+03.

Iteration 178 completed. Current sample-mean minimum is 2349.429838. New variance estimate is 425.299213.

Feasible point with lower objective function value found, but optimality criteria not satisfied. See output.bestfeasible..


Solver stopped prematurely.

fmincon stopped because it exceeded the function evaluation limit,
options.MaxFunctionEvaluations = 5.000000e+03.


Feasible point with lower objective function value found, but optimality criteria not satisfied. See output.bestfeasible..


Feasible point with lower objective function value found, but optimality criteria not satisfied. See output.bestfeasible..


Feasible point with lower objective function value found, but optimality criteria not satisfied. See output.bestfeasible..


Solver stopped prematurely.

fmincon stopped because it exceeded the function evaluation limit,
options.MaxFunctionEvaluations = 1.000000e+03.

Iteration 179 completed. Current sample-mean minimum is 2349.429838. New variance estimate is 425.299430.

Feasible point with lower objective function value found, but optimality criteria not satisfied. See output.bestfeasible..


Feasible point with lower objective function value found, but optimality criteria not satisfied. See output.bestfeasible..


Feasible point with lower objective function value found, but optimality criteria not satisfied. See output.bestfeasible..


Feasible point with lower objective function value found, but optimality criteria not satisfied. See output.bestfeasible..


Feasible point with lower objective function value found, but optimality criteria not satisfied. See output.bestfeasible..


Solver stopped prematurely.

fmincon stopped because it exceeded the function evaluation limit,
options.MaxFunctionEvaluations = 1.000000e+03.


Solver stopped prematurely.

fmincon stopped because it exceeded the function evaluation limit,
options.MaxFunctionEvaluations = 1.000000e+03.

