[Warning: Unable to locate a personal folder for $documents/MATLAB.] 

Feasible point with lower objective function value found, but optimality criteria not satisfied. See output.bestfeasible..


Feasible point with lower objective function value found, but optimality criteria not satisfied. See output.bestfeasible..


Feasible point with lower objective function value found, but optimality criteria not satisfied. See output.bestfeasible..


Feasible point with lower objective function value found, but optimality criteria not satisfied. See output.bestfeasible..


Feasible point with lower objective function value found, but optimality criteria not satisfied. See output.bestfeasible..


Solver stopped prematurely.

fmincon stopped because it exceeded the function evaluation limit,
options.MaxFunctionEvaluations = 1.000000e+03.


Solver stopped prematurely.

fmincon stopped because it exceeded the function evaluation limit,
options.MaxFunctionEvaluations = 1.000000e+03.

Iteration 1 completed. Current sample-mean minimum is 2858.403218. New variance estimate is 1726.761981.

Feasible point with lower objective function value found, but optimality criteria not satisfied. See output.bestfeasible..


Feasible point with lower objective function value found, but optimality criteria not satisfied. See output.bestfeasible..


Feasible point with lower objective function value found, but optimality criteria not satisfied. See output.bestfeasible..


Solver stopped prematurely.

fmincon stopped because it exceeded the function evaluation limit,
options.MaxFunctionEvaluations = 1.000000e+03.

Iteration 2 completed. Current sample-mean minimum is 2858.403218. New variance estimate is 791.072365.

Feasible point with lower objective function value found, but optimality criteria not satisfied. See output.bestfeasible..


Feasible point with lower objective function value found, but optimality criteria not satisfied. See output.bestfeasible..


Solver stopped prematurely.

fmincon stopped because it exceeded the function evaluation limit,
options.MaxFunctionEvaluations = 1.000000e+03.


Solver stopped prematurely.

fmincon stopped because it exceeded the function evaluation limit,
options.MaxFunctionEvaluations = 1.000000e+03.

Iteration 3 completed. Current sample-mean minimum is 2371.315802. New variance estimate is 612.430766.

Feasible point with lower objective function value found, but optimality criteria not satisfied. See output.bestfeasible..


Feasible point with lower objective function value found, but optimality criteria not satisfied. See output.bestfeasible..


Feasible point with lower objective function value found, but optimality criteria not satisfied. See output.bestfeasible..


Feasible point with lower objective function value found, but optimality criteria not satisfied. See output.bestfeasible..


Feasible point with lower objective function value found, but optimality criteria not satisfied. See output.bestfeasible..


Feasible point with lower objective function value found, but optimality criteria not satisfied. See output.bestfeasible..


Solver stopped prematurely.

fmincon stopped because it exceeded the function evaluation limit,
options.MaxFunctionEvaluations = 1.000000e+03.


Solver stopped prematurely.

fmincon stopped because it exceeded the function evaluation limit,
options.MaxFunctionEvaluations = 1.000000e+03.

Iteration 4 completed. Current sample-mean minimum is 2371.315802. New variance estimate is 1451.280847.

Feasible point with lower objective function value found, but optimality criteria not satisfied. See output.bestfeasible..


Feasible point with lower objective function value found, but optimality criteria not satisfied. See output.bestfeasible..


Feasible point with lower objective function value found, but optimality criteria not satisfied. See output.bestfeasible..


Feasible point with lower objective function value found, but optimality criteria not satisfied. See output.bestfeasible..


Feasible point with lower objective function value found, but optimality criteria not satisfied. See output.bestfeasible..


Solver stopped prematurely.

fmincon stopped because it exceeded the function evaluation limit,
options.MaxFunctionEvaluations = 1.000000e+03.


Solver stopped prematurely.

fmincon stopped because it exceeded the function evaluation limit,
options.MaxFunctionEvaluations = 1.000000e+03.

Iteration 5 completed. Current sample-mean minimum is 2371.315802. New variance estimate is 696.002157.

Feasible point with lower objective function value found, but optimality criteria not satisfied. See output.bestfeasible..


Feasible point with lower objective function value found, but optimality criteria not satisfied. See output.bestfeasible..


Feasible point with lower objective function value found, but optimality criteria not satisfied. See output.bestfeasible..


Feasible point with lower objective function value found, but optimality criteria not satisfied. See output.bestfeasible..


Feasible point with lower objective function value found, but optimality criteria not satisfied. See output.bestfeasible..


Solver stopped prematurely.

fmincon stopped because it exceeded the function evaluation limit,
options.MaxFunctionEvaluations = 1.000000e+03.


Solver stopped prematurely.

fmincon stopped because it exceeded the function evaluation limit,
options.MaxFunctionEvaluations = 1.000000e+03.

Iteration 6 completed. Current sample-mean minimum is 2371.315802. New variance estimate is 1962.703768.

Feasible point with lower objective function value found, but optimality criteria not satisfied. See output.bestfeasible..


Feasible point with lower objective function value found, but optimality criteria not satisfied. See output.bestfeasible..


Feasible point with lower objective function value found, but optimality criteria not satisfied. See output.bestfeasible..


Feasible point with lower objective function value found, but optimality criteria not satisfied. See output.bestfeasible..


Feasible point with lower objective function value found, but optimality criteria not satisfied. See output.bestfeasible..


Solver stopped prematurely.

fmincon stopped because it exceeded the function evaluation limit,
options.MaxFunctionEvaluations = 1.000000e+03.


Solver stopped prematurely.

fmincon stopped because it exceeded the function evaluation limit,
options.MaxFunctionEvaluations = 1.000000e+03.

Iteration 7 completed. Current sample-mean minimum is 2371.315802. New variance estimate is 1266.728016.

Feasible point with lower objective function value found, but optimality criteria not satisfied. See output.bestfeasible..


Feasible point with lower objective function value found, but optimality criteria not satisfied. See output.bestfeasible..


Feasible point with lower objective function value found, but optimality criteria not satisfied. See output.bestfeasible..


Feasible point with lower objective function value found, but optimality criteria not satisfied. See output.bestfeasible..


Solver stopped prematurely.

fmincon stopped because it exceeded the function evaluation limit,
options.MaxFunctionEvaluations = 1.000000e+03.


Solver stopped prematurely.

fmincon stopped because it exceeded the function evaluation limit,
options.MaxFunctionEvaluations = 1.000000e+03.

Iteration 8 completed. Current sample-mean minimum is 2371.315802. New variance estimate is 1109.002508.

Feasible point with lower objective function value found, but optimality criteria not satisfied. See output.bestfeasible..


Feasible point with lower objective function value found, but optimality criteria not satisfied. See output.bestfeasible..


Solver stopped prematurely.

fmincon stopped because it exceeded the function evaluation limit,
options.MaxFunctionEvaluations = 1.000000e+03.


Solver stopped prematurely.

fmincon stopped because it exceeded the function evaluation limit,
options.MaxFunctionEvaluations = 1.000000e+03.

Iteration 9 completed. Current sample-mean minimum is 2371.315802. New variance estimate is 2246.935260.

Feasible point with lower objective function value found, but optimality criteria not satisfied. See output.bestfeasible..


Feasible point with lower objective function value found, but optimality criteria not satisfied. See output.bestfeasible..


Feasible point with lower objective function value found, but optimality criteria not satisfied. See output.bestfeasible..


Feasible point with lower objective function value found, but optimality criteria not satisfied. See output.bestfeasible..


Feasible point with lower objective function value found, but optimality criteria not satisfied. See output.bestfeasible..


Solver stopped prematurely.

fmincon stopped because it exceeded the function evaluation limit,
options.MaxFunctionEvaluations = 1.000000e+03.


Solver stopped prematurely.

fmincon stopped because it exceeded the function evaluation limit,
options.MaxFunctionEvaluations = 1.000000e+03.

Iteration 10 completed. Current sample-mean minimum is 2371.315802. New variance estimate is 1639.800879.

Feasible point with lower objective function value found, but optimality criteria not satisfied. See output.bestfeasible..


Feasible point with lower objective function value found, but optimality criteria not satisfied. See output.bestfeasible..


Feasible point with lower objective function value found, but optimality criteria not satisfied. See output.bestfeasible..


Feasible point with lower objective function value found, but optimality criteria not satisfied. See output.bestfeasible..


Feasible point with lower objective function value found, but optimality criteria not satisfied. See output.bestfeasible..


Feasible point with lower objective function value found, but optimality criteria not satisfied. See output.bestfeasible..


Solver stopped prematurely.

fmincon stopped because it exceeded the function evaluation limit,
options.MaxFunctionEvaluations = 1.000000e+03.


Solver stopped prematurely.

fmincon stopped because it exceeded the function evaluation limit,
options.MaxFunctionEvaluations = 1.000000e+03.

Iteration 11 completed. Current sample-mean minimum is 2371.315802. New variance estimate is 1362.958695.

Feasible point with lower objective function value found, but optimality criteria not satisfied. See output.bestfeasible..


Feasible point with lower objective function value found, but optimality criteria not satisfied. See output.bestfeasible..


Feasible point with lower objective function value found, but optimality criteria not satisfied. See output.bestfeasible..


Feasible point with lower objective function value found, but optimality criteria not satisfied. See output.bestfeasible..


Feasible point with lower objective function value found, but optimality criteria not satisfied. See output.bestfeasible..


Solver stopped prematurely.

fmincon stopped because it exceeded the function evaluation limit,
options.MaxFunctionEvaluations = 1.000000e+03.


Solver stopped prematurely.

fmincon stopped because it exceeded the function evaluation limit,
options.MaxFunctionEvaluations = 1.000000e+03.

Iteration 12 completed. Current sample-mean minimum is 2371.315802. New variance estimate is 627.710062.

Feasible point with lower objective function value found, but optimality criteria not satisfied. See output.bestfeasible..


Feasible point with lower objective function value found, but optimality criteria not satisfied. See output.bestfeasible..


Feasible point with lower objective function value found, but optimality criteria not satisfied. See output.bestfeasible..


Solver stopped prematurely.

fmincon stopped because it exceeded the function evaluation limit,
options.MaxFunctionEvaluations = 1.000000e+03.


Solver stopped prematurely.

fmincon stopped because it exceeded the function evaluation limit,
options.MaxFunctionEvaluations = 1.000000e+03.

Iteration 13 completed. Current sample-mean minimum is 2371.315802. New variance estimate is 1583.852014.

Feasible point with lower objective function value found, but optimality criteria not satisfied. See output.bestfeasible..


Feasible point with lower objective function value found, but optimality criteria not satisfied. See output.bestfeasible..


Feasible point with lower objective function value found, but optimality criteria not satisfied. See output.bestfeasible..

Iteration 14 completed. Current sample-mean minimum is 2371.315802. New variance estimate is 2303.307821.

Feasible point with lower objective function value found, but optimality criteria not satisfied. See output.bestfeasible..


Feasible point with lower objective function value found, but optimality criteria not satisfied. See output.bestfeasible..


Feasible point with lower objective function value found, but optimality criteria not satisfied. See output.bestfeasible..


Solver stopped prematurely.

fmincon stopped because it exceeded the function evaluation limit,
options.MaxFunctionEvaluations = 1.000000e+03.

Iteration 15 completed. Current sample-mean minimum is 2371.315802. New variance estimate is 2477.083058.

Feasible point with lower objective function value found, but optimality criteria not satisfied. See output.bestfeasible..


Feasible point with lower objective function value found, but optimality criteria not satisfied. See output.bestfeasible..


Feasible point with lower objective function value found, but optimality criteria not satisfied. See output.bestfeasible..


Solver stopped prematurely.

fmincon stopped because it exceeded the function evaluation limit,
options.MaxFunctionEvaluations = 1.000000e+03.


Solver stopped prematurely.

fmincon stopped because it exceeded the function evaluation limit,
options.MaxFunctionEvaluations = 1.000000e+03.


Solver stopped prematurely.

fmincon stopped because it exceeded the function evaluation limit,
options.MaxFunctionEvaluations = 1.000000e+03.

Iteration 16 completed. Current sample-mean minimum is 2371.315802. New variance estimate is 946.520621.

Feasible point with lower objective function value found, but optimality criteria not satisfied. See output.bestfeasible..


Feasible point with lower objective function value found, but optimality criteria not satisfied. See output.bestfeasible..


Feasible point with lower objective function value found, but optimality criteria not satisfied. See output.bestfeasible..


Feasible point with lower objective function value found, but optimality criteria not satisfied. See output.bestfeasible..


Solver stopped prematurely.

fmincon stopped because it exceeded the function evaluation limit,
options.MaxFunctionEvaluations = 1.000000e+03.


Solver stopped prematurely.

fmincon stopped because it exceeded the function evaluation limit,
options.MaxFunctionEvaluations = 1.000000e+03.

Iteration 17 completed. Current sample-mean minimum is 2371.315802. New variance estimate is 946.520617.

Feasible point with lower objective function value found, but optimality criteria not satisfied. See output.bestfeasible..


Feasible point with lower objective function value found, but optimality criteria not satisfied. See output.bestfeasible..


Feasible point with lower objective function value found, but optimality criteria not satisfied. See output.bestfeasible..


Feasible point with lower objective function value found, but optimality criteria not satisfied. See output.bestfeasible..


Feasible point with lower objective function value found, but optimality criteria not satisfied. See output.bestfeasible..


Feasible point with lower objective function value found, but optimality criteria not satisfied. See output.bestfeasible..


Feasible point with lower objective function value found, but optimality criteria not satisfied. See output.bestfeasible..

Iteration 18 completed. Current sample-mean minimum is 2371.315802. New variance estimate is 486.494569.

Feasible point with lower objective function value found, but optimality criteria not satisfied. See output.bestfeasible..


Solver stopped prematurely.

fmincon stopped because it exceeded the function evaluation limit,
options.MaxFunctionEvaluations = 1.000000e+03.

Iteration 19 completed. Current sample-mean minimum is 2371.315802. New variance estimate is 680.868767.

Feasible point with lower objective function value found, but optimality criteria not satisfied. See output.bestfeasible..


Feasible point with lower objective function value found, but optimality criteria not satisfied. See output.bestfeasible..


Feasible point with lower objective function value found, but optimality criteria not satisfied. See output.bestfeasible..


Feasible point with lower objective function value found, but optimality criteria not satisfied. See output.bestfeasible..


Feasible point with lower objective function value found, but optimality criteria not satisfied. See output.bestfeasible..


Solver stopped prematurely.

fmincon stopped because it exceeded the function evaluation limit,
options.MaxFunctionEvaluations = 1.000000e+03.


Solver stopped prematurely.

fmincon stopped because it exceeded the function evaluation limit,
options.MaxFunctionEvaluations = 1.000000e+03.

Iteration 20 completed. Current sample-mean minimum is 2371.315802. New variance estimate is 803.865896.

Feasible point with lower objective function value found, but optimality criteria not satisfied. See output.bestfeasible..


Feasible point with lower objective function value found, but optimality criteria not satisfied. See output.bestfeasible..


Feasible point with lower objective function value found, but optimality criteria not satisfied. See output.bestfeasible..


Solver stopped prematurely.

fmincon stopped because it exceeded the function evaluation limit,
options.MaxFunctionEvaluations = 1.000000e+03.


Solver stopped prematurely.

fmincon stopped because it exceeded the function evaluation limit,
options.MaxFunctionEvaluations = 1.000000e+03.

Iteration 21 completed. Current sample-mean minimum is 2371.315802. New variance estimate is 474.572209.

Feasible point with lower objective function value found, but optimality criteria not satisfied. See output.bestfeasible..


Feasible point with lower objective function value found, but optimality criteria not satisfied. See output.bestfeasible..


Feasible point with lower objective function value found, but optimality criteria not satisfied. See output.bestfeasible..


Feasible point with lower objective function value found, but optimality criteria not satisfied. See output.bestfeasible..


Feasible point with lower objective function value found, but optimality criteria not satisfied. See output.bestfeasible..


Solver stopped prematurely.

fmincon stopped because it exceeded the function evaluation limit,
options.MaxFunctionEvaluations = 1.000000e+03.


Solver stopped prematurely.

fmincon stopped because it exceeded the function evaluation limit,
options.MaxFunctionEvaluations = 1.000000e+03.

Iteration 22 completed. Current sample-mean minimum is 2371.315802. New variance estimate is 895.906996.

Feasible point with lower objective function value found, but optimality criteria not satisfied. See output.bestfeasible..


Feasible point with lower objective function value found, but optimality criteria not satisfied. See output.bestfeasible..


Feasible point with lower objective function value found, but optimality criteria not satisfied. See output.bestfeasible..


Feasible point with lower objective function value found, but optimality criteria not satisfied. See output.bestfeasible..


Feasible point with lower objective function value found, but optimality criteria not satisfied. See output.bestfeasible..


Solver stopped prematurely.

fmincon stopped because it exceeded the function evaluation limit,
options.MaxFunctionEvaluations = 1.000000e+03.

Iteration 23 completed. Current sample-mean minimum is 2371.315802. New variance estimate is 663.660238.

Feasible point with lower objective function value found, but optimality criteria not satisfied. See output.bestfeasible..


Feasible point with lower objective function value found, but optimality criteria not satisfied. See output.bestfeasible..


Feasible point with lower objective function value found, but optimality criteria not satisfied. See output.bestfeasible..


Feasible point with lower objective function value found, but optimality criteria not satisfied. See output.bestfeasible..


Solver stopped prematurely.

fmincon stopped because it exceeded the function evaluation limit,
options.MaxFunctionEvaluations = 1.000000e+03.

Iteration 24 completed. Current sample-mean minimum is 2371.315802. New variance estimate is 537.386275.

Feasible point with lower objective function value found, but optimality criteria not satisfied. See output.bestfeasible..


Feasible point with lower objective function value found, but optimality criteria not satisfied. See output.bestfeasible..


Feasible point with lower objective function value found, but optimality criteria not satisfied. See output.bestfeasible..


Solver stopped prematurely.

fmincon stopped because it exceeded the function evaluation limit,
options.MaxFunctionEvaluations = 1.000000e+03.


Solver stopped prematurely.

fmincon stopped because it exceeded the function evaluation limit,
options.MaxFunctionEvaluations = 1.000000e+03.

Iteration 25 completed. Current sample-mean minimum is 2371.315802. New variance estimate is 551.402897.

Feasible point with lower objective function value found, but optimality criteria not satisfied. See output.bestfeasible..


Feasible point with lower objective function value found, but optimality criteria not satisfied. See output.bestfeasible..


Feasible point with lower objective function value found, but optimality criteria not satisfied. See output.bestfeasible..


Feasible point with lower objective function value found, but optimality criteria not satisfied. See output.bestfeasible..


Feasible point with lower objective function value found, but optimality criteria not satisfied. See output.bestfeasible..


Solver stopped prematurely.

fmincon stopped because it exceeded the function evaluation limit,
options.MaxFunctionEvaluations = 1.000000e+03.

Iteration 26 completed. Current sample-mean minimum is 2371.315802. New variance estimate is 597.250860.

Feasible point with lower objective function value found, but optimality criteria not satisfied. See output.bestfeasible..


Feasible point with lower objective function value found, but optimality criteria not satisfied. See output.bestfeasible..


Feasible point with lower objective function value found, but optimality criteria not satisfied. See output.bestfeasible..


Feasible point with lower objective function value found, but optimality criteria not satisfied. See output.bestfeasible..


Solver stopped prematurely.

fmincon stopped because it exceeded the function evaluation limit,
options.MaxFunctionEvaluations = 1.000000e+03.


Solver stopped prematurely.

fmincon stopped because it exceeded the function evaluation limit,
options.MaxFunctionEvaluations = 1.000000e+03.

Iteration 27 completed. Current sample-mean minimum is 2371.315802. New variance estimate is 525.562418.

Feasible point with lower objective function value found, but optimality criteria not satisfied. See output.bestfeasible..


Feasible point with lower objective function value found, but optimality criteria not satisfied. See output.bestfeasible..


Feasible point with lower objective function value found, but optimality criteria not satisfied. See output.bestfeasible..


Feasible point with lower objective function value found, but optimality criteria not satisfied. See output.bestfeasible..


Solver stopped prematurely.

fmincon stopped because it exceeded the function evaluation limit,
options.MaxFunctionEvaluations = 1.000000e+03.


Solver stopped prematurely.

fmincon stopped because it exceeded the function evaluation limit,
options.MaxFunctionEvaluations = 1.000000e+03.


Solver stopped prematurely.

fmincon stopped because it exceeded the function evaluation limit,
options.MaxFunctionEvaluations = 1.000000e+03.

Iteration 28 completed. Current sample-mean minimum is 2371.315802. New variance estimate is 802.144673.

Feasible point with lower objective function value found, but optimality criteria not satisfied. See output.bestfeasible..


Feasible point with lower objective function value found, but optimality criteria not satisfied. See output.bestfeasible..


Feasible point with lower objective function value found, but optimality criteria not satisfied. See output.bestfeasible..


Feasible point with lower objective function value found, but optimality criteria not satisfied. See output.bestfeasible..


Feasible point with lower objective function value found, but optimality criteria not satisfied. See output.bestfeasible..


Feasible point with lower objective function value found, but optimality criteria not satisfied. See output.bestfeasible..


Feasible point with lower objective function value found, but optimality criteria not satisfied. See output.bestfeasible..


Solver stopped prematurely.

fmincon stopped because it exceeded the function evaluation limit,
options.MaxFunctionEvaluations = 1.000000e+03.


Solver stopped prematurely.

fmincon stopped because it exceeded the function evaluation limit,
options.MaxFunctionEvaluations = 1.000000e+03.

Iteration 29 completed. Current sample-mean minimum is 2371.315802. New variance estimate is 506.963491.

Feasible point with lower objective function value found, but optimality criteria not satisfied. See output.bestfeasible..


Feasible point with lower objective function value found, but optimality criteria not satisfied. See output.bestfeasible..


Feasible point with lower objective function value found, but optimality criteria not satisfied. See output.bestfeasible..


Solver stopped prematurely.

fmincon stopped because it exceeded the function evaluation limit,
options.MaxFunctionEvaluations = 1.000000e+03.


Solver stopped prematurely.

fmincon stopped because it exceeded the function evaluation limit,
options.MaxFunctionEvaluations = 1.000000e+03.


Solver stopped prematurely.

fmincon stopped because it exceeded the function evaluation limit,
options.MaxFunctionEvaluations = 1.000000e+03.

Iteration 30 completed. Current sample-mean minimum is 2371.315802. New variance estimate is 571.648895.

Feasible point with lower objective function value found, but optimality criteria not satisfied. See output.bestfeasible..


Feasible point with lower objective function value found, but optimality criteria not satisfied. See output.bestfeasible..


Feasible point with lower objective function value found, but optimality criteria not satisfied. See output.bestfeasible..


Feasible point with lower objective function value found, but optimality criteria not satisfied. See output.bestfeasible..


Solver stopped prematurely.

fmincon stopped because it exceeded the function evaluation limit,
options.MaxFunctionEvaluations = 1.000000e+03.

Iteration 31 completed. Current sample-mean minimum is 2371.315802. New variance estimate is 521.034097.

Feasible point with lower objective function value found, but optimality criteria not satisfied. See output.bestfeasible..


Feasible point with lower objective function value found, but optimality criteria not satisfied. See output.bestfeasible..


Feasible point with lower objective function value found, but optimality criteria not satisfied. See output.bestfeasible..


Feasible point with lower objective function value found, but optimality criteria not satisfied. See output.bestfeasible..


Feasible point with lower objective function value found, but optimality criteria not satisfied. See output.bestfeasible..


Feasible point with lower objective function value found, but optimality criteria not satisfied. See output.bestfeasible..


Solver stopped prematurely.

fmincon stopped because it exceeded the function evaluation limit,
options.MaxFunctionEvaluations = 1.000000e+03.

Iteration 32 completed. Current sample-mean minimum is 2371.315802. New variance estimate is 881.900212.

Feasible point with lower objective function value found, but optimality criteria not satisfied. See output.bestfeasible..


Feasible point with lower objective function value found, but optimality criteria not satisfied. See output.bestfeasible..


Feasible point with lower objective function value found, but optimality criteria not satisfied. See output.bestfeasible..


Feasible point with lower objective function value found, but optimality criteria not satisfied. See output.bestfeasible..


Feasible point with lower objective function value found, but optimality criteria not satisfied. See output.bestfeasible..

Iteration 33 completed. Current sample-mean minimum is 2350.798853. New variance estimate is 612.430782.

Feasible point with lower objective function value found, but optimality criteria not satisfied. See output.bestfeasible..


Feasible point with lower objective function value found, but optimality criteria not satisfied. See output.bestfeasible..


Feasible point with lower objective function value found, but optimality criteria not satisfied. See output.bestfeasible..


Feasible point with lower objective function value found, but optimality criteria not satisfied. See output.bestfeasible..


Feasible point with lower objective function value found, but optimality criteria not satisfied. See output.bestfeasible..


Solver stopped prematurely.

fmincon stopped because it exceeded the function evaluation limit,
options.MaxFunctionEvaluations = 1.000000e+03.

Iteration 34 completed. Current sample-mean minimum is 2350.798853. New variance estimate is 574.843005.

Feasible point with lower objective function value found, but optimality criteria not satisfied. See output.bestfeasible..


Feasible point with lower objective function value found, but optimality criteria not satisfied. See output.bestfeasible..


Feasible point with lower objective function value found, but optimality criteria not satisfied. See output.bestfeasible..


Feasible point with lower objective function value found, but optimality criteria not satisfied. See output.bestfeasible..


Solver stopped prematurely.

fmincon stopped because it exceeded the function evaluation limit,
options.MaxFunctionEvaluations = 1.000000e+03.

Iteration 35 completed. Current sample-mean minimum is 2350.798853. New variance estimate is 1473.034699.

Feasible point with lower objective function value found, but optimality criteria not satisfied. See output.bestfeasible..


Feasible point with lower objective function value found, but optimality criteria not satisfied. See output.bestfeasible..


Feasible point with lower objective function value found, but optimality criteria not satisfied. See output.bestfeasible..


Feasible point with lower objective function value found, but optimality criteria not satisfied. See output.bestfeasible..


Feasible point with lower objective function value found, but optimality criteria not satisfied. See output.bestfeasible..


Solver stopped prematurely.

fmincon stopped because it exceeded the function evaluation limit,
options.MaxFunctionEvaluations = 1.000000e+03.


Solver stopped prematurely.

fmincon stopped because it exceeded the function evaluation limit,
options.MaxFunctionEvaluations = 1.000000e+03.

Iteration 36 completed. Current sample-mean minimum is 2350.798853. New variance estimate is 634.096458.

Feasible point with lower objective function value found, but optimality criteria not satisfied. See output.bestfeasible..


Solver stopped prematurely.

fmincon stopped because it exceeded the function evaluation limit,
options.MaxFunctionEvaluations = 1.000000e+03.


Solver stopped prematurely.

fmincon stopped because it exceeded the function evaluation limit,
options.MaxFunctionEvaluations = 1.000000e+03.


Solver stopped prematurely.

fmincon stopped because it exceeded the function evaluation limit,
options.MaxFunctionEvaluations = 1.000000e+03.

Iteration 37 completed. Current sample-mean minimum is 2350.798853. New variance estimate is 433.763273.

Feasible point with lower objective function value found, but optimality criteria not satisfied. See output.bestfeasible..


Feasible point with lower objective function value found, but optimality criteria not satisfied. See output.bestfeasible..


Feasible point with lower objective function value found, but optimality criteria not satisfied. See output.bestfeasible..


Feasible point with lower objective function value found, but optimality criteria not satisfied. See output.bestfeasible..


Solver stopped prematurely.

fmincon stopped because it exceeded the function evaluation limit,
options.MaxFunctionEvaluations = 1.000000e+03.


Solver stopped prematurely.

fmincon stopped because it exceeded the function evaluation limit,
options.MaxFunctionEvaluations = 1.000000e+03.

Iteration 38 completed. Current sample-mean minimum is 2350.798853. New variance estimate is 537.243837.

Feasible point with lower objective function value found, but optimality criteria not satisfied. See output.bestfeasible..


Feasible point with lower objective function value found, but optimality criteria not satisfied. See output.bestfeasible..


Solver stopped prematurely.

fmincon stopped because it exceeded the function evaluation limit,
options.MaxFunctionEvaluations = 1.000000e+03.

Iteration 39 completed. Current sample-mean minimum is 2350.798853. New variance estimate is 494.594277.

Feasible point with lower objective function value found, but optimality criteria not satisfied. See output.bestfeasible..


Feasible point with lower objective function value found, but optimality criteria not satisfied. See output.bestfeasible..


Solver stopped prematurely.

fmincon stopped because it exceeded the function evaluation limit,
options.MaxFunctionEvaluations = 1.000000e+03.


Solver stopped prematurely.

fmincon stopped because it exceeded the function evaluation limit,
options.MaxFunctionEvaluations = 1.000000e+03.

Iteration 40 completed. Current sample-mean minimum is 2350.798853. New variance estimate is 489.272999.

Solver stopped prematurely.

fmincon stopped because it exceeded the function evaluation limit,
options.MaxFunctionEvaluations = 1.000000e+03.


Solver stopped prematurely.

fmincon stopped because it exceeded the function evaluation limit,
options.MaxFunctionEvaluations = 1.000000e+03.

Iteration 41 completed. Current sample-mean minimum is 2350.798853. New variance estimate is 577.212098.

Feasible point with lower objective function value found, but optimality criteria not satisfied. See output.bestfeasible..


Feasible point with lower objective function value found, but optimality criteria not satisfied. See output.bestfeasible..


Feasible point with lower objective function value found, but optimality criteria not satisfied. See output.bestfeasible..


Feasible point with lower objective function value found, but optimality criteria not satisfied. See output.bestfeasible..


Feasible point with lower objective function value found, but optimality criteria not satisfied. See output.bestfeasible..

Iteration 42 completed. Current sample-mean minimum is 2350.798853. New variance estimate is 534.381974.

Feasible point with lower objective function value found, but optimality criteria not satisfied. See output.bestfeasible..


Feasible point with lower objective function value found, but optimality criteria not satisfied. See output.bestfeasible..


Feasible point with lower objective function value found, but optimality criteria not satisfied. See output.bestfeasible..


Feasible point with lower objective function value found, but optimality criteria not satisfied. See output.bestfeasible..


Solver stopped prematurely.

fmincon stopped because it exceeded the function evaluation limit,
options.MaxFunctionEvaluations = 1.000000e+03.


Solver stopped prematurely.

fmincon stopped because it exceeded the function evaluation limit,
options.MaxFunctionEvaluations = 1.000000e+03.


Solver stopped prematurely.

fmincon stopped because it exceeded the function evaluation limit,
options.MaxFunctionEvaluations = 1.000000e+03.

Iteration 43 completed. Current sample-mean minimum is 2350.798853. New variance estimate is 441.084611.

Feasible point with lower objective function value found, but optimality criteria not satisfied. See output.bestfeasible..


Feasible point with lower objective function value found, but optimality criteria not satisfied. See output.bestfeasible..


Feasible point with lower objective function value found, but optimality criteria not satisfied. See output.bestfeasible..


Solver stopped prematurely.

fmincon stopped because it exceeded the function evaluation limit,
options.MaxFunctionEvaluations = 1.000000e+03.

Iteration 44 completed. Current sample-mean minimum is 2350.798853. New variance estimate is 434.724723.

Feasible point with lower objective function value found, but optimality criteria not satisfied. See output.bestfeasible..


Feasible point with lower objective function value found, but optimality criteria not satisfied. See output.bestfeasible..


Feasible point with lower objective function value found, but optimality criteria not satisfied. See output.bestfeasible..


Feasible point with lower objective function value found, but optimality criteria not satisfied. See output.bestfeasible..


Feasible point with lower objective function value found, but optimality criteria not satisfied. See output.bestfeasible..


Solver stopped prematurely.

fmincon stopped because it exceeded the function evaluation limit,
options.MaxFunctionEvaluations = 1.000000e+03.


Solver stopped prematurely.

fmincon stopped because it exceeded the function evaluation limit,
options.MaxFunctionEvaluations = 1.000000e+03.

Iteration 45 completed. Current sample-mean minimum is 2350.798853. New variance estimate is 427.813021.

Feasible point with lower objective function value found, but optimality criteria not satisfied. See output.bestfeasible..


Feasible point with lower objective function value found, but optimality criteria not satisfied. See output.bestfeasible..


Feasible point with lower objective function value found, but optimality criteria not satisfied. See output.bestfeasible..


Feasible point with lower objective function value found, but optimality criteria not satisfied. See output.bestfeasible..


Feasible point with lower objective function value found, but optimality criteria not satisfied. See output.bestfeasible..


Feasible point with lower objective function value found, but optimality criteria not satisfied. See output.bestfeasible..


Solver stopped prematurely.

fmincon stopped because it exceeded the function evaluation limit,
options.MaxFunctionEvaluations = 5.000000e+03.


Solver stopped prematurely.

fmincon stopped because it exceeded the function evaluation limit,
options.MaxFunctionEvaluations = 1.000000e+03.


Solver stopped prematurely.

fmincon stopped because it exceeded the function evaluation limit,
options.MaxFunctionEvaluations = 1.000000e+03.

Iteration 46 completed. Current sample-mean minimum is 2350.798853. New variance estimate is 432.453689.

Feasible point with lower objective function value found, but optimality criteria not satisfied. See output.bestfeasible..


Feasible point with lower objective function value found, but optimality criteria not satisfied. See output.bestfeasible..


Feasible point with lower objective function value found, but optimality criteria not satisfied. See output.bestfeasible..


Feasible point with lower objective function value found, but optimality criteria not satisfied. See output.bestfeasible..


Feasible point with lower objective function value found, but optimality criteria not satisfied. See output.bestfeasible..


Solver stopped prematurely.

fmincon stopped because it exceeded the function evaluation limit,
options.MaxFunctionEvaluations = 1.000000e+03.


Solver stopped prematurely.

fmincon stopped because it exceeded the function evaluation limit,
options.MaxFunctionEvaluations = 1.000000e+03.


Solver stopped prematurely.

fmincon stopped because it exceeded the function evaluation limit,
options.MaxFunctionEvaluations = 1.000000e+03.

Iteration 47 completed. Current sample-mean minimum is 2350.798853. New variance estimate is 425.299335.

Feasible point with lower objective function value found, but optimality criteria not satisfied. See output.bestfeasible..


Feasible point with lower objective function value found, but optimality criteria not satisfied. See output.bestfeasible..


Feasible point with lower objective function value found, but optimality criteria not satisfied. See output.bestfeasible..


Feasible point with lower objective function value found, but optimality criteria not satisfied. See output.bestfeasible..


Feasible point with lower objective function value found, but optimality criteria not satisfied. See output.bestfeasible..


Feasible point with lower objective function value found, but optimality criteria not satisfied. See output.bestfeasible..


Solver stopped prematurely.

fmincon stopped because it exceeded the function evaluation limit,
options.MaxFunctionEvaluations = 1.000000e+03.


Solver stopped prematurely.

fmincon stopped because it exceeded the function evaluation limit,
options.MaxFunctionEvaluations = 1.000000e+03.

Iteration 48 completed. Current sample-mean minimum is 2350.798853. New variance estimate is 453.077784.

Feasible point with lower objective function value found, but optimality criteria not satisfied. See output.bestfeasible..


Feasible point with lower objective function value found, but optimality criteria not satisfied. See output.bestfeasible..


Feasible point with lower objective function value found, but optimality criteria not satisfied. See output.bestfeasible..


Feasible point with lower objective function value found, but optimality criteria not satisfied. See output.bestfeasible..


Feasible point with lower objective function value found, but optimality criteria not satisfied. See output.bestfeasible..


Feasible point with lower objective function value found, but optimality criteria not satisfied. See output.bestfeasible..


Feasible point with lower objective function value found, but optimality criteria not satisfied. See output.bestfeasible..


Solver stopped prematurely.

fmincon stopped because it exceeded the function evaluation limit,
options.MaxFunctionEvaluations = 1.000000e+03.


Solver stopped prematurely.

fmincon stopped because it exceeded the function evaluation limit,
options.MaxFunctionEvaluations = 1.000000e+03.

Iteration 49 completed. Current sample-mean minimum is 2350.798853. New variance estimate is 434.206361.

Feasible point with lower objective function value found, but optimality criteria not satisfied. See output.bestfeasible..


Feasible point with lower objective function value found, but optimality criteria not satisfied. See output.bestfeasible..


Feasible point with lower objective function value found, but optimality criteria not satisfied. See output.bestfeasible..


Feasible point with lower objective function value found, but optimality criteria not satisfied. See output.bestfeasible..


Feasible point with lower objective function value found, but optimality criteria not satisfied. See output.bestfeasible..


Solver stopped prematurely.

fmincon stopped because it exceeded the function evaluation limit,
options.MaxFunctionEvaluations = 1.000000e+03.

Iteration 50 completed. Current sample-mean minimum is 2350.798853. New variance estimate is 428.343233.

Feasible point with lower objective function value found, but optimality criteria not satisfied. See output.bestfeasible..


Feasible point with lower objective function value found, but optimality criteria not satisfied. See output.bestfeasible..


Feasible point with lower objective function value found, but optimality criteria not satisfied. See output.bestfeasible..


Feasible point with lower objective function value found, but optimality criteria not satisfied. See output.bestfeasible..


Feasible point with lower objective function value found, but optimality criteria not satisfied. See output.bestfeasible..


Feasible point with lower objective function value found, but optimality criteria not satisfied. See output.bestfeasible..


Feasible point with lower objective function value found, but optimality criteria not satisfied. See output.bestfeasible..


Solver stopped prematurely.

fmincon stopped because it exceeded the function evaluation limit,
options.MaxFunctionEvaluations = 1.000000e+03.


Solver stopped prematurely.

fmincon stopped because it exceeded the function evaluation limit,
options.MaxFunctionEvaluations = 1.000000e+03.

Iteration 51 completed. Current sample-mean minimum is 2350.798853. New variance estimate is 433.359481.

Feasible point with lower objective function value found, but optimality criteria not satisfied. See output.bestfeasible..


Feasible point with lower objective function value found, but optimality criteria not satisfied. See output.bestfeasible..


Feasible point with lower objective function value found, but optimality criteria not satisfied. See output.bestfeasible..


Feasible point with lower objective function value found, but optimality criteria not satisfied. See output.bestfeasible..


Feasible point with lower objective function value found, but optimality criteria not satisfied. See output.bestfeasible..


Feasible point with lower objective function value found, but optimality criteria not satisfied. See output.bestfeasible..


Feasible point with lower objective function value found, but optimality criteria not satisfied. See output.bestfeasible..

Iteration 52 completed. Current sample-mean minimum is 2350.798853. New variance estimate is 1279.461869.

Feasible point with lower objective function value found, but optimality criteria not satisfied. See output.bestfeasible..


Feasible point with lower objective function value found, but optimality criteria not satisfied. See output.bestfeasible..


Feasible point with lower objective function value found, but optimality criteria not satisfied. See output.bestfeasible..


Feasible point with lower objective function value found, but optimality criteria not satisfied. See output.bestfeasible..


Feasible point with lower objective function value found, but optimality criteria not satisfied. See output.bestfeasible..


Solver stopped prematurely.

fmincon stopped because it exceeded the function evaluation limit,
options.MaxFunctionEvaluations = 1.000000e+03.


Solver stopped prematurely.

fmincon stopped because it exceeded the function evaluation limit,
options.MaxFunctionEvaluations = 1.000000e+03.

Iteration 53 completed. Current sample-mean minimum is 2350.798853. New variance estimate is 438.098151.

Feasible point with lower objective function value found, but optimality criteria not satisfied. See output.bestfeasible..


Feasible point with lower objective function value found, but optimality criteria not satisfied. See output.bestfeasible..


Feasible point with lower objective function value found, but optimality criteria not satisfied. See output.bestfeasible..


Feasible point with lower objective function value found, but optimality criteria not satisfied. See output.bestfeasible..


Feasible point with lower objective function value found, but optimality criteria not satisfied. See output.bestfeasible..


Solver stopped prematurely.

fmincon stopped because it exceeded the function evaluation limit,
options.MaxFunctionEvaluations = 1.000000e+03.

Iteration 54 completed. Current sample-mean minimum is 2350.798853. New variance estimate is 430.679792.

Feasible point with lower objective function value found, but optimality criteria not satisfied. See output.bestfeasible..


Feasible point with lower objective function value found, but optimality criteria not satisfied. See output.bestfeasible..


Solver stopped prematurely.

fmincon stopped because it exceeded the function evaluation limit,
options.MaxFunctionEvaluations = 1.000000e+03.

Iteration 55 completed. Current sample-mean minimum is 2350.798853. New variance estimate is 1377.969235.

Feasible point with lower objective function value found, but optimality criteria not satisfied. See output.bestfeasible..


Feasible point with lower objective function value found, but optimality criteria not satisfied. See output.bestfeasible..


Feasible point with lower objective function value found, but optimality criteria not satisfied. See output.bestfeasible..


Feasible point with lower objective function value found, but optimality criteria not satisfied. See output.bestfeasible..


Feasible point with lower objective function value found, but optimality criteria not satisfied. See output.bestfeasible..


Solver stopped prematurely.

fmincon stopped because it exceeded the function evaluation limit,
options.MaxFunctionEvaluations = 1.000000e+03.


Solver stopped prematurely.

fmincon stopped because it exceeded the function evaluation limit,
options.MaxFunctionEvaluations = 1.000000e+03.

Iteration 56 completed. Current sample-mean minimum is 2350.798853. New variance estimate is 477.059510.

Feasible point with lower objective function value found, but optimality criteria not satisfied. See output.bestfeasible..


Solver stopped prematurely.

fmincon stopped because it exceeded the function evaluation limit,
options.MaxFunctionEvaluations = 1.000000e+03.


Solver stopped prematurely.

fmincon stopped because it exceeded the function evaluation limit,
options.MaxFunctionEvaluations = 1.000000e+03.


Solver stopped prematurely.

fmincon stopped because it exceeded the function evaluation limit,
options.MaxFunctionEvaluations = 1.000000e+03.

Iteration 57 completed. Current sample-mean minimum is 2350.798853. New variance estimate is 698.599296.

Feasible point with lower objective function value found, but optimality criteria not satisfied. See output.bestfeasible..


Feasible point with lower objective function value found, but optimality criteria not satisfied. See output.bestfeasible..


Feasible point with lower objective function value found, but optimality criteria not satisfied. See output.bestfeasible..


Solver stopped prematurely.

fmincon stopped because it exceeded the function evaluation limit,
options.MaxFunctionEvaluations = 1.000000e+03.

Iteration 58 completed. Current sample-mean minimum is 2350.798853. New variance estimate is 564.626287.

Feasible point with lower objective function value found, but optimality criteria not satisfied. See output.bestfeasible..


Feasible point with lower objective function value found, but optimality criteria not satisfied. See output.bestfeasible..


Feasible point with lower objective function value found, but optimality criteria not satisfied. See output.bestfeasible..


Feasible point with lower objective function value found, but optimality criteria not satisfied. See output.bestfeasible..


Feasible point with lower objective function value found, but optimality criteria not satisfied. See output.bestfeasible..


Solver stopped prematurely.

fmincon stopped because it exceeded the function evaluation limit,
options.MaxFunctionEvaluations = 1.000000e+03.

Iteration 59 completed. Current sample-mean minimum is 2350.798853. New variance estimate is 425.299176.

Feasible point with lower objective function value found, but optimality criteria not satisfied. See output.bestfeasible..


Feasible point with lower objective function value found, but optimality criteria not satisfied. See output.bestfeasible..


Feasible point with lower objective function value found, but optimality criteria not satisfied. See output.bestfeasible..


Solver stopped prematurely.

fmincon stopped because it exceeded the function evaluation limit,
options.MaxFunctionEvaluations = 1.000000e+03.


Solver stopped prematurely.

fmincon stopped because it exceeded the function evaluation limit,
options.MaxFunctionEvaluations = 1.000000e+03.

Iteration 60 completed. Current sample-mean minimum is 2350.798853. New variance estimate is 728.259180.

Feasible point with lower objective function value found, but optimality criteria not satisfied. See output.bestfeasible..


Solver stopped prematurely.

fmincon stopped because it exceeded the function evaluation limit,
options.MaxFunctionEvaluations = 1.000000e+03.


Solver stopped prematurely.

fmincon stopped because it exceeded the function evaluation limit,
options.MaxFunctionEvaluations = 1.000000e+03.

Iteration 61 completed. Current sample-mean minimum is 2350.798853. New variance estimate is 429.823035.

Feasible point with lower objective function value found, but optimality criteria not satisfied. See output.bestfeasible..


Feasible point with lower objective function value found, but optimality criteria not satisfied. See output.bestfeasible..


Feasible point with lower objective function value found, but optimality criteria not satisfied. See output.bestfeasible..

Iteration 62 completed. Current sample-mean minimum is 2350.798853. New variance estimate is 431.189046.

Feasible point with lower objective function value found, but optimality criteria not satisfied. See output.bestfeasible..


Feasible point with lower objective function value found, but optimality criteria not satisfied. See output.bestfeasible..


Feasible point with lower objective function value found, but optimality criteria not satisfied. See output.bestfeasible..


Feasible point with lower objective function value found, but optimality criteria not satisfied. See output.bestfeasible..


Solver stopped prematurely.

fmincon stopped because it exceeded the function evaluation limit,
options.MaxFunctionEvaluations = 1.000000e+03.


Solver stopped prematurely.

fmincon stopped because it exceeded the function evaluation limit,
options.MaxFunctionEvaluations = 1.000000e+03.


Solver stopped prematurely.

fmincon stopped because it exceeded the function evaluation limit,
options.MaxFunctionEvaluations = 1.000000e+03.

Iteration 63 completed. Current sample-mean minimum is 2350.798853. New variance estimate is 434.238566.

Feasible point with lower objective function value found, but optimality criteria not satisfied. See output.bestfeasible..


Feasible point with lower objective function value found, but optimality criteria not satisfied. See output.bestfeasible..


Feasible point with lower objective function value found, but optimality criteria not satisfied. See output.bestfeasible..

Iteration 64 completed. Current sample-mean minimum is 2350.798853. New variance estimate is 432.152497.

Feasible point with lower objective function value found, but optimality criteria not satisfied. See output.bestfeasible..


Feasible point with lower objective function value found, but optimality criteria not satisfied. See output.bestfeasible..


Solver stopped prematurely.

fmincon stopped because it exceeded the function evaluation limit,
options.MaxFunctionEvaluations = 1.000000e+03.

Iteration 65 completed. Current sample-mean minimum is 2350.798853. New variance estimate is 1984.275688.

Feasible point with lower objective function value found, but optimality criteria not satisfied. See output.bestfeasible..


Feasible point with lower objective function value found, but optimality criteria not satisfied. See output.bestfeasible..


Feasible point with lower objective function value found, but optimality criteria not satisfied. See output.bestfeasible..


Feasible point with lower objective function value found, but optimality criteria not satisfied. See output.bestfeasible..


Feasible point with lower objective function value found, but optimality criteria not satisfied. See output.bestfeasible..

Iteration 66 completed. Current sample-mean minimum is 2350.798853. New variance estimate is 439.094016.

Feasible point with lower objective function value found, but optimality criteria not satisfied. See output.bestfeasible..


Feasible point with lower objective function value found, but optimality criteria not satisfied. See output.bestfeasible..


Feasible point with lower objective function value found, but optimality criteria not satisfied. See output.bestfeasible..


Feasible point with lower objective function value found, but optimality criteria not satisfied. See output.bestfeasible..


Solver stopped prematurely.

fmincon stopped because it exceeded the function evaluation limit,
options.MaxFunctionEvaluations = 1.000000e+03.

Iteration 67 completed. Current sample-mean minimum is 2350.798853. New variance estimate is 438.287399.

Feasible point with lower objective function value found, but optimality criteria not satisfied. See output.bestfeasible..


Feasible point with lower objective function value found, but optimality criteria not satisfied. See output.bestfeasible..


Feasible point with lower objective function value found, but optimality criteria not satisfied. See output.bestfeasible..


Feasible point with lower objective function value found, but optimality criteria not satisfied. See output.bestfeasible..


Solver stopped prematurely.

fmincon stopped because it exceeded the function evaluation limit,
options.MaxFunctionEvaluations = 1.000000e+03.

Iteration 68 completed. Current sample-mean minimum is 2350.798853. New variance estimate is 606.244118.

Feasible point with lower objective function value found, but optimality criteria not satisfied. See output.bestfeasible..


Feasible point with lower objective function value found, but optimality criteria not satisfied. See output.bestfeasible..


Feasible point with lower objective function value found, but optimality criteria not satisfied. See output.bestfeasible..


Solver stopped prematurely.

fmincon stopped because it exceeded the function evaluation limit,
options.MaxFunctionEvaluations = 1.000000e+03.

Iteration 69 completed. Current sample-mean minimum is 2350.798853. New variance estimate is 431.485996.

Feasible point with lower objective function value found, but optimality criteria not satisfied. See output.bestfeasible..


Feasible point with lower objective function value found, but optimality criteria not satisfied. See output.bestfeasible..


Feasible point with lower objective function value found, but optimality criteria not satisfied. See output.bestfeasible..


Feasible point with lower objective function value found, but optimality criteria not satisfied. See output.bestfeasible..


Feasible point with lower objective function value found, but optimality criteria not satisfied. See output.bestfeasible..


Solver stopped prematurely.

fmincon stopped because it exceeded the function evaluation limit,
options.MaxFunctionEvaluations = 1.000000e+03.


Solver stopped prematurely.

fmincon stopped because it exceeded the function evaluation limit,
options.MaxFunctionEvaluations = 1.000000e+03.


Solver stopped prematurely.

fmincon stopped because it exceeded the function evaluation limit,
options.MaxFunctionEvaluations = 1.000000e+03.

Iteration 70 completed. Current sample-mean minimum is 2350.798853. New variance estimate is 435.482641.

Feasible point with lower objective function value found, but optimality criteria not satisfied. See output.bestfeasible..


Feasible point with lower objective function value found, but optimality criteria not satisfied. See output.bestfeasible..


Feasible point with lower objective function value found, but optimality criteria not satisfied. See output.bestfeasible..


Feasible point with lower objective function value found, but optimality criteria not satisfied. See output.bestfeasible..


Solver stopped prematurely.

fmincon stopped because it exceeded the function evaluation limit,
options.MaxFunctionEvaluations = 1.000000e+03.


Solver stopped prematurely.

fmincon stopped because it exceeded the function evaluation limit,
options.MaxFunctionEvaluations = 1.000000e+03.

Iteration 71 completed. Current sample-mean minimum is 2350.798853. New variance estimate is 425.299227.

Feasible point with lower objective function value found, but optimality criteria not satisfied. See output.bestfeasible..


Feasible point with lower objective function value found, but optimality criteria not satisfied. See output.bestfeasible..


Feasible point with lower objective function value found, but optimality criteria not satisfied. See output.bestfeasible..


Feasible point with lower objective function value found, but optimality criteria not satisfied. See output.bestfeasible..


Feasible point with lower objective function value found, but optimality criteria not satisfied. See output.bestfeasible..


Feasible point with lower objective function value found, but optimality criteria not satisfied. See output.bestfeasible..


Feasible point with lower objective function value found, but optimality criteria not satisfied. See output.bestfeasible..


Solver stopped prematurely.

fmincon stopped because it exceeded the function evaluation limit,
options.MaxFunctionEvaluations = 1.000000e+03.

Iteration 72 completed. Current sample-mean minimum is 2350.798853. New variance estimate is 429.263213.

Feasible point with lower objective function value found, but optimality criteria not satisfied. See output.bestfeasible..


Feasible point with lower objective function value found, but optimality criteria not satisfied. See output.bestfeasible..


Feasible point with lower objective function value found, but optimality criteria not satisfied. See output.bestfeasible..


Feasible point with lower objective function value found, but optimality criteria not satisfied. See output.bestfeasible..


Feasible point with lower objective function value found, but optimality criteria not satisfied. See output.bestfeasible..


Feasible point with lower objective function value found, but optimality criteria not satisfied. See output.bestfeasible..


Feasible point with lower objective function value found, but optimality criteria not satisfied. See output.bestfeasible..


Feasible point with lower objective function value found, but optimality criteria not satisfied. See output.bestfeasible..


Solver stopped prematurely.

fmincon stopped because it exceeded the function evaluation limit,
options.MaxFunctionEvaluations = 1.000000e+03.


Solver stopped prematurely.

fmincon stopped because it exceeded the function evaluation limit,
options.MaxFunctionEvaluations = 1.000000e+03.

Iteration 73 completed. Current sample-mean minimum is 2350.798853. New variance estimate is 425.300388.

Feasible point with lower objective function value found, but optimality criteria not satisfied. See output.bestfeasible..


Feasible point with lower objective function value found, but optimality criteria not satisfied. See output.bestfeasible..


Feasible point with lower objective function value found, but optimality criteria not satisfied. See output.bestfeasible..


Solver stopped prematurely.

fmincon stopped because it exceeded the function evaluation limit,
options.MaxFunctionEvaluations = 1.000000e+03.


Solver stopped prematurely.

fmincon stopped because it exceeded the function evaluation limit,
options.MaxFunctionEvaluations = 1.000000e+03.

Iteration 74 completed. Current sample-mean minimum is 2350.798853. New variance estimate is 430.127130.

Feasible point with lower objective function value found, but optimality criteria not satisfied. See output.bestfeasible..


Feasible point with lower objective function value found, but optimality criteria not satisfied. See output.bestfeasible..


Feasible point with lower objective function value found, but optimality criteria not satisfied. See output.bestfeasible..


Feasible point with lower objective function value found, but optimality criteria not satisfied. See output.bestfeasible..


Feasible point with lower objective function value found, but optimality criteria not satisfied. See output.bestfeasible..


Feasible point with lower objective function value found, but optimality criteria not satisfied. See output.bestfeasible..


Feasible point with lower objective function value found, but optimality criteria not satisfied. See output.bestfeasible..


Solver stopped prematurely.

fmincon stopped because it exceeded the function evaluation limit,
options.MaxFunctionEvaluations = 1.000000e+03.


Solver stopped prematurely.

fmincon stopped because it exceeded the function evaluation limit,
options.MaxFunctionEvaluations = 1.000000e+03.

Iteration 75 completed. Current sample-mean minimum is 2350.798853. New variance estimate is 427.482240.

Feasible point with lower objective function value found, but optimality criteria not satisfied. See output.bestfeasible..


Feasible point with lower objective function value found, but optimality criteria not satisfied. See output.bestfeasible..


Feasible point with lower objective function value found, but optimality criteria not satisfied. See output.bestfeasible..


Feasible point with lower objective function value found, but optimality criteria not satisfied. See output.bestfeasible..


Feasible point with lower objective function value found, but optimality criteria not satisfied. See output.bestfeasible..


Solver stopped prematurely.

fmincon stopped because it exceeded the function evaluation limit,
options.MaxFunctionEvaluations = 1.000000e+03.


Solver stopped prematurely.

fmincon stopped because it exceeded the function evaluation limit,
options.MaxFunctionEvaluations = 1.000000e+03.

Iteration 76 completed. Current sample-mean minimum is 2350.798853. New variance estimate is 425.299370.

Feasible point with lower objective function value found, but optimality criteria not satisfied. See output.bestfeasible..


Feasible point with lower objective function value found, but optimality criteria not satisfied. See output.bestfeasible..


Solver stopped prematurely.

fmincon stopped because it exceeded the function evaluation limit,
options.MaxFunctionEvaluations = 5.000000e+03.


Feasible point with lower objective function value found, but optimality criteria not satisfied. See output.bestfeasible..


Feasible point with lower objective function value found, but optimality criteria not satisfied. See output.bestfeasible..


Feasible point with lower objective function value found, but optimality criteria not satisfied. See output.bestfeasible..


Solver stopped prematurely.

fmincon stopped because it exceeded the function evaluation limit,
options.MaxFunctionEvaluations = 1.000000e+03.

Iteration 77 completed. Current sample-mean minimum is 2350.798853. New variance estimate is 612.430799.

Feasible point with lower objective function value found, but optimality criteria not satisfied. See output.bestfeasible..


Feasible point with lower objective function value found, but optimality criteria not satisfied. See output.bestfeasible..


Feasible point with lower objective function value found, but optimality criteria not satisfied. See output.bestfeasible..


Feasible point with lower objective function value found, but optimality criteria not satisfied. See output.bestfeasible..


Feasible point with lower objective function value found, but optimality criteria not satisfied. See output.bestfeasible..


Feasible point with lower objective function value found, but optimality criteria not satisfied. See output.bestfeasible..


Solver stopped prematurely.

fmincon stopped because it exceeded the function evaluation limit,
options.MaxFunctionEvaluations = 1.000000e+03.

Iteration 78 completed. Current sample-mean minimum is 2350.798853. New variance estimate is 429.941318.

Feasible point with lower objective function value found, but optimality criteria not satisfied. See output.bestfeasible..


Feasible point with lower objective function value found, but optimality criteria not satisfied. See output.bestfeasible..


Feasible point with lower objective function value found, but optimality criteria not satisfied. See output.bestfeasible..


Feasible point with lower objective function value found, but optimality criteria not satisfied. See output.bestfeasible..


Solver stopped prematurely.

fmincon stopped because it exceeded the function evaluation limit,
options.MaxFunctionEvaluations = 1.000000e+03.


Solver stopped prematurely.

fmincon stopped because it exceeded the function evaluation limit,
options.MaxFunctionEvaluations = 1.000000e+03.

Iteration 79 completed. Current sample-mean minimum is 2350.798853. New variance estimate is 425.299227.

Feasible point with lower objective function value found, but optimality criteria not satisfied. See output.bestfeasible..


Feasible point with lower objective function value found, but optimality criteria not satisfied. See output.bestfeasible..


Feasible point with lower objective function value found, but optimality criteria not satisfied. See output.bestfeasible..


Feasible point with lower objective function value found, but optimality criteria not satisfied. See output.bestfeasible..


Feasible point with lower objective function value found, but optimality criteria not satisfied. See output.bestfeasible..


Feasible point with lower objective function value found, but optimality criteria not satisfied. See output.bestfeasible..

Iteration 80 completed. Current sample-mean minimum is 2350.798853. New variance estimate is 425.299287.

Feasible point with lower objective function value found, but optimality criteria not satisfied. See output.bestfeasible..


Feasible point with lower objective function value found, but optimality criteria not satisfied. See output.bestfeasible..


Feasible point with lower objective function value found, but optimality criteria not satisfied. See output.bestfeasible..


Feasible point with lower objective function value found, but optimality criteria not satisfied. See output.bestfeasible..


Feasible point with lower objective function value found, but optimality criteria not satisfied. See output.bestfeasible..


Feasible point with lower objective function value found, but optimality criteria not satisfied. See output.bestfeasible..


Feasible point with lower objective function value found, but optimality criteria not satisfied. See output.bestfeasible..


Feasible point with lower objective function value found, but optimality criteria not satisfied. See output.bestfeasible..


Solver stopped prematurely.

fmincon stopped because it exceeded the function evaluation limit,
options.MaxFunctionEvaluations = 1.000000e+03.


Solver stopped prematurely.

fmincon stopped because it exceeded the function evaluation limit,
options.MaxFunctionEvaluations = 1.000000e+03.

Iteration 81 completed. Current sample-mean minimum is 2350.798853. New variance estimate is 435.340531.

Feasible point with lower objective function value found, but optimality criteria not satisfied. See output.bestfeasible..


Feasible point with lower objective function value found, but optimality criteria not satisfied. See output.bestfeasible..


Feasible point with lower objective function value found, but optimality criteria not satisfied. See output.bestfeasible..


Solver stopped prematurely.

fmincon stopped because it exceeded the function evaluation limit,
options.MaxFunctionEvaluations = 1.000000e+03.


Solver stopped prematurely.

fmincon stopped because it exceeded the function evaluation limit,
options.MaxFunctionEvaluations = 1.000000e+03.

Iteration 82 completed. Current sample-mean minimum is 2350.798853. New variance estimate is 425.299243.

Feasible point with lower objective function value found, but optimality criteria not satisfied. See output.bestfeasible..


Feasible point with lower objective function value found, but optimality criteria not satisfied. See output.bestfeasible..


Feasible point with lower objective function value found, but optimality criteria not satisfied. See output.bestfeasible..


Feasible point with lower objective function value found, but optimality criteria not satisfied. See output.bestfeasible..


Feasible point with lower objective function value found, but optimality criteria not satisfied. See output.bestfeasible..


Feasible point with lower objective function value found, but optimality criteria not satisfied. See output.bestfeasible..


Feasible point with lower objective function value found, but optimality criteria not satisfied. See output.bestfeasible..


Feasible point with lower objective function value found, but optimality criteria not satisfied. See output.bestfeasible..


Solver stopped prematurely.

fmincon stopped because it exceeded the function evaluation limit,
options.MaxFunctionEvaluations = 1.000000e+03.


Solver stopped prematurely.

fmincon stopped because it exceeded the function evaluation limit,
options.MaxFunctionEvaluations = 1.000000e+03.

Iteration 83 completed. Current sample-mean minimum is 2350.798853. New variance estimate is 431.944667.

Feasible point with lower objective function value found, but optimality criteria not satisfied. See output.bestfeasible..


Feasible point with lower objective function value found, but optimality criteria not satisfied. See output.bestfeasible..


Feasible point with lower objective function value found, but optimality criteria not satisfied. See output.bestfeasible..


Feasible point with lower objective function value found, but optimality criteria not satisfied. See output.bestfeasible..


Feasible point with lower objective function value found, but optimality criteria not satisfied. See output.bestfeasible..


Solver stopped prematurely.

fmincon stopped because it exceeded the function evaluation limit,
options.MaxFunctionEvaluations = 1.000000e+03.


Solver stopped prematurely.

fmincon stopped because it exceeded the function evaluation limit,
options.MaxFunctionEvaluations = 1.000000e+03.

Iteration 84 completed. Current sample-mean minimum is 2350.798853. New variance estimate is 425.299242.

Feasible point with lower objective function value found, but optimality criteria not satisfied. See output.bestfeasible..


Feasible point with lower objective function value found, but optimality criteria not satisfied. See output.bestfeasible..


Feasible point with lower objective function value found, but optimality criteria not satisfied. See output.bestfeasible..


Feasible point with lower objective function value found, but optimality criteria not satisfied. See output.bestfeasible..


Feasible point with lower objective function value found, but optimality criteria not satisfied. See output.bestfeasible..


Feasible point with lower objective function value found, but optimality criteria not satisfied. See output.bestfeasible..


Solver stopped prematurely.

fmincon stopped because it exceeded the function evaluation limit,
options.MaxFunctionEvaluations = 1.000000e+03.


Solver stopped prematurely.

fmincon stopped because it exceeded the function evaluation limit,
options.MaxFunctionEvaluations = 1.000000e+03.


Solver stopped prematurely.

fmincon stopped because it exceeded the function evaluation limit,
options.MaxFunctionEvaluations = 1.000000e+03.

Iteration 85 completed. Current sample-mean minimum is 2350.798853. New variance estimate is 489.023060.

Feasible point with lower objective function value found, but optimality criteria not satisfied. See output.bestfeasible..


Feasible point with lower objective function value found, but optimality criteria not satisfied. See output.bestfeasible..


Solver stopped prematurely.

fmincon stopped because it exceeded the function evaluation limit,
options.MaxFunctionEvaluations = 5.000000e+03.


Feasible point with lower objective function value found, but optimality criteria not satisfied. See output.bestfeasible..


Solver stopped prematurely.

fmincon stopped because it exceeded the function evaluation limit,
options.MaxFunctionEvaluations = 5.000000e+03.


Feasible point with lower objective function value found, but optimality criteria not satisfied. See output.bestfeasible..


Feasible point with lower objective function value found, but optimality criteria not satisfied. See output.bestfeasible..


Feasible point with lower objective function value found, but optimality criteria not satisfied. See output.bestfeasible..

[Warning: Matrix is close to singular or badly scaled. Results may be
inaccurate. RCOND =  1.175095e-16.] 
[> In LVGP_fit_noise (line 203)
In bayesian_optimizer (line 57)
In heter_driver (line 41)
] 

Solver stopped prematurely.

fmincon stopped because it exceeded the function evaluation limit,
options.MaxFunctionEvaluations = 1.000000e+03.

Iteration 86 completed. Current sample-mean minimum is 2350.798853. New variance estimate is 425.299346.

Feasible point with lower objective function value found, but optimality criteria not satisfied. See output.bestfeasible..


Feasible point with lower objective function value found, but optimality criteria not satisfied. See output.bestfeasible..


Feasible point with lower objective function value found, but optimality criteria not satisfied. See output.bestfeasible..


Feasible point with lower objective function value found, but optimality criteria not satisfied. See output.bestfeasible..


Feasible point with lower objective function value found, but optimality criteria not satisfied. See output.bestfeasible..


Solver stopped prematurely.

fmincon stopped because it exceeded the function evaluation limit,
options.MaxFunctionEvaluations = 1.000000e+03.


Solver stopped prematurely.

fmincon stopped because it exceeded the function evaluation limit,
options.MaxFunctionEvaluations = 1.000000e+03.

Iteration 87 completed. Current sample-mean minimum is 2350.798853. New variance estimate is 425.299370.

Feasible point with lower objective function value found, but optimality criteria not satisfied. See output.bestfeasible..


Feasible point with lower objective function value found, but optimality criteria not satisfied. See output.bestfeasible..


Feasible point with lower objective function value found, but optimality criteria not satisfied. See output.bestfeasible..


Feasible point with lower objective function value found, but optimality criteria not satisfied. See output.bestfeasible..


Feasible point with lower objective function value found, but optimality criteria not satisfied. See output.bestfeasible..


Feasible point with lower objective function value found, but optimality criteria not satisfied. See output.bestfeasible..


Feasible point with lower objective function value found, but optimality criteria not satisfied. See output.bestfeasible..


Solver stopped prematurely.

fmincon stopped because it exceeded the function evaluation limit,
options.MaxFunctionEvaluations = 1.000000e+03.


Solver stopped prematurely.

fmincon stopped because it exceeded the function evaluation limit,
options.MaxFunctionEvaluations = 1.000000e+03.

Iteration 88 completed. Current sample-mean minimum is 2350.798853. New variance estimate is 425.299269.

Feasible point with lower objective function value found, but optimality criteria not satisfied. See output.bestfeasible..


Feasible point with lower objective function value found, but optimality criteria not satisfied. See output.bestfeasible..


Feasible point with lower objective function value found, but optimality criteria not satisfied. See output.bestfeasible..


Feasible point with lower objective function value found, but optimality criteria not satisfied. See output.bestfeasible..


Feasible point with lower objective function value found, but optimality criteria not satisfied. See output.bestfeasible..


Feasible point with lower objective function value found, but optimality criteria not satisfied. See output.bestfeasible..


Feasible point with lower objective function value found, but optimality criteria not satisfied. See output.bestfeasible..


Solver stopped prematurely.

fmincon stopped because it exceeded the function evaluation limit,
options.MaxFunctionEvaluations = 1.000000e+03.


Solver stopped prematurely.

fmincon stopped because it exceeded the function evaluation limit,
options.MaxFunctionEvaluations = 1.000000e+03.

Iteration 89 completed. Current sample-mean minimum is 2350.798853. New variance estimate is 425.299267.

Feasible point with lower objective function value found, but optimality criteria not satisfied. See output.bestfeasible..


Feasible point with lower objective function value found, but optimality criteria not satisfied. See output.bestfeasible..


Feasible point with lower objective function value found, but optimality criteria not satisfied. See output.bestfeasible..


Feasible point with lower objective function value found, but optimality criteria not satisfied. See output.bestfeasible..


Solver stopped prematurely.

fmincon stopped because it exceeded the function evaluation limit,
options.MaxFunctionEvaluations = 5.000000e+03.


Feasible point with lower objective function value found, but optimality criteria not satisfied. See output.bestfeasible..


Feasible point with lower objective function value found, but optimality criteria not satisfied. See output.bestfeasible..


Feasible point with lower objective function value found, but optimality criteria not satisfied. See output.bestfeasible..


Feasible point with lower objective function value found, but optimality criteria not satisfied. See output.bestfeasible..


Solver stopped prematurely.

fmincon stopped because it exceeded the function evaluation limit,
options.MaxFunctionEvaluations = 1.000000e+03.

Iteration 90 completed. Current sample-mean minimum is 2350.798853. New variance estimate is 425.299271.

Feasible point with lower objective function value found, but optimality criteria not satisfied. See output.bestfeasible..


Feasible point with lower objective function value found, but optimality criteria not satisfied. See output.bestfeasible..


Feasible point with lower objective function value found, but optimality criteria not satisfied. See output.bestfeasible..


Feasible point with lower objective function value found, but optimality criteria not satisfied. See output.bestfeasible..


Solver stopped prematurely.

fmincon stopped because it exceeded the function evaluation limit,
options.MaxFunctionEvaluations = 1.000000e+03.


Solver stopped prematurely.

fmincon stopped because it exceeded the function evaluation limit,
options.MaxFunctionEvaluations = 1.000000e+03.

Iteration 91 completed. Current sample-mean minimum is 2350.798853. New variance estimate is 425.299275.

Feasible point with lower objective function value found, but optimality criteria not satisfied. See output.bestfeasible..


Feasible point with lower objective function value found, but optimality criteria not satisfied. See output.bestfeasible..


Feasible point with lower objective function value found, but optimality criteria not satisfied. See output.bestfeasible..


Feasible point with lower objective function value found, but optimality criteria not satisfied. See output.bestfeasible..


Feasible point with lower objective function value found, but optimality criteria not satisfied. See output.bestfeasible..


Solver stopped prematurely.

fmincon stopped because it exceeded the function evaluation limit,
options.MaxFunctionEvaluations = 1.000000e+03.


Solver stopped prematurely.

fmincon stopped because it exceeded the function evaluation limit,
options.MaxFunctionEvaluations = 1.000000e+03.

Iteration 92 completed. Current sample-mean minimum is 2350.798853. New variance estimate is 425.299283.

Feasible point with lower objective function value found, but optimality criteria not satisfied. See output.bestfeasible..


Feasible point with lower objective function value found, but optimality criteria not satisfied. See output.bestfeasible..


Feasible point with lower objective function value found, but optimality criteria not satisfied. See output.bestfeasible..


Feasible point with lower objective function value found, but optimality criteria not satisfied. See output.bestfeasible..


Feasible point with lower objective function value found, but optimality criteria not satisfied. See output.bestfeasible..


Feasible point with lower objective function value found, but optimality criteria not satisfied. See output.bestfeasible..


Feasible point with lower objective function value found, but optimality criteria not satisfied. See output.bestfeasible..


Solver stopped prematurely.

fmincon stopped because it exceeded the function evaluation limit,
options.MaxFunctionEvaluations = 1.000000e+03.

Iteration 93 completed. Current sample-mean minimum is 2350.798853. New variance estimate is 467.917237.

Feasible point with lower objective function value found, but optimality criteria not satisfied. See output.bestfeasible..


Feasible point with lower objective function value found, but optimality criteria not satisfied. See output.bestfeasible..


Feasible point with lower objective function value found, but optimality criteria not satisfied. See output.bestfeasible..


Feasible point with lower objective function value found, but optimality criteria not satisfied. See output.bestfeasible..


Feasible point with lower objective function value found, but optimality criteria not satisfied. See output.bestfeasible..


Feasible point with lower objective function value found, but optimality criteria not satisfied. See output.bestfeasible..


Feasible point with lower objective function value found, but optimality criteria not satisfied. See output.bestfeasible..


Solver stopped prematurely.

fmincon stopped because it exceeded the function evaluation limit,
options.MaxFunctionEvaluations = 1.000000e+03.


Solver stopped prematurely.

fmincon stopped because it exceeded the function evaluation limit,
options.MaxFunctionEvaluations = 1.000000e+03.

Iteration 94 completed. Current sample-mean minimum is 2350.798853. New variance estimate is 425.317818.

Feasible point with lower objective function value found, but optimality criteria not satisfied. See output.bestfeasible..


Feasible point with lower objective function value found, but optimality criteria not satisfied. See output.bestfeasible..


Feasible point with lower objective function value found, but optimality criteria not satisfied. See output.bestfeasible..


Feasible point with lower objective function value found, but optimality criteria not satisfied. See output.bestfeasible..


Solver stopped prematurely.

fmincon stopped because it exceeded the function evaluation limit,
options.MaxFunctionEvaluations = 1.000000e+03.


Solver stopped prematurely.

fmincon stopped because it exceeded the function evaluation limit,
options.MaxFunctionEvaluations = 1.000000e+03.

Iteration 95 completed. Current sample-mean minimum is 2350.798853. New variance estimate is 425.852111.

Feasible point with lower objective function value found, but optimality criteria not satisfied. See output.bestfeasible..


Feasible point with lower objective function value found, but optimality criteria not satisfied. See output.bestfeasible..


Solver stopped prematurely.

fmincon stopped because it exceeded the function evaluation limit,
options.MaxFunctionEvaluations = 1.000000e+03.


Solver stopped prematurely.

fmincon stopped because it exceeded the function evaluation limit,
options.MaxFunctionEvaluations = 1.000000e+03.


Solver stopped prematurely.

fmincon stopped because it exceeded the function evaluation limit,
options.MaxFunctionEvaluations = 1.000000e+03.

Iteration 96 completed. Current sample-mean minimum is 2350.798853. New variance estimate is 426.876094.

Feasible point with lower objective function value found, but optimality criteria not satisfied. See output.bestfeasible..


Feasible point with lower objective function value found, but optimality criteria not satisfied. See output.bestfeasible..


Feasible point with lower objective function value found, but optimality criteria not satisfied. See output.bestfeasible..


Feasible point with lower objective function value found, but optimality criteria not satisfied. See output.bestfeasible..


Feasible point with lower objective function value found, but optimality criteria not satisfied. See output.bestfeasible..


Solver stopped prematurely.

fmincon stopped because it exceeded the function evaluation limit,
options.MaxFunctionEvaluations = 1.000000e+03.


Solver stopped prematurely.

fmincon stopped because it exceeded the function evaluation limit,
options.MaxFunctionEvaluations = 1.000000e+03.

Iteration 97 completed. Current sample-mean minimum is 2350.798853. New variance estimate is 428.485591.

Feasible point with lower objective function value found, but optimality criteria not satisfied. See output.bestfeasible..


Feasible point with lower objective function value found, but optimality criteria not satisfied. See output.bestfeasible..


Feasible point with lower objective function value found, but optimality criteria not satisfied. See output.bestfeasible..


Feasible point with lower objective function value found, but optimality criteria not satisfied. See output.bestfeasible..


Solver stopped prematurely.

fmincon stopped because it exceeded the function evaluation limit,
options.MaxFunctionEvaluations = 1.000000e+03.


Solver stopped prematurely.

fmincon stopped because it exceeded the function evaluation limit,
options.MaxFunctionEvaluations = 1.000000e+03.

Iteration 98 completed. Current sample-mean minimum is 2350.798853. New variance estimate is 430.962832.

Feasible point with lower objective function value found, but optimality criteria not satisfied. See output.bestfeasible..


Feasible point with lower objective function value found, but optimality criteria not satisfied. See output.bestfeasible..


Feasible point with lower objective function value found, but optimality criteria not satisfied. See output.bestfeasible..


Feasible point with lower objective function value found, but optimality criteria not satisfied. See output.bestfeasible..


Feasible point with lower objective function value found, but optimality criteria not satisfied. See output.bestfeasible..


Solver stopped prematurely.

fmincon stopped because it exceeded the function evaluation limit,
options.MaxFunctionEvaluations = 1.000000e+03.


Solver stopped prematurely.

fmincon stopped because it exceeded the function evaluation limit,
options.MaxFunctionEvaluations = 1.000000e+03.

Iteration 99 completed. Current sample-mean minimum is 2350.798853. New variance estimate is 432.672455.

Feasible point with lower objective function value found, but optimality criteria not satisfied. See output.bestfeasible..


Feasible point with lower objective function value found, but optimality criteria not satisfied. See output.bestfeasible..


Feasible point with lower objective function value found, but optimality criteria not satisfied. See output.bestfeasible..


Feasible point with lower objective function value found, but optimality criteria not satisfied. See output.bestfeasible..


Feasible point with lower objective function value found, but optimality criteria not satisfied. See output.bestfeasible..


Feasible point with lower objective function value found, but optimality criteria not satisfied. See output.bestfeasible..


Solver stopped prematurely.

fmincon stopped because it exceeded the function evaluation limit,
options.MaxFunctionEvaluations = 1.000000e+03.


Solver stopped prematurely.

fmincon stopped because it exceeded the function evaluation limit,
options.MaxFunctionEvaluations = 1.000000e+03.


Solver stopped prematurely.

fmincon stopped because it exceeded the function evaluation limit,
options.MaxFunctionEvaluations = 1.000000e+03.

Iteration 100 completed. Current sample-mean minimum is 2350.798853. New variance estimate is 433.390811.

Feasible point with lower objective function value found, but optimality criteria not satisfied. See output.bestfeasible..


Feasible point with lower objective function value found, but optimality criteria not satisfied. See output.bestfeasible..


Feasible point with lower objective function value found, but optimality criteria not satisfied. See output.bestfeasible..


Feasible point with lower objective function value found, but optimality criteria not satisfied. See output.bestfeasible..


Solver stopped prematurely.

fmincon stopped because it exceeded the function evaluation limit,
options.MaxFunctionEvaluations = 1.000000e+03.

Iteration 101 completed. Current sample-mean minimum is 2350.798853. New variance estimate is 455.543017.

Feasible point with lower objective function value found, but optimality criteria not satisfied. See output.bestfeasible..


Feasible point with lower objective function value found, but optimality criteria not satisfied. See output.bestfeasible..


Feasible point with lower objective function value found, but optimality criteria not satisfied. See output.bestfeasible..


Feasible point with lower objective function value found, but optimality criteria not satisfied. See output.bestfeasible..


Feasible point with lower objective function value found, but optimality criteria not satisfied. See output.bestfeasible..


Feasible point with lower objective function value found, but optimality criteria not satisfied. See output.bestfeasible..


Feasible point with lower objective function value found, but optimality criteria not satisfied. See output.bestfeasible..


Solver stopped prematurely.

fmincon stopped because it exceeded the function evaluation limit,
options.MaxFunctionEvaluations = 1.000000e+03.


Solver stopped prematurely.

fmincon stopped because it exceeded the function evaluation limit,
options.MaxFunctionEvaluations = 1.000000e+03.

Iteration 102 completed. Current sample-mean minimum is 2350.798853. New variance estimate is 435.107512.

Feasible point with lower objective function value found, but optimality criteria not satisfied. See output.bestfeasible..


Feasible point with lower objective function value found, but optimality criteria not satisfied. See output.bestfeasible..


Feasible point with lower objective function value found, but optimality criteria not satisfied. See output.bestfeasible..


Feasible point with lower objective function value found, but optimality criteria not satisfied. See output.bestfeasible..


Feasible point with lower objective function value found, but optimality criteria not satisfied. See output.bestfeasible..


Feasible point with lower objective function value found, but optimality criteria not satisfied. See output.bestfeasible..


Solver stopped prematurely.

fmincon stopped because it exceeded the function evaluation limit,
options.MaxFunctionEvaluations = 1.000000e+03.

Iteration 103 completed. Current sample-mean minimum is 2350.798853. New variance estimate is 452.858722.

Feasible point with lower objective function value found, but optimality criteria not satisfied. See output.bestfeasible..


Feasible point with lower objective function value found, but optimality criteria not satisfied. See output.bestfeasible..


Feasible point with lower objective function value found, but optimality criteria not satisfied. See output.bestfeasible..


Feasible point with lower objective function value found, but optimality criteria not satisfied. See output.bestfeasible..


Feasible point with lower objective function value found, but optimality criteria not satisfied. See output.bestfeasible..


Feasible point with lower objective function value found, but optimality criteria not satisfied. See output.bestfeasible..


Feasible point with lower objective function value found, but optimality criteria not satisfied. See output.bestfeasible..


Solver stopped prematurely.

fmincon stopped because it exceeded the function evaluation limit,
options.MaxFunctionEvaluations = 1.000000e+03.

Iteration 104 completed. Current sample-mean minimum is 2350.798853. New variance estimate is 436.049613.

Feasible point with lower objective function value found, but optimality criteria not satisfied. See output.bestfeasible..


Feasible point with lower objective function value found, but optimality criteria not satisfied. See output.bestfeasible..


Feasible point with lower objective function value found, but optimality criteria not satisfied. See output.bestfeasible..


Feasible point with lower objective function value found, but optimality criteria not satisfied. See output.bestfeasible..


Feasible point with lower objective function value found, but optimality criteria not satisfied. See output.bestfeasible..


Feasible point with lower objective function value found, but optimality criteria not satisfied. See output.bestfeasible..


Solver stopped prematurely.

fmincon stopped because it exceeded the function evaluation limit,
options.MaxFunctionEvaluations = 1.000000e+03.


Solver stopped prematurely.

fmincon stopped because it exceeded the function evaluation limit,
options.MaxFunctionEvaluations = 1.000000e+03.

Iteration 105 completed. Current sample-mean minimum is 2350.798853. New variance estimate is 435.974336.

Feasible point with lower objective function value found, but optimality criteria not satisfied. See output.bestfeasible..


Feasible point with lower objective function value found, but optimality criteria not satisfied. See output.bestfeasible..


Feasible point with lower objective function value found, but optimality criteria not satisfied. See output.bestfeasible..


Feasible point with lower objective function value found, but optimality criteria not satisfied. See output.bestfeasible..


Feasible point with lower objective function value found, but optimality criteria not satisfied. See output.bestfeasible..


Feasible point with lower objective function value found, but optimality criteria not satisfied. See output.bestfeasible..


Solver stopped prematurely.

fmincon stopped because it exceeded the function evaluation limit,
options.MaxFunctionEvaluations = 1.000000e+03.


Solver stopped prematurely.

fmincon stopped because it exceeded the function evaluation limit,
options.MaxFunctionEvaluations = 1.000000e+03.


Solver stopped prematurely.

fmincon stopped because it exceeded the function evaluation limit,
options.MaxFunctionEvaluations = 1.000000e+03.

Iteration 106 completed. Current sample-mean minimum is 2350.798853. New variance estimate is 435.891076.

Feasible point with lower objective function value found, but optimality criteria not satisfied. See output.bestfeasible..


Feasible point with lower objective function value found, but optimality criteria not satisfied. See output.bestfeasible..


Feasible point with lower objective function value found, but optimality criteria not satisfied. See output.bestfeasible..


Feasible point with lower objective function value found, but optimality criteria not satisfied. See output.bestfeasible..


Feasible point with lower objective function value found, but optimality criteria not satisfied. See output.bestfeasible..


Feasible point with lower objective function value found, but optimality criteria not satisfied. See output.bestfeasible..


Feasible point with lower objective function value found, but optimality criteria not satisfied. See output.bestfeasible..


Feasible point with lower objective function value found, but optimality criteria not satisfied. See output.bestfeasible..


Solver stopped prematurely.

fmincon stopped because it exceeded the function evaluation limit,
options.MaxFunctionEvaluations = 1.000000e+03.


Solver stopped prematurely.

fmincon stopped because it exceeded the function evaluation limit,
options.MaxFunctionEvaluations = 1.000000e+03.

Iteration 107 completed. Current sample-mean minimum is 2350.798853. New variance estimate is 435.804508.

Feasible point with lower objective function value found, but optimality criteria not satisfied. See output.bestfeasible..


Feasible point with lower objective function value found, but optimality criteria not satisfied. See output.bestfeasible..


Feasible point with lower objective function value found, but optimality criteria not satisfied. See output.bestfeasible..


Feasible point with lower objective function value found, but optimality criteria not satisfied. See output.bestfeasible..


Feasible point with lower objective function value found, but optimality criteria not satisfied. See output.bestfeasible..


Feasible point with lower objective function value found, but optimality criteria not satisfied. See output.bestfeasible..


Feasible point with lower objective function value found, but optimality criteria not satisfied. See output.bestfeasible..


Solver stopped prematurely.

fmincon stopped because it exceeded the function evaluation limit,
options.MaxFunctionEvaluations = 1.000000e+03.

Iteration 108 completed. Current sample-mean minimum is 2350.798853. New variance estimate is 440.162880.

Feasible point with lower objective function value found, but optimality criteria not satisfied. See output.bestfeasible..


Feasible point with lower objective function value found, but optimality criteria not satisfied. See output.bestfeasible..


Feasible point with lower objective function value found, but optimality criteria not satisfied. See output.bestfeasible..


Feasible point with lower objective function value found, but optimality criteria not satisfied. See output.bestfeasible..


Feasible point with lower objective function value found, but optimality criteria not satisfied. See output.bestfeasible..


Feasible point with lower objective function value found, but optimality criteria not satisfied. See output.bestfeasible..


Feasible point with lower objective function value found, but optimality criteria not satisfied. See output.bestfeasible..


Solver stopped prematurely.

fmincon stopped because it exceeded the function evaluation limit,
options.MaxFunctionEvaluations = 1.000000e+03.

Iteration 109 completed. Current sample-mean minimum is 2350.798853. New variance estimate is 435.722491.

Feasible point with lower objective function value found, but optimality criteria not satisfied. See output.bestfeasible..


Feasible point with lower objective function value found, but optimality criteria not satisfied. See output.bestfeasible..


Feasible point with lower objective function value found, but optimality criteria not satisfied. See output.bestfeasible..


Feasible point with lower objective function value found, but optimality criteria not satisfied. See output.bestfeasible..


Feasible point with lower objective function value found, but optimality criteria not satisfied. See output.bestfeasible..


Feasible point with lower objective function value found, but optimality criteria not satisfied. See output.bestfeasible..


Solver stopped prematurely.

fmincon stopped because it exceeded the function evaluation limit,
options.MaxFunctionEvaluations = 1.000000e+03.


Solver stopped prematurely.

fmincon stopped because it exceeded the function evaluation limit,
options.MaxFunctionEvaluations = 1.000000e+03.

Iteration 110 completed. Current sample-mean minimum is 2350.798853. New variance estimate is 435.647674.

Feasible point with lower objective function value found, but optimality criteria not satisfied. See output.bestfeasible..


Feasible point with lower objective function value found, but optimality criteria not satisfied. See output.bestfeasible..


Feasible point with lower objective function value found, but optimality criteria not satisfied. See output.bestfeasible..


Feasible point with lower objective function value found, but optimality criteria not satisfied. See output.bestfeasible..


Feasible point with lower objective function value found, but optimality criteria not satisfied. See output.bestfeasible..


Feasible point with lower objective function value found, but optimality criteria not satisfied. See output.bestfeasible..


Feasible point with lower objective function value found, but optimality criteria not satisfied. See output.bestfeasible..


Solver stopped prematurely.

fmincon stopped because it exceeded the function evaluation limit,
options.MaxFunctionEvaluations = 1.000000e+03.


Solver stopped prematurely.

fmincon stopped because it exceeded the function evaluation limit,
options.MaxFunctionEvaluations = 1.000000e+03.

Iteration 111 completed. Current sample-mean minimum is 2350.798853. New variance estimate is 444.572253.

Feasible point with lower objective function value found, but optimality criteria not satisfied. See output.bestfeasible..


Feasible point with lower objective function value found, but optimality criteria not satisfied. See output.bestfeasible..


Feasible point with lower objective function value found, but optimality criteria not satisfied. See output.bestfeasible..


Feasible point with lower objective function value found, but optimality criteria not satisfied. See output.bestfeasible..


Feasible point with lower objective function value found, but optimality criteria not satisfied. See output.bestfeasible..


Feasible point with lower objective function value found, but optimality criteria not satisfied. See output.bestfeasible..


Solver stopped prematurely.

fmincon stopped because it exceeded the function evaluation limit,
options.MaxFunctionEvaluations = 1.000000e+03.

Iteration 112 completed. Current sample-mean minimum is 2350.798853. New variance estimate is 436.177959.

Feasible point with lower objective function value found, but optimality criteria not satisfied. See output.bestfeasible..


Feasible point with lower objective function value found, but optimality criteria not satisfied. See output.bestfeasible..


Feasible point with lower objective function value found, but optimality criteria not satisfied. See output.bestfeasible..


Feasible point with lower objective function value found, but optimality criteria not satisfied. See output.bestfeasible..


Feasible point with lower objective function value found, but optimality criteria not satisfied. See output.bestfeasible..


Feasible point with lower objective function value found, but optimality criteria not satisfied. See output.bestfeasible..


Solver stopped prematurely.

fmincon stopped because it exceeded the function evaluation limit,
options.MaxFunctionEvaluations = 1.000000e+03.


Solver stopped prematurely.

fmincon stopped because it exceeded the function evaluation limit,
options.MaxFunctionEvaluations = 1.000000e+03.

Iteration 113 completed. Current sample-mean minimum is 2350.798853. New variance estimate is 436.061203.

Feasible point with lower objective function value found, but optimality criteria not satisfied. See output.bestfeasible..


Feasible point with lower objective function value found, but optimality criteria not satisfied. See output.bestfeasible..


Feasible point with lower objective function value found, but optimality criteria not satisfied. See output.bestfeasible..


Solver stopped prematurely.

fmincon stopped because it exceeded the function evaluation limit,
options.MaxFunctionEvaluations = 1.000000e+03.


Solver stopped prematurely.

fmincon stopped because it exceeded the function evaluation limit,
options.MaxFunctionEvaluations = 1.000000e+03.

Iteration 114 completed. Current sample-mean minimum is 2350.798853. New variance estimate is 435.950985.

Feasible point with lower objective function value found, but optimality criteria not satisfied. See output.bestfeasible..


Feasible point with lower objective function value found, but optimality criteria not satisfied. See output.bestfeasible..


Feasible point with lower objective function value found, but optimality criteria not satisfied. See output.bestfeasible..


Feasible point with lower objective function value found, but optimality criteria not satisfied. See output.bestfeasible..


Feasible point with lower objective function value found, but optimality criteria not satisfied. See output.bestfeasible..


Solver stopped prematurely.

fmincon stopped because it exceeded the function evaluation limit,
options.MaxFunctionEvaluations = 1.000000e+03.


Solver stopped prematurely.

fmincon stopped because it exceeded the function evaluation limit,
options.MaxFunctionEvaluations = 1.000000e+03.

Iteration 115 completed. Current sample-mean minimum is 2350.798853. New variance estimate is 445.396166.

Feasible point with lower objective function value found, but optimality criteria not satisfied. See output.bestfeasible..


Feasible point with lower objective function value found, but optimality criteria not satisfied. See output.bestfeasible..


Feasible point with lower objective function value found, but optimality criteria not satisfied. See output.bestfeasible..


Feasible point with lower objective function value found, but optimality criteria not satisfied. See output.bestfeasible..


Solver stopped prematurely.

fmincon stopped because it exceeded the function evaluation limit,
options.MaxFunctionEvaluations = 5.000000e+03.


Feasible point with lower objective function value found, but optimality criteria not satisfied. See output.bestfeasible..


Feasible point with lower objective function value found, but optimality criteria not satisfied. See output.bestfeasible..


Feasible point with lower objective function value found, but optimality criteria not satisfied. See output.bestfeasible..


Feasible point with lower objective function value found, but optimality criteria not satisfied. See output.bestfeasible..


Solver stopped prematurely.

fmincon stopped because it exceeded the function evaluation limit,
options.MaxFunctionEvaluations = 1.000000e+03.


Solver stopped prematurely.

fmincon stopped because it exceeded the function evaluation limit,
options.MaxFunctionEvaluations = 1.000000e+03.

Iteration 116 completed. Current sample-mean minimum is 2350.798853. New variance estimate is 436.375198.

Feasible point with lower objective function value found, but optimality criteria not satisfied. See output.bestfeasible..


Feasible point with lower objective function value found, but optimality criteria not satisfied. See output.bestfeasible..


Feasible point with lower objective function value found, but optimality criteria not satisfied. See output.bestfeasible..


Feasible point with lower objective function value found, but optimality criteria not satisfied. See output.bestfeasible..


Feasible point with lower objective function value found, but optimality criteria not satisfied. See output.bestfeasible..


Solver stopped prematurely.

fmincon stopped because it exceeded the function evaluation limit,
options.MaxFunctionEvaluations = 1.000000e+03.

Iteration 117 completed. Current sample-mean minimum is 2350.798853. New variance estimate is 446.411839.

Feasible point with lower objective function value found, but optimality criteria not satisfied. See output.bestfeasible..


Feasible point with lower objective function value found, but optimality criteria not satisfied. See output.bestfeasible..


Feasible point with lower objective function value found, but optimality criteria not satisfied. See output.bestfeasible..


Feasible point with lower objective function value found, but optimality criteria not satisfied. See output.bestfeasible..


Feasible point with lower objective function value found, but optimality criteria not satisfied. See output.bestfeasible..


Solver stopped prematurely.

fmincon stopped because it exceeded the function evaluation limit,
options.MaxFunctionEvaluations = 1.000000e+03.


Solver stopped prematurely.

fmincon stopped because it exceeded the function evaluation limit,
options.MaxFunctionEvaluations = 1.000000e+03.

Iteration 118 completed. Current sample-mean minimum is 2350.798853. New variance estimate is 436.690373.

Feasible point with lower objective function value found, but optimality criteria not satisfied. See output.bestfeasible..


Feasible point with lower objective function value found, but optimality criteria not satisfied. See output.bestfeasible..


Feasible point with lower objective function value found, but optimality criteria not satisfied. See output.bestfeasible..


Feasible point with lower objective function value found, but optimality criteria not satisfied. See output.bestfeasible..


Solver stopped prematurely.

fmincon stopped because it exceeded the function evaluation limit,
options.MaxFunctionEvaluations = 1.000000e+03.


Solver stopped prematurely.

fmincon stopped because it exceeded the function evaluation limit,
options.MaxFunctionEvaluations = 1.000000e+03.

Iteration 119 completed. Current sample-mean minimum is 2350.798853. New variance estimate is 447.105818.

Feasible point with lower objective function value found, but optimality criteria not satisfied. See output.bestfeasible..


Feasible point with lower objective function value found, but optimality criteria not satisfied. See output.bestfeasible..


Feasible point with lower objective function value found, but optimality criteria not satisfied. See output.bestfeasible..


Feasible point with lower objective function value found, but optimality criteria not satisfied. See output.bestfeasible..


Solver stopped prematurely.

fmincon stopped because it exceeded the function evaluation limit,
options.MaxFunctionEvaluations = 1.000000e+03.


Solver stopped prematurely.

fmincon stopped because it exceeded the function evaluation limit,
options.MaxFunctionEvaluations = 1.000000e+03.

Iteration 120 completed. Current sample-mean minimum is 2350.798853. New variance estimate is 436.907509.

Feasible point with lower objective function value found, but optimality criteria not satisfied. See output.bestfeasible..


Feasible point with lower objective function value found, but optimality criteria not satisfied. See output.bestfeasible..


Feasible point with lower objective function value found, but optimality criteria not satisfied. See output.bestfeasible..


Feasible point with lower objective function value found, but optimality criteria not satisfied. See output.bestfeasible..


Feasible point with lower objective function value found, but optimality criteria not satisfied. See output.bestfeasible..


Feasible point with lower objective function value found, but optimality criteria not satisfied. See output.bestfeasible..


Solver stopped prematurely.

fmincon stopped because it exceeded the function evaluation limit,
options.MaxFunctionEvaluations = 1.000000e+03.


Solver stopped prematurely.

fmincon stopped because it exceeded the function evaluation limit,
options.MaxFunctionEvaluations = 1.000000e+03.

Iteration 121 completed. Current sample-mean minimum is 2350.798853. New variance estimate is 436.746629.

Feasible point with lower objective function value found, but optimality criteria not satisfied. See output.bestfeasible..


Feasible point with lower objective function value found, but optimality criteria not satisfied. See output.bestfeasible..


Feasible point with lower objective function value found, but optimality criteria not satisfied. See output.bestfeasible..


Feasible point with lower objective function value found, but optimality criteria not satisfied. See output.bestfeasible..


Feasible point with lower objective function value found, but optimality criteria not satisfied. See output.bestfeasible..


Solver stopped prematurely.

fmincon stopped because it exceeded the function evaluation limit,
options.MaxFunctionEvaluations = 1.000000e+03.


Solver stopped prematurely.

fmincon stopped because it exceeded the function evaluation limit,
options.MaxFunctionEvaluations = 1.000000e+03.

Iteration 122 completed. Current sample-mean minimum is 2350.798853. New variance estimate is 436.599286.

Feasible point with lower objective function value found, but optimality criteria not satisfied. See output.bestfeasible..


Feasible point with lower objective function value found, but optimality criteria not satisfied. See output.bestfeasible..


Feasible point with lower objective function value found, but optimality criteria not satisfied. See output.bestfeasible..


Feasible point with lower objective function value found, but optimality criteria not satisfied. See output.bestfeasible..


Feasible point with lower objective function value found, but optimality criteria not satisfied. See output.bestfeasible..


Solver stopped prematurely.

fmincon stopped because it exceeded the function evaluation limit,
options.MaxFunctionEvaluations = 1.000000e+03.

Iteration 123 completed. Current sample-mean minimum is 2350.798853. New variance estimate is 436.464557.

Feasible point with lower objective function value found, but optimality criteria not satisfied. See output.bestfeasible..


Feasible point with lower objective function value found, but optimality criteria not satisfied. See output.bestfeasible..


Feasible point with lower objective function value found, but optimality criteria not satisfied. See output.bestfeasible..


Feasible point with lower objective function value found, but optimality criteria not satisfied. See output.bestfeasible..


Solver stopped prematurely.

fmincon stopped because it exceeded the function evaluation limit,
options.MaxFunctionEvaluations = 1.000000e+03.


Solver stopped prematurely.

fmincon stopped because it exceeded the function evaluation limit,
options.MaxFunctionEvaluations = 1.000000e+03.


Solver stopped prematurely.

fmincon stopped because it exceeded the function evaluation limit,
options.MaxFunctionEvaluations = 1.000000e+03.

Iteration 124 completed. Current sample-mean minimum is 2350.798853. New variance estimate is 436.341100.

Feasible point with lower objective function value found, but optimality criteria not satisfied. See output.bestfeasible..


Feasible point with lower objective function value found, but optimality criteria not satisfied. See output.bestfeasible..


Feasible point with lower objective function value found, but optimality criteria not satisfied. See output.bestfeasible..


Feasible point with lower objective function value found, but optimality criteria not satisfied. See output.bestfeasible..


Feasible point with lower objective function value found, but optimality criteria not satisfied. See output.bestfeasible..


Solver stopped prematurely.

fmincon stopped because it exceeded the function evaluation limit,
options.MaxFunctionEvaluations = 1.000000e+03.


Solver stopped prematurely.

fmincon stopped because it exceeded the function evaluation limit,
options.MaxFunctionEvaluations = 1.000000e+03.

Iteration 125 completed. Current sample-mean minimum is 2350.798853. New variance estimate is 446.335591.

Feasible point with lower objective function value found, but optimality criteria not satisfied. See output.bestfeasible..


Feasible point with lower objective function value found, but optimality criteria not satisfied. See output.bestfeasible..


Feasible point with lower objective function value found, but optimality criteria not satisfied. See output.bestfeasible..


Feasible point with lower objective function value found, but optimality criteria not satisfied. See output.bestfeasible..

Iteration 126 completed. Current sample-mean minimum is 2350.798853. New variance estimate is 436.494345.

Feasible point with lower objective function value found, but optimality criteria not satisfied. See output.bestfeasible..


Feasible point with lower objective function value found, but optimality criteria not satisfied. See output.bestfeasible..


Feasible point with lower objective function value found, but optimality criteria not satisfied. See output.bestfeasible..


Solver stopped prematurely.

fmincon stopped because it exceeded the function evaluation limit,
options.MaxFunctionEvaluations = 5.000000e+03.


Feasible point with lower objective function value found, but optimality criteria not satisfied. See output.bestfeasible..


Solver stopped prematurely.

fmincon stopped because it exceeded the function evaluation limit,
options.MaxFunctionEvaluations = 1.000000e+03.


Solver stopped prematurely.

fmincon stopped because it exceeded the function evaluation limit,
options.MaxFunctionEvaluations = 1.000000e+03.

Iteration 127 completed. Current sample-mean minimum is 2350.798853. New variance estimate is 446.815563.

Feasible point with lower objective function value found, but optimality criteria not satisfied. See output.bestfeasible..


Feasible point with lower objective function value found, but optimality criteria not satisfied. See output.bestfeasible..


Feasible point with lower objective function value found, but optimality criteria not satisfied. See output.bestfeasible..


Feasible point with lower objective function value found, but optimality criteria not satisfied. See output.bestfeasible..


Feasible point with lower objective function value found, but optimality criteria not satisfied. See output.bestfeasible..


Feasible point with lower objective function value found, but optimality criteria not satisfied. See output.bestfeasible..


Feasible point with lower objective function value found, but optimality criteria not satisfied. See output.bestfeasible..


Solver stopped prematurely.

fmincon stopped because it exceeded the function evaluation limit,
options.MaxFunctionEvaluations = 1.000000e+03.


Solver stopped prematurely.

fmincon stopped because it exceeded the function evaluation limit,
options.MaxFunctionEvaluations = 1.000000e+03.

Iteration 128 completed. Current sample-mean minimum is 2350.798853. New variance estimate is 436.597140.

Feasible point with lower objective function value found, but optimality criteria not satisfied. See output.bestfeasible..


Solver stopped prematurely.

fmincon stopped because it exceeded the function evaluation limit,
options.MaxFunctionEvaluations = 1.000000e+03.

Iteration 129 completed. Current sample-mean minimum is 2350.798853. New variance estimate is 436.469057.

Feasible point with lower objective function value found, but optimality criteria not satisfied. See output.bestfeasible..


Feasible point with lower objective function value found, but optimality criteria not satisfied. See output.bestfeasible..


Feasible point with lower objective function value found, but optimality criteria not satisfied. See output.bestfeasible..


Feasible point with lower objective function value found, but optimality criteria not satisfied. See output.bestfeasible..


Solver stopped prematurely.

fmincon stopped because it exceeded the function evaluation limit,
options.MaxFunctionEvaluations = 1.000000e+03.

Iteration 130 completed. Current sample-mean minimum is 2350.798853. New variance estimate is 436.350614.

Feasible point with lower objective function value found, but optimality criteria not satisfied. See output.bestfeasible..


Feasible point with lower objective function value found, but optimality criteria not satisfied. See output.bestfeasible..


Feasible point with lower objective function value found, but optimality criteria not satisfied. See output.bestfeasible..


Feasible point with lower objective function value found, but optimality criteria not satisfied. See output.bestfeasible..


Feasible point with lower objective function value found, but optimality criteria not satisfied. See output.bestfeasible..


Feasible point with lower objective function value found, but optimality criteria not satisfied. See output.bestfeasible..


Feasible point with lower objective function value found, but optimality criteria not satisfied. See output.bestfeasible..


Solver stopped prematurely.

fmincon stopped because it exceeded the function evaluation limit,
options.MaxFunctionEvaluations = 1.000000e+03.


Solver stopped prematurely.

fmincon stopped because it exceeded the function evaluation limit,
options.MaxFunctionEvaluations = 1.000000e+03.

Iteration 131 completed. Current sample-mean minimum is 2350.798853. New variance estimate is 446.586143.

Feasible point with lower objective function value found, but optimality criteria not satisfied. See output.bestfeasible..


Feasible point with lower objective function value found, but optimality criteria not satisfied. See output.bestfeasible..


Feasible point with lower objective function value found, but optimality criteria not satisfied. See output.bestfeasible..


Feasible point with lower objective function value found, but optimality criteria not satisfied. See output.bestfeasible..


Feasible point with lower objective function value found, but optimality criteria not satisfied. See output.bestfeasible..


Feasible point with lower objective function value found, but optimality criteria not satisfied. See output.bestfeasible..


Solver stopped prematurely.

fmincon stopped because it exceeded the function evaluation limit,
options.MaxFunctionEvaluations = 1.000000e+03.


Solver stopped prematurely.

fmincon stopped because it exceeded the function evaluation limit,
options.MaxFunctionEvaluations = 1.000000e+03.

Iteration 132 completed. Current sample-mean minimum is 2350.798853. New variance estimate is 436.415825.

Feasible point with lower objective function value found, but optimality criteria not satisfied. See output.bestfeasible..


Feasible point with lower objective function value found, but optimality criteria not satisfied. See output.bestfeasible..


Feasible point with lower objective function value found, but optimality criteria not satisfied. See output.bestfeasible..


Solver stopped prematurely.

fmincon stopped because it exceeded the function evaluation limit,
options.MaxFunctionEvaluations = 1.000000e+03.


Solver stopped prematurely.

fmincon stopped because it exceeded the function evaluation limit,
options.MaxFunctionEvaluations = 1.000000e+03.

Iteration 133 completed. Current sample-mean minimum is 2350.798853. New variance estimate is 436.307471.

Feasible point with lower objective function value found, but optimality criteria not satisfied. See output.bestfeasible..


Feasible point with lower objective function value found, but optimality criteria not satisfied. See output.bestfeasible..


Feasible point with lower objective function value found, but optimality criteria not satisfied. See output.bestfeasible..


Feasible point with lower objective function value found, but optimality criteria not satisfied. See output.bestfeasible..


Solver stopped prematurely.

fmincon stopped because it exceeded the function evaluation limit,
options.MaxFunctionEvaluations = 1.000000e+03.


Solver stopped prematurely.

fmincon stopped because it exceeded the function evaluation limit,
options.MaxFunctionEvaluations = 1.000000e+03.

Iteration 134 completed. Current sample-mean minimum is 2350.798853. New variance estimate is 446.628082.

Feasible point with lower objective function value found, but optimality criteria not satisfied. See output.bestfeasible..


Feasible point with lower objective function value found, but optimality criteria not satisfied. See output.bestfeasible..


Feasible point with lower objective function value found, but optimality criteria not satisfied. See output.bestfeasible..


Solver stopped prematurely.

fmincon stopped because it exceeded the function evaluation limit,
options.MaxFunctionEvaluations = 1.000000e+03.


Solver stopped prematurely.

fmincon stopped because it exceeded the function evaluation limit,
options.MaxFunctionEvaluations = 1.000000e+03.

Iteration 135 completed. Current sample-mean minimum is 2350.798853. New variance estimate is 436.339651.

Feasible point with lower objective function value found, but optimality criteria not satisfied. See output.bestfeasible..


Feasible point with lower objective function value found, but optimality criteria not satisfied. See output.bestfeasible..


Feasible point with lower objective function value found, but optimality criteria not satisfied. See output.bestfeasible..


Feasible point with lower objective function value found, but optimality criteria not satisfied. See output.bestfeasible..


Solver stopped prematurely.

fmincon stopped because it exceeded the function evaluation limit,
options.MaxFunctionEvaluations = 1.000000e+03.


Solver stopped prematurely.

fmincon stopped because it exceeded the function evaluation limit,
options.MaxFunctionEvaluations = 1.000000e+03.

Iteration 136 completed. Current sample-mean minimum is 2350.798853. New variance estimate is 436.235626.

Feasible point with lower objective function value found, but optimality criteria not satisfied. See output.bestfeasible..


Feasible point with lower objective function value found, but optimality criteria not satisfied. See output.bestfeasible..


Solver stopped prematurely.

fmincon stopped because it exceeded the function evaluation limit,
options.MaxFunctionEvaluations = 5.000000e+03.


Solver stopped prematurely.

fmincon stopped because it exceeded the function evaluation limit,
options.MaxFunctionEvaluations = 1.000000e+03.


Solver stopped prematurely.

fmincon stopped because it exceeded the function evaluation limit,
options.MaxFunctionEvaluations = 1.000000e+03.

Iteration 137 completed. Current sample-mean minimum is 2350.798853. New variance estimate is 436.142822.

Feasible point with lower objective function value found, but optimality criteria not satisfied. See output.bestfeasible..


Feasible point with lower objective function value found, but optimality criteria not satisfied. See output.bestfeasible..


Feasible point with lower objective function value found, but optimality criteria not satisfied. See output.bestfeasible..


Feasible point with lower objective function value found, but optimality criteria not satisfied. See output.bestfeasible..


Solver stopped prematurely.

fmincon stopped because it exceeded the function evaluation limit,
options.MaxFunctionEvaluations = 1.000000e+03.

Iteration 138 completed. Current sample-mean minimum is 2350.798853. New variance estimate is 643.151445.

Feasible point with lower objective function value found, but optimality criteria not satisfied. See output.bestfeasible..


Feasible point with lower objective function value found, but optimality criteria not satisfied. See output.bestfeasible..


Feasible point with lower objective function value found, but optimality criteria not satisfied. See output.bestfeasible..


Solver stopped prematurely.

fmincon stopped because it exceeded the function evaluation limit,
options.MaxFunctionEvaluations = 1.000000e+03.


Solver stopped prematurely.

fmincon stopped because it exceeded the function evaluation limit,
options.MaxFunctionEvaluations = 1.000000e+03.

Iteration 139 completed. Current sample-mean minimum is 2350.798853. New variance estimate is 447.905214.

Feasible point with lower objective function value found, but optimality criteria not satisfied. See output.bestfeasible..


Feasible point with lower objective function value found, but optimality criteria not satisfied. See output.bestfeasible..


Feasible point with lower objective function value found, but optimality criteria not satisfied. See output.bestfeasible..


Solver stopped prematurely.

fmincon stopped because it exceeded the function evaluation limit,
options.MaxFunctionEvaluations = 1.000000e+03.


Solver stopped prematurely.

fmincon stopped because it exceeded the function evaluation limit,
options.MaxFunctionEvaluations = 1.000000e+03.


Solver stopped prematurely.

fmincon stopped because it exceeded the function evaluation limit,
options.MaxFunctionEvaluations = 1.000000e+03.

Iteration 140 completed. Current sample-mean minimum is 2350.798853. New variance estimate is 436.343601.

Feasible point with lower objective function value found, but optimality criteria not satisfied. See output.bestfeasible..


Feasible point with lower objective function value found, but optimality criteria not satisfied. See output.bestfeasible..


Feasible point with lower objective function value found, but optimality criteria not satisfied. See output.bestfeasible..


Solver stopped prematurely.

fmincon stopped because it exceeded the function evaluation limit,
options.MaxFunctionEvaluations = 1.000000e+03.

Iteration 141 completed. Current sample-mean minimum is 2350.798853. New variance estimate is 436.202931.

Feasible point with lower objective function value found, but optimality criteria not satisfied. See output.bestfeasible..


Feasible point with lower objective function value found, but optimality criteria not satisfied. See output.bestfeasible..


Feasible point with lower objective function value found, but optimality criteria not satisfied. See output.bestfeasible..


Feasible point with lower objective function value found, but optimality criteria not satisfied. See output.bestfeasible..


Solver stopped prematurely.

fmincon stopped because it exceeded the function evaluation limit,
options.MaxFunctionEvaluations = 1.000000e+03.


Solver stopped prematurely.

fmincon stopped because it exceeded the function evaluation limit,
options.MaxFunctionEvaluations = 1.000000e+03.

Iteration 142 completed. Current sample-mean minimum is 2350.798853. New variance estimate is 436.057946.

Feasible point with lower objective function value found, but optimality criteria not satisfied. See output.bestfeasible..


Feasible point with lower objective function value found, but optimality criteria not satisfied. See output.bestfeasible..


Feasible point with lower objective function value found, but optimality criteria not satisfied. See output.bestfeasible..


Feasible point with lower objective function value found, but optimality criteria not satisfied. See output.bestfeasible..


Solver stopped prematurely.

fmincon stopped because it exceeded the function evaluation limit,
options.MaxFunctionEvaluations = 1.000000e+03.


Solver stopped prematurely.

fmincon stopped because it exceeded the function evaluation limit,
options.MaxFunctionEvaluations = 1.000000e+03.

Iteration 143 completed. Current sample-mean minimum is 2350.798853. New variance estimate is 435.926560.

Feasible point with lower objective function value found, but optimality criteria not satisfied. See output.bestfeasible..


Feasible point with lower objective function value found, but optimality criteria not satisfied. See output.bestfeasible..


Feasible point with lower objective function value found, but optimality criteria not satisfied. See output.bestfeasible..


Solver stopped prematurely.

fmincon stopped because it exceeded the function evaluation limit,
options.MaxFunctionEvaluations = 1.000000e+03.


Solver stopped prematurely.

fmincon stopped because it exceeded the function evaluation limit,
options.MaxFunctionEvaluations = 1.000000e+03.

Iteration 144 completed. Current sample-mean minimum is 2350.798853. New variance estimate is 435.809728.

Feasible point with lower objective function value found, but optimality criteria not satisfied. See output.bestfeasible..


Feasible point with lower objective function value found, but optimality criteria not satisfied. See output.bestfeasible..


Feasible point with lower objective function value found, but optimality criteria not satisfied. See output.bestfeasible..


Solver stopped prematurely.

fmincon stopped because it exceeded the function evaluation limit,
options.MaxFunctionEvaluations = 1.000000e+03.


Solver stopped prematurely.

fmincon stopped because it exceeded the function evaluation limit,
options.MaxFunctionEvaluations = 1.000000e+03.

Iteration 145 completed. Current sample-mean minimum is 2350.798853. New variance estimate is 435.690794.

Feasible point with lower objective function value found, but optimality criteria not satisfied. See output.bestfeasible..


Feasible point with lower objective function value found, but optimality criteria not satisfied. See output.bestfeasible..


Solver stopped prematurely.

fmincon stopped because it exceeded the function evaluation limit,
options.MaxFunctionEvaluations = 5.000000e+03.


Feasible point with lower objective function value found, but optimality criteria not satisfied. See output.bestfeasible..


Solver stopped prematurely.

fmincon stopped because it exceeded the function evaluation limit,
options.MaxFunctionEvaluations = 1.000000e+03.


Solver stopped prematurely.

fmincon stopped because it exceeded the function evaluation limit,
options.MaxFunctionEvaluations = 1.000000e+03.

Iteration 146 completed. Current sample-mean minimum is 2350.798853. New variance estimate is 435.590427.

Feasible point with lower objective function value found, but optimality criteria not satisfied. See output.bestfeasible..


Feasible point with lower objective function value found, but optimality criteria not satisfied. See output.bestfeasible..


Solver stopped prematurely.

fmincon stopped because it exceeded the function evaluation limit,
options.MaxFunctionEvaluations = 1.000000e+03.


Solver stopped prematurely.

fmincon stopped because it exceeded the function evaluation limit,
options.MaxFunctionEvaluations = 1.000000e+03.

Iteration 147 completed. Current sample-mean minimum is 2350.798853. New variance estimate is 435.487866.

Feasible point with lower objective function value found, but optimality criteria not satisfied. See output.bestfeasible..


Feasible point with lower objective function value found, but optimality criteria not satisfied. See output.bestfeasible..


Feasible point with lower objective function value found, but optimality criteria not satisfied. See output.bestfeasible..


Feasible point with lower objective function value found, but optimality criteria not satisfied. See output.bestfeasible..


Feasible point with lower objective function value found, but optimality criteria not satisfied. See output.bestfeasible..


Feasible point with lower objective function value found, but optimality criteria not satisfied. See output.bestfeasible..


Solver stopped prematurely.

fmincon stopped because it exceeded the function evaluation limit,
options.MaxFunctionEvaluations = 1.000000e+03.

Iteration 148 completed. Current sample-mean minimum is 2350.798853. New variance estimate is 447.266522.

Feasible point with lower objective function value found, but optimality criteria not satisfied. See output.bestfeasible..


Feasible point with lower objective function value found, but optimality criteria not satisfied. See output.bestfeasible..


Solver stopped prematurely.

fmincon stopped because it exceeded the function evaluation limit,
options.MaxFunctionEvaluations = 5.000000e+03.


Solver stopped prematurely.

fmincon stopped because it exceeded the function evaluation limit,
options.MaxFunctionEvaluations = 1.000000e+03.

Iteration 149 completed. Current sample-mean minimum is 2350.798853. New variance estimate is 435.496794.

Feasible point with lower objective function value found, but optimality criteria not satisfied. See output.bestfeasible..


Feasible point with lower objective function value found, but optimality criteria not satisfied. See output.bestfeasible..


Feasible point with lower objective function value found, but optimality criteria not satisfied. See output.bestfeasible..


Feasible point with lower objective function value found, but optimality criteria not satisfied. See output.bestfeasible..


Solver stopped prematurely.

fmincon stopped because it exceeded the function evaluation limit,
options.MaxFunctionEvaluations = 1.000000e+03.


Solver stopped prematurely.

fmincon stopped because it exceeded the function evaluation limit,
options.MaxFunctionEvaluations = 1.000000e+03.

Iteration 150 completed. Current sample-mean minimum is 2350.798853. New variance estimate is 435.402420.

Feasible point with lower objective function value found, but optimality criteria not satisfied. See output.bestfeasible..


Feasible point with lower objective function value found, but optimality criteria not satisfied. See output.bestfeasible..


Feasible point with lower objective function value found, but optimality criteria not satisfied. See output.bestfeasible..


Solver stopped prematurely.

fmincon stopped because it exceeded the function evaluation limit,
options.MaxFunctionEvaluations = 1.000000e+03.


Solver stopped prematurely.

fmincon stopped because it exceeded the function evaluation limit,
options.MaxFunctionEvaluations = 1.000000e+03.

Iteration 151 completed. Current sample-mean minimum is 2350.798853. New variance estimate is 435.319781.

Feasible point with lower objective function value found, but optimality criteria not satisfied. See output.bestfeasible..


Feasible point with lower objective function value found, but optimality criteria not satisfied. See output.bestfeasible..


Feasible point with lower objective function value found, but optimality criteria not satisfied. See output.bestfeasible..


Feasible point with lower objective function value found, but optimality criteria not satisfied. See output.bestfeasible..


Feasible point with lower objective function value found, but optimality criteria not satisfied. See output.bestfeasible..


Solver stopped prematurely.

fmincon stopped because it exceeded the function evaluation limit,
options.MaxFunctionEvaluations = 1.000000e+03.


Solver stopped prematurely.

fmincon stopped because it exceeded the function evaluation limit,
options.MaxFunctionEvaluations = 1.000000e+03.

Iteration 152 completed. Current sample-mean minimum is 2350.798853. New variance estimate is 435.238006.

Feasible point with lower objective function value found, but optimality criteria not satisfied. See output.bestfeasible..

Iteration 153 completed. Current sample-mean minimum is 2350.798853. New variance estimate is 445.317032.

Feasible point with lower objective function value found, but optimality criteria not satisfied. See output.bestfeasible..


Feasible point with lower objective function value found, but optimality criteria not satisfied. See output.bestfeasible..


Feasible point with lower objective function value found, but optimality criteria not satisfied. See output.bestfeasible..


Feasible point with lower objective function value found, but optimality criteria not satisfied. See output.bestfeasible..


Feasible point with lower objective function value found, but optimality criteria not satisfied. See output.bestfeasible..


Solver stopped prematurely.

fmincon stopped because it exceeded the function evaluation limit,
options.MaxFunctionEvaluations = 1.000000e+03.


Solver stopped prematurely.

fmincon stopped because it exceeded the function evaluation limit,
options.MaxFunctionEvaluations = 1.000000e+03.

Iteration 154 completed. Current sample-mean minimum is 2350.798853. New variance estimate is 435.473745.

Feasible point with lower objective function value found, but optimality criteria not satisfied. See output.bestfeasible..


Feasible point with lower objective function value found, but optimality criteria not satisfied. See output.bestfeasible..


Feasible point with lower objective function value found, but optimality criteria not satisfied. See output.bestfeasible..


Feasible point with lower objective function value found, but optimality criteria not satisfied. See output.bestfeasible..


Feasible point with lower objective function value found, but optimality criteria not satisfied. See output.bestfeasible..

Iteration 155 completed. Current sample-mean minimum is 2350.798853. New variance estimate is 427.030229.

Feasible point with lower objective function value found, but optimality criteria not satisfied. See output.bestfeasible..


Feasible point with lower objective function value found, but optimality criteria not satisfied. See output.bestfeasible..


Feasible point with lower objective function value found, but optimality criteria not satisfied. See output.bestfeasible..


Solver stopped prematurely.

fmincon stopped because it exceeded the function evaluation limit,
options.MaxFunctionEvaluations = 1.000000e+03.


Solver stopped prematurely.

fmincon stopped because it exceeded the function evaluation limit,
options.MaxFunctionEvaluations = 1.000000e+03.

Iteration 156 completed. Current sample-mean minimum is 2350.798853. New variance estimate is 446.680915.

Feasible point with lower objective function value found, but optimality criteria not satisfied. See output.bestfeasible..


Feasible point with lower objective function value found, but optimality criteria not satisfied. See output.bestfeasible..


Feasible point with lower objective function value found, but optimality criteria not satisfied. See output.bestfeasible..


Feasible point with lower objective function value found, but optimality criteria not satisfied. See output.bestfeasible..


Solver stopped prematurely.

fmincon stopped because it exceeded the function evaluation limit,
options.MaxFunctionEvaluations = 1.000000e+03.


Solver stopped prematurely.

fmincon stopped because it exceeded the function evaluation limit,
options.MaxFunctionEvaluations = 1.000000e+03.

Iteration 157 completed. Current sample-mean minimum is 2350.798853. New variance estimate is 445.545112.

Feasible point with lower objective function value found, but optimality criteria not satisfied. See output.bestfeasible..


Feasible point with lower objective function value found, but optimality criteria not satisfied. See output.bestfeasible..


Feasible point with lower objective function value found, but optimality criteria not satisfied. See output.bestfeasible..


Feasible point with lower objective function value found, but optimality criteria not satisfied. See output.bestfeasible..


Solver stopped prematurely.

fmincon stopped because it exceeded the function evaluation limit,
options.MaxFunctionEvaluations = 1.000000e+03.


Solver stopped prematurely.

fmincon stopped because it exceeded the function evaluation limit,
options.MaxFunctionEvaluations = 1.000000e+03.

Iteration 158 completed. Current sample-mean minimum is 2350.798853. New variance estimate is 434.176970.

Feasible point with lower objective function value found, but optimality criteria not satisfied. See output.bestfeasible..


Feasible point with lower objective function value found, but optimality criteria not satisfied. See output.bestfeasible..


Feasible point with lower objective function value found, but optimality criteria not satisfied. See output.bestfeasible..


Feasible point with lower objective function value found, but optimality criteria not satisfied. See output.bestfeasible..


Solver stopped prematurely.

fmincon stopped because it exceeded the function evaluation limit,
options.MaxFunctionEvaluations = 1.000000e+03.


Solver stopped prematurely.

fmincon stopped because it exceeded the function evaluation limit,
options.MaxFunctionEvaluations = 1.000000e+03.

Iteration 159 completed. Current sample-mean minimum is 2350.798853. New variance estimate is 444.592648.

Feasible point with lower objective function value found, but optimality criteria not satisfied. See output.bestfeasible..


Feasible point with lower objective function value found, but optimality criteria not satisfied. See output.bestfeasible..


Solver stopped prematurely.

fmincon stopped because it exceeded the function evaluation limit,
options.MaxFunctionEvaluations = 1.000000e+03.

Iteration 160 completed. Current sample-mean minimum is 2350.798853. New variance estimate is 433.862676.

Feasible point with lower objective function value found, but optimality criteria not satisfied. See output.bestfeasible..


Feasible point with lower objective function value found, but optimality criteria not satisfied. See output.bestfeasible..


Feasible point with lower objective function value found, but optimality criteria not satisfied. See output.bestfeasible..


Solver stopped prematurely.

fmincon stopped because it exceeded the function evaluation limit,
options.MaxFunctionEvaluations = 1.000000e+03.

Iteration 161 completed. Current sample-mean minimum is 2350.798853. New variance estimate is 425.299181.

Feasible point with lower objective function value found, but optimality criteria not satisfied. See output.bestfeasible..


Feasible point with lower objective function value found, but optimality criteria not satisfied. See output.bestfeasible..


Feasible point with lower objective function value found, but optimality criteria not satisfied. See output.bestfeasible..


Solver stopped prematurely.

fmincon stopped because it exceeded the function evaluation limit,
options.MaxFunctionEvaluations = 1.000000e+03.


Solver stopped prematurely.

fmincon stopped because it exceeded the function evaluation limit,
options.MaxFunctionEvaluations = 1.000000e+03.

Iteration 162 completed. Current sample-mean minimum is 2350.798853. New variance estimate is 442.048114.

Feasible point with lower objective function value found, but optimality criteria not satisfied. See output.bestfeasible..


Feasible point with lower objective function value found, but optimality criteria not satisfied. See output.bestfeasible..


Feasible point with lower objective function value found, but optimality criteria not satisfied. See output.bestfeasible..


Solver stopped prematurely.

fmincon stopped because it exceeded the function evaluation limit,
options.MaxFunctionEvaluations = 1.000000e+03.


Solver stopped prematurely.

fmincon stopped because it exceeded the function evaluation limit,
options.MaxFunctionEvaluations = 1.000000e+03.

Iteration 163 completed. Current sample-mean minimum is 2350.798853. New variance estimate is 441.564519.

Feasible point with lower objective function value found, but optimality criteria not satisfied. See output.bestfeasible..


Feasible point with lower objective function value found, but optimality criteria not satisfied. See output.bestfeasible..


Solver stopped prematurely.

fmincon stopped because it exceeded the function evaluation limit,
options.MaxFunctionEvaluations = 1.000000e+03.


Solver stopped prematurely.

fmincon stopped because it exceeded the function evaluation limit,
options.MaxFunctionEvaluations = 1.000000e+03.

Iteration 164 completed. Current sample-mean minimum is 2350.798853. New variance estimate is 431.512298.

Feasible point with lower objective function value found, but optimality criteria not satisfied. See output.bestfeasible..


Feasible point with lower objective function value found, but optimality criteria not satisfied. See output.bestfeasible..


Feasible point with lower objective function value found, but optimality criteria not satisfied. See output.bestfeasible..


Solver stopped prematurely.

fmincon stopped because it exceeded the function evaluation limit,
options.MaxFunctionEvaluations = 1.000000e+03.


Solver stopped prematurely.

fmincon stopped because it exceeded the function evaluation limit,
options.MaxFunctionEvaluations = 1.000000e+03.

Iteration 165 completed. Current sample-mean minimum is 2350.798853. New variance estimate is 431.480742.

Feasible point with lower objective function value found, but optimality criteria not satisfied. See output.bestfeasible..


Feasible point with lower objective function value found, but optimality criteria not satisfied. See output.bestfeasible..


Feasible point with lower objective function value found, but optimality criteria not satisfied. See output.bestfeasible..


Feasible point with lower objective function value found, but optimality criteria not satisfied. See output.bestfeasible..


Solver stopped prematurely.

fmincon stopped because it exceeded the function evaluation limit,
options.MaxFunctionEvaluations = 1.000000e+03.


Solver stopped prematurely.

fmincon stopped because it exceeded the function evaluation limit,
options.MaxFunctionEvaluations = 1.000000e+03.

Iteration 166 completed. Current sample-mean minimum is 2350.798853. New variance estimate is 440.939001.

Feasible point with lower objective function value found, but optimality criteria not satisfied. See output.bestfeasible..


Solver stopped prematurely.

fmincon stopped because it exceeded the function evaluation limit,
options.MaxFunctionEvaluations = 5.000000e+03.


Solver stopped prematurely.

fmincon stopped because it exceeded the function evaluation limit,
options.MaxFunctionEvaluations = 1.000000e+03.


Solver stopped prematurely.

fmincon stopped because it exceeded the function evaluation limit,
options.MaxFunctionEvaluations = 1.000000e+03.

Iteration 167 completed. Current sample-mean minimum is 2350.798853. New variance estimate is 431.434644.

Feasible point with lower objective function value found, but optimality criteria not satisfied. See output.bestfeasible..


Feasible point with lower objective function value found, but optimality criteria not satisfied. See output.bestfeasible..


Feasible point with lower objective function value found, but optimality criteria not satisfied. See output.bestfeasible..


Feasible point with lower objective function value found, but optimality criteria not satisfied. See output.bestfeasible..


Solver stopped prematurely.

fmincon stopped because it exceeded the function evaluation limit,
options.MaxFunctionEvaluations = 1.000000e+03.

Iteration 168 completed. Current sample-mean minimum is 2350.798853. New variance estimate is 440.466932.

Feasible point with lower objective function value found, but optimality criteria not satisfied. See output.bestfeasible..


Solver stopped prematurely.

fmincon stopped because it exceeded the function evaluation limit,
options.MaxFunctionEvaluations = 1.000000e+03.

Iteration 169 completed. Current sample-mean minimum is 2350.798853. New variance estimate is 440.125100.

Feasible point with lower objective function value found, but optimality criteria not satisfied. See output.bestfeasible..


Feasible point with lower objective function value found, but optimality criteria not satisfied. See output.bestfeasible..


Feasible point with lower objective function value found, but optimality criteria not satisfied. See output.bestfeasible..


Feasible point with lower objective function value found, but optimality criteria not satisfied. See output.bestfeasible..


Feasible point with lower objective function value found, but optimality criteria not satisfied. See output.bestfeasible..


Solver stopped prematurely.

fmincon stopped because it exceeded the function evaluation limit,
options.MaxFunctionEvaluations = 1.000000e+03.

Iteration 170 completed. Current sample-mean minimum is 2350.798853. New variance estimate is 431.373727.

Feasible point with lower objective function value found, but optimality criteria not satisfied. See output.bestfeasible..


Feasible point with lower objective function value found, but optimality criteria not satisfied. See output.bestfeasible..


Feasible point with lower objective function value found, but optimality criteria not satisfied. See output.bestfeasible..


Solver stopped prematurely.

fmincon stopped because it exceeded the function evaluation limit,
options.MaxFunctionEvaluations = 1.000000e+03.

Iteration 171 completed. Current sample-mean minimum is 2350.798853. New variance estimate is 431.360841.

Feasible point with lower objective function value found, but optimality criteria not satisfied. See output.bestfeasible..


Feasible point with lower objective function value found, but optimality criteria not satisfied. See output.bestfeasible..


Feasible point with lower objective function value found, but optimality criteria not satisfied. See output.bestfeasible..


Solver stopped prematurely.

fmincon stopped because it exceeded the function evaluation limit,
options.MaxFunctionEvaluations = 1.000000e+03.

Iteration 172 completed. Current sample-mean minimum is 2350.798853. New variance estimate is 439.615562.

Feasible point with lower objective function value found, but optimality criteria not satisfied. See output.bestfeasible..


Feasible point with lower objective function value found, but optimality criteria not satisfied. See output.bestfeasible..


Solver stopped prematurely.

fmincon stopped because it exceeded the function evaluation limit,
options.MaxFunctionEvaluations = 1.000000e+03.


Solver stopped prematurely.

fmincon stopped because it exceeded the function evaluation limit,
options.MaxFunctionEvaluations = 1.000000e+03.

Iteration 173 completed. Current sample-mean minimum is 2350.798853. New variance estimate is 439.354125.

Feasible point with lower objective function value found, but optimality criteria not satisfied. See output.bestfeasible..


Feasible point with lower objective function value found, but optimality criteria not satisfied. See output.bestfeasible..


Feasible point with lower objective function value found, but optimality criteria not satisfied. See output.bestfeasible..


Solver stopped prematurely.

fmincon stopped because it exceeded the function evaluation limit,
options.MaxFunctionEvaluations = 1.000000e+03.


Solver stopped prematurely.

fmincon stopped because it exceeded the function evaluation limit,
options.MaxFunctionEvaluations = 1.000000e+03.

Iteration 174 completed. Current sample-mean minimum is 2350.798853. New variance estimate is 439.098608.

Feasible point with lower objective function value found, but optimality criteria not satisfied. See output.bestfeasible..


Feasible point with lower objective function value found, but optimality criteria not satisfied. See output.bestfeasible..


Feasible point with lower objective function value found, but optimality criteria not satisfied. See output.bestfeasible..


Solver stopped prematurely.

fmincon stopped because it exceeded the function evaluation limit,
options.MaxFunctionEvaluations = 1.000000e+03.


Solver stopped prematurely.

fmincon stopped because it exceeded the function evaluation limit,
options.MaxFunctionEvaluations = 1.000000e+03.

Iteration 175 completed. Current sample-mean minimum is 2350.798853. New variance estimate is 438.896155.

Feasible point with lower objective function value found, but optimality criteria not satisfied. See output.bestfeasible..


Feasible point with lower objective function value found, but optimality criteria not satisfied. See output.bestfeasible..


Solver stopped prematurely.

fmincon stopped because it exceeded the function evaluation limit,
options.MaxFunctionEvaluations = 1.000000e+03.

Iteration 176 completed. Current sample-mean minimum is 2350.798853. New variance estimate is 431.292307.

Feasible point with lower objective function value found, but optimality criteria not satisfied. See output.bestfeasible..


Feasible point with lower objective function value found, but optimality criteria not satisfied. See output.bestfeasible..


Feasible point with lower objective function value found, but optimality criteria not satisfied. See output.bestfeasible..


Feasible point with lower objective function value found, but optimality criteria not satisfied. See output.bestfeasible..


Solver stopped prematurely.

fmincon stopped because it exceeded the function evaluation limit,
options.MaxFunctionEvaluations = 1.000000e+03.

Iteration 177 completed. Current sample-mean minimum is 2350.798853. New variance estimate is 431.278432.

Feasible point with lower objective function value found, but optimality criteria not satisfied. See output.bestfeasible..


Feasible point with lower objective function value found, but optimality criteria not satisfied. See output.bestfeasible..


Solver stopped prematurely.

fmincon stopped because it exceeded the function evaluation limit,
options.MaxFunctionEvaluations = 1.000000e+03.

Iteration 178 completed. Current sample-mean minimum is 2350.798853. New variance estimate is 431.249239.

Feasible point with lower objective function value found, but optimality criteria not satisfied. See output.bestfeasible..


Feasible point with lower objective function value found, but optimality criteria not satisfied. See output.bestfeasible..


Solver stopped prematurely.

fmincon stopped because it exceeded the function evaluation limit,
options.MaxFunctionEvaluations = 1.000000e+03.


Solver stopped prematurely.

fmincon stopped because it exceeded the function evaluation limit,
options.MaxFunctionEvaluations = 1.000000e+03.

Iteration 179 completed. Current sample-mean minimum is 2350.798853. New variance estimate is 431.234247.

Feasible point with lower objective function value found, but optimality criteria not satisfied. See output.bestfeasible..


Feasible point with lower objective function value found, but optimality criteria not satisfied. See output.bestfeasible..


Feasible point with lower objective function value found, but optimality criteria not satisfied. See output.bestfeasible..


Solver stopped prematurely.

fmincon stopped because it exceeded the function evaluation limit,
options.MaxFunctionEvaluations = 1.000000e+03.


Solver stopped prematurely.

fmincon stopped because it exceeded the function evaluation limit,
options.MaxFunctionEvaluations = 1.000000e+03.

Iteration 180 completed. Current sample-mean minimum is 2350.798853. New variance estimate is 438.135010.

Feasible point with lower objective function value found, but optimality criteria not satisfied. See output.bestfeasible..


Feasible point with lower objective function value found, but optimality criteria not satisfied. See output.bestfeasible..


Feasible point with lower objective function value found, but optimality criteria not satisfied. See output.bestfeasible..


Feasible point with lower objective function value found, but optimality criteria not satisfied. See output.bestfeasible..

Iteration 181 completed. Current sample-mean minimum is 2350.798853. New variance estimate is 433.126733.

Feasible point with lower objective function value found, but optimality criteria not satisfied. See output.bestfeasible..


Feasible point with lower objective function value found, but optimality criteria not satisfied. See output.bestfeasible..


Feasible point with lower objective function value found, but optimality criteria not satisfied. See output.bestfeasible..


Feasible point with lower objective function value found, but optimality criteria not satisfied. See output.bestfeasible..


Feasible point with lower objective function value found, but optimality criteria not satisfied. See output.bestfeasible..


Solver stopped prematurely.

fmincon stopped because it exceeded the function evaluation limit,
options.MaxFunctionEvaluations = 1.000000e+03.


Solver stopped prematurely.

fmincon stopped because it exceeded the function evaluation limit,
options.MaxFunctionEvaluations = 1.000000e+03.

Iteration 182 completed. Current sample-mean minimum is 2350.798853. New variance estimate is 430.989070.

Feasible point with lower objective function value found, but optimality criteria not satisfied. See output.bestfeasible..


Feasible point with lower objective function value found, but optimality criteria not satisfied. See output.bestfeasible..


Feasible point with lower objective function value found, but optimality criteria not satisfied. See output.bestfeasible..


Feasible point with lower objective function value found, but optimality criteria not satisfied. See output.bestfeasible..


Feasible point with lower objective function value found, but optimality criteria not satisfied. See output.bestfeasible..


Feasible point with lower objective function value found, but optimality criteria not satisfied. See output.bestfeasible..


Solver stopped prematurely.

fmincon stopped because it exceeded the function evaluation limit,
options.MaxFunctionEvaluations = 1.000000e+03.

Iteration 183 completed. Current sample-mean minimum is 2350.798853. New variance estimate is 430.905975.

Feasible point with lower objective function value found, but optimality criteria not satisfied. See output.bestfeasible..


Feasible point with lower objective function value found, but optimality criteria not satisfied. See output.bestfeasible..


Feasible point with lower objective function value found, but optimality criteria not satisfied. See output.bestfeasible..


Feasible point with lower objective function value found, but optimality criteria not satisfied. See output.bestfeasible..


Solver stopped prematurely.

fmincon stopped because it exceeded the function evaluation limit,
options.MaxFunctionEvaluations = 1.000000e+03.


Solver stopped prematurely.

fmincon stopped because it exceeded the function evaluation limit,
options.MaxFunctionEvaluations = 1.000000e+03.

Iteration 184 completed. Current sample-mean minimum is 2350.798853. New variance estimate is 430.783251.

Feasible point with lower objective function value found, but optimality criteria not satisfied. See output.bestfeasible..


Solver stopped prematurely.

fmincon stopped because it exceeded the function evaluation limit,
options.MaxFunctionEvaluations = 1.000000e+03.

Iteration 185 completed. Current sample-mean minimum is 2350.798853. New variance estimate is 430.747231.

Feasible point with lower objective function value found, but optimality criteria not satisfied. See output.bestfeasible..


Feasible point with lower objective function value found, but optimality criteria not satisfied. See output.bestfeasible..


Solver stopped prematurely.

fmincon stopped because it exceeded the function evaluation limit,
options.MaxFunctionEvaluations = 1.000000e+03.

Iteration 186 completed. Current sample-mean minimum is 2350.798853. New variance estimate is 430.298622.

Feasible point with lower objective function value found, but optimality criteria not satisfied. See output.bestfeasible..


Feasible point with lower objective function value found, but optimality criteria not satisfied. See output.bestfeasible..


Solver stopped prematurely.

fmincon stopped because it exceeded the function evaluation limit,
options.MaxFunctionEvaluations = 1.000000e+03.

Iteration 187 completed. Current sample-mean minimum is 2350.798853. New variance estimate is 430.487419.

Feasible point with lower objective function value found, but optimality criteria not satisfied. See output.bestfeasible..


Feasible point with lower objective function value found, but optimality criteria not satisfied. See output.bestfeasible..


Feasible point with lower objective function value found, but optimality criteria not satisfied. See output.bestfeasible..


Feasible point with lower objective function value found, but optimality criteria not satisfied. See output.bestfeasible..


Solver stopped prematurely.

fmincon stopped because it exceeded the function evaluation limit,
options.MaxFunctionEvaluations = 1.000000e+03.


Solver stopped prematurely.

fmincon stopped because it exceeded the function evaluation limit,
options.MaxFunctionEvaluations = 1.000000e+03.

Iteration 188 completed. Current sample-mean minimum is 2350.798853. New variance estimate is 431.444775.

Feasible point with lower objective function value found, but optimality criteria not satisfied. See output.bestfeasible..


Feasible point with lower objective function value found, but optimality criteria not satisfied. See output.bestfeasible..


Feasible point with lower objective function value found, but optimality criteria not satisfied. See output.bestfeasible..


Solver stopped prematurely.

fmincon stopped because it exceeded the function evaluation limit,
options.MaxFunctionEvaluations = 1.000000e+03.


Solver stopped prematurely.

fmincon stopped because it exceeded the function evaluation limit,
options.MaxFunctionEvaluations = 1.000000e+03.


Solver stopped prematurely.

fmincon stopped because it exceeded the function evaluation limit,
options.MaxFunctionEvaluations = 1.000000e+03.

Iteration 189 completed. Current sample-mean minimum is 2350.798853. New variance estimate is 426.632676.

Feasible point with lower objective function value found, but optimality criteria not satisfied. See output.bestfeasible..


Feasible point with lower objective function value found, but optimality criteria not satisfied. See output.bestfeasible..


Feasible point with lower objective function value found, but optimality criteria not satisfied. See output.bestfeasible..


Feasible point with lower objective function value found, but optimality criteria not satisfied. See output.bestfeasible..


Solver stopped prematurely.

fmincon stopped because it exceeded the function evaluation limit,
options.MaxFunctionEvaluations = 1.000000e+03.


Solver stopped prematurely.

fmincon stopped because it exceeded the function evaluation limit,
options.MaxFunctionEvaluations = 1.000000e+03.

Iteration 190 completed. Current sample-mean minimum is 2350.798853. New variance estimate is 426.115102.

Feasible point with lower objective function value found, but optimality criteria not satisfied. See output.bestfeasible..


Feasible point with lower objective function value found, but optimality criteria not satisfied. See output.bestfeasible..


Feasible point with lower objective function value found, but optimality criteria not satisfied. See output.bestfeasible..


Feasible point with lower objective function value found, but optimality criteria not satisfied. See output.bestfeasible..


Feasible point with lower objective function value found, but optimality criteria not satisfied. See output.bestfeasible..


Solver stopped prematurely.

fmincon stopped because it exceeded the function evaluation limit,
options.MaxFunctionEvaluations = 1.000000e+03.


Solver stopped prematurely.

fmincon stopped because it exceeded the function evaluation limit,
options.MaxFunctionEvaluations = 1.000000e+03.

Iteration 191 completed. Current sample-mean minimum is 2350.798853. New variance estimate is 425.518309.

Feasible point with lower objective function value found, but optimality criteria not satisfied. See output.bestfeasible..


Feasible point with lower objective function value found, but optimality criteria not satisfied. See output.bestfeasible..


Feasible point with lower objective function value found, but optimality criteria not satisfied. See output.bestfeasible..


Feasible point with lower objective function value found, but optimality criteria not satisfied. See output.bestfeasible..


Solver stopped prematurely.

fmincon stopped because it exceeded the function evaluation limit,
options.MaxFunctionEvaluations = 1.000000e+03.


Solver stopped prematurely.

fmincon stopped because it exceeded the function evaluation limit,
options.MaxFunctionEvaluations = 1.000000e+03.

Iteration 192 completed. Current sample-mean minimum is 2350.798853. New variance estimate is 428.081957.

Feasible point with lower objective function value found, but optimality criteria not satisfied. See output.bestfeasible..


Feasible point with lower objective function value found, but optimality criteria not satisfied. See output.bestfeasible..


Feasible point with lower objective function value found, but optimality criteria not satisfied. See output.bestfeasible..


Feasible point with lower objective function value found, but optimality criteria not satisfied. See output.bestfeasible..


Feasible point with lower objective function value found, but optimality criteria not satisfied. See output.bestfeasible..


Solver stopped prematurely.

fmincon stopped because it exceeded the function evaluation limit,
options.MaxFunctionEvaluations = 1.000000e+03.


Solver stopped prematurely.

fmincon stopped because it exceeded the function evaluation limit,
options.MaxFunctionEvaluations = 1.000000e+03.

Iteration 193 completed. Current sample-mean minimum is 2350.798853. New variance estimate is 425.299837.

Feasible point with lower objective function value found, but optimality criteria not satisfied. See output.bestfeasible..


Feasible point with lower objective function value found, but optimality criteria not satisfied. See output.bestfeasible..


Feasible point with lower objective function value found, but optimality criteria not satisfied. See output.bestfeasible..


Solver stopped prematurely.

fmincon stopped because it exceeded the function evaluation limit,
options.MaxFunctionEvaluations = 1.000000e+03.

Iteration 194 completed. Current sample-mean minimum is 2350.798853. New variance estimate is 425.299617.

Feasible point with lower objective function value found, but optimality criteria not satisfied. See output.bestfeasible..


Feasible point with lower objective function value found, but optimality criteria not satisfied. See output.bestfeasible..


Solver stopped prematurely.

fmincon stopped because it exceeded the function evaluation limit,
options.MaxFunctionEvaluations = 1.000000e+03.

Iteration 195 completed. Current sample-mean minimum is 2350.798853. New variance estimate is 425.299440.

Feasible point with lower objective function value found, but optimality criteria not satisfied. See output.bestfeasible..


Feasible point with lower objective function value found, but optimality criteria not satisfied. See output.bestfeasible..


Feasible point with lower objective function value found, but optimality criteria not satisfied. See output.bestfeasible..


Feasible point with lower objective function value found, but optimality criteria not satisfied. See output.bestfeasible..


Feasible point with lower objective function value found, but optimality criteria not satisfied. See output.bestfeasible..


Solver stopped prematurely.

fmincon stopped because it exceeded the function evaluation limit,
options.MaxFunctionEvaluations = 1.000000e+03.

Iteration 196 completed. Current sample-mean minimum is 2350.798853. New variance estimate is 425.299451.

Feasible point with lower objective function value found, but optimality criteria not satisfied. See output.bestfeasible..


Feasible point with lower objective function value found, but optimality criteria not satisfied. See output.bestfeasible..


Solver stopped prematurely.

fmincon stopped because it exceeded the function evaluation limit,
options.MaxFunctionEvaluations = 1.000000e+03.


Solver stopped prematurely.

fmincon stopped because it exceeded the function evaluation limit,
options.MaxFunctionEvaluations = 1.000000e+03.

Iteration 197 completed. Current sample-mean minimum is 2350.798853. New variance estimate is 425.299594.

Feasible point with lower objective function value found, but optimality criteria not satisfied. See output.bestfeasible..


Feasible point with lower objective function value found, but optimality criteria not satisfied. See output.bestfeasible..


Feasible point with lower objective function value found, but optimality criteria not satisfied. See output.bestfeasible..


Feasible point with lower objective function value found, but optimality criteria not satisfied. See output.bestfeasible..


Feasible point with lower objective function value found, but optimality criteria not satisfied. See output.bestfeasible..


Solver stopped prematurely.

fmincon stopped because it exceeded the function evaluation limit,
options.MaxFunctionEvaluations = 1.000000e+03.


Solver stopped prematurely.

fmincon stopped because it exceeded the function evaluation limit,
options.MaxFunctionEvaluations = 1.000000e+03.

Iteration 198 completed. Current sample-mean minimum is 2350.798853. New variance estimate is 425.299410.

Feasible point with lower objective function value found, but optimality criteria not satisfied. See output.bestfeasible..


Feasible point with lower objective function value found, but optimality criteria not satisfied. See output.bestfeasible..


Feasible point with lower objective function value found, but optimality criteria not satisfied. See output.bestfeasible..


Feasible point with lower objective function value found, but optimality criteria not satisfied. See output.bestfeasible..


Solver stopped prematurely.

fmincon stopped because it exceeded the function evaluation limit,
options.MaxFunctionEvaluations = 1.000000e+03.

Iteration 199 completed. Current sample-mean minimum is 2350.798853. New variance estimate is 425.299357.

Feasible point with lower objective function value found, but optimality criteria not satisfied. See output.bestfeasible..


Feasible point with lower objective function value found, but optimality criteria not satisfied. See output.bestfeasible..


Solver stopped prematurely.

fmincon stopped because it exceeded the function evaluation limit,
options.MaxFunctionEvaluations = 1.000000e+03.


Solver stopped prematurely.

fmincon stopped because it exceeded the function evaluation limit,
options.MaxFunctionEvaluations = 1.000000e+03.

Iteration 200 completed. Current sample-mean minimum is 2350.798853. New variance estimate is 425.299340.
DONE golinski heter_LVGP acf=anpei param=0.8 n_rep=10 seed=1 final=2350.8 25052.5s
