[Warning: Unable to locate a personal folder for $documents/MATLAB.] 

Feasible point with lower objective function value found, but optimality criteria not satisfied. See output.bestfeasible..


Feasible point with lower objective function value found, but optimality criteria not satisfied. See output.bestfeasible..


Feasible point with lower objective function value found, but optimality criteria not satisfied. See output.bestfeasible..


Feasible point with lower objective function value found, but optimality criteria not satisfied. See output.bestfeasible..


Feasible point with lower objective function value found, but optimality criteria not satisfied. See output.bestfeasible..


Solver stopped prematurely.

fmincon stopped because it exceeded the function evaluation limit,
options.MaxFunctionEvaluations = 1.000000e+03.


Solver stopped prematurely.

fmincon stopped because it exceeded the function evaluation limit,
options.MaxFunctionEvaluations = 1.000000e+03.


Solver stopped prematurely.

fmincon stopped because it exceeded the function evaluation limit,
options.MaxFunctionEvaluations = 1.000000e+03.

Iteration 1 completed. Current sample-mean minimum is 2733.390301. New variance estimate is 615.262580.

Feasible point with lower objective function value found, but optimality criteria not satisfied. See output.bestfeasible..


Feasible point with lower objective function value found, but optimality criteria not satisfied. See output.bestfeasible..


Solver stopped prematurely.

fmincon stopped because it exceeded the function evaluation limit,
options.MaxFunctionEvaluations = 1.000000e+03.

Iteration 2 completed. Current sample-mean minimum is 2490.832715. New variance estimate is 639.597982.

Feasible point with lower objective function value found, but optimality criteria not satisfied. See output.bestfeasible..


Feasible point with lower objective function value found, but optimality criteria not satisfied. See output.bestfeasible..


Feasible point with lower objective function value found, but optimality criteria not satisfied. See output.bestfeasible..


Feasible point with lower objective function value found, but optimality criteria not satisfied. See output.bestfeasible..


Solver stopped prematurely.

fmincon stopped because it exceeded the function evaluation limit,
options.MaxFunctionEvaluations = 1.000000e+03.

Iteration 3 completed. Current sample-mean minimum is 2490.832715. New variance estimate is 698.288846.

Feasible point with lower objective function value found, but optimality criteria not satisfied. See output.bestfeasible..


Feasible point with lower objective function value found, but optimality criteria not satisfied. See output.bestfeasible..


Feasible point with lower objective function value found, but optimality criteria not satisfied. See output.bestfeasible..


Feasible point with lower objective function value found, but optimality criteria not satisfied. See output.bestfeasible..


Feasible point with lower objective function value found, but optimality criteria not satisfied. See output.bestfeasible..


Feasible point with lower objective function value found, but optimality criteria not satisfied. See output.bestfeasible..


Solver stopped prematurely.

fmincon stopped because it exceeded the function evaluation limit,
options.MaxFunctionEvaluations = 1.000000e+03.


Solver stopped prematurely.

fmincon stopped because it exceeded the function evaluation limit,
options.MaxFunctionEvaluations = 1.000000e+03.

Iteration 4 completed. Current sample-mean minimum is 2490.832715. New variance estimate is 644.805418.

Feasible point with lower objective function value found, but optimality criteria not satisfied. See output.bestfeasible..


Feasible point with lower objective function value found, but optimality criteria not satisfied. See output.bestfeasible..


Feasible point with lower objective function value found, but optimality criteria not satisfied. See output.bestfeasible..


Feasible point with lower objective function value found, but optimality criteria not satisfied. See output.bestfeasible..


Feasible point with lower objective function value found, but optimality criteria not satisfied. See output.bestfeasible..


Feasible point with lower objective function value found, but optimality criteria not satisfied. See output.bestfeasible..


Feasible point with lower objective function value found, but optimality criteria not satisfied. See output.bestfeasible..


Solver stopped prematurely.

fmincon stopped because it exceeded the function evaluation limit,
options.MaxFunctionEvaluations = 1.000000e+03.


Solver stopped prematurely.

fmincon stopped because it exceeded the function evaluation limit,
options.MaxFunctionEvaluations = 1.000000e+03.

Iteration 5 completed. Current sample-mean minimum is 2401.062035. New variance estimate is 547.228325.

Feasible point with lower objective function value found, but optimality criteria not satisfied. See output.bestfeasible..


Feasible point with lower objective function value found, but optimality criteria not satisfied. See output.bestfeasible..


Feasible point with lower objective function value found, but optimality criteria not satisfied. See output.bestfeasible..


Feasible point with lower objective function value found, but optimality criteria not satisfied. See output.bestfeasible..


Solver stopped prematurely.

fmincon stopped because it exceeded the function evaluation limit,
options.MaxFunctionEvaluations = 1.000000e+03.


Solver stopped prematurely.

fmincon stopped because it exceeded the function evaluation limit,
options.MaxFunctionEvaluations = 1.000000e+03.

Iteration 6 completed. Current sample-mean minimum is 2401.062035. New variance estimate is 644.334752.

Feasible point with lower objective function value found, but optimality criteria not satisfied. See output.bestfeasible..


Feasible point with lower objective function value found, but optimality criteria not satisfied. See output.bestfeasible..


Feasible point with lower objective function value found, but optimality criteria not satisfied. See output.bestfeasible..


Feasible point with lower objective function value found, but optimality criteria not satisfied. See output.bestfeasible..


Feasible point with lower objective function value found, but optimality criteria not satisfied. See output.bestfeasible..


Feasible point with lower objective function value found, but optimality criteria not satisfied. See output.bestfeasible..


Feasible point with lower objective function value found, but optimality criteria not satisfied. See output.bestfeasible..


Solver stopped prematurely.

fmincon stopped because it exceeded the function evaluation limit,
options.MaxFunctionEvaluations = 1.000000e+03.

Iteration 7 completed. Current sample-mean minimum is 2344.265938. New variance estimate is 547.228324.

Feasible point with lower objective function value found, but optimality criteria not satisfied. See output.bestfeasible..


Feasible point with lower objective function value found, but optimality criteria not satisfied. See output.bestfeasible..


Solver stopped prematurely.

fmincon stopped because it exceeded the function evaluation limit,
options.MaxFunctionEvaluations = 1.000000e+03.


Solver stopped prematurely.

fmincon stopped because it exceeded the function evaluation limit,
options.MaxFunctionEvaluations = 1.000000e+03.

Iteration 8 completed. Current sample-mean minimum is 2344.265938. New variance estimate is 615.132937.

Feasible point with lower objective function value found, but optimality criteria not satisfied. See output.bestfeasible..


Feasible point with lower objective function value found, but optimality criteria not satisfied. See output.bestfeasible..


Feasible point with lower objective function value found, but optimality criteria not satisfied. See output.bestfeasible..


Feasible point with lower objective function value found, but optimality criteria not satisfied. See output.bestfeasible..


Feasible point with lower objective function value found, but optimality criteria not satisfied. See output.bestfeasible..


Solver stopped prematurely.

fmincon stopped because it exceeded the function evaluation limit,
options.MaxFunctionEvaluations = 1.000000e+03.


Solver stopped prematurely.

fmincon stopped because it exceeded the function evaluation limit,
options.MaxFunctionEvaluations = 1.000000e+03.

Iteration 9 completed. Current sample-mean minimum is 2344.265938. New variance estimate is 547.228324.

Feasible point with lower objective function value found, but optimality criteria not satisfied. See output.bestfeasible..


Solver stopped prematurely.

fmincon stopped because it exceeded the function evaluation limit,
options.MaxFunctionEvaluations = 5.000000e+03.


Feasible point with lower objective function value found, but optimality criteria not satisfied. See output.bestfeasible..


Feasible point with lower objective function value found, but optimality criteria not satisfied. See output.bestfeasible..


Feasible point with lower objective function value found, but optimality criteria not satisfied. See output.bestfeasible..


Solver stopped prematurely.

fmincon stopped because it exceeded the function evaluation limit,
options.MaxFunctionEvaluations = 1.000000e+03.


Solver stopped prematurely.

fmincon stopped because it exceeded the function evaluation limit,
options.MaxFunctionEvaluations = 1.000000e+03.

Iteration 10 completed. Current sample-mean minimum is 2344.265938. New variance estimate is 642.392454.

Feasible point with lower objective function value found, but optimality criteria not satisfied. See output.bestfeasible..


Feasible point with lower objective function value found, but optimality criteria not satisfied. See output.bestfeasible..


Feasible point with lower objective function value found, but optimality criteria not satisfied. See output.bestfeasible..


Feasible point with lower objective function value found, but optimality criteria not satisfied. See output.bestfeasible..


Feasible point with lower objective function value found, but optimality criteria not satisfied. See output.bestfeasible..


Feasible point with lower objective function value found, but optimality criteria not satisfied. See output.bestfeasible..


Feasible point with lower objective function value found, but optimality criteria not satisfied. See output.bestfeasible..


Solver stopped prematurely.

fmincon stopped because it exceeded the function evaluation limit,
options.MaxFunctionEvaluations = 1.000000e+03.


Solver stopped prematurely.

fmincon stopped because it exceeded the function evaluation limit,
options.MaxFunctionEvaluations = 1.000000e+03.

Iteration 11 completed. Current sample-mean minimum is 2344.265938. New variance estimate is 547.228323.

Feasible point with lower objective function value found, but optimality criteria not satisfied. See output.bestfeasible..


Feasible point with lower objective function value found, but optimality criteria not satisfied. See output.bestfeasible..


Feasible point with lower objective function value found, but optimality criteria not satisfied. See output.bestfeasible..


Feasible point with lower objective function value found, but optimality criteria not satisfied. See output.bestfeasible..


Feasible point with lower objective function value found, but optimality criteria not satisfied. See output.bestfeasible..


Solver stopped prematurely.

fmincon stopped because it exceeded the function evaluation limit,
options.MaxFunctionEvaluations = 1.000000e+03.


Solver stopped prematurely.

fmincon stopped because it exceeded the function evaluation limit,
options.MaxFunctionEvaluations = 1.000000e+03.

Iteration 12 completed. Current sample-mean minimum is 2344.265938. New variance estimate is 632.947879.

Feasible point with lower objective function value found, but optimality criteria not satisfied. See output.bestfeasible..


Feasible point with lower objective function value found, but optimality criteria not satisfied. See output.bestfeasible..


Feasible point with lower objective function value found, but optimality criteria not satisfied. See output.bestfeasible..


Feasible point with lower objective function value found, but optimality criteria not satisfied. See output.bestfeasible..


Feasible point with lower objective function value found, but optimality criteria not satisfied. See output.bestfeasible..


Solver stopped prematurely.

fmincon stopped because it exceeded the function evaluation limit,
options.MaxFunctionEvaluations = 1.000000e+03.


Solver stopped prematurely.

fmincon stopped because it exceeded the function evaluation limit,
options.MaxFunctionEvaluations = 1.000000e+03.

Iteration 13 completed. Current sample-mean minimum is 2344.265938. New variance estimate is 380.019671.

Feasible point with lower objective function value found, but optimality criteria not satisfied. See output.bestfeasible..


Feasible point with lower objective function value found, but optimality criteria not satisfied. See output.bestfeasible..


Feasible point with lower objective function value found, but optimality criteria not satisfied. See output.bestfeasible..


Feasible point with lower objective function value found, but optimality criteria not satisfied. See output.bestfeasible..


Solver stopped prematurely.

fmincon stopped because it exceeded the function evaluation limit,
options.MaxFunctionEvaluations = 1.000000e+03.

Iteration 14 completed. Current sample-mean minimum is 2344.265938. New variance estimate is 547.228324.

Feasible point with lower objective function value found, but optimality criteria not satisfied. See output.bestfeasible..


Feasible point with lower objective function value found, but optimality criteria not satisfied. See output.bestfeasible..


Feasible point with lower objective function value found, but optimality criteria not satisfied. See output.bestfeasible..


Feasible point with lower objective function value found, but optimality criteria not satisfied. See output.bestfeasible..


Feasible point with lower objective function value found, but optimality criteria not satisfied. See output.bestfeasible..


Solver stopped prematurely.

fmincon stopped because it exceeded the function evaluation limit,
options.MaxFunctionEvaluations = 1.000000e+03.


Solver stopped prematurely.

fmincon stopped because it exceeded the function evaluation limit,
options.MaxFunctionEvaluations = 1.000000e+03.

Iteration 15 completed. Current sample-mean minimum is 2344.265938. New variance estimate is 547.228324.

Feasible point with lower objective function value found, but optimality criteria not satisfied. See output.bestfeasible..


Feasible point with lower objective function value found, but optimality criteria not satisfied. See output.bestfeasible..


Feasible point with lower objective function value found, but optimality criteria not satisfied. See output.bestfeasible..


Feasible point with lower objective function value found, but optimality criteria not satisfied. See output.bestfeasible..


Solver stopped prematurely.

fmincon stopped because it exceeded the function evaluation limit,
options.MaxFunctionEvaluations = 1.000000e+03.


Solver stopped prematurely.

fmincon stopped because it exceeded the function evaluation limit,
options.MaxFunctionEvaluations = 1.000000e+03.

Iteration 16 completed. Current sample-mean minimum is 2344.265938. New variance estimate is 574.557171.

Feasible point with lower objective function value found, but optimality criteria not satisfied. See output.bestfeasible..


Feasible point with lower objective function value found, but optimality criteria not satisfied. See output.bestfeasible..


Feasible point with lower objective function value found, but optimality criteria not satisfied. See output.bestfeasible..


Feasible point with lower objective function value found, but optimality criteria not satisfied. See output.bestfeasible..


Feasible point with lower objective function value found, but optimality criteria not satisfied. See output.bestfeasible..


Solver stopped prematurely.

fmincon stopped because it exceeded the function evaluation limit,
options.MaxFunctionEvaluations = 1.000000e+03.


Solver stopped prematurely.

fmincon stopped because it exceeded the function evaluation limit,
options.MaxFunctionEvaluations = 1.000000e+03.

Iteration 17 completed. Current sample-mean minimum is 2344.265938. New variance estimate is 547.228325.

Feasible point with lower objective function value found, but optimality criteria not satisfied. See output.bestfeasible..


Feasible point with lower objective function value found, but optimality criteria not satisfied. See output.bestfeasible..


Feasible point with lower objective function value found, but optimality criteria not satisfied. See output.bestfeasible..


Feasible point with lower objective function value found, but optimality criteria not satisfied. See output.bestfeasible..


Feasible point with lower objective function value found, but optimality criteria not satisfied. See output.bestfeasible..


Solver stopped prematurely.

fmincon stopped because it exceeded the function evaluation limit,
options.MaxFunctionEvaluations = 1.000000e+03.


Solver stopped prematurely.

fmincon stopped because it exceeded the function evaluation limit,
options.MaxFunctionEvaluations = 1.000000e+03.

Iteration 18 completed. Current sample-mean minimum is 2344.265938. New variance estimate is 794.188657.

Feasible point with lower objective function value found, but optimality criteria not satisfied. See output.bestfeasible..


Feasible point with lower objective function value found, but optimality criteria not satisfied. See output.bestfeasible..


Feasible point with lower objective function value found, but optimality criteria not satisfied. See output.bestfeasible..


Feasible point with lower objective function value found, but optimality criteria not satisfied. See output.bestfeasible..


Feasible point with lower objective function value found, but optimality criteria not satisfied. See output.bestfeasible..


Feasible point with lower objective function value found, but optimality criteria not satisfied. See output.bestfeasible..


Solver stopped prematurely.

fmincon stopped because it exceeded the function evaluation limit,
options.MaxFunctionEvaluations = 1.000000e+03.

Iteration 19 completed. Current sample-mean minimum is 2344.265938. New variance estimate is 547.228323.

Feasible point with lower objective function value found, but optimality criteria not satisfied. See output.bestfeasible..


Feasible point with lower objective function value found, but optimality criteria not satisfied. See output.bestfeasible..


Feasible point with lower objective function value found, but optimality criteria not satisfied. See output.bestfeasible..


Feasible point with lower objective function value found, but optimality criteria not satisfied. See output.bestfeasible..


Feasible point with lower objective function value found, but optimality criteria not satisfied. See output.bestfeasible..


Feasible point with lower objective function value found, but optimality criteria not satisfied. See output.bestfeasible..


Feasible point with lower objective function value found, but optimality criteria not satisfied. See output.bestfeasible..


Solver stopped prematurely.

fmincon stopped because it exceeded the function evaluation limit,
options.MaxFunctionEvaluations = 1.000000e+03.


Solver stopped prematurely.

fmincon stopped because it exceeded the function evaluation limit,
options.MaxFunctionEvaluations = 1.000000e+03.

Iteration 20 completed. Current sample-mean minimum is 2344.265938. New variance estimate is 609.173384.

Feasible point with lower objective function value found, but optimality criteria not satisfied. See output.bestfeasible..


Feasible point with lower objective function value found, but optimality criteria not satisfied. See output.bestfeasible..


Feasible point with lower objective function value found, but optimality criteria not satisfied. See output.bestfeasible..


Feasible point with lower objective function value found, but optimality criteria not satisfied. See output.bestfeasible..


Feasible point with lower objective function value found, but optimality criteria not satisfied. See output.bestfeasible..


Solver stopped prematurely.

fmincon stopped because it exceeded the function evaluation limit,
options.MaxFunctionEvaluations = 1.000000e+03.


Solver stopped prematurely.

fmincon stopped because it exceeded the function evaluation limit,
options.MaxFunctionEvaluations = 1.000000e+03.

Iteration 21 completed. Current sample-mean minimum is 2344.265938. New variance estimate is 564.564052.

Feasible point with lower objective function value found, but optimality criteria not satisfied. See output.bestfeasible..


Feasible point with lower objective function value found, but optimality criteria not satisfied. See output.bestfeasible..


Feasible point with lower objective function value found, but optimality criteria not satisfied. See output.bestfeasible..


Feasible point with lower objective function value found, but optimality criteria not satisfied. See output.bestfeasible..


Feasible point with lower objective function value found, but optimality criteria not satisfied. See output.bestfeasible..


Feasible point with lower objective function value found, but optimality criteria not satisfied. See output.bestfeasible..


Feasible point with lower objective function value found, but optimality criteria not satisfied. See output.bestfeasible..


Feasible point with lower objective function value found, but optimality criteria not satisfied. See output.bestfeasible..


Solver stopped prematurely.

fmincon stopped because it exceeded the function evaluation limit,
options.MaxFunctionEvaluations = 1.000000e+03.


Solver stopped prematurely.

fmincon stopped because it exceeded the function evaluation limit,
options.MaxFunctionEvaluations = 1.000000e+03.

Iteration 22 completed. Current sample-mean minimum is 2344.265938. New variance estimate is 699.247782.

Feasible point with lower objective function value found, but optimality criteria not satisfied. See output.bestfeasible..


Feasible point with lower objective function value found, but optimality criteria not satisfied. See output.bestfeasible..


Feasible point with lower objective function value found, but optimality criteria not satisfied. See output.bestfeasible..


Feasible point with lower objective function value found, but optimality criteria not satisfied. See output.bestfeasible..


Solver stopped prematurely.

fmincon stopped because it exceeded the function evaluation limit,
options.MaxFunctionEvaluations = 1.000000e+03.

Iteration 23 completed. Current sample-mean minimum is 2344.265938. New variance estimate is 662.049120.

Feasible point with lower objective function value found, but optimality criteria not satisfied. See output.bestfeasible..


Feasible point with lower objective function value found, but optimality criteria not satisfied. See output.bestfeasible..


Feasible point with lower objective function value found, but optimality criteria not satisfied. See output.bestfeasible..


Solver stopped prematurely.

fmincon stopped because it exceeded the function evaluation limit,
options.MaxFunctionEvaluations = 1.000000e+03.


Solver stopped prematurely.

fmincon stopped because it exceeded the function evaluation limit,
options.MaxFunctionEvaluations = 1.000000e+03.

Iteration 24 completed. Current sample-mean minimum is 2344.265938. New variance estimate is 547.228323.

Feasible point with lower objective function value found, but optimality criteria not satisfied. See output.bestfeasible..


Feasible point with lower objective function value found, but optimality criteria not satisfied. See output.bestfeasible..


Feasible point with lower objective function value found, but optimality criteria not satisfied. See output.bestfeasible..


Feasible point with lower objective function value found, but optimality criteria not satisfied. See output.bestfeasible..


Solver stopped prematurely.

fmincon stopped because it exceeded the function evaluation limit,
options.MaxFunctionEvaluations = 1.000000e+03.


Solver stopped prematurely.

fmincon stopped because it exceeded the function evaluation limit,
options.MaxFunctionEvaluations = 1.000000e+03.

Iteration 25 completed. Current sample-mean minimum is 2344.265938. New variance estimate is 568.316840.

Feasible point with lower objective function value found, but optimality criteria not satisfied. See output.bestfeasible..


Feasible point with lower objective function value found, but optimality criteria not satisfied. See output.bestfeasible..


Feasible point with lower objective function value found, but optimality criteria not satisfied. See output.bestfeasible..


Feasible point with lower objective function value found, but optimality criteria not satisfied. See output.bestfeasible..


Feasible point with lower objective function value found, but optimality criteria not satisfied. See output.bestfeasible..


Solver stopped prematurely.

fmincon stopped because it exceeded the function evaluation limit,
options.MaxFunctionEvaluations = 1.000000e+03.


Solver stopped prematurely.

fmincon stopped because it exceeded the function evaluation limit,
options.MaxFunctionEvaluations = 1.000000e+03.

Iteration 26 completed. Current sample-mean minimum is 2344.265938. New variance estimate is 580.719923.

Feasible point with lower objective function value found, but optimality criteria not satisfied. See output.bestfeasible..


Feasible point with lower objective function value found, but optimality criteria not satisfied. See output.bestfeasible..


Feasible point with lower objective function value found, but optimality criteria not satisfied. See output.bestfeasible..


Feasible point with lower objective function value found, but optimality criteria not satisfied. See output.bestfeasible..

Iteration 27 completed. Current sample-mean minimum is 2344.265938. New variance estimate is 555.129673.

Feasible point with lower objective function value found, but optimality criteria not satisfied. See output.bestfeasible..


Feasible point with lower objective function value found, but optimality criteria not satisfied. See output.bestfeasible..


Feasible point with lower objective function value found, but optimality criteria not satisfied. See output.bestfeasible..


Solver stopped prematurely.

fmincon stopped because it exceeded the function evaluation limit,
options.MaxFunctionEvaluations = 1.000000e+03.

Iteration 28 completed. Current sample-mean minimum is 2344.265938. New variance estimate is 585.265480.

Feasible point with lower objective function value found, but optimality criteria not satisfied. See output.bestfeasible..


Feasible point with lower objective function value found, but optimality criteria not satisfied. See output.bestfeasible..


Feasible point with lower objective function value found, but optimality criteria not satisfied. See output.bestfeasible..


Feasible point with lower objective function value found, but optimality criteria not satisfied. See output.bestfeasible..


Feasible point with lower objective function value found, but optimality criteria not satisfied. See output.bestfeasible..


Feasible point with lower objective function value found, but optimality criteria not satisfied. See output.bestfeasible..


Solver stopped prematurely.

fmincon stopped because it exceeded the function evaluation limit,
options.MaxFunctionEvaluations = 1.000000e+03.


Solver stopped prematurely.

fmincon stopped because it exceeded the function evaluation limit,
options.MaxFunctionEvaluations = 1.000000e+03.

Iteration 29 completed. Current sample-mean minimum is 2344.265938. New variance estimate is 686.435432.

Feasible point with lower objective function value found, but optimality criteria not satisfied. See output.bestfeasible..


Feasible point with lower objective function value found, but optimality criteria not satisfied. See output.bestfeasible..


Feasible point with lower objective function value found, but optimality criteria not satisfied. See output.bestfeasible..


Feasible point with lower objective function value found, but optimality criteria not satisfied. See output.bestfeasible..


Feasible point with lower objective function value found, but optimality criteria not satisfied. See output.bestfeasible..


Feasible point with lower objective function value found, but optimality criteria not satisfied. See output.bestfeasible..


Feasible point with lower objective function value found, but optimality criteria not satisfied. See output.bestfeasible..


Solver stopped prematurely.

fmincon stopped because it exceeded the function evaluation limit,
options.MaxFunctionEvaluations = 1.000000e+03.

Iteration 30 completed. Current sample-mean minimum is 2344.265938. New variance estimate is 1217.879029.

Feasible point with lower objective function value found, but optimality criteria not satisfied. See output.bestfeasible..


Feasible point with lower objective function value found, but optimality criteria not satisfied. See output.bestfeasible..


Feasible point with lower objective function value found, but optimality criteria not satisfied. See output.bestfeasible..


Feasible point with lower objective function value found, but optimality criteria not satisfied. See output.bestfeasible..


Solver stopped prematurely.

fmincon stopped because it exceeded the function evaluation limit,
options.MaxFunctionEvaluations = 1.000000e+03.


Solver stopped prematurely.

fmincon stopped because it exceeded the function evaluation limit,
options.MaxFunctionEvaluations = 1.000000e+03.

Iteration 31 completed. Current sample-mean minimum is 2344.265938. New variance estimate is 619.922171.

Feasible point with lower objective function value found, but optimality criteria not satisfied. See output.bestfeasible..


Feasible point with lower objective function value found, but optimality criteria not satisfied. See output.bestfeasible..


Feasible point with lower objective function value found, but optimality criteria not satisfied. See output.bestfeasible..


Feasible point with lower objective function value found, but optimality criteria not satisfied. See output.bestfeasible..


Feasible point with lower objective function value found, but optimality criteria not satisfied. See output.bestfeasible..


Feasible point with lower objective function value found, but optimality criteria not satisfied. See output.bestfeasible..


Solver stopped prematurely.

fmincon stopped because it exceeded the function evaluation limit,
options.MaxFunctionEvaluations = 1.000000e+03.


Solver stopped prematurely.

fmincon stopped because it exceeded the function evaluation limit,
options.MaxFunctionEvaluations = 1.000000e+03.

Iteration 32 completed. Current sample-mean minimum is 2344.265938. New variance estimate is 630.916387.

Feasible point with lower objective function value found, but optimality criteria not satisfied. See output.bestfeasible..


Feasible point with lower objective function value found, but optimality criteria not satisfied. See output.bestfeasible..


Feasible point with lower objective function value found, but optimality criteria not satisfied. See output.bestfeasible..


Feasible point with lower objective function value found, but optimality criteria not satisfied. See output.bestfeasible..


Solver stopped prematurely.

fmincon stopped because it exceeded the function evaluation limit,
options.MaxFunctionEvaluations = 1.000000e+03.


Solver stopped prematurely.

fmincon stopped because it exceeded the function evaluation limit,
options.MaxFunctionEvaluations = 1.000000e+03.

Iteration 33 completed. Current sample-mean minimum is 2344.265938. New variance estimate is 630.700061.

Feasible point with lower objective function value found, but optimality criteria not satisfied. See output.bestfeasible..


Feasible point with lower objective function value found, but optimality criteria not satisfied. See output.bestfeasible..


Feasible point with lower objective function value found, but optimality criteria not satisfied. See output.bestfeasible..


Feasible point with lower objective function value found, but optimality criteria not satisfied. See output.bestfeasible..


Solver stopped prematurely.

fmincon stopped because it exceeded the function evaluation limit,
options.MaxFunctionEvaluations = 1.000000e+03.


Solver stopped prematurely.

fmincon stopped because it exceeded the function evaluation limit,
options.MaxFunctionEvaluations = 1.000000e+03.

Iteration 34 completed. Current sample-mean minimum is 2344.265938. New variance estimate is 662.995858.

Feasible point with lower objective function value found, but optimality criteria not satisfied. See output.bestfeasible..


Feasible point with lower objective function value found, but optimality criteria not satisfied. See output.bestfeasible..


Feasible point with lower objective function value found, but optimality criteria not satisfied. See output.bestfeasible..


Solver stopped prematurely.

fmincon stopped because it exceeded the function evaluation limit,
options.MaxFunctionEvaluations = 1.000000e+03.


Solver stopped prematurely.

fmincon stopped because it exceeded the function evaluation limit,
options.MaxFunctionEvaluations = 1.000000e+03.

Iteration 35 completed. Current sample-mean minimum is 2344.265938. New variance estimate is 547.228330.

Feasible point with lower objective function value found, but optimality criteria not satisfied. See output.bestfeasible..


Feasible point with lower objective function value found, but optimality criteria not satisfied. See output.bestfeasible..


Feasible point with lower objective function value found, but optimality criteria not satisfied. See output.bestfeasible..


Feasible point with lower objective function value found, but optimality criteria not satisfied. See output.bestfeasible..


Solver stopped prematurely.

fmincon stopped because it exceeded the function evaluation limit,
options.MaxFunctionEvaluations = 1.000000e+03.


Solver stopped prematurely.

fmincon stopped because it exceeded the function evaluation limit,
options.MaxFunctionEvaluations = 1.000000e+03.

Iteration 36 completed. Current sample-mean minimum is 2344.265938. New variance estimate is 788.008785.

Feasible point with lower objective function value found, but optimality criteria not satisfied. See output.bestfeasible..


Feasible point with lower objective function value found, but optimality criteria not satisfied. See output.bestfeasible..


Feasible point with lower objective function value found, but optimality criteria not satisfied. See output.bestfeasible..


Feasible point with lower objective function value found, but optimality criteria not satisfied. See output.bestfeasible..


Feasible point with lower objective function value found, but optimality criteria not satisfied. See output.bestfeasible..


Feasible point with lower objective function value found, but optimality criteria not satisfied. See output.bestfeasible..


Solver stopped prematurely.

fmincon stopped because it exceeded the function evaluation limit,
options.MaxFunctionEvaluations = 1.000000e+03.


Solver stopped prematurely.

fmincon stopped because it exceeded the function evaluation limit,
options.MaxFunctionEvaluations = 1.000000e+03.

Iteration 37 completed. Current sample-mean minimum is 2344.265938. New variance estimate is 574.609311.

Feasible point with lower objective function value found, but optimality criteria not satisfied. See output.bestfeasible..


Feasible point with lower objective function value found, but optimality criteria not satisfied. See output.bestfeasible..


Feasible point with lower objective function value found, but optimality criteria not satisfied. See output.bestfeasible..


Feasible point with lower objective function value found, but optimality criteria not satisfied. See output.bestfeasible..


Feasible point with lower objective function value found, but optimality criteria not satisfied. See output.bestfeasible..


Feasible point with lower objective function value found, but optimality criteria not satisfied. See output.bestfeasible..


Solver stopped prematurely.

fmincon stopped because it exceeded the function evaluation limit,
options.MaxFunctionEvaluations = 1.000000e+03.

Iteration 38 completed. Current sample-mean minimum is 2344.265938. New variance estimate is 677.283651.

Feasible point with lower objective function value found, but optimality criteria not satisfied. See output.bestfeasible..


Feasible point with lower objective function value found, but optimality criteria not satisfied. See output.bestfeasible..


Feasible point with lower objective function value found, but optimality criteria not satisfied. See output.bestfeasible..


Feasible point with lower objective function value found, but optimality criteria not satisfied. See output.bestfeasible..


Solver stopped prematurely.

fmincon stopped because it exceeded the function evaluation limit,
options.MaxFunctionEvaluations = 1.000000e+03.


Solver stopped prematurely.

fmincon stopped because it exceeded the function evaluation limit,
options.MaxFunctionEvaluations = 1.000000e+03.

Iteration 39 completed. Current sample-mean minimum is 2344.265938. New variance estimate is 626.233014.

Feasible point with lower objective function value found, but optimality criteria not satisfied. See output.bestfeasible..


Feasible point with lower objective function value found, but optimality criteria not satisfied. See output.bestfeasible..


Feasible point with lower objective function value found, but optimality criteria not satisfied. See output.bestfeasible..


Feasible point with lower objective function value found, but optimality criteria not satisfied. See output.bestfeasible..


Solver stopped prematurely.

fmincon stopped because it exceeded the function evaluation limit,
options.MaxFunctionEvaluations = 1.000000e+03.


Solver stopped prematurely.

fmincon stopped because it exceeded the function evaluation limit,
options.MaxFunctionEvaluations = 1.000000e+03.

Iteration 40 completed. Current sample-mean minimum is 2344.265938. New variance estimate is 604.782037.

Feasible point with lower objective function value found, but optimality criteria not satisfied. See output.bestfeasible..


Feasible point with lower objective function value found, but optimality criteria not satisfied. See output.bestfeasible..


Feasible point with lower objective function value found, but optimality criteria not satisfied. See output.bestfeasible..


Feasible point with lower objective function value found, but optimality criteria not satisfied. See output.bestfeasible..


Feasible point with lower objective function value found, but optimality criteria not satisfied. See output.bestfeasible..


Solver stopped prematurely.

fmincon stopped because it exceeded the function evaluation limit,
options.MaxFunctionEvaluations = 1.000000e+03.


Solver stopped prematurely.

fmincon stopped because it exceeded the function evaluation limit,
options.MaxFunctionEvaluations = 1.000000e+03.

Iteration 41 completed. Current sample-mean minimum is 2344.265938. New variance estimate is 547.228323.

Feasible point with lower objective function value found, but optimality criteria not satisfied. See output.bestfeasible..


Feasible point with lower objective function value found, but optimality criteria not satisfied. See output.bestfeasible..


Feasible point with lower objective function value found, but optimality criteria not satisfied. See output.bestfeasible..


Feasible point with lower objective function value found, but optimality criteria not satisfied. See output.bestfeasible..


Feasible point with lower objective function value found, but optimality criteria not satisfied. See output.bestfeasible..


Feasible point with lower objective function value found, but optimality criteria not satisfied. See output.bestfeasible..

Iteration 42 completed. Current sample-mean minimum is 2344.265938. New variance estimate is 740.845242.

Feasible point with lower objective function value found, but optimality criteria not satisfied. See output.bestfeasible..


Feasible point with lower objective function value found, but optimality criteria not satisfied. See output.bestfeasible..


Feasible point with lower objective function value found, but optimality criteria not satisfied. See output.bestfeasible..


Feasible point with lower objective function value found, but optimality criteria not satisfied. See output.bestfeasible..


Feasible point with lower objective function value found, but optimality criteria not satisfied. See output.bestfeasible..


Feasible point with lower objective function value found, but optimality criteria not satisfied. See output.bestfeasible..

[Warning: Matrix is close to singular or badly scaled. Results may be
inaccurate. RCOND =  4.075069e-17.] 
[> In LVGP_fit_noise (line 203)
In bayesian_optimizer (line 57)
In heter_driver (line 41)
] 

Solver stopped prematurely.

fmincon stopped because it exceeded the function evaluation limit,
options.MaxFunctionEvaluations = 1.000000e+03.

Iteration 43 completed. Current sample-mean minimum is 2344.265938. New variance estimate is 605.853462.

Feasible point with lower objective function value found, but optimality criteria not satisfied. See output.bestfeasible..


Feasible point with lower objective function value found, but optimality criteria not satisfied. See output.bestfeasible..


Feasible point with lower objective function value found, but optimality criteria not satisfied. See output.bestfeasible..


Feasible point with lower objective function value found, but optimality criteria not satisfied. See output.bestfeasible..


Feasible point with lower objective function value found, but optimality criteria not satisfied. See output.bestfeasible..


Feasible point with lower objective function value found, but optimality criteria not satisfied. See output.bestfeasible..


Solver stopped prematurely.

fmincon stopped because it exceeded the function evaluation limit,
options.MaxFunctionEvaluations = 1.000000e+03.

Iteration 44 completed. Current sample-mean minimum is 2344.265938. New variance estimate is 547.228324.

Feasible point with lower objective function value found, but optimality criteria not satisfied. See output.bestfeasible..


Feasible point with lower objective function value found, but optimality criteria not satisfied. See output.bestfeasible..


Feasible point with lower objective function value found, but optimality criteria not satisfied. See output.bestfeasible..


Feasible point with lower objective function value found, but optimality criteria not satisfied. See output.bestfeasible..


Feasible point with lower objective function value found, but optimality criteria not satisfied. See output.bestfeasible..


Solver stopped prematurely.

fmincon stopped because it exceeded the function evaluation limit,
options.MaxFunctionEvaluations = 1.000000e+03.

Iteration 45 completed. Current sample-mean minimum is 2344.265938. New variance estimate is 688.577738.

Feasible point with lower objective function value found, but optimality criteria not satisfied. See output.bestfeasible..


Feasible point with lower objective function value found, but optimality criteria not satisfied. See output.bestfeasible..


Feasible point with lower objective function value found, but optimality criteria not satisfied. See output.bestfeasible..


Solver stopped prematurely.

fmincon stopped because it exceeded the function evaluation limit,
options.MaxFunctionEvaluations = 1.000000e+03.

Iteration 46 completed. Current sample-mean minimum is 2344.265938. New variance estimate is 380.019672.

Feasible point with lower objective function value found, but optimality criteria not satisfied. See output.bestfeasible..


Feasible point with lower objective function value found, but optimality criteria not satisfied. See output.bestfeasible..


Feasible point with lower objective function value found, but optimality criteria not satisfied. See output.bestfeasible..


Feasible point with lower objective function value found, but optimality criteria not satisfied. See output.bestfeasible..


Feasible point with lower objective function value found, but optimality criteria not satisfied. See output.bestfeasible..


Solver stopped prematurely.

fmincon stopped because it exceeded the function evaluation limit,
options.MaxFunctionEvaluations = 1.000000e+03.


Solver stopped prematurely.

fmincon stopped because it exceeded the function evaluation limit,
options.MaxFunctionEvaluations = 1.000000e+03.

Iteration 47 completed. Current sample-mean minimum is 2344.265938. New variance estimate is 547.228323.

Feasible point with lower objective function value found, but optimality criteria not satisfied. See output.bestfeasible..


Feasible point with lower objective function value found, but optimality criteria not satisfied. See output.bestfeasible..


Solver stopped prematurely.

fmincon stopped because it exceeded the function evaluation limit,
options.MaxFunctionEvaluations = 1.000000e+03.

Iteration 48 completed. Current sample-mean minimum is 2343.522076. New variance estimate is 547.228323.

Feasible point with lower objective function value found, but optimality criteria not satisfied. See output.bestfeasible..


Feasible point with lower objective function value found, but optimality criteria not satisfied. See output.bestfeasible..


Feasible point with lower objective function value found, but optimality criteria not satisfied. See output.bestfeasible..


Feasible point with lower objective function value found, but optimality criteria not satisfied. See output.bestfeasible..


Feasible point with lower objective function value found, but optimality criteria not satisfied. See output.bestfeasible..


Feasible point with lower objective function value found, but optimality criteria not satisfied. See output.bestfeasible..


Solver stopped prematurely.

fmincon stopped because it exceeded the function evaluation limit,
options.MaxFunctionEvaluations = 1.000000e+03.

Iteration 49 completed. Current sample-mean minimum is 2343.522076. New variance estimate is 547.228339.

Feasible point with lower objective function value found, but optimality criteria not satisfied. See output.bestfeasible..


Feasible point with lower objective function value found, but optimality criteria not satisfied. See output.bestfeasible..


Feasible point with lower objective function value found, but optimality criteria not satisfied. See output.bestfeasible..


Solver stopped prematurely.

fmincon stopped because it exceeded the function evaluation limit,
options.MaxFunctionEvaluations = 1.000000e+03.


Solver stopped prematurely.

fmincon stopped because it exceeded the function evaluation limit,
options.MaxFunctionEvaluations = 1.000000e+03.

Iteration 50 completed. Current sample-mean minimum is 2343.522076. New variance estimate is 547.228323.

Feasible point with lower objective function value found, but optimality criteria not satisfied. See output.bestfeasible..


Feasible point with lower objective function value found, but optimality criteria not satisfied. See output.bestfeasible..


Feasible point with lower objective function value found, but optimality criteria not satisfied. See output.bestfeasible..


Feasible point with lower objective function value found, but optimality criteria not satisfied. See output.bestfeasible..


Feasible point with lower objective function value found, but optimality criteria not satisfied. See output.bestfeasible..


Feasible point with lower objective function value found, but optimality criteria not satisfied. See output.bestfeasible..


Feasible point with lower objective function value found, but optimality criteria not satisfied. See output.bestfeasible..


Solver stopped prematurely.

fmincon stopped because it exceeded the function evaluation limit,
options.MaxFunctionEvaluations = 1.000000e+03.


Solver stopped prematurely.

fmincon stopped because it exceeded the function evaluation limit,
options.MaxFunctionEvaluations = 1.000000e+03.

Iteration 51 completed. Current sample-mean minimum is 2343.522076. New variance estimate is 547.228324.

Feasible point with lower objective function value found, but optimality criteria not satisfied. See output.bestfeasible..


Feasible point with lower objective function value found, but optimality criteria not satisfied. See output.bestfeasible..


Feasible point with lower objective function value found, but optimality criteria not satisfied. See output.bestfeasible..


Feasible point with lower objective function value found, but optimality criteria not satisfied. See output.bestfeasible..


Feasible point with lower objective function value found, but optimality criteria not satisfied. See output.bestfeasible..


Solver stopped prematurely.

fmincon stopped because it exceeded the function evaluation limit,
options.MaxFunctionEvaluations = 1.000000e+03.


Solver stopped prematurely.

fmincon stopped because it exceeded the function evaluation limit,
options.MaxFunctionEvaluations = 1.000000e+03.

Iteration 52 completed. Current sample-mean minimum is 2343.522076. New variance estimate is 584.896356.

Feasible point with lower objective function value found, but optimality criteria not satisfied. See output.bestfeasible..


Feasible point with lower objective function value found, but optimality criteria not satisfied. See output.bestfeasible..


Feasible point with lower objective function value found, but optimality criteria not satisfied. See output.bestfeasible..


Feasible point with lower objective function value found, but optimality criteria not satisfied. See output.bestfeasible..


Feasible point with lower objective function value found, but optimality criteria not satisfied. See output.bestfeasible..


Solver stopped prematurely.

fmincon stopped because it exceeded the function evaluation limit,
options.MaxFunctionEvaluations = 1.000000e+03.

Iteration 53 completed. Current sample-mean minimum is 2343.522076. New variance estimate is 547.228324.

Feasible point with lower objective function value found, but optimality criteria not satisfied. See output.bestfeasible..


Feasible point with lower objective function value found, but optimality criteria not satisfied. See output.bestfeasible..


Feasible point with lower objective function value found, but optimality criteria not satisfied. See output.bestfeasible..


Feasible point with lower objective function value found, but optimality criteria not satisfied. See output.bestfeasible..


Solver stopped prematurely.

fmincon stopped because it exceeded the function evaluation limit,
options.MaxFunctionEvaluations = 1.000000e+03.


Solver stopped prematurely.

fmincon stopped because it exceeded the function evaluation limit,
options.MaxFunctionEvaluations = 1.000000e+03.

Iteration 54 completed. Current sample-mean minimum is 2343.522076. New variance estimate is 547.228324.

Feasible point with lower objective function value found, but optimality criteria not satisfied. See output.bestfeasible..


Feasible point with lower objective function value found, but optimality criteria not satisfied. See output.bestfeasible..


Feasible point with lower objective function value found, but optimality criteria not satisfied. See output.bestfeasible..


Solver stopped prematurely.

fmincon stopped because it exceeded the function evaluation limit,
options.MaxFunctionEvaluations = 1.000000e+03.

Iteration 55 completed. Current sample-mean minimum is 2343.522076. New variance estimate is 547.228327.

Feasible point with lower objective function value found, but optimality criteria not satisfied. See output.bestfeasible..


Feasible point with lower objective function value found, but optimality criteria not satisfied. See output.bestfeasible..


Feasible point with lower objective function value found, but optimality criteria not satisfied. See output.bestfeasible..


Feasible point with lower objective function value found, but optimality criteria not satisfied. See output.bestfeasible..


Feasible point with lower objective function value found, but optimality criteria not satisfied. See output.bestfeasible..


Feasible point with lower objective function value found, but optimality criteria not satisfied. See output.bestfeasible..


Solver stopped prematurely.

fmincon stopped because it exceeded the function evaluation limit,
options.MaxFunctionEvaluations = 1.000000e+03.

Iteration 56 completed. Current sample-mean minimum is 2343.522076. New variance estimate is 548.018032.

Feasible point with lower objective function value found, but optimality criteria not satisfied. See output.bestfeasible..


Feasible point with lower objective function value found, but optimality criteria not satisfied. See output.bestfeasible..


Feasible point with lower objective function value found, but optimality criteria not satisfied. See output.bestfeasible..


Feasible point with lower objective function value found, but optimality criteria not satisfied. See output.bestfeasible..


Feasible point with lower objective function value found, but optimality criteria not satisfied. See output.bestfeasible..


Feasible point with lower objective function value found, but optimality criteria not satisfied. See output.bestfeasible..

Iteration 57 completed. Current sample-mean minimum is 2343.522076. New variance estimate is 547.228324.

Feasible point with lower objective function value found, but optimality criteria not satisfied. See output.bestfeasible..


Feasible point with lower objective function value found, but optimality criteria not satisfied. See output.bestfeasible..


Feasible point with lower objective function value found, but optimality criteria not satisfied. See output.bestfeasible..


Feasible point with lower objective function value found, but optimality criteria not satisfied. See output.bestfeasible..


Solver stopped prematurely.

fmincon stopped because it exceeded the function evaluation limit,
options.MaxFunctionEvaluations = 1.000000e+03.


Solver stopped prematurely.

fmincon stopped because it exceeded the function evaluation limit,
options.MaxFunctionEvaluations = 1.000000e+03.

Iteration 58 completed. Current sample-mean minimum is 2343.522076. New variance estimate is 547.228328.

Feasible point with lower objective function value found, but optimality criteria not satisfied. See output.bestfeasible..


Feasible point with lower objective function value found, but optimality criteria not satisfied. See output.bestfeasible..


Feasible point with lower objective function value found, but optimality criteria not satisfied. See output.bestfeasible..


Feasible point with lower objective function value found, but optimality criteria not satisfied. See output.bestfeasible..


Feasible point with lower objective function value found, but optimality criteria not satisfied. See output.bestfeasible..


Solver stopped prematurely.

fmincon stopped because it exceeded the function evaluation limit,
options.MaxFunctionEvaluations = 1.000000e+03.


Solver stopped prematurely.

fmincon stopped because it exceeded the function evaluation limit,
options.MaxFunctionEvaluations = 1.000000e+03.

Iteration 59 completed. Current sample-mean minimum is 2343.522076. New variance estimate is 547.228415.

Feasible point with lower objective function value found, but optimality criteria not satisfied. See output.bestfeasible..


Feasible point with lower objective function value found, but optimality criteria not satisfied. See output.bestfeasible..


Feasible point with lower objective function value found, but optimality criteria not satisfied. See output.bestfeasible..


Feasible point with lower objective function value found, but optimality criteria not satisfied. See output.bestfeasible..


Feasible point with lower objective function value found, but optimality criteria not satisfied. See output.bestfeasible..


Solver stopped prematurely.

fmincon stopped because it exceeded the function evaluation limit,
options.MaxFunctionEvaluations = 1.000000e+03.


Solver stopped prematurely.

fmincon stopped because it exceeded the function evaluation limit,
options.MaxFunctionEvaluations = 1.000000e+03.

Iteration 60 completed. Current sample-mean minimum is 2343.522076. New variance estimate is 547.228324.

Feasible point with lower objective function value found, but optimality criteria not satisfied. See output.bestfeasible..


Feasible point with lower objective function value found, but optimality criteria not satisfied. See output.bestfeasible..


Solver stopped prematurely.

fmincon stopped because it exceeded the function evaluation limit,
options.MaxFunctionEvaluations = 1.000000e+03.


Solver stopped prematurely.

fmincon stopped because it exceeded the function evaluation limit,
options.MaxFunctionEvaluations = 1.000000e+03.

Iteration 61 completed. Current sample-mean minimum is 2343.522076. New variance estimate is 547.228326.

Feasible point with lower objective function value found, but optimality criteria not satisfied. See output.bestfeasible..


Feasible point with lower objective function value found, but optimality criteria not satisfied. See output.bestfeasible..


Feasible point with lower objective function value found, but optimality criteria not satisfied. See output.bestfeasible..


Feasible point with lower objective function value found, but optimality criteria not satisfied. See output.bestfeasible..


Feasible point with lower objective function value found, but optimality criteria not satisfied. See output.bestfeasible..


Solver stopped prematurely.

fmincon stopped because it exceeded the function evaluation limit,
options.MaxFunctionEvaluations = 1.000000e+03.

Iteration 62 completed. Current sample-mean minimum is 2343.522076. New variance estimate is 686.258391.

Feasible point with lower objective function value found, but optimality criteria not satisfied. See output.bestfeasible..


Feasible point with lower objective function value found, but optimality criteria not satisfied. See output.bestfeasible..


Feasible point with lower objective function value found, but optimality criteria not satisfied. See output.bestfeasible..


Feasible point with lower objective function value found, but optimality criteria not satisfied. See output.bestfeasible..


Feasible point with lower objective function value found, but optimality criteria not satisfied. See output.bestfeasible..


Solver stopped prematurely.

fmincon stopped because it exceeded the function evaluation limit,
options.MaxFunctionEvaluations = 1.000000e+03.

Iteration 63 completed. Current sample-mean minimum is 2343.522076. New variance estimate is 547.228323.

Feasible point with lower objective function value found, but optimality criteria not satisfied. See output.bestfeasible..


Feasible point with lower objective function value found, but optimality criteria not satisfied. See output.bestfeasible..


Solver stopped prematurely.

fmincon stopped because it exceeded the function evaluation limit,
options.MaxFunctionEvaluations = 1.000000e+03.


Solver stopped prematurely.

fmincon stopped because it exceeded the function evaluation limit,
options.MaxFunctionEvaluations = 1.000000e+03.

Iteration 64 completed. Current sample-mean minimum is 2343.522076. New variance estimate is 547.228323.

Feasible point with lower objective function value found, but optimality criteria not satisfied. See output.bestfeasible..


Feasible point with lower objective function value found, but optimality criteria not satisfied. See output.bestfeasible..


Feasible point with lower objective function value found, but optimality criteria not satisfied. See output.bestfeasible..


Feasible point with lower objective function value found, but optimality criteria not satisfied. See output.bestfeasible..


Feasible point with lower objective function value found, but optimality criteria not satisfied. See output.bestfeasible..


Feasible point with lower objective function value found, but optimality criteria not satisfied. See output.bestfeasible..


Feasible point with lower objective function value found, but optimality criteria not satisfied. See output.bestfeasible..


Feasible point with lower objective function value found, but optimality criteria not satisfied. See output.bestfeasible..


Solver stopped prematurely.

fmincon stopped because it exceeded the function evaluation limit,
options.MaxFunctionEvaluations = 1.000000e+03.

Iteration 65 completed. Current sample-mean minimum is 2343.522076. New variance estimate is 547.228327.

Feasible point with lower objective function value found, but optimality criteria not satisfied. See output.bestfeasible..


Feasible point with lower objective function value found, but optimality criteria not satisfied. See output.bestfeasible..


Feasible point with lower objective function value found, but optimality criteria not satisfied. See output.bestfeasible..


Feasible point with lower objective function value found, but optimality criteria not satisfied. See output.bestfeasible..


Feasible point with lower objective function value found, but optimality criteria not satisfied. See output.bestfeasible..


Feasible point with lower objective function value found, but optimality criteria not satisfied. See output.bestfeasible..


Feasible point with lower objective function value found, but optimality criteria not satisfied. See output.bestfeasible..


Solver stopped prematurely.

fmincon stopped because it exceeded the function evaluation limit,
options.MaxFunctionEvaluations = 1.000000e+03.


Solver stopped prematurely.

fmincon stopped because it exceeded the function evaluation limit,
options.MaxFunctionEvaluations = 1.000000e+03.

Iteration 66 completed. Current sample-mean minimum is 2343.522076. New variance estimate is 547.228324.

Feasible point with lower objective function value found, but optimality criteria not satisfied. See output.bestfeasible..


Feasible point with lower objective function value found, but optimality criteria not satisfied. See output.bestfeasible..


Feasible point with lower objective function value found, but optimality criteria not satisfied. See output.bestfeasible..


Solver stopped prematurely.

fmincon stopped because it exceeded the function evaluation limit,
options.MaxFunctionEvaluations = 1.000000e+03.


Solver stopped prematurely.

fmincon stopped because it exceeded the function evaluation limit,
options.MaxFunctionEvaluations = 1.000000e+03.

Iteration 67 completed. Current sample-mean minimum is 2343.522076. New variance estimate is 547.228324.
Iteration 68 completed. Current sample-mean minimum is 2343.522076. New variance estimate is 547.228324.

Feasible point with lower objective function value found, but optimality criteria not satisfied. See output.bestfeasible..


Feasible point with lower objective function value found, but optimality criteria not satisfied. See output.bestfeasible..


Feasible point with lower objective function value found, but optimality criteria not satisfied. See output.bestfeasible..


Feasible point with lower objective function value found, but optimality criteria not satisfied. See output.bestfeasible..


Solver stopped prematurely.

fmincon stopped because it exceeded the function evaluation limit,
options.MaxFunctionEvaluations = 1.000000e+03.

Iteration 69 completed. Current sample-mean minimum is 2343.522076. New variance estimate is 547.228323.

Feasible point with lower objective function value found, but optimality criteria not satisfied. See output.bestfeasible..


Feasible point with lower objective function value found, but optimality criteria not satisfied. See output.bestfeasible..


Feasible point with lower objective function value found, but optimality criteria not satisfied. See output.bestfeasible..


Solver stopped prematurely.

fmincon stopped because it exceeded the function evaluation limit,
options.MaxFunctionEvaluations = 1.000000e+03.

Iteration 70 completed. Current sample-mean minimum is 2343.522076. New variance estimate is 579.625376.

Feasible point with lower objective function value found, but optimality criteria not satisfied. See output.bestfeasible..


Feasible point with lower objective function value found, but optimality criteria not satisfied. See output.bestfeasible..


Solver stopped prematurely.

fmincon stopped because it exceeded the function evaluation limit,
options.MaxFunctionEvaluations = 1.000000e+03.


Solver stopped prematurely.

fmincon stopped because it exceeded the function evaluation limit,
options.MaxFunctionEvaluations = 1.000000e+03.

Iteration 71 completed. Current sample-mean minimum is 2343.522076. New variance estimate is 547.228336.

Feasible point with lower objective function value found, but optimality criteria not satisfied. See output.bestfeasible..


Feasible point with lower objective function value found, but optimality criteria not satisfied. See output.bestfeasible..


Solver stopped prematurely.

fmincon stopped because it exceeded the function evaluation limit,
options.MaxFunctionEvaluations = 1.000000e+03.

Iteration 72 completed. Current sample-mean minimum is 2343.522076. New variance estimate is 547.228327.

Solver stopped prematurely.

fmincon stopped because it exceeded the function evaluation limit,
options.MaxFunctionEvaluations = 1.000000e+03.


Solver stopped prematurely.

fmincon stopped because it exceeded the function evaluation limit,
options.MaxFunctionEvaluations = 1.000000e+03.

Iteration 73 completed. Current sample-mean minimum is 2343.522076. New variance estimate is 547.228326.

Feasible point with lower objective function value found, but optimality criteria not satisfied. See output.bestfeasible..


Feasible point with lower objective function value found, but optimality criteria not satisfied. See output.bestfeasible..


Feasible point with lower objective function value found, but optimality criteria not satisfied. See output.bestfeasible..


Feasible point with lower objective function value found, but optimality criteria not satisfied. See output.bestfeasible..


Solver stopped prematurely.

fmincon stopped because it exceeded the function evaluation limit,
options.MaxFunctionEvaluations = 1.000000e+03.


Solver stopped prematurely.

fmincon stopped because it exceeded the function evaluation limit,
options.MaxFunctionEvaluations = 1.000000e+03.

Iteration 74 completed. Current sample-mean minimum is 2343.522076. New variance estimate is 547.228327.

Feasible point with lower objective function value found, but optimality criteria not satisfied. See output.bestfeasible..


Feasible point with lower objective function value found, but optimality criteria not satisfied. See output.bestfeasible..


Solver stopped prematurely.

fmincon stopped because it exceeded the function evaluation limit,
options.MaxFunctionEvaluations = 1.000000e+03.


Solver stopped prematurely.

fmincon stopped because it exceeded the function evaluation limit,
options.MaxFunctionEvaluations = 1.000000e+03.

Iteration 75 completed. Current sample-mean minimum is 2343.522076. New variance estimate is 547.228327.

Feasible point with lower objective function value found, but optimality criteria not satisfied. See output.bestfeasible..


Feasible point with lower objective function value found, but optimality criteria not satisfied. See output.bestfeasible..


Feasible point with lower objective function value found, but optimality criteria not satisfied. See output.bestfeasible..


Feasible point with lower objective function value found, but optimality criteria not satisfied. See output.bestfeasible..


Feasible point with lower objective function value found, but optimality criteria not satisfied. See output.bestfeasible..


Feasible point with lower objective function value found, but optimality criteria not satisfied. See output.bestfeasible..


Solver stopped prematurely.

fmincon stopped because it exceeded the function evaluation limit,
options.MaxFunctionEvaluations = 1.000000e+03.


Solver stopped prematurely.

fmincon stopped because it exceeded the function evaluation limit,
options.MaxFunctionEvaluations = 1.000000e+03.

Iteration 76 completed. Current sample-mean minimum is 2343.522076. New variance estimate is 547.228326.

Feasible point with lower objective function value found, but optimality criteria not satisfied. See output.bestfeasible..


Feasible point with lower objective function value found, but optimality criteria not satisfied. See output.bestfeasible..


Solver stopped prematurely.

fmincon stopped because it exceeded the function evaluation limit,
options.MaxFunctionEvaluations = 1.000000e+03.

Iteration 77 completed. Current sample-mean minimum is 2343.522076. New variance estimate is 547.228324.

Feasible point with lower objective function value found, but optimality criteria not satisfied. See output.bestfeasible..


Feasible point with lower objective function value found, but optimality criteria not satisfied. See output.bestfeasible..


Feasible point with lower objective function value found, but optimality criteria not satisfied. See output.bestfeasible..


Solver stopped prematurely.

fmincon stopped because it exceeded the function evaluation limit,
options.MaxFunctionEvaluations = 1.000000e+03.

Iteration 78 completed. Current sample-mean minimum is 2343.522076. New variance estimate is 551.989620.

Feasible point with lower objective function value found, but optimality criteria not satisfied. See output.bestfeasible..


Feasible point with lower objective function value found, but optimality criteria not satisfied. See output.bestfeasible..


Feasible point with lower objective function value found, but optimality criteria not satisfied. See output.bestfeasible..


Solver stopped prematurely.

fmincon stopped because it exceeded the function evaluation limit,
options.MaxFunctionEvaluations = 1.000000e+03.


Solver stopped prematurely.

fmincon stopped because it exceeded the function evaluation limit,
options.MaxFunctionEvaluations = 1.000000e+03.

Iteration 79 completed. Current sample-mean minimum is 2343.522076. New variance estimate is 549.693692.

Feasible point with lower objective function value found, but optimality criteria not satisfied. See output.bestfeasible..


Feasible point with lower objective function value found, but optimality criteria not satisfied. See output.bestfeasible..

Iteration 80 completed. Current sample-mean minimum is 2343.522076. New variance estimate is 547.228324.

Feasible point with lower objective function value found, but optimality criteria not satisfied. See output.bestfeasible..


Feasible point with lower objective function value found, but optimality criteria not satisfied. See output.bestfeasible..


Solver stopped prematurely.

fmincon stopped because it exceeded the function evaluation limit,
options.MaxFunctionEvaluations = 1.000000e+03.

Iteration 81 completed. Current sample-mean minimum is 2343.522076. New variance estimate is 547.228324.

Feasible point with lower objective function value found, but optimality criteria not satisfied. See output.bestfeasible..


Solver stopped prematurely.

fmincon stopped because it exceeded the function evaluation limit,
options.MaxFunctionEvaluations = 1.000000e+03.


Solver stopped prematurely.

fmincon stopped because it exceeded the function evaluation limit,
options.MaxFunctionEvaluations = 1.000000e+03.

Iteration 82 completed. Current sample-mean minimum is 2343.522076. New variance estimate is 547.228323.

Feasible point with lower objective function value found, but optimality criteria not satisfied. See output.bestfeasible..


Feasible point with lower objective function value found, but optimality criteria not satisfied. See output.bestfeasible..


Solver stopped prematurely.

fmincon stopped because it exceeded the function evaluation limit,
options.MaxFunctionEvaluations = 1.000000e+03.


Solver stopped prematurely.

fmincon stopped because it exceeded the function evaluation limit,
options.MaxFunctionEvaluations = 1.000000e+03.

Iteration 83 completed. Current sample-mean minimum is 2343.522076. New variance estimate is 547.228323.

Feasible point with lower objective function value found, but optimality criteria not satisfied. See output.bestfeasible..


Feasible point with lower objective function value found, but optimality criteria not satisfied. See output.bestfeasible..


Solver stopped prematurely.

fmincon stopped because it exceeded the function evaluation limit,
options.MaxFunctionEvaluations = 1.000000e+03.

Iteration 84 completed. Current sample-mean minimum is 2343.522076. New variance estimate is 547.228323.

Feasible point with lower objective function value found, but optimality criteria not satisfied. See output.bestfeasible..


Feasible point with lower objective function value found, but optimality criteria not satisfied. See output.bestfeasible..


Feasible point with lower objective function value found, but optimality criteria not satisfied. See output.bestfeasible..


Feasible point with lower objective function value found, but optimality criteria not satisfied. See output.bestfeasible..


Feasible point with lower objective function value found, but optimality criteria not satisfied. See output.bestfeasible..


Feasible point with lower objective function value found, but optimality criteria not satisfied. See output.bestfeasible..


Solver stopped prematurely.

fmincon stopped because it exceeded the function evaluation limit,
options.MaxFunctionEvaluations = 1.000000e+03.


Solver stopped prematurely.

fmincon stopped because it exceeded the function evaluation limit,
options.MaxFunctionEvaluations = 1.000000e+03.

Iteration 85 completed. Current sample-mean minimum is 2343.522076. New variance estimate is 551.600495.

Feasible point with lower objective function value found, but optimality criteria not satisfied. See output.bestfeasible..


Feasible point with lower objective function value found, but optimality criteria not satisfied. See output.bestfeasible..


Feasible point with lower objective function value found, but optimality criteria not satisfied. See output.bestfeasible..


Solver stopped prematurely.

fmincon stopped because it exceeded the function evaluation limit,
options.MaxFunctionEvaluations = 5.000000e+03.


Feasible point with lower objective function value found, but optimality criteria not satisfied. See output.bestfeasible..


Feasible point with lower objective function value found, but optimality criteria not satisfied. See output.bestfeasible..


Feasible point with lower objective function value found, but optimality criteria not satisfied. See output.bestfeasible..


Solver stopped prematurely.

fmincon stopped because it exceeded the function evaluation limit,
options.MaxFunctionEvaluations = 1.000000e+03.


Solver stopped prematurely.

fmincon stopped because it exceeded the function evaluation limit,
options.MaxFunctionEvaluations = 1.000000e+03.

Iteration 86 completed. Current sample-mean minimum is 2343.522076. New variance estimate is 547.228324.

Feasible point with lower objective function value found, but optimality criteria not satisfied. See output.bestfeasible..


Feasible point with lower objective function value found, but optimality criteria not satisfied. See output.bestfeasible..


Feasible point with lower objective function value found, but optimality criteria not satisfied. See output.bestfeasible..


Solver stopped prematurely.

fmincon stopped because it exceeded the function evaluation limit,
options.MaxFunctionEvaluations = 1.000000e+03.


Solver stopped prematurely.

fmincon stopped because it exceeded the function evaluation limit,
options.MaxFunctionEvaluations = 1.000000e+03.

Iteration 87 completed. Current sample-mean minimum is 2343.522076. New variance estimate is 547.228326.

Feasible point with lower objective function value found, but optimality criteria not satisfied. See output.bestfeasible..


Feasible point with lower objective function value found, but optimality criteria not satisfied. See output.bestfeasible..


Solver stopped prematurely.

fmincon stopped because it exceeded the function evaluation limit,
options.MaxFunctionEvaluations = 1.000000e+03.


Solver stopped prematurely.

fmincon stopped because it exceeded the function evaluation limit,
options.MaxFunctionEvaluations = 1.000000e+03.

Iteration 88 completed. Current sample-mean minimum is 2343.522076. New variance estimate is 577.210834.

Feasible point with lower objective function value found, but optimality criteria not satisfied. See output.bestfeasible..


Feasible point with lower objective function value found, but optimality criteria not satisfied. See output.bestfeasible..


Feasible point with lower objective function value found, but optimality criteria not satisfied. See output.bestfeasible..


Feasible point with lower objective function value found, but optimality criteria not satisfied. See output.bestfeasible..


Feasible point with lower objective function value found, but optimality criteria not satisfied. See output.bestfeasible..


Solver stopped prematurely.

fmincon stopped because it exceeded the function evaluation limit,
options.MaxFunctionEvaluations = 1.000000e+03.


Solver stopped prematurely.

fmincon stopped because it exceeded the function evaluation limit,
options.MaxFunctionEvaluations = 1.000000e+03.

Iteration 89 completed. Current sample-mean minimum is 2343.522076. New variance estimate is 547.228323.

Feasible point with lower objective function value found, but optimality criteria not satisfied. See output.bestfeasible..


Feasible point with lower objective function value found, but optimality criteria not satisfied. See output.bestfeasible..


Solver stopped prematurely.

fmincon stopped because it exceeded the function evaluation limit,
options.MaxFunctionEvaluations = 1.000000e+03.

Iteration 90 completed. Current sample-mean minimum is 2343.522076. New variance estimate is 547.228323.

Feasible point with lower objective function value found, but optimality criteria not satisfied. See output.bestfeasible..


Feasible point with lower objective function value found, but optimality criteria not satisfied. See output.bestfeasible..

Iteration 91 completed. Current sample-mean minimum is 2343.522076. New variance estimate is 547.595795.

Feasible point with lower objective function value found, but optimality criteria not satisfied. See output.bestfeasible..


Feasible point with lower objective function value found, but optimality criteria not satisfied. See output.bestfeasible..


Feasible point with lower objective function value found, but optimality criteria not satisfied. See output.bestfeasible..


Feasible point with lower objective function value found, but optimality criteria not satisfied. See output.bestfeasible..

Iteration 92 completed. Current sample-mean minimum is 2343.522076. New variance estimate is 655.135678.

Feasible point with lower objective function value found, but optimality criteria not satisfied. See output.bestfeasible..


Feasible point with lower objective function value found, but optimality criteria not satisfied. See output.bestfeasible..


Feasible point with lower objective function value found, but optimality criteria not satisfied. See output.bestfeasible..


Feasible point with lower objective function value found, but optimality criteria not satisfied. See output.bestfeasible..


Solver stopped prematurely.

fmincon stopped because it exceeded the function evaluation limit,
options.MaxFunctionEvaluations = 1.000000e+03.

Iteration 93 completed. Current sample-mean minimum is 2343.522076. New variance estimate is 547.228328.

Feasible point with lower objective function value found, but optimality criteria not satisfied. See output.bestfeasible..


Feasible point with lower objective function value found, but optimality criteria not satisfied. See output.bestfeasible..


Feasible point with lower objective function value found, but optimality criteria not satisfied. See output.bestfeasible..


Feasible point with lower objective function value found, but optimality criteria not satisfied. See output.bestfeasible..


Solver stopped prematurely.

fmincon stopped because it exceeded the function evaluation limit,
options.MaxFunctionEvaluations = 1.000000e+03.


Solver stopped prematurely.

fmincon stopped because it exceeded the function evaluation limit,
options.MaxFunctionEvaluations = 1.000000e+03.

Iteration 94 completed. Current sample-mean minimum is 2343.522076. New variance estimate is 547.228326.

Feasible point with lower objective function value found, but optimality criteria not satisfied. See output.bestfeasible..


Feasible point with lower objective function value found, but optimality criteria not satisfied. See output.bestfeasible..


Feasible point with lower objective function value found, but optimality criteria not satisfied. See output.bestfeasible..


Solver stopped prematurely.

fmincon stopped because it exceeded the function evaluation limit,
options.MaxFunctionEvaluations = 1.000000e+03.

Iteration 95 completed. Current sample-mean minimum is 2343.522076. New variance estimate is 547.228323.

Feasible point with lower objective function value found, but optimality criteria not satisfied. See output.bestfeasible..


Solver stopped prematurely.

fmincon stopped because it exceeded the function evaluation limit,
options.MaxFunctionEvaluations = 1.000000e+03.


Solver stopped prematurely.

fmincon stopped because it exceeded the function evaluation limit,
options.MaxFunctionEvaluations = 1.000000e+03.

Iteration 96 completed. Current sample-mean minimum is 2343.522076. New variance estimate is 547.228323.

Feasible point with lower objective function value found, but optimality criteria not satisfied. See output.bestfeasible..


Feasible point with lower objective function value found, but optimality criteria not satisfied. See output.bestfeasible..


Feasible point with lower objective function value found, but optimality criteria not satisfied. See output.bestfeasible..


Feasible point with lower objective function value found, but optimality criteria not satisfied. See output.bestfeasible..


Feasible point with lower objective function value found, but optimality criteria not satisfied. See output.bestfeasible..


Feasible point with lower objective function value found, but optimality criteria not satisfied. See output.bestfeasible..


Feasible point with lower objective function value found, but optimality criteria not satisfied. See output.bestfeasible..


Solver stopped prematurely.

fmincon stopped because it exceeded the function evaluation limit,
options.MaxFunctionEvaluations = 1.000000e+03.

Iteration 97 completed. Current sample-mean minimum is 2343.522076. New variance estimate is 547.228327.

Feasible point with lower objective function value found, but optimality criteria not satisfied. See output.bestfeasible..


Feasible point with lower objective function value found, but optimality criteria not satisfied. See output.bestfeasible..


Feasible point with lower objective function value found, but optimality criteria not satisfied. See output.bestfeasible..


Solver stopped prematurely.

fmincon stopped because it exceeded the function evaluation limit,
options.MaxFunctionEvaluations = 1.000000e+03.


Solver stopped prematurely.

fmincon stopped because it exceeded the function evaluation limit,
options.MaxFunctionEvaluations = 1.000000e+03.

Iteration 98 completed. Current sample-mean minimum is 2343.522076. New variance estimate is 579.864030.

Feasible point with lower objective function value found, but optimality criteria not satisfied. See output.bestfeasible..


Feasible point with lower objective function value found, but optimality criteria not satisfied. See output.bestfeasible..

Iteration 99 completed. Current sample-mean minimum is 2343.522076. New variance estimate is 547.228323.

Feasible point with lower objective function value found, but optimality criteria not satisfied. See output.bestfeasible..


Feasible point with lower objective function value found, but optimality criteria not satisfied. See output.bestfeasible..


Feasible point with lower objective function value found, but optimality criteria not satisfied. See output.bestfeasible..


Feasible point with lower objective function value found, but optimality criteria not satisfied. See output.bestfeasible..


Solver stopped prematurely.

fmincon stopped because it exceeded the function evaluation limit,
options.MaxFunctionEvaluations = 1.000000e+03.


Solver stopped prematurely.

fmincon stopped because it exceeded the function evaluation limit,
options.MaxFunctionEvaluations = 1.000000e+03.

Iteration 100 completed. Current sample-mean minimum is 2343.522076. New variance estimate is 551.663081.

Feasible point with lower objective function value found, but optimality criteria not satisfied. See output.bestfeasible..


Feasible point with lower objective function value found, but optimality criteria not satisfied. See output.bestfeasible..


Feasible point with lower objective function value found, but optimality criteria not satisfied. See output.bestfeasible..


Feasible point with lower objective function value found, but optimality criteria not satisfied. See output.bestfeasible..


Feasible point with lower objective function value found, but optimality criteria not satisfied. See output.bestfeasible..


Solver stopped prematurely.

fmincon stopped because it exceeded the function evaluation limit,
options.MaxFunctionEvaluations = 1.000000e+03.


Solver stopped prematurely.

fmincon stopped because it exceeded the function evaluation limit,
options.MaxFunctionEvaluations = 1.000000e+03.

Iteration 101 completed. Current sample-mean minimum is 2343.522076. New variance estimate is 547.228324.

Feasible point with lower objective function value found, but optimality criteria not satisfied. See output.bestfeasible..


Feasible point with lower objective function value found, but optimality criteria not satisfied. See output.bestfeasible..


Feasible point with lower objective function value found, but optimality criteria not satisfied. See output.bestfeasible..


Feasible point with lower objective function value found, but optimality criteria not satisfied. See output.bestfeasible..


Feasible point with lower objective function value found, but optimality criteria not satisfied. See output.bestfeasible..


Solver stopped prematurely.

fmincon stopped because it exceeded the function evaluation limit,
options.MaxFunctionEvaluations = 1.000000e+03.


Solver stopped prematurely.

fmincon stopped because it exceeded the function evaluation limit,
options.MaxFunctionEvaluations = 1.000000e+03.

Iteration 102 completed. Current sample-mean minimum is 2343.522076. New variance estimate is 547.228325.

Feasible point with lower objective function value found, but optimality criteria not satisfied. See output.bestfeasible..


Feasible point with lower objective function value found, but optimality criteria not satisfied. See output.bestfeasible..


Solver stopped prematurely.

fmincon stopped because it exceeded the function evaluation limit,
options.MaxFunctionEvaluations = 1.000000e+03.


Solver stopped prematurely.

fmincon stopped because it exceeded the function evaluation limit,
options.MaxFunctionEvaluations = 1.000000e+03.

Iteration 103 completed. Current sample-mean minimum is 2343.522076. New variance estimate is 547.228323.

Feasible point with lower objective function value found, but optimality criteria not satisfied. See output.bestfeasible..


Feasible point with lower objective function value found, but optimality criteria not satisfied. See output.bestfeasible..


Feasible point with lower objective function value found, but optimality criteria not satisfied. See output.bestfeasible..


Feasible point with lower objective function value found, but optimality criteria not satisfied. See output.bestfeasible..


Feasible point with lower objective function value found, but optimality criteria not satisfied. See output.bestfeasible..


Feasible point with lower objective function value found, but optimality criteria not satisfied. See output.bestfeasible..


Solver stopped prematurely.

fmincon stopped because it exceeded the function evaluation limit,
options.MaxFunctionEvaluations = 1.000000e+03.

Iteration 104 completed. Current sample-mean minimum is 2343.522076. New variance estimate is 547.228323.

Feasible point with lower objective function value found, but optimality criteria not satisfied. See output.bestfeasible..


Feasible point with lower objective function value found, but optimality criteria not satisfied. See output.bestfeasible..


Feasible point with lower objective function value found, but optimality criteria not satisfied. See output.bestfeasible..


Feasible point with lower objective function value found, but optimality criteria not satisfied. See output.bestfeasible..


Feasible point with lower objective function value found, but optimality criteria not satisfied. See output.bestfeasible..


Solver stopped prematurely.

fmincon stopped because it exceeded the function evaluation limit,
options.MaxFunctionEvaluations = 1.000000e+03.

Iteration 105 completed. Current sample-mean minimum is 2343.522076. New variance estimate is 547.228327.

Feasible point with lower objective function value found, but optimality criteria not satisfied. See output.bestfeasible..


Feasible point with lower objective function value found, but optimality criteria not satisfied. See output.bestfeasible..


Feasible point with lower objective function value found, but optimality criteria not satisfied. See output.bestfeasible..


Feasible point with lower objective function value found, but optimality criteria not satisfied. See output.bestfeasible..


Feasible point with lower objective function value found, but optimality criteria not satisfied. See output.bestfeasible..


Solver stopped prematurely.

fmincon stopped because it exceeded the function evaluation limit,
options.MaxFunctionEvaluations = 1.000000e+03.


Solver stopped prematurely.

fmincon stopped because it exceeded the function evaluation limit,
options.MaxFunctionEvaluations = 1.000000e+03.

Iteration 106 completed. Current sample-mean minimum is 2343.522076. New variance estimate is 555.450519.

Feasible point with lower objective function value found, but optimality criteria not satisfied. See output.bestfeasible..


Feasible point with lower objective function value found, but optimality criteria not satisfied. See output.bestfeasible..


Feasible point with lower objective function value found, but optimality criteria not satisfied. See output.bestfeasible..


Feasible point with lower objective function value found, but optimality criteria not satisfied. See output.bestfeasible..


Feasible point with lower objective function value found, but optimality criteria not satisfied. See output.bestfeasible..


Solver stopped prematurely.

fmincon stopped because it exceeded the function evaluation limit,
options.MaxFunctionEvaluations = 1.000000e+03.


Solver stopped prematurely.

fmincon stopped because it exceeded the function evaluation limit,
options.MaxFunctionEvaluations = 1.000000e+03.

Iteration 107 completed. Current sample-mean minimum is 2343.522076. New variance estimate is 547.228330.

Feasible point with lower objective function value found, but optimality criteria not satisfied. See output.bestfeasible..


Solver stopped prematurely.

fmincon stopped because it exceeded the function evaluation limit,
options.MaxFunctionEvaluations = 1.000000e+03.

Iteration 108 completed. Current sample-mean minimum is 2343.522076. New variance estimate is 572.519413.

Feasible point with lower objective function value found, but optimality criteria not satisfied. See output.bestfeasible..


Feasible point with lower objective function value found, but optimality criteria not satisfied. See output.bestfeasible..


Solver stopped prematurely.

fmincon stopped because it exceeded the function evaluation limit,
options.MaxFunctionEvaluations = 1.000000e+03.

Iteration 109 completed. Current sample-mean minimum is 2343.522076. New variance estimate is 565.134047.

Feasible point with lower objective function value found, but optimality criteria not satisfied. See output.bestfeasible..


Feasible point with lower objective function value found, but optimality criteria not satisfied. See output.bestfeasible..


Feasible point with lower objective function value found, but optimality criteria not satisfied. See output.bestfeasible..


Feasible point with lower objective function value found, but optimality criteria not satisfied. See output.bestfeasible..


Solver stopped prematurely.

fmincon stopped because it exceeded the function evaluation limit,
options.MaxFunctionEvaluations = 1.000000e+03.


Solver stopped prematurely.

fmincon stopped because it exceeded the function evaluation limit,
options.MaxFunctionEvaluations = 1.000000e+03.

Iteration 110 completed. Current sample-mean minimum is 2343.522076. New variance estimate is 547.228323.

Feasible point with lower objective function value found, but optimality criteria not satisfied. See output.bestfeasible..


Feasible point with lower objective function value found, but optimality criteria not satisfied. See output.bestfeasible..


Solver stopped prematurely.

fmincon stopped because it exceeded the function evaluation limit,
options.MaxFunctionEvaluations = 1.000000e+03.

Iteration 111 completed. Current sample-mean minimum is 2343.522076. New variance estimate is 547.228334.

Feasible point with lower objective function value found, but optimality criteria not satisfied. See output.bestfeasible..


Feasible point with lower objective function value found, but optimality criteria not satisfied. See output.bestfeasible..


Feasible point with lower objective function value found, but optimality criteria not satisfied. See output.bestfeasible..


Feasible point with lower objective function value found, but optimality criteria not satisfied. See output.bestfeasible..


Feasible point with lower objective function value found, but optimality criteria not satisfied. See output.bestfeasible..


Solver stopped prematurely.

fmincon stopped because it exceeded the function evaluation limit,
options.MaxFunctionEvaluations = 1.000000e+03.

Iteration 112 completed. Current sample-mean minimum is 2343.522076. New variance estimate is 547.228323.

Feasible point with lower objective function value found, but optimality criteria not satisfied. See output.bestfeasible..


Feasible point with lower objective function value found, but optimality criteria not satisfied. See output.bestfeasible..


Feasible point with lower objective function value found, but optimality criteria not satisfied. See output.bestfeasible..


Feasible point with lower objective function value found, but optimality criteria not satisfied. See output.bestfeasible..


Feasible point with lower objective function value found, but optimality criteria not satisfied. See output.bestfeasible..


Feasible point with lower objective function value found, but optimality criteria not satisfied. See output.bestfeasible..


Solver stopped prematurely.

fmincon stopped because it exceeded the function evaluation limit,
options.MaxFunctionEvaluations = 1.000000e+03.


Solver stopped prematurely.

fmincon stopped because it exceeded the function evaluation limit,
options.MaxFunctionEvaluations = 1.000000e+03.

Iteration 113 completed. Current sample-mean minimum is 2343.522076. New variance estimate is 547.228326.

Feasible point with lower objective function value found, but optimality criteria not satisfied. See output.bestfeasible..


Feasible point with lower objective function value found, but optimality criteria not satisfied. See output.bestfeasible..


Feasible point with lower objective function value found, but optimality criteria not satisfied. See output.bestfeasible..


Feasible point with lower objective function value found, but optimality criteria not satisfied. See output.bestfeasible..


Feasible point with lower objective function value found, but optimality criteria not satisfied. See output.bestfeasible..


Feasible point with lower objective function value found, but optimality criteria not satisfied. See output.bestfeasible..


Solver stopped prematurely.

fmincon stopped because it exceeded the function evaluation limit,
options.MaxFunctionEvaluations = 1.000000e+03.


Solver stopped prematurely.

fmincon stopped because it exceeded the function evaluation limit,
options.MaxFunctionEvaluations = 1.000000e+03.

Iteration 114 completed. Current sample-mean minimum is 2343.522076. New variance estimate is 576.287579.

Feasible point with lower objective function value found, but optimality criteria not satisfied. See output.bestfeasible..


Feasible point with lower objective function value found, but optimality criteria not satisfied. See output.bestfeasible..


Feasible point with lower objective function value found, but optimality criteria not satisfied. See output.bestfeasible..


Solver stopped prematurely.

fmincon stopped because it exceeded the function evaluation limit,
options.MaxFunctionEvaluations = 1.000000e+03.

Iteration 115 completed. Current sample-mean minimum is 2343.522076. New variance estimate is 547.228325.

Feasible point with lower objective function value found, but optimality criteria not satisfied. See output.bestfeasible..


Feasible point with lower objective function value found, but optimality criteria not satisfied. See output.bestfeasible..


Feasible point with lower objective function value found, but optimality criteria not satisfied. See output.bestfeasible..


Solver stopped prematurely.

fmincon stopped because it exceeded the function evaluation limit,
options.MaxFunctionEvaluations = 1.000000e+03.

Iteration 116 completed. Current sample-mean minimum is 2343.522076. New variance estimate is 567.011861.

Feasible point with lower objective function value found, but optimality criteria not satisfied. See output.bestfeasible..


Feasible point with lower objective function value found, but optimality criteria not satisfied. See output.bestfeasible..


Feasible point with lower objective function value found, but optimality criteria not satisfied. See output.bestfeasible..

Iteration 117 completed. Current sample-mean minimum is 2343.522076. New variance estimate is 547.228323.

Feasible point with lower objective function value found, but optimality criteria not satisfied. See output.bestfeasible..


Feasible point with lower objective function value found, but optimality criteria not satisfied. See output.bestfeasible..


Solver stopped prematurely.

fmincon stopped because it exceeded the function evaluation limit,
options.MaxFunctionEvaluations = 1.000000e+03.


Solver stopped prematurely.

fmincon stopped because it exceeded the function evaluation limit,
options.MaxFunctionEvaluations = 1.000000e+03.

Iteration 118 completed. Current sample-mean minimum is 2343.522076. New variance estimate is 569.547283.

Feasible point with lower objective function value found, but optimality criteria not satisfied. See output.bestfeasible..


Feasible point with lower objective function value found, but optimality criteria not satisfied. See output.bestfeasible..


Feasible point with lower objective function value found, but optimality criteria not satisfied. See output.bestfeasible..


Feasible point with lower objective function value found, but optimality criteria not satisfied. See output.bestfeasible..


Feasible point with lower objective function value found, but optimality criteria not satisfied. See output.bestfeasible..


Feasible point with lower objective function value found, but optimality criteria not satisfied. See output.bestfeasible..


Solver stopped prematurely.

fmincon stopped because it exceeded the function evaluation limit,
options.MaxFunctionEvaluations = 1.000000e+03.


Solver stopped prematurely.

fmincon stopped because it exceeded the function evaluation limit,
options.MaxFunctionEvaluations = 1.000000e+03.


Solver stopped prematurely.

fmincon stopped because it exceeded the function evaluation limit,
options.MaxFunctionEvaluations = 1.000000e+03.

Iteration 119 completed. Current sample-mean minimum is 2343.522076. New variance estimate is 563.630971.

Feasible point with lower objective function value found, but optimality criteria not satisfied. See output.bestfeasible..


Feasible point with lower objective function value found, but optimality criteria not satisfied. See output.bestfeasible..


Feasible point with lower objective function value found, but optimality criteria not satisfied. See output.bestfeasible..


Feasible point with lower objective function value found, but optimality criteria not satisfied. See output.bestfeasible..


Feasible point with lower objective function value found, but optimality criteria not satisfied. See output.bestfeasible..


Solver stopped prematurely.

fmincon stopped because it exceeded the function evaluation limit,
options.MaxFunctionEvaluations = 1.000000e+03.


Solver stopped prematurely.

fmincon stopped because it exceeded the function evaluation limit,
options.MaxFunctionEvaluations = 1.000000e+03.


Solver stopped prematurely.

fmincon stopped because it exceeded the function evaluation limit,
options.MaxFunctionEvaluations = 1.000000e+03.

Iteration 120 completed. Current sample-mean minimum is 2343.522076. New variance estimate is 571.078045.

Feasible point with lower objective function value found, but optimality criteria not satisfied. See output.bestfeasible..


Feasible point with lower objective function value found, but optimality criteria not satisfied. See output.bestfeasible..


Feasible point with lower objective function value found, but optimality criteria not satisfied. See output.bestfeasible..


Solver stopped prematurely.

fmincon stopped because it exceeded the function evaluation limit,
options.MaxFunctionEvaluations = 1.000000e+03.


Solver stopped prematurely.

fmincon stopped because it exceeded the function evaluation limit,
options.MaxFunctionEvaluations = 1.000000e+03.


Solver stopped prematurely.

fmincon stopped because it exceeded the function evaluation limit,
options.MaxFunctionEvaluations = 1.000000e+03.

Iteration 121 completed. Current sample-mean minimum is 2343.522076. New variance estimate is 567.647696.

Feasible point with lower objective function value found, but optimality criteria not satisfied. See output.bestfeasible..


Feasible point with lower objective function value found, but optimality criteria not satisfied. See output.bestfeasible..


Feasible point with lower objective function value found, but optimality criteria not satisfied. See output.bestfeasible..


Solver stopped prematurely.

fmincon stopped because it exceeded the function evaluation limit,
options.MaxFunctionEvaluations = 1.000000e+03.


Solver stopped prematurely.

fmincon stopped because it exceeded the function evaluation limit,
options.MaxFunctionEvaluations = 1.000000e+03.

Iteration 122 completed. Current sample-mean minimum is 2342.969572. New variance estimate is 547.228323.

Feasible point with lower objective function value found, but optimality criteria not satisfied. See output.bestfeasible..


Feasible point with lower objective function value found, but optimality criteria not satisfied. See output.bestfeasible..


Solver stopped prematurely.

fmincon stopped because it exceeded the function evaluation limit,
options.MaxFunctionEvaluations = 1.000000e+03.


Solver stopped prematurely.

fmincon stopped because it exceeded the function evaluation limit,
options.MaxFunctionEvaluations = 1.000000e+03.

Iteration 123 completed. Current sample-mean minimum is 2342.969572. New variance estimate is 569.284184.

Feasible point with lower objective function value found, but optimality criteria not satisfied. See output.bestfeasible..


Feasible point with lower objective function value found, but optimality criteria not satisfied. See output.bestfeasible..


Feasible point with lower objective function value found, but optimality criteria not satisfied. See output.bestfeasible..


Solver stopped prematurely.

fmincon stopped because it exceeded the function evaluation limit,
options.MaxFunctionEvaluations = 1.000000e+03.


Solver stopped prematurely.

fmincon stopped because it exceeded the function evaluation limit,
options.MaxFunctionEvaluations = 1.000000e+03.

Iteration 124 completed. Current sample-mean minimum is 2342.969572. New variance estimate is 547.228325.

Feasible point with lower objective function value found, but optimality criteria not satisfied. See output.bestfeasible..


Feasible point with lower objective function value found, but optimality criteria not satisfied. See output.bestfeasible..


Solver stopped prematurely.

fmincon stopped because it exceeded the function evaluation limit,
options.MaxFunctionEvaluations = 1.000000e+03.

Iteration 125 completed. Current sample-mean minimum is 2342.969572. New variance estimate is 547.228325.

Feasible point with lower objective function value found, but optimality criteria not satisfied. See output.bestfeasible..


Feasible point with lower objective function value found, but optimality criteria not satisfied. See output.bestfeasible..


Feasible point with lower objective function value found, but optimality criteria not satisfied. See output.bestfeasible..


Feasible point with lower objective function value found, but optimality criteria not satisfied. See output.bestfeasible..


Feasible point with lower objective function value found, but optimality criteria not satisfied. See output.bestfeasible..


Solver stopped prematurely.

fmincon stopped because it exceeded the function evaluation limit,
options.MaxFunctionEvaluations = 1.000000e+03.


Solver stopped prematurely.

fmincon stopped because it exceeded the function evaluation limit,
options.MaxFunctionEvaluations = 1.000000e+03.

Iteration 126 completed. Current sample-mean minimum is 2342.969572. New variance estimate is 572.777132.

Feasible point with lower objective function value found, but optimality criteria not satisfied. See output.bestfeasible..


Feasible point with lower objective function value found, but optimality criteria not satisfied. See output.bestfeasible..


Feasible point with lower objective function value found, but optimality criteria not satisfied. See output.bestfeasible..


Feasible point with lower objective function value found, but optimality criteria not satisfied. See output.bestfeasible..


Feasible point with lower objective function value found, but optimality criteria not satisfied. See output.bestfeasible..


Solver stopped prematurely.

fmincon stopped because it exceeded the function evaluation limit,
options.MaxFunctionEvaluations = 1.000000e+03.

Iteration 127 completed. Current sample-mean minimum is 2342.969572. New variance estimate is 571.208069.

Feasible point with lower objective function value found, but optimality criteria not satisfied. See output.bestfeasible..


Feasible point with lower objective function value found, but optimality criteria not satisfied. See output.bestfeasible..


Feasible point with lower objective function value found, but optimality criteria not satisfied. See output.bestfeasible..


Feasible point with lower objective function value found, but optimality criteria not satisfied. See output.bestfeasible..


Solver stopped prematurely.

fmincon stopped because it exceeded the function evaluation limit,
options.MaxFunctionEvaluations = 1.000000e+03.


Solver stopped prematurely.

fmincon stopped because it exceeded the function evaluation limit,
options.MaxFunctionEvaluations = 1.000000e+03.

Iteration 128 completed. Current sample-mean minimum is 2342.969572. New variance estimate is 547.228323.

Feasible point with lower objective function value found, but optimality criteria not satisfied. See output.bestfeasible..


Feasible point with lower objective function value found, but optimality criteria not satisfied. See output.bestfeasible..


Feasible point with lower objective function value found, but optimality criteria not satisfied. See output.bestfeasible..


Feasible point with lower objective function value found, but optimality criteria not satisfied. See output.bestfeasible..


Solver stopped prematurely.

fmincon stopped because it exceeded the function evaluation limit,
options.MaxFunctionEvaluations = 1.000000e+03.

Iteration 129 completed. Current sample-mean minimum is 2342.969572. New variance estimate is 568.254003.

Feasible point with lower objective function value found, but optimality criteria not satisfied. See output.bestfeasible..


Feasible point with lower objective function value found, but optimality criteria not satisfied. See output.bestfeasible..


Feasible point with lower objective function value found, but optimality criteria not satisfied. See output.bestfeasible..


Feasible point with lower objective function value found, but optimality criteria not satisfied. See output.bestfeasible..


Solver stopped prematurely.

fmincon stopped because it exceeded the function evaluation limit,
options.MaxFunctionEvaluations = 1.000000e+03.


Solver stopped prematurely.

fmincon stopped because it exceeded the function evaluation limit,
options.MaxFunctionEvaluations = 1.000000e+03.

Iteration 130 completed. Current sample-mean minimum is 2342.969572. New variance estimate is 547.228323.

Feasible point with lower objective function value found, but optimality criteria not satisfied. See output.bestfeasible..


Feasible point with lower objective function value found, but optimality criteria not satisfied. See output.bestfeasible..


Feasible point with lower objective function value found, but optimality criteria not satisfied. See output.bestfeasible..


Feasible point with lower objective function value found, but optimality criteria not satisfied. See output.bestfeasible..


Feasible point with lower objective function value found, but optimality criteria not satisfied. See output.bestfeasible..


Solver stopped prematurely.

fmincon stopped because it exceeded the function evaluation limit,
options.MaxFunctionEvaluations = 1.000000e+03.

Iteration 131 completed. Current sample-mean minimum is 2342.969572. New variance estimate is 547.228330.

Feasible point with lower objective function value found, but optimality criteria not satisfied. See output.bestfeasible..


Feasible point with lower objective function value found, but optimality criteria not satisfied. See output.bestfeasible..


Feasible point with lower objective function value found, but optimality criteria not satisfied. See output.bestfeasible..


Feasible point with lower objective function value found, but optimality criteria not satisfied. See output.bestfeasible..


Feasible point with lower objective function value found, but optimality criteria not satisfied. See output.bestfeasible..

Iteration 132 completed. Current sample-mean minimum is 2342.969572. New variance estimate is 547.228323.

Feasible point with lower objective function value found, but optimality criteria not satisfied. See output.bestfeasible..


Feasible point with lower objective function value found, but optimality criteria not satisfied. See output.bestfeasible..


Feasible point with lower objective function value found, but optimality criteria not satisfied. See output.bestfeasible..


Solver stopped prematurely.

fmincon stopped because it exceeded the function evaluation limit,
options.MaxFunctionEvaluations = 1.000000e+03.

Iteration 133 completed. Current sample-mean minimum is 2342.969572. New variance estimate is 563.065182.

Solver stopped prematurely.

fmincon stopped because it exceeded the function evaluation limit,
options.MaxFunctionEvaluations = 1.000000e+03.

Iteration 134 completed. Current sample-mean minimum is 2342.969572. New variance estimate is 568.963352.

Feasible point with lower objective function value found, but optimality criteria not satisfied. See output.bestfeasible..


Feasible point with lower objective function value found, but optimality criteria not satisfied. See output.bestfeasible..


Feasible point with lower objective function value found, but optimality criteria not satisfied. See output.bestfeasible..


Feasible point with lower objective function value found, but optimality criteria not satisfied. See output.bestfeasible..


Solver stopped prematurely.

fmincon stopped because it exceeded the function evaluation limit,
options.MaxFunctionEvaluations = 1.000000e+03.

Iteration 135 completed. Current sample-mean minimum is 2342.969572. New variance estimate is 554.746518.

Feasible point with lower objective function value found, but optimality criteria not satisfied. See output.bestfeasible..


Solver stopped prematurely.

fmincon stopped because it exceeded the function evaluation limit,
options.MaxFunctionEvaluations = 1.000000e+03.

Iteration 136 completed. Current sample-mean minimum is 2342.969572. New variance estimate is 547.228323.

Feasible point with lower objective function value found, but optimality criteria not satisfied. See output.bestfeasible..


Feasible point with lower objective function value found, but optimality criteria not satisfied. See output.bestfeasible..


Feasible point with lower objective function value found, but optimality criteria not satisfied. See output.bestfeasible..


Feasible point with lower objective function value found, but optimality criteria not satisfied. See output.bestfeasible..

Iteration 137 completed. Current sample-mean minimum is 2342.969572. New variance estimate is 547.228324.

Feasible point with lower objective function value found, but optimality criteria not satisfied. See output.bestfeasible..


Feasible point with lower objective function value found, but optimality criteria not satisfied. See output.bestfeasible..


Feasible point with lower objective function value found, but optimality criteria not satisfied. See output.bestfeasible..


Feasible point with lower objective function value found, but optimality criteria not satisfied. See output.bestfeasible..


Feasible point with lower objective function value found, but optimality criteria not satisfied. See output.bestfeasible..


Feasible point with lower objective function value found, but optimality criteria not satisfied. See output.bestfeasible..


Solver stopped prematurely.

fmincon stopped because it exceeded the function evaluation limit,
options.MaxFunctionEvaluations = 5.000000e+03.


Solver stopped prematurely.

fmincon stopped because it exceeded the function evaluation limit,
options.MaxFunctionEvaluations = 1.000000e+03.


Solver stopped prematurely.

fmincon stopped because it exceeded the function evaluation limit,
options.MaxFunctionEvaluations = 1.000000e+03.

Iteration 138 completed. Current sample-mean minimum is 2342.969572. New variance estimate is 547.228323.

Feasible point with lower objective function value found, but optimality criteria not satisfied. See output.bestfeasible..


Feasible point with lower objective function value found, but optimality criteria not satisfied. See output.bestfeasible..


Feasible point with lower objective function value found, but optimality criteria not satisfied. See output.bestfeasible..


Feasible point with lower objective function value found, but optimality criteria not satisfied. See output.bestfeasible..


Feasible point with lower objective function value found, but optimality criteria not satisfied. See output.bestfeasible..


Solver stopped prematurely.

fmincon stopped because it exceeded the function evaluation limit,
options.MaxFunctionEvaluations = 1.000000e+03.


Solver stopped prematurely.

fmincon stopped because it exceeded the function evaluation limit,
options.MaxFunctionEvaluations = 1.000000e+03.

Iteration 139 completed. Current sample-mean minimum is 2342.969572. New variance estimate is 547.228323.

Feasible point with lower objective function value found, but optimality criteria not satisfied. See output.bestfeasible..


Feasible point with lower objective function value found, but optimality criteria not satisfied. See output.bestfeasible..


Feasible point with lower objective function value found, but optimality criteria not satisfied. See output.bestfeasible..


Feasible point with lower objective function value found, but optimality criteria not satisfied. See output.bestfeasible..


Feasible point with lower objective function value found, but optimality criteria not satisfied. See output.bestfeasible..


Feasible point with lower objective function value found, but optimality criteria not satisfied. See output.bestfeasible..


Feasible point with lower objective function value found, but optimality criteria not satisfied. See output.bestfeasible..


Feasible point with lower objective function value found, but optimality criteria not satisfied. See output.bestfeasible..


Solver stopped prematurely.

fmincon stopped because it exceeded the function evaluation limit,
options.MaxFunctionEvaluations = 5.000000e+03.


Solver stopped prematurely.

fmincon stopped because it exceeded the function evaluation limit,
options.MaxFunctionEvaluations = 1.000000e+03.


Solver stopped prematurely.

fmincon stopped because it exceeded the function evaluation limit,
options.MaxFunctionEvaluations = 1.000000e+03.


Solver stopped prematurely.

fmincon stopped because it exceeded the function evaluation limit,
options.MaxFunctionEvaluations = 1.000000e+03.

Iteration 140 completed. Current sample-mean minimum is 2342.969572. New variance estimate is 547.228323.

Feasible point with lower objective function value found, but optimality criteria not satisfied. See output.bestfeasible..


Feasible point with lower objective function value found, but optimality criteria not satisfied. See output.bestfeasible..


Feasible point with lower objective function value found, but optimality criteria not satisfied. See output.bestfeasible..


Feasible point with lower objective function value found, but optimality criteria not satisfied. See output.bestfeasible..


Feasible point with lower objective function value found, but optimality criteria not satisfied. See output.bestfeasible..


Solver stopped prematurely.

fmincon stopped because it exceeded the function evaluation limit,
options.MaxFunctionEvaluations = 1.000000e+03.

Iteration 141 completed. Current sample-mean minimum is 2342.969572. New variance estimate is 547.228323.

Feasible point with lower objective function value found, but optimality criteria not satisfied. See output.bestfeasible..


Feasible point with lower objective function value found, but optimality criteria not satisfied. See output.bestfeasible..


Feasible point with lower objective function value found, but optimality criteria not satisfied. See output.bestfeasible..


Feasible point with lower objective function value found, but optimality criteria not satisfied. See output.bestfeasible..


Feasible point with lower objective function value found, but optimality criteria not satisfied. See output.bestfeasible..


Feasible point with lower objective function value found, but optimality criteria not satisfied. See output.bestfeasible..


Solver stopped prematurely.

fmincon stopped because it exceeded the function evaluation limit,
options.MaxFunctionEvaluations = 1.000000e+03.

Iteration 142 completed. Current sample-mean minimum is 2342.969572. New variance estimate is 547.228323.

Feasible point with lower objective function value found, but optimality criteria not satisfied. See output.bestfeasible..


Feasible point with lower objective function value found, but optimality criteria not satisfied. See output.bestfeasible..


Solver stopped prematurely.

fmincon stopped because it exceeded the function evaluation limit,
options.MaxFunctionEvaluations = 5.000000e+03.


Feasible point with lower objective function value found, but optimality criteria not satisfied. See output.bestfeasible..


Feasible point with lower objective function value found, but optimality criteria not satisfied. See output.bestfeasible..


Feasible point with lower objective function value found, but optimality criteria not satisfied. See output.bestfeasible..


Solver stopped prematurely.

fmincon stopped because it exceeded the function evaluation limit,
options.MaxFunctionEvaluations = 5.000000e+03.


Solver stopped prematurely.

fmincon stopped because it exceeded the function evaluation limit,
options.MaxFunctionEvaluations = 1.000000e+03.


Solver stopped prematurely.

fmincon stopped because it exceeded the function evaluation limit,
options.MaxFunctionEvaluations = 1.000000e+03.

Iteration 143 completed. Current sample-mean minimum is 2342.969572. New variance estimate is 547.228323.

Feasible point with lower objective function value found, but optimality criteria not satisfied. See output.bestfeasible..


Feasible point with lower objective function value found, but optimality criteria not satisfied. See output.bestfeasible..


Feasible point with lower objective function value found, but optimality criteria not satisfied. See output.bestfeasible..


Feasible point with lower objective function value found, but optimality criteria not satisfied. See output.bestfeasible..


Feasible point with lower objective function value found, but optimality criteria not satisfied. See output.bestfeasible..


Feasible point with lower objective function value found, but optimality criteria not satisfied. See output.bestfeasible..


Solver stopped prematurely.

fmincon stopped because it exceeded the function evaluation limit,
options.MaxFunctionEvaluations = 1.000000e+03.

Iteration 144 completed. Current sample-mean minimum is 2342.969572. New variance estimate is 547.228323.

Feasible point with lower objective function value found, but optimality criteria not satisfied. See output.bestfeasible..


Feasible point with lower objective function value found, but optimality criteria not satisfied. See output.bestfeasible..


Feasible point with lower objective function value found, but optimality criteria not satisfied. See output.bestfeasible..


Feasible point with lower objective function value found, but optimality criteria not satisfied. See output.bestfeasible..


Feasible point with lower objective function value found, but optimality criteria not satisfied. See output.bestfeasible..


Feasible point with lower objective function value found, but optimality criteria not satisfied. See output.bestfeasible..


Feasible point with lower objective function value found, but optimality criteria not satisfied. See output.bestfeasible..


Solver stopped prematurely.

fmincon stopped because it exceeded the function evaluation limit,
options.MaxFunctionEvaluations = 1.000000e+03.

Iteration 145 completed. Current sample-mean minimum is 2342.969572. New variance estimate is 547.228323.

Feasible point with lower objective function value found, but optimality criteria not satisfied. See output.bestfeasible..


Feasible point with lower objective function value found, but optimality criteria not satisfied. See output.bestfeasible..


Feasible point with lower objective function value found, but optimality criteria not satisfied. See output.bestfeasible..


Solver stopped prematurely.

fmincon stopped because it exceeded the function evaluation limit,
options.MaxFunctionEvaluations = 1.000000e+03.

Iteration 146 completed. Current sample-mean minimum is 2342.969572. New variance estimate is 547.228323.

Feasible point with lower objective function value found, but optimality criteria not satisfied. See output.bestfeasible..


Feasible point with lower objective function value found, but optimality criteria not satisfied. See output.bestfeasible..


Feasible point with lower objective function value found, but optimality criteria not satisfied. See output.bestfeasible..


Feasible point with lower objective function value found, but optimality criteria not satisfied. See output.bestfeasible..


Feasible point with lower objective function value found, but optimality criteria not satisfied. See output.bestfeasible..


Feasible point with lower objective function value found, but optimality criteria not satisfied. See output.bestfeasible..


Solver stopped prematurely.

fmincon stopped because it exceeded the function evaluation limit,
options.MaxFunctionEvaluations = 5.000000e+03.


Solver stopped prematurely.

fmincon stopped because it exceeded the function evaluation limit,
options.MaxFunctionEvaluations = 1.000000e+03.


Solver stopped prematurely.

fmincon stopped because it exceeded the function evaluation limit,
options.MaxFunctionEvaluations = 1.000000e+03.

Iteration 147 completed. Current sample-mean minimum is 2342.969572. New variance estimate is 547.228323.

Feasible point with lower objective function value found, but optimality criteria not satisfied. See output.bestfeasible..


Feasible point with lower objective function value found, but optimality criteria not satisfied. See output.bestfeasible..


Feasible point with lower objective function value found, but optimality criteria not satisfied. See output.bestfeasible..


Solver stopped prematurely.

fmincon stopped because it exceeded the function evaluation limit,
options.MaxFunctionEvaluations = 5.000000e+03.


Feasible point with lower objective function value found, but optimality criteria not satisfied. See output.bestfeasible..


Feasible point with lower objective function value found, but optimality criteria not satisfied. See output.bestfeasible..


Feasible point with lower objective function value found, but optimality criteria not satisfied. See output.bestfeasible..


Solver stopped prematurely.

fmincon stopped because it exceeded the function evaluation limit,
options.MaxFunctionEvaluations = 1.000000e+03.


Solver stopped prematurely.

fmincon stopped because it exceeded the function evaluation limit,
options.MaxFunctionEvaluations = 1.000000e+03.

Iteration 148 completed. Current sample-mean minimum is 2342.969572. New variance estimate is 547.228323.

Feasible point with lower objective function value found, but optimality criteria not satisfied. See output.bestfeasible..


Feasible point with lower objective function value found, but optimality criteria not satisfied. See output.bestfeasible..


Feasible point with lower objective function value found, but optimality criteria not satisfied. See output.bestfeasible..


Feasible point with lower objective function value found, but optimality criteria not satisfied. See output.bestfeasible..


Feasible point with lower objective function value found, but optimality criteria not satisfied. See output.bestfeasible..


Feasible point with lower objective function value found, but optimality criteria not satisfied. See output.bestfeasible..


Solver stopped prematurely.

fmincon stopped because it exceeded the function evaluation limit,
options.MaxFunctionEvaluations = 5.000000e+03.


Solver stopped prematurely.

fmincon stopped because it exceeded the function evaluation limit,
options.MaxFunctionEvaluations = 1.000000e+03.


Solver stopped prematurely.

fmincon stopped because it exceeded the function evaluation limit,
options.MaxFunctionEvaluations = 1.000000e+03.

Iteration 149 completed. Current sample-mean minimum is 2342.969572. New variance estimate is 547.228323.

Feasible point with lower objective function value found, but optimality criteria not satisfied. See output.bestfeasible..


Feasible point with lower objective function value found, but optimality criteria not satisfied. See output.bestfeasible..


Feasible point with lower objective function value found, but optimality criteria not satisfied. See output.bestfeasible..


Feasible point with lower objective function value found, but optimality criteria not satisfied. See output.bestfeasible..


Solver stopped prematurely.

fmincon stopped because it exceeded the function evaluation limit,
options.MaxFunctionEvaluations = 5.000000e+03.


Feasible point with lower objective function value found, but optimality criteria not satisfied. See output.bestfeasible..


Feasible point with lower objective function value found, but optimality criteria not satisfied. See output.bestfeasible..


Feasible point with lower objective function value found, but optimality criteria not satisfied. See output.bestfeasible..


Solver stopped prematurely.

fmincon stopped because it exceeded the function evaluation limit,
options.MaxFunctionEvaluations = 5.000000e+03.


Solver stopped prematurely.

fmincon stopped because it exceeded the function evaluation limit,
options.MaxFunctionEvaluations = 1.000000e+03.


Solver stopped prematurely.

fmincon stopped because it exceeded the function evaluation limit,
options.MaxFunctionEvaluations = 1.000000e+03.


Solver stopped prematurely.

fmincon stopped because it exceeded the function evaluation limit,
options.MaxFunctionEvaluations = 1.000000e+03.

Iteration 150 completed. Current sample-mean minimum is 2342.969572. New variance estimate is 547.228323.

Feasible point with lower objective function value found, but optimality criteria not satisfied. See output.bestfeasible..


Feasible point with lower objective function value found, but optimality criteria not satisfied. See output.bestfeasible..


Feasible point with lower objective function value found, but optimality criteria not satisfied. See output.bestfeasible..


Feasible point with lower objective function value found, but optimality criteria not satisfied. See output.bestfeasible..


Feasible point with lower objective function value found, but optimality criteria not satisfied. See output.bestfeasible..


Feasible point with lower objective function value found, but optimality criteria not satisfied. See output.bestfeasible..


Solver stopped prematurely.

fmincon stopped because it exceeded the function evaluation limit,
options.MaxFunctionEvaluations = 1.000000e+03.

Iteration 151 completed. Current sample-mean minimum is 2342.969572. New variance estimate is 547.228323.

Feasible point with lower objective function value found, but optimality criteria not satisfied. See output.bestfeasible..


Feasible point with lower objective function value found, but optimality criteria not satisfied. See output.bestfeasible..


Feasible point with lower objective function value found, but optimality criteria not satisfied. See output.bestfeasible..


Feasible point with lower objective function value found, but optimality criteria not satisfied. See output.bestfeasible..


Feasible point with lower objective function value found, but optimality criteria not satisfied. See output.bestfeasible..


Feasible point with lower objective function value found, but optimality criteria not satisfied. See output.bestfeasible..


Feasible point with lower objective function value found, but optimality criteria not satisfied. See output.bestfeasible..

Iteration 152 completed. Current sample-mean minimum is 2342.969572. New variance estimate is 547.228323.

Feasible point with lower objective function value found, but optimality criteria not satisfied. See output.bestfeasible..


Feasible point with lower objective function value found, but optimality criteria not satisfied. See output.bestfeasible..


Feasible point with lower objective function value found, but optimality criteria not satisfied. See output.bestfeasible..


Feasible point with lower objective function value found, but optimality criteria not satisfied. See output.bestfeasible..


Feasible point with lower objective function value found, but optimality criteria not satisfied. See output.bestfeasible..


Feasible point with lower objective function value found, but optimality criteria not satisfied. See output.bestfeasible..


Feasible point with lower objective function value found, but optimality criteria not satisfied. See output.bestfeasible..


Solver stopped prematurely.

fmincon stopped because it exceeded the function evaluation limit,
options.MaxFunctionEvaluations = 1.000000e+03.

Iteration 153 completed. Current sample-mean minimum is 2342.969572. New variance estimate is 547.228323.

Feasible point with lower objective function value found, but optimality criteria not satisfied. See output.bestfeasible..


Feasible point with lower objective function value found, but optimality criteria not satisfied. See output.bestfeasible..

Iteration 154 completed. Current sample-mean minimum is 2342.969572. New variance estimate is 547.228323.

Feasible point with lower objective function value found, but optimality criteria not satisfied. See output.bestfeasible..


Feasible point with lower objective function value found, but optimality criteria not satisfied. See output.bestfeasible..


Feasible point with lower objective function value found, but optimality criteria not satisfied. See output.bestfeasible..


Feasible point with lower objective function value found, but optimality criteria not satisfied. See output.bestfeasible..


Feasible point with lower objective function value found, but optimality criteria not satisfied. See output.bestfeasible..

Iteration 155 completed. Current sample-mean minimum is 2342.969572. New variance estimate is 598.636300.

Feasible point with lower objective function value found, but optimality criteria not satisfied. See output.bestfeasible..


Feasible point with lower objective function value found, but optimality criteria not satisfied. See output.bestfeasible..


Feasible point with lower objective function value found, but optimality criteria not satisfied. See output.bestfeasible..


Feasible point with lower objective function value found, but optimality criteria not satisfied. See output.bestfeasible..


Feasible point with lower objective function value found, but optimality criteria not satisfied. See output.bestfeasible..


Feasible point with lower objective function value found, but optimality criteria not satisfied. See output.bestfeasible..


Solver stopped prematurely.

fmincon stopped because it exceeded the function evaluation limit,
options.MaxFunctionEvaluations = 1.000000e+03.

Iteration 156 completed. Current sample-mean minimum is 2342.969572. New variance estimate is 547.228323.

Feasible point with lower objective function value found, but optimality criteria not satisfied. See output.bestfeasible..


Feasible point with lower objective function value found, but optimality criteria not satisfied. See output.bestfeasible..


Feasible point with lower objective function value found, but optimality criteria not satisfied. See output.bestfeasible..


Feasible point with lower objective function value found, but optimality criteria not satisfied. See output.bestfeasible..


Feasible point with lower objective function value found, but optimality criteria not satisfied. See output.bestfeasible..


Solver stopped prematurely.

fmincon stopped because it exceeded the function evaluation limit,
options.MaxFunctionEvaluations = 1.000000e+03.


Solver stopped prematurely.

fmincon stopped because it exceeded the function evaluation limit,
options.MaxFunctionEvaluations = 1.000000e+03.

Iteration 157 completed. Current sample-mean minimum is 2342.969572. New variance estimate is 547.228323.

Feasible point with lower objective function value found, but optimality criteria not satisfied. See output.bestfeasible..


Feasible point with lower objective function value found, but optimality criteria not satisfied. See output.bestfeasible..


Feasible point with lower objective function value found, but optimality criteria not satisfied. See output.bestfeasible..


Solver stopped prematurely.

fmincon stopped because it exceeded the function evaluation limit,
options.MaxFunctionEvaluations = 5.000000e+03.


Feasible point with lower objective function value found, but optimality criteria not satisfied. See output.bestfeasible..


Feasible point with lower objective function value found, but optimality criteria not satisfied. See output.bestfeasible..


Solver stopped prematurely.

fmincon stopped because it exceeded the function evaluation limit,
options.MaxFunctionEvaluations = 1.000000e+03.


Solver stopped prematurely.

fmincon stopped because it exceeded the function evaluation limit,
options.MaxFunctionEvaluations = 1.000000e+03.

Iteration 158 completed. Current sample-mean minimum is 2342.969572. New variance estimate is 547.228323.

Feasible point with lower objective function value found, but optimality criteria not satisfied. See output.bestfeasible..


Feasible point with lower objective function value found, but optimality criteria not satisfied. See output.bestfeasible..


Feasible point with lower objective function value found, but optimality criteria not satisfied. See output.bestfeasible..


Feasible point with lower objective function value found, but optimality criteria not satisfied. See output.bestfeasible..


Feasible point with lower objective function value found, but optimality criteria not satisfied. See output.bestfeasible..


Feasible point with lower objective function value found, but optimality criteria not satisfied. See output.bestfeasible..


Feasible point with lower objective function value found, but optimality criteria not satisfied. See output.bestfeasible..


Solver stopped prematurely.

fmincon stopped because it exceeded the function evaluation limit,
options.MaxFunctionEvaluations = 1.000000e+03.

Iteration 159 completed. Current sample-mean minimum is 2342.969572. New variance estimate is 547.228330.

Feasible point with lower objective function value found, but optimality criteria not satisfied. See output.bestfeasible..


Feasible point with lower objective function value found, but optimality criteria not satisfied. See output.bestfeasible..


Feasible point with lower objective function value found, but optimality criteria not satisfied. See output.bestfeasible..


Feasible point with lower objective function value found, but optimality criteria not satisfied. See output.bestfeasible..


Feasible point with lower objective function value found, but optimality criteria not satisfied. See output.bestfeasible..


Feasible point with lower objective function value found, but optimality criteria not satisfied. See output.bestfeasible..


Solver stopped prematurely.

fmincon stopped because it exceeded the function evaluation limit,
options.MaxFunctionEvaluations = 1.000000e+03.


Solver stopped prematurely.

fmincon stopped because it exceeded the function evaluation limit,
options.MaxFunctionEvaluations = 1.000000e+03.

Iteration 160 completed. Current sample-mean minimum is 2342.969572. New variance estimate is 547.228323.

Feasible point with lower objective function value found, but optimality criteria not satisfied. See output.bestfeasible..


Feasible point with lower objective function value found, but optimality criteria not satisfied. See output.bestfeasible..


Feasible point with lower objective function value found, but optimality criteria not satisfied. See output.bestfeasible..


Solver stopped prematurely.

fmincon stopped because it exceeded the function evaluation limit,
options.MaxFunctionEvaluations = 5.000000e+03.


Feasible point with lower objective function value found, but optimality criteria not satisfied. See output.bestfeasible..


Feasible point with lower objective function value found, but optimality criteria not satisfied. See output.bestfeasible..


Solver stopped prematurely.

fmincon stopped because it exceeded the function evaluation limit,
options.MaxFunctionEvaluations = 1.000000e+03.


Solver stopped prematurely.

fmincon stopped because it exceeded the function evaluation limit,
options.MaxFunctionEvaluations = 1.000000e+03.


Solver stopped prematurely.

fmincon stopped because it exceeded the function evaluation limit,
options.MaxFunctionEvaluations = 1.000000e+03.

Iteration 161 completed. Current sample-mean minimum is 2342.969572. New variance estimate is 547.228323.

Feasible point with lower objective function value found, but optimality criteria not satisfied. See output.bestfeasible..


Feasible point with lower objective function value found, but optimality criteria not satisfied. See output.bestfeasible..


Feasible point with lower objective function value found, but optimality criteria not satisfied. See output.bestfeasible..


Feasible point with lower objective function value found, but optimality criteria not satisfied. See output.bestfeasible..


Solver stopped prematurely.

fmincon stopped because it exceeded the function evaluation limit,
options.MaxFunctionEvaluations = 5.000000e+03.


Feasible point with lower objective function value found, but optimality criteria not satisfied. See output.bestfeasible..


Feasible point with lower objective function value found, but optimality criteria not satisfied. See output.bestfeasible..


Solver stopped prematurely.

fmincon stopped because it exceeded the function evaluation limit,
options.MaxFunctionEvaluations = 1.000000e+03.


Solver stopped prematurely.

fmincon stopped because it exceeded the function evaluation limit,
options.MaxFunctionEvaluations = 1.000000e+03.

Iteration 162 completed. Current sample-mean minimum is 2342.969572. New variance estimate is 547.228323.

Feasible point with lower objective function value found, but optimality criteria not satisfied. See output.bestfeasible..


Feasible point with lower objective function value found, but optimality criteria not satisfied. See output.bestfeasible..


Feasible point with lower objective function value found, but optimality criteria not satisfied. See output.bestfeasible..


Feasible point with lower objective function value found, but optimality criteria not satisfied. See output.bestfeasible..


Feasible point with lower objective function value found, but optimality criteria not satisfied. See output.bestfeasible..


Feasible point with lower objective function value found, but optimality criteria not satisfied. See output.bestfeasible..


Feasible point with lower objective function value found, but optimality criteria not satisfied. See output.bestfeasible..


Solver stopped prematurely.

fmincon stopped because it exceeded the function evaluation limit,
options.MaxFunctionEvaluations = 1.000000e+03.


Solver stopped prematurely.

fmincon stopped because it exceeded the function evaluation limit,
options.MaxFunctionEvaluations = 1.000000e+03.

Iteration 163 completed. Current sample-mean minimum is 2342.969572. New variance estimate is 547.228323.

Feasible point with lower objective function value found, but optimality criteria not satisfied. See output.bestfeasible..


Feasible point with lower objective function value found, but optimality criteria not satisfied. See output.bestfeasible..


Feasible point with lower objective function value found, but optimality criteria not satisfied. See output.bestfeasible..


Feasible point with lower objective function value found, but optimality criteria not satisfied. See output.bestfeasible..


Feasible point with lower objective function value found, but optimality criteria not satisfied. See output.bestfeasible..


Feasible point with lower objective function value found, but optimality criteria not satisfied. See output.bestfeasible..


Solver stopped prematurely.

fmincon stopped because it exceeded the function evaluation limit,
options.MaxFunctionEvaluations = 1.000000e+03.

Iteration 164 completed. Current sample-mean minimum is 2342.969572. New variance estimate is 547.228325.

Feasible point with lower objective function value found, but optimality criteria not satisfied. See output.bestfeasible..


Feasible point with lower objective function value found, but optimality criteria not satisfied. See output.bestfeasible..


Feasible point with lower objective function value found, but optimality criteria not satisfied. See output.bestfeasible..


Feasible point with lower objective function value found, but optimality criteria not satisfied. See output.bestfeasible..


Solver stopped prematurely.

fmincon stopped because it exceeded the function evaluation limit,
options.MaxFunctionEvaluations = 1.000000e+03.

Iteration 165 completed. Current sample-mean minimum is 2342.969572. New variance estimate is 547.228323.

Feasible point with lower objective function value found, but optimality criteria not satisfied. See output.bestfeasible..


Feasible point with lower objective function value found, but optimality criteria not satisfied. See output.bestfeasible..


Feasible point with lower objective function value found, but optimality criteria not satisfied. See output.bestfeasible..


Solver stopped prematurely.

fmincon stopped because it exceeded the function evaluation limit,
options.MaxFunctionEvaluations = 1.000000e+03.

Iteration 166 completed. Current sample-mean minimum is 2342.969572. New variance estimate is 547.228323.

Feasible point with lower objective function value found, but optimality criteria not satisfied. See output.bestfeasible..


Feasible point with lower objective function value found, but optimality criteria not satisfied. See output.bestfeasible..


Feasible point with lower objective function value found, but optimality criteria not satisfied. See output.bestfeasible..


Feasible point with lower objective function value found, but optimality criteria not satisfied. See output.bestfeasible..


Feasible point with lower objective function value found, but optimality criteria not satisfied. See output.bestfeasible..


Solver stopped prematurely.

fmincon stopped because it exceeded the function evaluation limit,
options.MaxFunctionEvaluations = 1.000000e+03.

Iteration 167 completed. Current sample-mean minimum is 2342.969572. New variance estimate is 547.228323.

Feasible point with lower objective function value found, but optimality criteria not satisfied. See output.bestfeasible..


Feasible point with lower objective function value found, but optimality criteria not satisfied. See output.bestfeasible..


Feasible point with lower objective function value found, but optimality criteria not satisfied. See output.bestfeasible..


Feasible point with lower objective function value found, but optimality criteria not satisfied. See output.bestfeasible..


Feasible point with lower objective function value found, but optimality criteria not satisfied. See output.bestfeasible..


Feasible point with lower objective function value found, but optimality criteria not satisfied. See output.bestfeasible..


Feasible point with lower objective function value found, but optimality criteria not satisfied. See output.bestfeasible..


Solver stopped prematurely.

fmincon stopped because it exceeded the function evaluation limit,
options.MaxFunctionEvaluations = 1.000000e+03.

Iteration 168 completed. Current sample-mean minimum is 2342.969572. New variance estimate is 547.228323.

Feasible point with lower objective function value found, but optimality criteria not satisfied. See output.bestfeasible..


Feasible point with lower objective function value found, but optimality criteria not satisfied. See output.bestfeasible..


Feasible point with lower objective function value found, but optimality criteria not satisfied. See output.bestfeasible..


Feasible point with lower objective function value found, but optimality criteria not satisfied. See output.bestfeasible..


Feasible point with lower objective function value found, but optimality criteria not satisfied. See output.bestfeasible..


Feasible point with lower objective function value found, but optimality criteria not satisfied. See output.bestfeasible..


Feasible point with lower objective function value found, but optimality criteria not satisfied. See output.bestfeasible..


Solver stopped prematurely.

fmincon stopped because it exceeded the function evaluation limit,
options.MaxFunctionEvaluations = 1.000000e+03.


Solver stopped prematurely.

fmincon stopped because it exceeded the function evaluation limit,
options.MaxFunctionEvaluations = 1.000000e+03.

Iteration 169 completed. Current sample-mean minimum is 2342.969572. New variance estimate is 547.228323.

Feasible point with lower objective function value found, but optimality criteria not satisfied. See output.bestfeasible..


Feasible point with lower objective function value found, but optimality criteria not satisfied. See output.bestfeasible..


Feasible point with lower objective function value found, but optimality criteria not satisfied. See output.bestfeasible..


Feasible point with lower objective function value found, but optimality criteria not satisfied. See output.bestfeasible..

[Warning: Matrix is close to singular or badly scaled. Results may be
inaccurate. RCOND =  2.705308e-17.] 
[> In LVGP_fit_noise (line 203)
In bayesian_optimizer (line 57)
In heter_driver (line 41)
] 

Feasible point with lower objective function value found, but optimality criteria not satisfied. See output.bestfeasible..


Solver stopped prematurely.

fmincon stopped because it exceeded the function evaluation limit,
options.MaxFunctionEvaluations = 1.000000e+03.

Iteration 170 completed. Current sample-mean minimum is 2342.969572. New variance estimate is 547.228323.

Feasible point with lower objective function value found, but optimality criteria not satisfied. See output.bestfeasible..


Feasible point with lower objective function value found, but optimality criteria not satisfied. See output.bestfeasible..


Feasible point with lower objective function value found, but optimality criteria not satisfied. See output.bestfeasible..


Feasible point with lower objective function value found, but optimality criteria not satisfied. See output.bestfeasible..


Feasible point with lower objective function value found, but optimality criteria not satisfied. See output.bestfeasible..


Solver stopped prematurely.

fmincon stopped because it exceeded the function evaluation limit,
options.MaxFunctionEvaluations = 1.000000e+03.

Iteration 171 completed. Current sample-mean minimum is 2342.969572. New variance estimate is 547.228323.

Feasible point with lower objective function value found, but optimality criteria not satisfied. See output.bestfeasible..


Feasible point with lower objective function value found, but optimality criteria not satisfied. See output.bestfeasible..


Feasible point with lower objective function value found, but optimality criteria not satisfied. See output.bestfeasible..


Feasible point with lower objective function value found, but optimality criteria not satisfied. See output.bestfeasible..


Feasible point with lower objective function value found, but optimality criteria not satisfied. See output.bestfeasible..


Feasible point with lower objective function value found, but optimality criteria not satisfied. See output.bestfeasible..


Feasible point with lower objective function value found, but optimality criteria not satisfied. See output.bestfeasible..


Solver stopped prematurely.

fmincon stopped because it exceeded the function evaluation limit,
options.MaxFunctionEvaluations = 1.000000e+03.

Iteration 172 completed. Current sample-mean minimum is 2342.969572. New variance estimate is 547.228323.

Feasible point with lower objective function value found, but optimality criteria not satisfied. See output.bestfeasible..


Feasible point with lower objective function value found, but optimality criteria not satisfied. See output.bestfeasible..


Feasible point with lower objective function value found, but optimality criteria not satisfied. See output.bestfeasible..


Feasible point with lower objective function value found, but optimality criteria not satisfied. See output.bestfeasible..


Feasible point with lower objective function value found, but optimality criteria not satisfied. See output.bestfeasible..


Feasible point with lower objective function value found, but optimality criteria not satisfied. See output.bestfeasible..


Feasible point with lower objective function value found, but optimality criteria not satisfied. See output.bestfeasible..


Feasible point with lower objective function value found, but optimality criteria not satisfied. See output.bestfeasible..


Solver stopped prematurely.

fmincon stopped because it exceeded the function evaluation limit,
options.MaxFunctionEvaluations = 1.000000e+03.

Iteration 173 completed. Current sample-mean minimum is 2342.969572. New variance estimate is 547.228323.

Feasible point with lower objective function value found, but optimality criteria not satisfied. See output.bestfeasible..


Feasible point with lower objective function value found, but optimality criteria not satisfied. See output.bestfeasible..


Solver stopped prematurely.

fmincon stopped because it exceeded the function evaluation limit,
options.MaxFunctionEvaluations = 5.000000e+03.


Feasible point with lower objective function value found, but optimality criteria not satisfied. See output.bestfeasible..


Feasible point with lower objective function value found, but optimality criteria not satisfied. See output.bestfeasible..


Feasible point with lower objective function value found, but optimality criteria not satisfied. See output.bestfeasible..


Feasible point with lower objective function value found, but optimality criteria not satisfied. See output.bestfeasible..


Solver stopped prematurely.

fmincon stopped because it exceeded the function evaluation limit,
options.MaxFunctionEvaluations = 1.000000e+03.


Solver stopped prematurely.

fmincon stopped because it exceeded the function evaluation limit,
options.MaxFunctionEvaluations = 1.000000e+03.

Iteration 174 completed. Current sample-mean minimum is 2342.969572. New variance estimate is 547.228323.

Feasible point with lower objective function value found, but optimality criteria not satisfied. See output.bestfeasible..


Feasible point with lower objective function value found, but optimality criteria not satisfied. See output.bestfeasible..


Feasible point with lower objective function value found, but optimality criteria not satisfied. See output.bestfeasible..


Solver stopped prematurely.

fmincon stopped because it exceeded the function evaluation limit,
options.MaxFunctionEvaluations = 5.000000e+03.


Feasible point with lower objective function value found, but optimality criteria not satisfied. See output.bestfeasible..


Feasible point with lower objective function value found, but optimality criteria not satisfied. See output.bestfeasible..


Feasible point with lower objective function value found, but optimality criteria not satisfied. See output.bestfeasible..


Feasible point with lower objective function value found, but optimality criteria not satisfied. See output.bestfeasible..


Solver stopped prematurely.

fmincon stopped because it exceeded the function evaluation limit,
options.MaxFunctionEvaluations = 1.000000e+03.


Solver stopped prematurely.

fmincon stopped because it exceeded the function evaluation limit,
options.MaxFunctionEvaluations = 1.000000e+03.


Solver stopped prematurely.

fmincon stopped because it exceeded the function evaluation limit,
options.MaxFunctionEvaluations = 1.000000e+03.

Iteration 175 completed. Current sample-mean minimum is 2342.969572. New variance estimate is 547.228323.

Feasible point with lower objective function value found, but optimality criteria not satisfied. See output.bestfeasible..


Feasible point with lower objective function value found, but optimality criteria not satisfied. See output.bestfeasible..


Feasible point with lower objective function value found, but optimality criteria not satisfied. See output.bestfeasible..


Feasible point with lower objective function value found, but optimality criteria not satisfied. See output.bestfeasible..


Feasible point with lower objective function value found, but optimality criteria not satisfied. See output.bestfeasible..


Solver stopped prematurely.

fmincon stopped because it exceeded the function evaluation limit,
options.MaxFunctionEvaluations = 5.000000e+03.


Feasible point with lower objective function value found, but optimality criteria not satisfied. See output.bestfeasible..


Solver stopped prematurely.

fmincon stopped because it exceeded the function evaluation limit,
options.MaxFunctionEvaluations = 1.000000e+03.


Solver stopped prematurely.

fmincon stopped because it exceeded the function evaluation limit,
options.MaxFunctionEvaluations = 1.000000e+03.

Iteration 176 completed. Current sample-mean minimum is 2342.969572. New variance estimate is 547.228323.

Feasible point with lower objective function value found, but optimality criteria not satisfied. See output.bestfeasible..


Feasible point with lower objective function value found, but optimality criteria not satisfied. See output.bestfeasible..


Feasible point with lower objective function value found, but optimality criteria not satisfied. See output.bestfeasible..


Feasible point with lower objective function value found, but optimality criteria not satisfied. See output.bestfeasible..


Feasible point with lower objective function value found, but optimality criteria not satisfied. See output.bestfeasible..


Feasible point with lower objective function value found, but optimality criteria not satisfied. See output.bestfeasible..


Solver stopped prematurely.

fmincon stopped because it exceeded the function evaluation limit,
options.MaxFunctionEvaluations = 1.000000e+03.


Solver stopped prematurely.

fmincon stopped because it exceeded the function evaluation limit,
options.MaxFunctionEvaluations = 1.000000e+03.

Iteration 177 completed. Current sample-mean minimum is 2342.969572. New variance estimate is 547.228323.

Feasible point with lower objective function value found, but optimality criteria not satisfied. See output.bestfeasible..


Solver stopped prematurely.

fmincon stopped because it exceeded the function evaluation limit,
options.MaxFunctionEvaluations = 5.000000e+03.


Solver stopped prematurely.

fmincon stopped because it exceeded the function evaluation limit,
options.MaxFunctionEvaluations = 5.000000e+03.


Feasible point with lower objective function value found, but optimality criteria not satisfied. See output.bestfeasible..


Feasible point with lower objective function value found, but optimality criteria not satisfied. See output.bestfeasible..


Feasible point with lower objective function value found, but optimality criteria not satisfied. See output.bestfeasible..


Solver stopped prematurely.

fmincon stopped because it exceeded the function evaluation limit,
options.MaxFunctionEvaluations = 1.000000e+03.


Solver stopped prematurely.

fmincon stopped because it exceeded the function evaluation limit,
options.MaxFunctionEvaluations = 1.000000e+03.


Solver stopped prematurely.

fmincon stopped because it exceeded the function evaluation limit,
options.MaxFunctionEvaluations = 1.000000e+03.


Solver stopped prematurely.

fmincon stopped because it exceeded the function evaluation limit,
options.MaxFunctionEvaluations = 1.000000e+03.

Iteration 178 completed. Current sample-mean minimum is 2342.969572. New variance estimate is 547.228323.

Feasible point with lower objective function value found, but optimality criteria not satisfied. See output.bestfeasible..


Feasible point with lower objective function value found, but optimality criteria not satisfied. See output.bestfeasible..


Feasible point with lower objective function value found, but optimality criteria not satisfied. See output.bestfeasible..


Feasible point with lower objective function value found, but optimality criteria not satisfied. See output.bestfeasible..


Feasible point with lower objective function value found, but optimality criteria not satisfied. See output.bestfeasible..


Feasible point with lower objective function value found, but optimality criteria not satisfied. See output.bestfeasible..


Feasible point with lower objective function value found, but optimality criteria not satisfied. See output.bestfeasible..


Solver stopped prematurely.

fmincon stopped because it exceeded the function evaluation limit,
options.MaxFunctionEvaluations = 1.000000e+03.


Solver stopped prematurely.

fmincon stopped because it exceeded the function evaluation limit,
options.MaxFunctionEvaluations = 1.000000e+03.

Iteration 179 completed. Current sample-mean minimum is 2342.969572. New variance estimate is 547.228323.

Feasible point with lower objective function value found, but optimality criteria not satisfied. See output.bestfeasible..


Feasible point with lower objective function value found, but optimality criteria not satisfied. See output.bestfeasible..


Feasible point with lower objective function value found, but optimality criteria not satisfied. See output.bestfeasible..


Feasible point with lower objective function value found, but optimality criteria not satisfied. See output.bestfeasible..


Feasible point with lower objective function value found, but optimality criteria not satisfied. See output.bestfeasible..


Feasible point with lower objective function value found, but optimality criteria not satisfied. See output.bestfeasible..


Feasible point with lower objective function value found, but optimality criteria not satisfied. See output.bestfeasible..


Feasible point with lower objective function value found, but optimality criteria not satisfied. See output.bestfeasible..


Solver stopped prematurely.

fmincon stopped because it exceeded the function evaluation limit,
options.MaxFunctionEvaluations = 1.000000e+03.


Solver stopped prematurely.

fmincon stopped because it exceeded the function evaluation limit,
options.MaxFunctionEvaluations = 1.000000e+03.

Iteration 180 completed. Current sample-mean minimum is 2342.969572. New variance estimate is 547.228323.

Feasible point with lower objective function value found, but optimality criteria not satisfied. See output.bestfeasible..


Feasible point with lower objective function value found, but optimality criteria not satisfied. See output.bestfeasible..


Feasible point with lower objective function value found, but optimality criteria not satisfied. See output.bestfeasible..


Feasible point with lower objective function value found, but optimality criteria not satisfied. See output.bestfeasible..


Solver stopped prematurely.

fmincon stopped because it exceeded the function evaluation limit,
options.MaxFunctionEvaluations = 1.000000e+03.

Iteration 181 completed. Current sample-mean minimum is 2342.969572. New variance estimate is 547.228323.

Feasible point with lower objective function value found, but optimality criteria not satisfied. See output.bestfeasible..


Feasible point with lower objective function value found, but optimality criteria not satisfied. See output.bestfeasible..


Feasible point with lower objective function value found, but optimality criteria not satisfied. See output.bestfeasible..


Feasible point with lower objective function value found, but optimality criteria not satisfied. See output.bestfeasible..


Solver stopped prematurely.

fmincon stopped because it exceeded the function evaluation limit,
options.MaxFunctionEvaluations = 5.000000e+03.


Solver stopped prematurely.

fmincon stopped because it exceeded the function evaluation limit,
options.MaxFunctionEvaluations = 1.000000e+03.


Solver stopped prematurely.

fmincon stopped because it exceeded the function evaluation limit,
options.MaxFunctionEvaluations = 1.000000e+03.


Solver stopped prematurely.

fmincon stopped because it exceeded the function evaluation limit,
options.MaxFunctionEvaluations = 1.000000e+03.

Iteration 182 completed. Current sample-mean minimum is 2342.969572. New variance estimate is 547.228323.

Feasible point with lower objective function value found, but optimality criteria not satisfied. See output.bestfeasible..


Feasible point with lower objective function value found, but optimality criteria not satisfied. See output.bestfeasible..


Feasible point with lower objective function value found, but optimality criteria not satisfied. See output.bestfeasible..


Feasible point with lower objective function value found, but optimality criteria not satisfied. See output.bestfeasible..


Feasible point with lower objective function value found, but optimality criteria not satisfied. See output.bestfeasible..


Solver stopped prematurely.

fmincon stopped because it exceeded the function evaluation limit,
options.MaxFunctionEvaluations = 1.000000e+03.


Solver stopped prematurely.

fmincon stopped because it exceeded the function evaluation limit,
options.MaxFunctionEvaluations = 1.000000e+03.

Iteration 183 completed. Current sample-mean minimum is 2342.969572. New variance estimate is 547.228323.

Feasible point with lower objective function value found, but optimality criteria not satisfied. See output.bestfeasible..


Feasible point with lower objective function value found, but optimality criteria not satisfied. See output.bestfeasible..


Feasible point with lower objective function value found, but optimality criteria not satisfied. See output.bestfeasible..


Feasible point with lower objective function value found, but optimality criteria not satisfied. See output.bestfeasible..


Feasible point with lower objective function value found, but optimality criteria not satisfied. See output.bestfeasible..


Feasible point with lower objective function value found, but optimality criteria not satisfied. See output.bestfeasible..


Solver stopped prematurely.

fmincon stopped because it exceeded the function evaluation limit,
options.MaxFunctionEvaluations = 5.000000e+03.


Feasible point with lower objective function value found, but optimality criteria not satisfied. See output.bestfeasible..


Feasible point with lower objective function value found, but optimality criteria not satisfied. See output.bestfeasible..


Solver stopped prematurely.

fmincon stopped because it exceeded the function evaluation limit,
options.MaxFunctionEvaluations = 1.000000e+03.

Iteration 184 completed. Current sample-mean minimum is 2342.969572. New variance estimate is 547.228323.

Feasible point with lower objective function value found, but optimality criteria not satisfied. See output.bestfeasible..


Feasible point with lower objective function value found, but optimality criteria not satisfied. See output.bestfeasible..


Solver stopped prematurely.

fmincon stopped because it exceeded the function evaluation limit,
options.MaxFunctionEvaluations = 5.000000e+03.


Feasible point with lower objective function value found, but optimality criteria not satisfied. See output.bestfeasible..


Feasible point with lower objective function value found, but optimality criteria not satisfied. See output.bestfeasible..


Feasible point with lower objective function value found, but optimality criteria not satisfied. See output.bestfeasible..


Feasible point with lower objective function value found, but optimality criteria not satisfied. See output.bestfeasible..

Iteration 185 completed. Current sample-mean minimum is 2342.969572. New variance estimate is 547.228323.

Feasible point with lower objective function value found, but optimality criteria not satisfied. See output.bestfeasible..


Feasible point with lower objective function value found, but optimality criteria not satisfied. See output.bestfeasible..


Feasible point with lower objective function value found, but optimality criteria not satisfied. See output.bestfeasible..


Feasible point with lower objective function value found, but optimality criteria not satisfied. See output.bestfeasible..


Feasible point with lower objective function value found, but optimality criteria not satisfied. See output.bestfeasible..


Feasible point with lower objective function value found, but optimality criteria not satisfied. See output.bestfeasible..


Feasible point with lower objective function value found, but optimality criteria not satisfied. See output.bestfeasible..


Feasible point with lower objective function value found, but optimality criteria not satisfied. See output.bestfeasible..


Solver stopped prematurely.

fmincon stopped because it exceeded the function evaluation limit,
options.MaxFunctionEvaluations = 1.000000e+03.


Solver stopped prematurely.

fmincon stopped because it exceeded the function evaluation limit,
options.MaxFunctionEvaluations = 1.000000e+03.

Iteration 186 completed. Current sample-mean minimum is 2342.969572. New variance estimate is 547.228323.

Feasible point with lower objective function value found, but optimality criteria not satisfied. See output.bestfeasible..


Feasible point with lower objective function value found, but optimality criteria not satisfied. See output.bestfeasible..


Feasible point with lower objective function value found, but optimality criteria not satisfied. See output.bestfeasible..


Feasible point with lower objective function value found, but optimality criteria not satisfied. See output.bestfeasible..


Feasible point with lower objective function value found, but optimality criteria not satisfied. See output.bestfeasible..


Feasible point with lower objective function value found, but optimality criteria not satisfied. See output.bestfeasible..


Feasible point with lower objective function value found, but optimality criteria not satisfied. See output.bestfeasible..


Solver stopped prematurely.

fmincon stopped because it exceeded the function evaluation limit,
options.MaxFunctionEvaluations = 1.000000e+03.


Solver stopped prematurely.

fmincon stopped because it exceeded the function evaluation limit,
options.MaxFunctionEvaluations = 1.000000e+03.

Iteration 187 completed. Current sample-mean minimum is 2342.969572. New variance estimate is 547.228323.

Feasible point with lower objective function value found, but optimality criteria not satisfied. See output.bestfeasible..


Feasible point with lower objective function value found, but optimality criteria not satisfied. See output.bestfeasible..


Feasible point with lower objective function value found, but optimality criteria not satisfied. See output.bestfeasible..


Feasible point with lower objective function value found, but optimality criteria not satisfied. See output.bestfeasible..


Feasible point with lower objective function value found, but optimality criteria not satisfied. See output.bestfeasible..


Solver stopped prematurely.

fmincon stopped because it exceeded the function evaluation limit,
options.MaxFunctionEvaluations = 5.000000e+03.


Feasible point with lower objective function value found, but optimality criteria not satisfied. See output.bestfeasible..


Feasible point with lower objective function value found, but optimality criteria not satisfied. See output.bestfeasible..


Solver stopped prematurely.

fmincon stopped because it exceeded the function evaluation limit,
options.MaxFunctionEvaluations = 1.000000e+03.


Solver stopped prematurely.

fmincon stopped because it exceeded the function evaluation limit,
options.MaxFunctionEvaluations = 1.000000e+03.

Iteration 188 completed. Current sample-mean minimum is 2342.969572. New variance estimate is 547.228323.

Feasible point with lower objective function value found, but optimality criteria not satisfied. See output.bestfeasible..


Feasible point with lower objective function value found, but optimality criteria not satisfied. See output.bestfeasible..


Feasible point with lower objective function value found, but optimality criteria not satisfied. See output.bestfeasible..


Feasible point with lower objective function value found, but optimality criteria not satisfied. See output.bestfeasible..


Feasible point with lower objective function value found, but optimality criteria not satisfied. See output.bestfeasible..


Feasible point with lower objective function value found, but optimality criteria not satisfied. See output.bestfeasible..


Feasible point with lower objective function value found, but optimality criteria not satisfied. See output.bestfeasible..


Solver stopped prematurely.

fmincon stopped because it exceeded the function evaluation limit,
options.MaxFunctionEvaluations = 1.000000e+03.

Iteration 189 completed. Current sample-mean minimum is 2342.969572. New variance estimate is 547.228323.

Feasible point with lower objective function value found, but optimality criteria not satisfied. See output.bestfeasible..


Feasible point with lower objective function value found, but optimality criteria not satisfied. See output.bestfeasible..


Feasible point with lower objective function value found, but optimality criteria not satisfied. See output.bestfeasible..


Feasible point with lower objective function value found, but optimality criteria not satisfied. See output.bestfeasible..


Feasible point with lower objective function value found, but optimality criteria not satisfied. See output.bestfeasible..


Feasible point with lower objective function value found, but optimality criteria not satisfied. See output.bestfeasible..


Solver stopped prematurely.

fmincon stopped because it exceeded the function evaluation limit,
options.MaxFunctionEvaluations = 1.000000e+03.


Solver stopped prematurely.

fmincon stopped because it exceeded the function evaluation limit,
options.MaxFunctionEvaluations = 1.000000e+03.

Iteration 190 completed. Current sample-mean minimum is 2342.969572. New variance estimate is 547.228323.

Feasible point with lower objective function value found, but optimality criteria not satisfied. See output.bestfeasible..


Feasible point with lower objective function value found, but optimality criteria not satisfied. See output.bestfeasible..


Solver stopped prematurely.

fmincon stopped because it exceeded the function evaluation limit,
options.MaxFunctionEvaluations = 5.000000e+03.


Feasible point with lower objective function value found, but optimality criteria not satisfied. See output.bestfeasible..


Solver stopped prematurely.

fmincon stopped because it exceeded the function evaluation limit,
options.MaxFunctionEvaluations = 5.000000e+03.


Feasible point with lower objective function value found, but optimality criteria not satisfied. See output.bestfeasible..


Feasible point with lower objective function value found, but optimality criteria not satisfied. See output.bestfeasible..


Solver stopped prematurely.

fmincon stopped because it exceeded the function evaluation limit,
options.MaxFunctionEvaluations = 1.000000e+03.


Solver stopped prematurely.

fmincon stopped because it exceeded the function evaluation limit,
options.MaxFunctionEvaluations = 1.000000e+03.


Solver stopped prematurely.

fmincon stopped because it exceeded the function evaluation limit,
options.MaxFunctionEvaluations = 1.000000e+03.

Iteration 191 completed. Current sample-mean minimum is 2342.969572. New variance estimate is 547.228323.

Feasible point with lower objective function value found, but optimality criteria not satisfied. See output.bestfeasible..


Feasible point with lower objective function value found, but optimality criteria not satisfied. See output.bestfeasible..


Feasible point with lower objective function value found, but optimality criteria not satisfied. See output.bestfeasible..


Solver stopped prematurely.

fmincon stopped because it exceeded the function evaluation limit,
options.MaxFunctionEvaluations = 5.000000e+03.


Feasible point with lower objective function value found, but optimality criteria not satisfied. See output.bestfeasible..


Solver stopped prematurely.

fmincon stopped because it exceeded the function evaluation limit,
options.MaxFunctionEvaluations = 5.000000e+03.


Feasible point with lower objective function value found, but optimality criteria not satisfied. See output.bestfeasible..


Feasible point with lower objective function value found, but optimality criteria not satisfied. See output.bestfeasible..


Feasible point with lower objective function value found, but optimality criteria not satisfied. See output.bestfeasible..


Solver stopped prematurely.

fmincon stopped because it exceeded the function evaluation limit,
options.MaxFunctionEvaluations = 1.000000e+03.


Solver stopped prematurely.

fmincon stopped because it exceeded the function evaluation limit,
options.MaxFunctionEvaluations = 1.000000e+03.


Solver stopped prematurely.

fmincon stopped because it exceeded the function evaluation limit,
options.MaxFunctionEvaluations = 1.000000e+03.


Solver stopped prematurely.

fmincon stopped because it exceeded the function evaluation limit,
options.MaxFunctionEvaluations = 1.000000e+03.

Iteration 192 completed. Current sample-mean minimum is 2342.969572. New variance estimate is 547.228323.

Feasible point with lower objective function value found, but optimality criteria not satisfied. See output.bestfeasible..


Feasible point with lower objective function value found, but optimality criteria not satisfied. See output.bestfeasible..


Feasible point with lower objective function value found, but optimality criteria not satisfied. See output.bestfeasible..


Feasible point with lower objective function value found, but optimality criteria not satisfied. See output.bestfeasible..


Feasible point with lower objective function value found, but optimality criteria not satisfied. See output.bestfeasible..


Feasible point with lower objective function value found, but optimality criteria not satisfied. See output.bestfeasible..


Feasible point with lower objective function value found, but optimality criteria not satisfied. See output.bestfeasible..


Feasible point with lower objective function value found, but optimality criteria not satisfied. See output.bestfeasible..


Solver stopped prematurely.

fmincon stopped because it exceeded the function evaluation limit,
options.MaxFunctionEvaluations = 1.000000e+03.

Iteration 193 completed. Current sample-mean minimum is 2342.969572. New variance estimate is 547.228323.

Feasible point with lower objective function value found, but optimality criteria not satisfied. See output.bestfeasible..


Feasible point with lower objective function value found, but optimality criteria not satisfied. See output.bestfeasible..


Feasible point with lower objective function value found, but optimality criteria not satisfied. See output.bestfeasible..


Feasible point with lower objective function value found, but optimality criteria not satisfied. See output.bestfeasible..

[Warning: Matrix is close to singular or badly scaled. Results may be
inaccurate. RCOND =  1.115426e-16.] 
[> In LVGP_fit_noise (line 203)
In bayesian_optimizer (line 57)
In heter_driver (line 41)
] 

Feasible point with lower objective function value found, but optimality criteria not satisfied. See output.bestfeasible..


Solver stopped prematurely.

fmincon stopped because it exceeded the function evaluation limit,
options.MaxFunctionEvaluations = 5.000000e+03.


Feasible point with lower objective function value found, but optimality criteria not satisfied. See output.bestfeasible..


Feasible point with lower objective function value found, but optimality criteria not satisfied. See output.bestfeasible..


Solver stopped prematurely.

fmincon stopped because it exceeded the function evaluation limit,
options.MaxFunctionEvaluations = 1.000000e+03.


Solver stopped prematurely.

fmincon stopped because it exceeded the function evaluation limit,
options.MaxFunctionEvaluations = 1.000000e+03.


Solver stopped prematurely.

fmincon stopped because it exceeded the function evaluation limit,
options.MaxFunctionEvaluations = 1.000000e+03.

Iteration 194 completed. Current sample-mean minimum is 2342.969572. New variance estimate is 547.228323.

Feasible point with lower objective function value found, but optimality criteria not satisfied. See output.bestfeasible..


Feasible point with lower objective function value found, but optimality criteria not satisfied. See output.bestfeasible..


Feasible point with lower objective function value found, but optimality criteria not satisfied. See output.bestfeasible..


Feasible point with lower objective function value found, but optimality criteria not satisfied. See output.bestfeasible..


Feasible point with lower objective function value found, but optimality criteria not satisfied. See output.bestfeasible..


Solver stopped prematurely.

fmincon stopped because it exceeded the function evaluation limit,
options.MaxFunctionEvaluations = 5.000000e+03.


Feasible point with lower objective function value found, but optimality criteria not satisfied. See output.bestfeasible..


Feasible point with lower objective function value found, but optimality criteria not satisfied. See output.bestfeasible..


Feasible point with lower objective function value found, but optimality criteria not satisfied. See output.bestfeasible..


Solver stopped prematurely.

fmincon stopped because it exceeded the function evaluation limit,
options.MaxFunctionEvaluations = 1.000000e+03.


Solver stopped prematurely.

fmincon stopped because it exceeded the function evaluation limit,
options.MaxFunctionEvaluations = 1.000000e+03.


Solver stopped prematurely.

fmincon stopped because it exceeded the function evaluation limit,
options.MaxFunctionEvaluations = 1.000000e+03.

Iteration 195 completed. Current sample-mean minimum is 2342.969572. New variance estimate is 547.228323.

Feasible point with lower objective function value found, but optimality criteria not satisfied. See output.bestfeasible..


Solver stopped prematurely.

fmincon stopped because it exceeded the function evaluation limit,
options.MaxFunctionEvaluations = 5.000000e+03.


Feasible point with lower objective function value found, but optimality criteria not satisfied. See output.bestfeasible..


Feasible point with lower objective function value found, but optimality criteria not satisfied. See output.bestfeasible..


Solver stopped prematurely.

fmincon stopped because it exceeded the function evaluation limit,
options.MaxFunctionEvaluations = 5.000000e+03.


Feasible point with lower objective function value found, but optimality criteria not satisfied. See output.bestfeasible..


Feasible point with lower objective function value found, but optimality criteria not satisfied. See output.bestfeasible..


Feasible point with lower objective function value found, but optimality criteria not satisfied. See output.bestfeasible..


Feasible point with lower objective function value found, but optimality criteria not satisfied. See output.bestfeasible..


Solver stopped prematurely.

fmincon stopped because it exceeded the function evaluation limit,
options.MaxFunctionEvaluations = 1.000000e+03.


Solver stopped prematurely.

fmincon stopped because it exceeded the function evaluation limit,
options.MaxFunctionEvaluations = 1.000000e+03.


Solver stopped prematurely.

fmincon stopped because it exceeded the function evaluation limit,
options.MaxFunctionEvaluations = 1.000000e+03.


Solver stopped prematurely.

fmincon stopped because it exceeded the function evaluation limit,
options.MaxFunctionEvaluations = 1.000000e+03.

Iteration 196 completed. Current sample-mean minimum is 2342.969572. New variance estimate is 547.228323.

Feasible point with lower objective function value found, but optimality criteria not satisfied. See output.bestfeasible..

[Warning: Matrix is close to singular or badly scaled. Results may be
inaccurate. RCOND =  1.574586e-16.] 
[> In LVGP_fit_noise (line 203)
In bayesian_optimizer (line 57)
In heter_driver (line 41)
] 

Feasible point with lower objective function value found, but optimality criteria not satisfied. See output.bestfeasible..


Feasible point with lower objective function value found, but optimality criteria not satisfied. See output.bestfeasible..


Feasible point with lower objective function value found, but optimality criteria not satisfied. See output.bestfeasible..


Solver stopped prematurely.

fmincon stopped because it exceeded the function evaluation limit,
options.MaxFunctionEvaluations = 5.000000e+03.


Feasible point with lower objective function value found, but optimality criteria not satisfied. See output.bestfeasible..


Feasible point with lower objective function value found, but optimality criteria not satisfied. See output.bestfeasible..


Feasible point with lower objective function value found, but optimality criteria not satisfied. See output.bestfeasible..


Solver stopped prematurely.

fmincon stopped because it exceeded the function evaluation limit,
options.MaxFunctionEvaluations = 1.000000e+03.


Solver stopped prematurely.

fmincon stopped because it exceeded the function evaluation limit,
options.MaxFunctionEvaluations = 1.000000e+03.


Solver stopped prematurely.

fmincon stopped because it exceeded the function evaluation limit,
options.MaxFunctionEvaluations = 1.000000e+03.

Iteration 197 completed. Current sample-mean minimum is 2342.969572. New variance estimate is 547.228323.

Feasible point with lower objective function value found, but optimality criteria not satisfied. See output.bestfeasible..


Feasible point with lower objective function value found, but optimality criteria not satisfied. See output.bestfeasible..


Feasible point with lower objective function value found, but optimality criteria not satisfied. See output.bestfeasible..


Feasible point with lower objective function value found, but optimality criteria not satisfied. See output.bestfeasible..


Feasible point with lower objective function value found, but optimality criteria not satisfied. See output.bestfeasible..


Feasible point with lower objective function value found, but optimality criteria not satisfied. See output.bestfeasible..


Feasible point with lower objective function value found, but optimality criteria not satisfied. See output.bestfeasible..


Solver stopped prematurely.

fmincon stopped because it exceeded the function evaluation limit,
options.MaxFunctionEvaluations = 1.000000e+03.


Solver stopped prematurely.

fmincon stopped because it exceeded the function evaluation limit,
options.MaxFunctionEvaluations = 1.000000e+03.

Iteration 198 completed. Current sample-mean minimum is 2342.969572. New variance estimate is 547.228323.

Feasible point with lower objective function value found, but optimality criteria not satisfied. See output.bestfeasible..


Feasible point with lower objective function value found, but optimality criteria not satisfied. See output.bestfeasible..


Feasible point with lower objective function value found, but optimality criteria not satisfied. See output.bestfeasible..


Feasible point with lower objective function value found, but optimality criteria not satisfied. See output.bestfeasible..


Feasible point with lower objective function value found, but optimality criteria not satisfied. See output.bestfeasible..


Feasible point with lower objective function value found, but optimality criteria not satisfied. See output.bestfeasible..


Feasible point with lower objective function value found, but optimality criteria not satisfied. See output.bestfeasible..


Solver stopped prematurely.

fmincon stopped because it exceeded the function evaluation limit,
options.MaxFunctionEvaluations = 1.000000e+03.


Solver stopped prematurely.

fmincon stopped because it exceeded the function evaluation limit,
options.MaxFunctionEvaluations = 1.000000e+03.

Iteration 199 completed. Current sample-mean minimum is 2342.969572. New variance estimate is 547.228334.

Feasible point with lower objective function value found, but optimality criteria not satisfied. See output.bestfeasible..


Feasible point with lower objective function value found, but optimality criteria not satisfied. See output.bestfeasible..


Feasible point with lower objective function value found, but optimality criteria not satisfied. See output.bestfeasible..

[Warning: Matrix is close to singular or badly scaled. Results may be
inaccurate. RCOND =  6.735067e-18.] 
[> In LVGP_fit_noise (line 203)
In bayesian_optimizer (line 57)
In heter_driver (line 41)
] 

Feasible point with lower objective function value found, but optimality criteria not satisfied. See output.bestfeasible..


Feasible point with lower objective function value found, but optimality criteria not satisfied. See output.bestfeasible..


Solver stopped prematurely.

fmincon stopped because it exceeded the function evaluation limit,
options.MaxFunctionEvaluations = 1.000000e+03.


Solver stopped prematurely.

fmincon stopped because it exceeded the function evaluation limit,
options.MaxFunctionEvaluations = 1.000000e+03.

Iteration 200 completed. Current sample-mean minimum is 2342.969572. New variance estimate is 547.228323.
DONE golinski heter_LVGP acf=rahbo param=0.5 n_rep=3 seed=1 final=2342.97 26696.2s
