[Warning: Unable to locate a personal folder for $documents/MATLAB.] 

Feasible point with lower objective function value found, but optimality criteria not satisfied. See output.bestfeasible..


Feasible point with lower objective function value found, but optimality criteria not satisfied. See output.bestfeasible..


Feasible point with lower objective function value found, but optimality criteria not satisfied. See output.bestfeasible..


Feasible point with lower objective function value found, but optimality criteria not satisfied. See output.bestfeasible..


Solver stopped prematurely.

fmincon stopped because it exceeded the function evaluation limit,
options.MaxFunctionEvaluations = 1.000000e+03.

Iteration 1 completed. Current sample-mean minimum is 2329.234482. New variance estimate is 547.228325.

Feasible point with lower objective function value found, but optimality criteria not satisfied. See output.bestfeasible..


Feasible point with lower objective function value found, but optimality criteria not satisfied. See output.bestfeasible..


Feasible point with lower objective function value found, but optimality criteria not satisfied. See output.bestfeasible..


Feasible point with lower objective function value found, but optimality criteria not satisfied. See output.bestfeasible..


Solver stopped prematurely.

fmincon stopped because it exceeded the function evaluation limit,
options.MaxFunctionEvaluations = 1.000000e+03.


Solver stopped prematurely.

fmincon stopped because it exceeded the function evaluation limit,
options.MaxFunctionEvaluations = 1.000000e+03.


Solver stopped prematurely.

fmincon stopped because it exceeded the function evaluation limit,
options.MaxFunctionEvaluations = 1.000000e+03.

Iteration 2 completed. Current sample-mean minimum is 2329.234482. New variance estimate is 811.691876.

Feasible point with lower objective function value found, but optimality criteria not satisfied. See output.bestfeasible..


Feasible point with lower objective function value found, but optimality criteria not satisfied. See output.bestfeasible..


Solver stopped prematurely.

fmincon stopped because it exceeded the function evaluation limit,
options.MaxFunctionEvaluations = 5.000000e+03.


Feasible point with lower objective function value found, but optimality criteria not satisfied. See output.bestfeasible..


Feasible point with lower objective function value found, but optimality criteria not satisfied. See output.bestfeasible..


Feasible point with lower objective function value found, but optimality criteria not satisfied. See output.bestfeasible..


Solver stopped prematurely.

fmincon stopped because it exceeded the function evaluation limit,
options.MaxFunctionEvaluations = 1.000000e+03.


Solver stopped prematurely.

fmincon stopped because it exceeded the function evaluation limit,
options.MaxFunctionEvaluations = 1.000000e+03.


Solver stopped prematurely.

fmincon stopped because it exceeded the function evaluation limit,
options.MaxFunctionEvaluations = 1.000000e+03.

Iteration 3 completed. Current sample-mean minimum is 2329.234482. New variance estimate is 547.285845.

Feasible point with lower objective function value found, but optimality criteria not satisfied. See output.bestfeasible..


Feasible point with lower objective function value found, but optimality criteria not satisfied. See output.bestfeasible..


Feasible point with lower objective function value found, but optimality criteria not satisfied. See output.bestfeasible..


Feasible point with lower objective function value found, but optimality criteria not satisfied. See output.bestfeasible..


Solver stopped prematurely.

fmincon stopped because it exceeded the function evaluation limit,
options.MaxFunctionEvaluations = 1.000000e+03.


Solver stopped prematurely.

fmincon stopped because it exceeded the function evaluation limit,
options.MaxFunctionEvaluations = 1.000000e+03.


Solver stopped prematurely.

fmincon stopped because it exceeded the function evaluation limit,
options.MaxFunctionEvaluations = 1.000000e+03.

Iteration 4 completed. Current sample-mean minimum is 2329.234482. New variance estimate is 1788.473177.

Feasible point with lower objective function value found, but optimality criteria not satisfied. See output.bestfeasible..


Feasible point with lower objective function value found, but optimality criteria not satisfied. See output.bestfeasible..


Feasible point with lower objective function value found, but optimality criteria not satisfied. See output.bestfeasible..


Feasible point with lower objective function value found, but optimality criteria not satisfied. See output.bestfeasible..


Feasible point with lower objective function value found, but optimality criteria not satisfied. See output.bestfeasible..


Feasible point with lower objective function value found, but optimality criteria not satisfied. See output.bestfeasible..


Feasible point with lower objective function value found, but optimality criteria not satisfied. See output.bestfeasible..


Solver stopped prematurely.

fmincon stopped because it exceeded the function evaluation limit,
options.MaxFunctionEvaluations = 1.000000e+03.


Solver stopped prematurely.

fmincon stopped because it exceeded the function evaluation limit,
options.MaxFunctionEvaluations = 1.000000e+03.

Iteration 5 completed. Current sample-mean minimum is 2329.234482. New variance estimate is 1273.457558.

Feasible point with lower objective function value found, but optimality criteria not satisfied. See output.bestfeasible..


Feasible point with lower objective function value found, but optimality criteria not satisfied. See output.bestfeasible..


Feasible point with lower objective function value found, but optimality criteria not satisfied. See output.bestfeasible..


Feasible point with lower objective function value found, but optimality criteria not satisfied. See output.bestfeasible..


Feasible point with lower objective function value found, but optimality criteria not satisfied. See output.bestfeasible..


Feasible point with lower objective function value found, but optimality criteria not satisfied. See output.bestfeasible..


Solver stopped prematurely.

fmincon stopped because it exceeded the function evaluation limit,
options.MaxFunctionEvaluations = 1.000000e+03.


Solver stopped prematurely.

fmincon stopped because it exceeded the function evaluation limit,
options.MaxFunctionEvaluations = 1.000000e+03.

Iteration 6 completed. Current sample-mean minimum is 2329.234482. New variance estimate is 1217.959620.

Feasible point with lower objective function value found, but optimality criteria not satisfied. See output.bestfeasible..


Feasible point with lower objective function value found, but optimality criteria not satisfied. See output.bestfeasible..


Feasible point with lower objective function value found, but optimality criteria not satisfied. See output.bestfeasible..


Feasible point with lower objective function value found, but optimality criteria not satisfied. See output.bestfeasible..


Solver stopped prematurely.

fmincon stopped because it exceeded the function evaluation limit,
options.MaxFunctionEvaluations = 1.000000e+03.


Solver stopped prematurely.

fmincon stopped because it exceeded the function evaluation limit,
options.MaxFunctionEvaluations = 1.000000e+03.

Iteration 7 completed. Current sample-mean minimum is 2329.234482. New variance estimate is 667.280661.

Feasible point with lower objective function value found, but optimality criteria not satisfied. See output.bestfeasible..


Feasible point with lower objective function value found, but optimality criteria not satisfied. See output.bestfeasible..


Feasible point with lower objective function value found, but optimality criteria not satisfied. See output.bestfeasible..


Solver stopped prematurely.

fmincon stopped because it exceeded the function evaluation limit,
options.MaxFunctionEvaluations = 5.000000e+03.


Feasible point with lower objective function value found, but optimality criteria not satisfied. See output.bestfeasible..


Solver stopped prematurely.

fmincon stopped because it exceeded the function evaluation limit,
options.MaxFunctionEvaluations = 1.000000e+03.


Solver stopped prematurely.

fmincon stopped because it exceeded the function evaluation limit,
options.MaxFunctionEvaluations = 1.000000e+03.

Iteration 8 completed. Current sample-mean minimum is 2329.234482. New variance estimate is 730.947033.

Feasible point with lower objective function value found, but optimality criteria not satisfied. See output.bestfeasible..


Feasible point with lower objective function value found, but optimality criteria not satisfied. See output.bestfeasible..


Feasible point with lower objective function value found, but optimality criteria not satisfied. See output.bestfeasible..


Feasible point with lower objective function value found, but optimality criteria not satisfied. See output.bestfeasible..


Feasible point with lower objective function value found, but optimality criteria not satisfied. See output.bestfeasible..

Iteration 9 completed. Current sample-mean minimum is 2329.234482. New variance estimate is 547.228338.

Feasible point with lower objective function value found, but optimality criteria not satisfied. See output.bestfeasible..


Feasible point with lower objective function value found, but optimality criteria not satisfied. See output.bestfeasible..


Feasible point with lower objective function value found, but optimality criteria not satisfied. See output.bestfeasible..


Feasible point with lower objective function value found, but optimality criteria not satisfied. See output.bestfeasible..


Feasible point with lower objective function value found, but optimality criteria not satisfied. See output.bestfeasible..


Feasible point with lower objective function value found, but optimality criteria not satisfied. See output.bestfeasible..


Solver stopped prematurely.

fmincon stopped because it exceeded the function evaluation limit,
options.MaxFunctionEvaluations = 1.000000e+03.


Solver stopped prematurely.

fmincon stopped because it exceeded the function evaluation limit,
options.MaxFunctionEvaluations = 1.000000e+03.

Iteration 10 completed. Current sample-mean minimum is 2329.234482. New variance estimate is 624.080459.

Feasible point with lower objective function value found, but optimality criteria not satisfied. See output.bestfeasible..


Feasible point with lower objective function value found, but optimality criteria not satisfied. See output.bestfeasible..


Feasible point with lower objective function value found, but optimality criteria not satisfied. See output.bestfeasible..


Feasible point with lower objective function value found, but optimality criteria not satisfied. See output.bestfeasible..


Solver stopped prematurely.

fmincon stopped because it exceeded the function evaluation limit,
options.MaxFunctionEvaluations = 1.000000e+03.


Solver stopped prematurely.

fmincon stopped because it exceeded the function evaluation limit,
options.MaxFunctionEvaluations = 1.000000e+03.

Iteration 11 completed. Current sample-mean minimum is 2329.234482. New variance estimate is 788.008409.

Feasible point with lower objective function value found, but optimality criteria not satisfied. See output.bestfeasible..


Feasible point with lower objective function value found, but optimality criteria not satisfied. See output.bestfeasible..


Feasible point with lower objective function value found, but optimality criteria not satisfied. See output.bestfeasible..


Feasible point with lower objective function value found, but optimality criteria not satisfied. See output.bestfeasible..


Feasible point with lower objective function value found, but optimality criteria not satisfied. See output.bestfeasible..


Solver stopped prematurely.

fmincon stopped because it exceeded the function evaluation limit,
options.MaxFunctionEvaluations = 1.000000e+03.


Solver stopped prematurely.

fmincon stopped because it exceeded the function evaluation limit,
options.MaxFunctionEvaluations = 1.000000e+03.

Iteration 12 completed. Current sample-mean minimum is 2329.234482. New variance estimate is 1913.360195.

Feasible point with lower objective function value found, but optimality criteria not satisfied. See output.bestfeasible..


Feasible point with lower objective function value found, but optimality criteria not satisfied. See output.bestfeasible..


Feasible point with lower objective function value found, but optimality criteria not satisfied. See output.bestfeasible..


Feasible point with lower objective function value found, but optimality criteria not satisfied. See output.bestfeasible..


Feasible point with lower objective function value found, but optimality criteria not satisfied. See output.bestfeasible..


Feasible point with lower objective function value found, but optimality criteria not satisfied. See output.bestfeasible..


Solver stopped prematurely.

fmincon stopped because it exceeded the function evaluation limit,
options.MaxFunctionEvaluations = 1.000000e+03.

Iteration 13 completed. Current sample-mean minimum is 2329.234482. New variance estimate is 949.217705.

Feasible point with lower objective function value found, but optimality criteria not satisfied. See output.bestfeasible..


Feasible point with lower objective function value found, but optimality criteria not satisfied. See output.bestfeasible..


Feasible point with lower objective function value found, but optimality criteria not satisfied. See output.bestfeasible..


Feasible point with lower objective function value found, but optimality criteria not satisfied. See output.bestfeasible..


Feasible point with lower objective function value found, but optimality criteria not satisfied. See output.bestfeasible..


Feasible point with lower objective function value found, but optimality criteria not satisfied. See output.bestfeasible..


Solver stopped prematurely.

fmincon stopped because it exceeded the function evaluation limit,
options.MaxFunctionEvaluations = 1.000000e+03.


Solver stopped prematurely.

fmincon stopped because it exceeded the function evaluation limit,
options.MaxFunctionEvaluations = 1.000000e+03.

Iteration 14 completed. Current sample-mean minimum is 2329.234482. New variance estimate is 1647.216416.

Feasible point with lower objective function value found, but optimality criteria not satisfied. See output.bestfeasible..


Feasible point with lower objective function value found, but optimality criteria not satisfied. See output.bestfeasible..


Feasible point with lower objective function value found, but optimality criteria not satisfied. See output.bestfeasible..


Feasible point with lower objective function value found, but optimality criteria not satisfied. See output.bestfeasible..


Feasible point with lower objective function value found, but optimality criteria not satisfied. See output.bestfeasible..


Feasible point with lower objective function value found, but optimality criteria not satisfied. See output.bestfeasible..


Feasible point with lower objective function value found, but optimality criteria not satisfied. See output.bestfeasible..


Solver stopped prematurely.

fmincon stopped because it exceeded the function evaluation limit,
options.MaxFunctionEvaluations = 1.000000e+03.


Solver stopped prematurely.

fmincon stopped because it exceeded the function evaluation limit,
options.MaxFunctionEvaluations = 1.000000e+03.

Iteration 15 completed. Current sample-mean minimum is 2329.234482. New variance estimate is 855.044696.

Feasible point with lower objective function value found, but optimality criteria not satisfied. See output.bestfeasible..


Feasible point with lower objective function value found, but optimality criteria not satisfied. See output.bestfeasible..


Feasible point with lower objective function value found, but optimality criteria not satisfied. See output.bestfeasible..


Solver stopped prematurely.

fmincon stopped because it exceeded the function evaluation limit,
options.MaxFunctionEvaluations = 1.000000e+03.


Solver stopped prematurely.

fmincon stopped because it exceeded the function evaluation limit,
options.MaxFunctionEvaluations = 1.000000e+03.


Solver stopped prematurely.

fmincon stopped because it exceeded the function evaluation limit,
options.MaxFunctionEvaluations = 1.000000e+03.

Iteration 16 completed. Current sample-mean minimum is 2329.234482. New variance estimate is 1292.457832.

Feasible point with lower objective function value found, but optimality criteria not satisfied. See output.bestfeasible..


Feasible point with lower objective function value found, but optimality criteria not satisfied. See output.bestfeasible..


Feasible point with lower objective function value found, but optimality criteria not satisfied. See output.bestfeasible..


Solver stopped prematurely.

fmincon stopped because it exceeded the function evaluation limit,
options.MaxFunctionEvaluations = 1.000000e+03.


Solver stopped prematurely.

fmincon stopped because it exceeded the function evaluation limit,
options.MaxFunctionEvaluations = 1.000000e+03.

Iteration 17 completed. Current sample-mean minimum is 2329.234482. New variance estimate is 1429.316795.

Feasible point with lower objective function value found, but optimality criteria not satisfied. See output.bestfeasible..


Feasible point with lower objective function value found, but optimality criteria not satisfied. See output.bestfeasible..


Feasible point with lower objective function value found, but optimality criteria not satisfied. See output.bestfeasible..


Feasible point with lower objective function value found, but optimality criteria not satisfied. See output.bestfeasible..


Solver stopped prematurely.

fmincon stopped because it exceeded the function evaluation limit,
options.MaxFunctionEvaluations = 5.000000e+03.


Solver stopped prematurely.

fmincon stopped because it exceeded the function evaluation limit,
options.MaxFunctionEvaluations = 1.000000e+03.


Solver stopped prematurely.

fmincon stopped because it exceeded the function evaluation limit,
options.MaxFunctionEvaluations = 1.000000e+03.

Iteration 18 completed. Current sample-mean minimum is 2329.234482. New variance estimate is 1542.472579.

Feasible point with lower objective function value found, but optimality criteria not satisfied. See output.bestfeasible..


Feasible point with lower objective function value found, but optimality criteria not satisfied. See output.bestfeasible..


Feasible point with lower objective function value found, but optimality criteria not satisfied. See output.bestfeasible..


Feasible point with lower objective function value found, but optimality criteria not satisfied. See output.bestfeasible..


Solver stopped prematurely.

fmincon stopped because it exceeded the function evaluation limit,
options.MaxFunctionEvaluations = 1.000000e+03.


Solver stopped prematurely.

fmincon stopped because it exceeded the function evaluation limit,
options.MaxFunctionEvaluations = 1.000000e+03.

Iteration 19 completed. Current sample-mean minimum is 2329.234482. New variance estimate is 594.209843.

Feasible point with lower objective function value found, but optimality criteria not satisfied. See output.bestfeasible..


Feasible point with lower objective function value found, but optimality criteria not satisfied. See output.bestfeasible..


Feasible point with lower objective function value found, but optimality criteria not satisfied. See output.bestfeasible..


Solver stopped prematurely.

fmincon stopped because it exceeded the function evaluation limit,
options.MaxFunctionEvaluations = 1.000000e+03.

Iteration 20 completed. Current sample-mean minimum is 2329.234482. New variance estimate is 852.643083.

Feasible point with lower objective function value found, but optimality criteria not satisfied. See output.bestfeasible..


Feasible point with lower objective function value found, but optimality criteria not satisfied. See output.bestfeasible..


Feasible point with lower objective function value found, but optimality criteria not satisfied. See output.bestfeasible..


Solver stopped prematurely.

fmincon stopped because it exceeded the function evaluation limit,
options.MaxFunctionEvaluations = 5.000000e+03.


Feasible point with lower objective function value found, but optimality criteria not satisfied. See output.bestfeasible..


Solver stopped prematurely.

fmincon stopped because it exceeded the function evaluation limit,
options.MaxFunctionEvaluations = 1.000000e+03.

Iteration 21 completed. Current sample-mean minimum is 2329.234482. New variance estimate is 1919.293407.

Feasible point with lower objective function value found, but optimality criteria not satisfied. See output.bestfeasible..


Feasible point with lower objective function value found, but optimality criteria not satisfied. See output.bestfeasible..


Feasible point with lower objective function value found, but optimality criteria not satisfied. See output.bestfeasible..


Feasible point with lower objective function value found, but optimality criteria not satisfied. See output.bestfeasible..


Feasible point with lower objective function value found, but optimality criteria not satisfied. See output.bestfeasible..


Solver stopped prematurely.

fmincon stopped because it exceeded the function evaluation limit,
options.MaxFunctionEvaluations = 1.000000e+03.


Solver stopped prematurely.

fmincon stopped because it exceeded the function evaluation limit,
options.MaxFunctionEvaluations = 1.000000e+03.


Solver stopped prematurely.

fmincon stopped because it exceeded the function evaluation limit,
options.MaxFunctionEvaluations = 1.000000e+03.

Iteration 22 completed. Current sample-mean minimum is 2329.234482. New variance estimate is 547.228720.

Feasible point with lower objective function value found, but optimality criteria not satisfied. See output.bestfeasible..


Feasible point with lower objective function value found, but optimality criteria not satisfied. See output.bestfeasible..


Feasible point with lower objective function value found, but optimality criteria not satisfied. See output.bestfeasible..


Feasible point with lower objective function value found, but optimality criteria not satisfied. See output.bestfeasible..


Feasible point with lower objective function value found, but optimality criteria not satisfied. See output.bestfeasible..


Feasible point with lower objective function value found, but optimality criteria not satisfied. See output.bestfeasible..


Solver stopped prematurely.

fmincon stopped because it exceeded the function evaluation limit,
options.MaxFunctionEvaluations = 1.000000e+03.


Solver stopped prematurely.

fmincon stopped because it exceeded the function evaluation limit,
options.MaxFunctionEvaluations = 1.000000e+03.

Iteration 23 completed. Current sample-mean minimum is 2329.234482. New variance estimate is 777.142528.

Feasible point with lower objective function value found, but optimality criteria not satisfied. See output.bestfeasible..


Feasible point with lower objective function value found, but optimality criteria not satisfied. See output.bestfeasible..


Feasible point with lower objective function value found, but optimality criteria not satisfied. See output.bestfeasible..


Feasible point with lower objective function value found, but optimality criteria not satisfied. See output.bestfeasible..


Feasible point with lower objective function value found, but optimality criteria not satisfied. See output.bestfeasible..


Feasible point with lower objective function value found, but optimality criteria not satisfied. See output.bestfeasible..

Iteration 24 completed. Current sample-mean minimum is 2329.234482. New variance estimate is 878.477298.

Feasible point with lower objective function value found, but optimality criteria not satisfied. See output.bestfeasible..


Feasible point with lower objective function value found, but optimality criteria not satisfied. See output.bestfeasible..


Feasible point with lower objective function value found, but optimality criteria not satisfied. See output.bestfeasible..


Feasible point with lower objective function value found, but optimality criteria not satisfied. See output.bestfeasible..


Solver stopped prematurely.

fmincon stopped because it exceeded the function evaluation limit,
options.MaxFunctionEvaluations = 1.000000e+03.


Solver stopped prematurely.

fmincon stopped because it exceeded the function evaluation limit,
options.MaxFunctionEvaluations = 1.000000e+03.

Iteration 25 completed. Current sample-mean minimum is 2329.234482. New variance estimate is 1013.514529.

Feasible point with lower objective function value found, but optimality criteria not satisfied. See output.bestfeasible..


Feasible point with lower objective function value found, but optimality criteria not satisfied. See output.bestfeasible..


Feasible point with lower objective function value found, but optimality criteria not satisfied. See output.bestfeasible..


Feasible point with lower objective function value found, but optimality criteria not satisfied. See output.bestfeasible..


Solver stopped prematurely.

fmincon stopped because it exceeded the function evaluation limit,
options.MaxFunctionEvaluations = 1.000000e+03.


Solver stopped prematurely.

fmincon stopped because it exceeded the function evaluation limit,
options.MaxFunctionEvaluations = 1.000000e+03.

Iteration 26 completed. Current sample-mean minimum is 2329.234482. New variance estimate is 801.616920.

Feasible point with lower objective function value found, but optimality criteria not satisfied. See output.bestfeasible..


Feasible point with lower objective function value found, but optimality criteria not satisfied. See output.bestfeasible..


Solver stopped prematurely.

fmincon stopped because it exceeded the function evaluation limit,
options.MaxFunctionEvaluations = 1.000000e+03.


Solver stopped prematurely.

fmincon stopped because it exceeded the function evaluation limit,
options.MaxFunctionEvaluations = 1.000000e+03.

Iteration 27 completed. Current sample-mean minimum is 2329.234482. New variance estimate is 1581.503464.

Feasible point with lower objective function value found, but optimality criteria not satisfied. See output.bestfeasible..


Feasible point with lower objective function value found, but optimality criteria not satisfied. See output.bestfeasible..


Feasible point with lower objective function value found, but optimality criteria not satisfied. See output.bestfeasible..


Feasible point with lower objective function value found, but optimality criteria not satisfied. See output.bestfeasible..


Solver stopped prematurely.

fmincon stopped because it exceeded the function evaluation limit,
options.MaxFunctionEvaluations = 1.000000e+03.


Solver stopped prematurely.

fmincon stopped because it exceeded the function evaluation limit,
options.MaxFunctionEvaluations = 1.000000e+03.

Iteration 28 completed. Current sample-mean minimum is 2329.234482. New variance estimate is 1078.371220.

Feasible point with lower objective function value found, but optimality criteria not satisfied. See output.bestfeasible..


Feasible point with lower objective function value found, but optimality criteria not satisfied. See output.bestfeasible..


Feasible point with lower objective function value found, but optimality criteria not satisfied. See output.bestfeasible..


Feasible point with lower objective function value found, but optimality criteria not satisfied. See output.bestfeasible..


Feasible point with lower objective function value found, but optimality criteria not satisfied. See output.bestfeasible..


Feasible point with lower objective function value found, but optimality criteria not satisfied. See output.bestfeasible..


Feasible point with lower objective function value found, but optimality criteria not satisfied. See output.bestfeasible..


Solver stopped prematurely.

fmincon stopped because it exceeded the function evaluation limit,
options.MaxFunctionEvaluations = 1.000000e+03.


Solver stopped prematurely.

fmincon stopped because it exceeded the function evaluation limit,
options.MaxFunctionEvaluations = 1.000000e+03.

Iteration 29 completed. Current sample-mean minimum is 2329.234482. New variance estimate is 1368.020239.

Feasible point with lower objective function value found, but optimality criteria not satisfied. See output.bestfeasible..


Feasible point with lower objective function value found, but optimality criteria not satisfied. See output.bestfeasible..


Feasible point with lower objective function value found, but optimality criteria not satisfied. See output.bestfeasible..


Feasible point with lower objective function value found, but optimality criteria not satisfied. See output.bestfeasible..


Solver stopped prematurely.

fmincon stopped because it exceeded the function evaluation limit,
options.MaxFunctionEvaluations = 1.000000e+03.

Iteration 30 completed. Current sample-mean minimum is 2329.234482. New variance estimate is 790.396250.

Feasible point with lower objective function value found, but optimality criteria not satisfied. See output.bestfeasible..


Feasible point with lower objective function value found, but optimality criteria not satisfied. See output.bestfeasible..


Feasible point with lower objective function value found, but optimality criteria not satisfied. See output.bestfeasible..


Feasible point with lower objective function value found, but optimality criteria not satisfied. See output.bestfeasible..


Solver stopped prematurely.

fmincon stopped because it exceeded the function evaluation limit,
options.MaxFunctionEvaluations = 5.000000e+03.

Iteration 31 completed. Current sample-mean minimum is 2329.234482. New variance estimate is 539.831977.

Feasible point with lower objective function value found, but optimality criteria not satisfied. See output.bestfeasible..


Feasible point with lower objective function value found, but optimality criteria not satisfied. See output.bestfeasible..


Feasible point with lower objective function value found, but optimality criteria not satisfied. See output.bestfeasible..


Feasible point with lower objective function value found, but optimality criteria not satisfied. See output.bestfeasible..


Feasible point with lower objective function value found, but optimality criteria not satisfied. See output.bestfeasible..


Solver stopped prematurely.

fmincon stopped because it exceeded the function evaluation limit,
options.MaxFunctionEvaluations = 1.000000e+03.

Iteration 32 completed. Current sample-mean minimum is 2329.234482. New variance estimate is 1231.263756.

Feasible point with lower objective function value found, but optimality criteria not satisfied. See output.bestfeasible..


Feasible point with lower objective function value found, but optimality criteria not satisfied. See output.bestfeasible..


Feasible point with lower objective function value found, but optimality criteria not satisfied. See output.bestfeasible..


Feasible point with lower objective function value found, but optimality criteria not satisfied. See output.bestfeasible..


Feasible point with lower objective function value found, but optimality criteria not satisfied. See output.bestfeasible..


Feasible point with lower objective function value found, but optimality criteria not satisfied. See output.bestfeasible..


Feasible point with lower objective function value found, but optimality criteria not satisfied. See output.bestfeasible..


Feasible point with lower objective function value found, but optimality criteria not satisfied. See output.bestfeasible..


Solver stopped prematurely.

fmincon stopped because it exceeded the function evaluation limit,
options.MaxFunctionEvaluations = 1.000000e+03.


Solver stopped prematurely.

fmincon stopped because it exceeded the function evaluation limit,
options.MaxFunctionEvaluations = 1.000000e+03.

Iteration 33 completed. Current sample-mean minimum is 2329.234482. New variance estimate is 868.659769.

Feasible point with lower objective function value found, but optimality criteria not satisfied. See output.bestfeasible..


Feasible point with lower objective function value found, but optimality criteria not satisfied. See output.bestfeasible..


Feasible point with lower objective function value found, but optimality criteria not satisfied. See output.bestfeasible..


Feasible point with lower objective function value found, but optimality criteria not satisfied. See output.bestfeasible..


Feasible point with lower objective function value found, but optimality criteria not satisfied. See output.bestfeasible..


Feasible point with lower objective function value found, but optimality criteria not satisfied. See output.bestfeasible..


Feasible point with lower objective function value found, but optimality criteria not satisfied. See output.bestfeasible..


Solver stopped prematurely.

fmincon stopped because it exceeded the function evaluation limit,
options.MaxFunctionEvaluations = 1.000000e+03.


Solver stopped prematurely.

fmincon stopped because it exceeded the function evaluation limit,
options.MaxFunctionEvaluations = 1.000000e+03.

Iteration 34 completed. Current sample-mean minimum is 2329.234482. New variance estimate is 431.006880.

Feasible point with lower objective function value found, but optimality criteria not satisfied. See output.bestfeasible..


Feasible point with lower objective function value found, but optimality criteria not satisfied. See output.bestfeasible..


Feasible point with lower objective function value found, but optimality criteria not satisfied. See output.bestfeasible..


Feasible point with lower objective function value found, but optimality criteria not satisfied. See output.bestfeasible..


Feasible point with lower objective function value found, but optimality criteria not satisfied. See output.bestfeasible..


Solver stopped prematurely.

fmincon stopped because it exceeded the function evaluation limit,
options.MaxFunctionEvaluations = 1.000000e+03.


Solver stopped prematurely.

fmincon stopped because it exceeded the function evaluation limit,
options.MaxFunctionEvaluations = 1.000000e+03.

Iteration 35 completed. Current sample-mean minimum is 2329.234482. New variance estimate is 452.406095.

Feasible point with lower objective function value found, but optimality criteria not satisfied. See output.bestfeasible..


Feasible point with lower objective function value found, but optimality criteria not satisfied. See output.bestfeasible..


Solver stopped prematurely.

fmincon stopped because it exceeded the function evaluation limit,
options.MaxFunctionEvaluations = 1.000000e+03.


Solver stopped prematurely.

fmincon stopped because it exceeded the function evaluation limit,
options.MaxFunctionEvaluations = 1.000000e+03.

Iteration 36 completed. Current sample-mean minimum is 2329.234482. New variance estimate is 441.990179.

Feasible point with lower objective function value found, but optimality criteria not satisfied. See output.bestfeasible..


Feasible point with lower objective function value found, but optimality criteria not satisfied. See output.bestfeasible..


Feasible point with lower objective function value found, but optimality criteria not satisfied. See output.bestfeasible..


Feasible point with lower objective function value found, but optimality criteria not satisfied. See output.bestfeasible..


Feasible point with lower objective function value found, but optimality criteria not satisfied. See output.bestfeasible..


Feasible point with lower objective function value found, but optimality criteria not satisfied. See output.bestfeasible..


Solver stopped prematurely.

fmincon stopped because it exceeded the function evaluation limit,
options.MaxFunctionEvaluations = 1.000000e+03.


Solver stopped prematurely.

fmincon stopped because it exceeded the function evaluation limit,
options.MaxFunctionEvaluations = 1.000000e+03.

Iteration 37 completed. Current sample-mean minimum is 2329.234482. New variance estimate is 415.146746.

Feasible point with lower objective function value found, but optimality criteria not satisfied. See output.bestfeasible..


Feasible point with lower objective function value found, but optimality criteria not satisfied. See output.bestfeasible..


Feasible point with lower objective function value found, but optimality criteria not satisfied. See output.bestfeasible..


Feasible point with lower objective function value found, but optimality criteria not satisfied. See output.bestfeasible..


Feasible point with lower objective function value found, but optimality criteria not satisfied. See output.bestfeasible..


Feasible point with lower objective function value found, but optimality criteria not satisfied. See output.bestfeasible..


Feasible point with lower objective function value found, but optimality criteria not satisfied. See output.bestfeasible..


Solver stopped prematurely.

fmincon stopped because it exceeded the function evaluation limit,
options.MaxFunctionEvaluations = 1.000000e+03.


Solver stopped prematurely.

fmincon stopped because it exceeded the function evaluation limit,
options.MaxFunctionEvaluations = 1.000000e+03.

Iteration 38 completed. Current sample-mean minimum is 2329.234482. New variance estimate is 807.872784.

Feasible point with lower objective function value found, but optimality criteria not satisfied. See output.bestfeasible..


Feasible point with lower objective function value found, but optimality criteria not satisfied. See output.bestfeasible..


Feasible point with lower objective function value found, but optimality criteria not satisfied. See output.bestfeasible..


Feasible point with lower objective function value found, but optimality criteria not satisfied. See output.bestfeasible..


Solver stopped prematurely.

fmincon stopped because it exceeded the function evaluation limit,
options.MaxFunctionEvaluations = 1.000000e+03.


Solver stopped prematurely.

fmincon stopped because it exceeded the function evaluation limit,
options.MaxFunctionEvaluations = 1.000000e+03.

Iteration 39 completed. Current sample-mean minimum is 2329.234482. New variance estimate is 464.319789.

Feasible point with lower objective function value found, but optimality criteria not satisfied. See output.bestfeasible..


Feasible point with lower objective function value found, but optimality criteria not satisfied. See output.bestfeasible..


Feasible point with lower objective function value found, but optimality criteria not satisfied. See output.bestfeasible..


Feasible point with lower objective function value found, but optimality criteria not satisfied. See output.bestfeasible..


Feasible point with lower objective function value found, but optimality criteria not satisfied. See output.bestfeasible..


Solver stopped prematurely.

fmincon stopped because it exceeded the function evaluation limit,
options.MaxFunctionEvaluations = 1.000000e+03.


Solver stopped prematurely.

fmincon stopped because it exceeded the function evaluation limit,
options.MaxFunctionEvaluations = 1.000000e+03.

Iteration 40 completed. Current sample-mean minimum is 2329.234482. New variance estimate is 426.007355.

Feasible point with lower objective function value found, but optimality criteria not satisfied. See output.bestfeasible..


Feasible point with lower objective function value found, but optimality criteria not satisfied. See output.bestfeasible..


Feasible point with lower objective function value found, but optimality criteria not satisfied. See output.bestfeasible..


Feasible point with lower objective function value found, but optimality criteria not satisfied. See output.bestfeasible..


Feasible point with lower objective function value found, but optimality criteria not satisfied. See output.bestfeasible..


Feasible point with lower objective function value found, but optimality criteria not satisfied. See output.bestfeasible..


Solver stopped prematurely.

fmincon stopped because it exceeded the function evaluation limit,
options.MaxFunctionEvaluations = 1.000000e+03.


Solver stopped prematurely.

fmincon stopped because it exceeded the function evaluation limit,
options.MaxFunctionEvaluations = 1.000000e+03.

Iteration 41 completed. Current sample-mean minimum is 2329.234482. New variance estimate is 1047.035815.

Feasible point with lower objective function value found, but optimality criteria not satisfied. See output.bestfeasible..


Feasible point with lower objective function value found, but optimality criteria not satisfied. See output.bestfeasible..


Feasible point with lower objective function value found, but optimality criteria not satisfied. See output.bestfeasible..


Feasible point with lower objective function value found, but optimality criteria not satisfied. See output.bestfeasible..


Feasible point with lower objective function value found, but optimality criteria not satisfied. See output.bestfeasible..


Solver stopped prematurely.

fmincon stopped because it exceeded the function evaluation limit,
options.MaxFunctionEvaluations = 1.000000e+03.


Solver stopped prematurely.

fmincon stopped because it exceeded the function evaluation limit,
options.MaxFunctionEvaluations = 1.000000e+03.

Iteration 42 completed. Current sample-mean minimum is 2329.234482. New variance estimate is 547.228370.

Feasible point with lower objective function value found, but optimality criteria not satisfied. See output.bestfeasible..


Feasible point with lower objective function value found, but optimality criteria not satisfied. See output.bestfeasible..


Feasible point with lower objective function value found, but optimality criteria not satisfied. See output.bestfeasible..


Feasible point with lower objective function value found, but optimality criteria not satisfied. See output.bestfeasible..


Solver stopped prematurely.

fmincon stopped because it exceeded the function evaluation limit,
options.MaxFunctionEvaluations = 1.000000e+03.


Solver stopped prematurely.

fmincon stopped because it exceeded the function evaluation limit,
options.MaxFunctionEvaluations = 1.000000e+03.

Iteration 43 completed. Current sample-mean minimum is 2329.234482. New variance estimate is 380.020140.

Feasible point with lower objective function value found, but optimality criteria not satisfied. See output.bestfeasible..


Feasible point with lower objective function value found, but optimality criteria not satisfied. See output.bestfeasible..


Feasible point with lower objective function value found, but optimality criteria not satisfied. See output.bestfeasible..


Feasible point with lower objective function value found, but optimality criteria not satisfied. See output.bestfeasible..


Solver stopped prematurely.

fmincon stopped because it exceeded the function evaluation limit,
options.MaxFunctionEvaluations = 1.000000e+03.


Solver stopped prematurely.

fmincon stopped because it exceeded the function evaluation limit,
options.MaxFunctionEvaluations = 1.000000e+03.

Iteration 44 completed. Current sample-mean minimum is 2329.234482. New variance estimate is 380.019694.

Feasible point with lower objective function value found, but optimality criteria not satisfied. See output.bestfeasible..


Feasible point with lower objective function value found, but optimality criteria not satisfied. See output.bestfeasible..


Feasible point with lower objective function value found, but optimality criteria not satisfied. See output.bestfeasible..


Feasible point with lower objective function value found, but optimality criteria not satisfied. See output.bestfeasible..


Feasible point with lower objective function value found, but optimality criteria not satisfied. See output.bestfeasible..


Solver stopped prematurely.

fmincon stopped because it exceeded the function evaluation limit,
options.MaxFunctionEvaluations = 1.000000e+03.


Solver stopped prematurely.

fmincon stopped because it exceeded the function evaluation limit,
options.MaxFunctionEvaluations = 1.000000e+03.

Iteration 45 completed. Current sample-mean minimum is 2329.234482. New variance estimate is 380.019703.

Feasible point with lower objective function value found, but optimality criteria not satisfied. See output.bestfeasible..


Feasible point with lower objective function value found, but optimality criteria not satisfied. See output.bestfeasible..


Feasible point with lower objective function value found, but optimality criteria not satisfied. See output.bestfeasible..


Feasible point with lower objective function value found, but optimality criteria not satisfied. See output.bestfeasible..


Feasible point with lower objective function value found, but optimality criteria not satisfied. See output.bestfeasible..


Feasible point with lower objective function value found, but optimality criteria not satisfied. See output.bestfeasible..


Solver stopped prematurely.

fmincon stopped because it exceeded the function evaluation limit,
options.MaxFunctionEvaluations = 1.000000e+03.

Iteration 46 completed. Current sample-mean minimum is 2329.234482. New variance estimate is 380.019716.

Feasible point with lower objective function value found, but optimality criteria not satisfied. See output.bestfeasible..


Feasible point with lower objective function value found, but optimality criteria not satisfied. See output.bestfeasible..


Feasible point with lower objective function value found, but optimality criteria not satisfied. See output.bestfeasible..


Feasible point with lower objective function value found, but optimality criteria not satisfied. See output.bestfeasible..


Feasible point with lower objective function value found, but optimality criteria not satisfied. See output.bestfeasible..


Feasible point with lower objective function value found, but optimality criteria not satisfied. See output.bestfeasible..


Feasible point with lower objective function value found, but optimality criteria not satisfied. See output.bestfeasible..


Solver stopped prematurely.

fmincon stopped because it exceeded the function evaluation limit,
options.MaxFunctionEvaluations = 1.000000e+03.

Iteration 47 completed. Current sample-mean minimum is 2329.234482. New variance estimate is 380.019738.

Feasible point with lower objective function value found, but optimality criteria not satisfied. See output.bestfeasible..


Feasible point with lower objective function value found, but optimality criteria not satisfied. See output.bestfeasible..


Feasible point with lower objective function value found, but optimality criteria not satisfied. See output.bestfeasible..


Feasible point with lower objective function value found, but optimality criteria not satisfied. See output.bestfeasible..


Feasible point with lower objective function value found, but optimality criteria not satisfied. See output.bestfeasible..


Feasible point with lower objective function value found, but optimality criteria not satisfied. See output.bestfeasible..


Solver stopped prematurely.

fmincon stopped because it exceeded the function evaluation limit,
options.MaxFunctionEvaluations = 1.000000e+03.


Solver stopped prematurely.

fmincon stopped because it exceeded the function evaluation limit,
options.MaxFunctionEvaluations = 1.000000e+03.

Iteration 48 completed. Current sample-mean minimum is 2329.234482. New variance estimate is 390.002805.

Feasible point with lower objective function value found, but optimality criteria not satisfied. See output.bestfeasible..


Feasible point with lower objective function value found, but optimality criteria not satisfied. See output.bestfeasible..


Feasible point with lower objective function value found, but optimality criteria not satisfied. See output.bestfeasible..


Feasible point with lower objective function value found, but optimality criteria not satisfied. See output.bestfeasible..


Feasible point with lower objective function value found, but optimality criteria not satisfied. See output.bestfeasible..


Solver stopped prematurely.

fmincon stopped because it exceeded the function evaluation limit,
options.MaxFunctionEvaluations = 1.000000e+03.


Solver stopped prematurely.

fmincon stopped because it exceeded the function evaluation limit,
options.MaxFunctionEvaluations = 1.000000e+03.

Iteration 49 completed. Current sample-mean minimum is 2329.234482. New variance estimate is 399.647099.

Feasible point with lower objective function value found, but optimality criteria not satisfied. See output.bestfeasible..


Feasible point with lower objective function value found, but optimality criteria not satisfied. See output.bestfeasible..


Feasible point with lower objective function value found, but optimality criteria not satisfied. See output.bestfeasible..


Feasible point with lower objective function value found, but optimality criteria not satisfied. See output.bestfeasible..


Solver stopped prematurely.

fmincon stopped because it exceeded the function evaluation limit,
options.MaxFunctionEvaluations = 1.000000e+03.

Iteration 50 completed. Current sample-mean minimum is 2329.234482. New variance estimate is 547.228380.

Feasible point with lower objective function value found, but optimality criteria not satisfied. See output.bestfeasible..


Feasible point with lower objective function value found, but optimality criteria not satisfied. See output.bestfeasible..


Feasible point with lower objective function value found, but optimality criteria not satisfied. See output.bestfeasible..


Solver stopped prematurely.

fmincon stopped because it exceeded the function evaluation limit,
options.MaxFunctionEvaluations = 1.000000e+03.

Iteration 51 completed. Current sample-mean minimum is 2329.234482. New variance estimate is 386.435902.

Solver stopped prematurely.

fmincon stopped because it exceeded the function evaluation limit,
options.MaxFunctionEvaluations = 5.000000e+03.


Feasible point with lower objective function value found, but optimality criteria not satisfied. See output.bestfeasible..


Solver stopped prematurely.

fmincon stopped because it exceeded the function evaluation limit,
options.MaxFunctionEvaluations = 1.000000e+03.


Solver stopped prematurely.

fmincon stopped because it exceeded the function evaluation limit,
options.MaxFunctionEvaluations = 1.000000e+03.


Solver stopped prematurely.

fmincon stopped because it exceeded the function evaluation limit,
options.MaxFunctionEvaluations = 1.000000e+03.

Iteration 52 completed. Current sample-mean minimum is 2329.234482. New variance estimate is 390.282944.

Feasible point with lower objective function value found, but optimality criteria not satisfied. See output.bestfeasible..


Solver stopped prematurely.

fmincon stopped because it exceeded the function evaluation limit,
options.MaxFunctionEvaluations = 5.000000e+03.


Feasible point with lower objective function value found, but optimality criteria not satisfied. See output.bestfeasible..


Feasible point with lower objective function value found, but optimality criteria not satisfied. See output.bestfeasible..


Feasible point with lower objective function value found, but optimality criteria not satisfied. See output.bestfeasible..


Solver stopped prematurely.

fmincon stopped because it exceeded the function evaluation limit,
options.MaxFunctionEvaluations = 1.000000e+03.


Solver stopped prematurely.

fmincon stopped because it exceeded the function evaluation limit,
options.MaxFunctionEvaluations = 1.000000e+03.


Solver stopped prematurely.

fmincon stopped because it exceeded the function evaluation limit,
options.MaxFunctionEvaluations = 1.000000e+03.

Iteration 53 completed. Current sample-mean minimum is 2329.234482. New variance estimate is 431.601269.

Feasible point with lower objective function value found, but optimality criteria not satisfied. See output.bestfeasible..


Feasible point with lower objective function value found, but optimality criteria not satisfied. See output.bestfeasible..


Feasible point with lower objective function value found, but optimality criteria not satisfied. See output.bestfeasible..


Feasible point with lower objective function value found, but optimality criteria not satisfied. See output.bestfeasible..


Solver stopped prematurely.

fmincon stopped because it exceeded the function evaluation limit,
options.MaxFunctionEvaluations = 1.000000e+03.


Solver stopped prematurely.

fmincon stopped because it exceeded the function evaluation limit,
options.MaxFunctionEvaluations = 1.000000e+03.

Iteration 54 completed. Current sample-mean minimum is 2329.234482. New variance estimate is 425.700135.

Feasible point with lower objective function value found, but optimality criteria not satisfied. See output.bestfeasible..


Feasible point with lower objective function value found, but optimality criteria not satisfied. See output.bestfeasible..


Feasible point with lower objective function value found, but optimality criteria not satisfied. See output.bestfeasible..


Solver stopped prematurely.

fmincon stopped because it exceeded the function evaluation limit,
options.MaxFunctionEvaluations = 1.000000e+03.

Iteration 55 completed. Current sample-mean minimum is 2329.234482. New variance estimate is 380.019799.

Feasible point with lower objective function value found, but optimality criteria not satisfied. See output.bestfeasible..


Feasible point with lower objective function value found, but optimality criteria not satisfied. See output.bestfeasible..


Feasible point with lower objective function value found, but optimality criteria not satisfied. See output.bestfeasible..


Feasible point with lower objective function value found, but optimality criteria not satisfied. See output.bestfeasible..


Solver stopped prematurely.

fmincon stopped because it exceeded the function evaluation limit,
options.MaxFunctionEvaluations = 1.000000e+03.

Iteration 56 completed. Current sample-mean minimum is 2329.234482. New variance estimate is 403.713546.

Feasible point with lower objective function value found, but optimality criteria not satisfied. See output.bestfeasible..


Feasible point with lower objective function value found, but optimality criteria not satisfied. See output.bestfeasible..


Feasible point with lower objective function value found, but optimality criteria not satisfied. See output.bestfeasible..


Feasible point with lower objective function value found, but optimality criteria not satisfied. See output.bestfeasible..


Solver stopped prematurely.

fmincon stopped because it exceeded the function evaluation limit,
options.MaxFunctionEvaluations = 1.000000e+03.


Solver stopped prematurely.

fmincon stopped because it exceeded the function evaluation limit,
options.MaxFunctionEvaluations = 1.000000e+03.

Iteration 57 completed. Current sample-mean minimum is 2329.234482. New variance estimate is 401.136027.

Feasible point with lower objective function value found, but optimality criteria not satisfied. See output.bestfeasible..


Feasible point with lower objective function value found, but optimality criteria not satisfied. See output.bestfeasible..


Feasible point with lower objective function value found, but optimality criteria not satisfied. See output.bestfeasible..


Feasible point with lower objective function value found, but optimality criteria not satisfied. See output.bestfeasible..


Feasible point with lower objective function value found, but optimality criteria not satisfied. See output.bestfeasible..


Solver stopped prematurely.

fmincon stopped because it exceeded the function evaluation limit,
options.MaxFunctionEvaluations = 1.000000e+03.


Solver stopped prematurely.

fmincon stopped because it exceeded the function evaluation limit,
options.MaxFunctionEvaluations = 1.000000e+03.

Iteration 58 completed. Current sample-mean minimum is 2329.234482. New variance estimate is 400.463172.

Feasible point with lower objective function value found, but optimality criteria not satisfied. See output.bestfeasible..


Feasible point with lower objective function value found, but optimality criteria not satisfied. See output.bestfeasible..


Feasible point with lower objective function value found, but optimality criteria not satisfied. See output.bestfeasible..


Feasible point with lower objective function value found, but optimality criteria not satisfied. See output.bestfeasible..


Solver stopped prematurely.

fmincon stopped because it exceeded the function evaluation limit,
options.MaxFunctionEvaluations = 1.000000e+03.


Solver stopped prematurely.

fmincon stopped because it exceeded the function evaluation limit,
options.MaxFunctionEvaluations = 1.000000e+03.

Iteration 59 completed. Current sample-mean minimum is 2329.234482. New variance estimate is 470.247520.

Feasible point with lower objective function value found, but optimality criteria not satisfied. See output.bestfeasible..


Feasible point with lower objective function value found, but optimality criteria not satisfied. See output.bestfeasible..


Feasible point with lower objective function value found, but optimality criteria not satisfied. See output.bestfeasible..


Solver stopped prematurely.

fmincon stopped because it exceeded the function evaluation limit,
options.MaxFunctionEvaluations = 1.000000e+03.


Solver stopped prematurely.

fmincon stopped because it exceeded the function evaluation limit,
options.MaxFunctionEvaluations = 1.000000e+03.

Iteration 60 completed. Current sample-mean minimum is 2329.234482. New variance estimate is 398.728942.

Feasible point with lower objective function value found, but optimality criteria not satisfied. See output.bestfeasible..


Feasible point with lower objective function value found, but optimality criteria not satisfied. See output.bestfeasible..


Solver stopped prematurely.

fmincon stopped because it exceeded the function evaluation limit,
options.MaxFunctionEvaluations = 1.000000e+03.


Solver stopped prematurely.

fmincon stopped because it exceeded the function evaluation limit,
options.MaxFunctionEvaluations = 1.000000e+03.

Iteration 61 completed. Current sample-mean minimum is 2329.234482. New variance estimate is 380.019788.

Feasible point with lower objective function value found, but optimality criteria not satisfied. See output.bestfeasible..


Feasible point with lower objective function value found, but optimality criteria not satisfied. See output.bestfeasible..


Feasible point with lower objective function value found, but optimality criteria not satisfied. See output.bestfeasible..


Feasible point with lower objective function value found, but optimality criteria not satisfied. See output.bestfeasible..


Feasible point with lower objective function value found, but optimality criteria not satisfied. See output.bestfeasible..


Solver stopped prematurely.

fmincon stopped because it exceeded the function evaluation limit,
options.MaxFunctionEvaluations = 1.000000e+03.


Solver stopped prematurely.

fmincon stopped because it exceeded the function evaluation limit,
options.MaxFunctionEvaluations = 1.000000e+03.

Iteration 62 completed. Current sample-mean minimum is 2329.234482. New variance estimate is 387.931932.

Feasible point with lower objective function value found, but optimality criteria not satisfied. See output.bestfeasible..


Feasible point with lower objective function value found, but optimality criteria not satisfied. See output.bestfeasible..


Feasible point with lower objective function value found, but optimality criteria not satisfied. See output.bestfeasible..


Feasible point with lower objective function value found, but optimality criteria not satisfied. See output.bestfeasible..


Solver stopped prematurely.

fmincon stopped because it exceeded the function evaluation limit,
options.MaxFunctionEvaluations = 1.000000e+03.

Iteration 63 completed. Current sample-mean minimum is 2329.234482. New variance estimate is 586.203369.

Feasible point with lower objective function value found, but optimality criteria not satisfied. See output.bestfeasible..


Feasible point with lower objective function value found, but optimality criteria not satisfied. See output.bestfeasible..


Solver stopped prematurely.

fmincon stopped because it exceeded the function evaluation limit,
options.MaxFunctionEvaluations = 1.000000e+03.

Iteration 64 completed. Current sample-mean minimum is 2329.234482. New variance estimate is 398.658829.

Feasible point with lower objective function value found, but optimality criteria not satisfied. See output.bestfeasible..


Solver stopped prematurely.

fmincon stopped because it exceeded the function evaluation limit,
options.MaxFunctionEvaluations = 5.000000e+03.


Feasible point with lower objective function value found, but optimality criteria not satisfied. See output.bestfeasible..


Feasible point with lower objective function value found, but optimality criteria not satisfied. See output.bestfeasible..


Feasible point with lower objective function value found, but optimality criteria not satisfied. See output.bestfeasible..


Feasible point with lower objective function value found, but optimality criteria not satisfied. See output.bestfeasible..


Solver stopped prematurely.

fmincon stopped because it exceeded the function evaluation limit,
options.MaxFunctionEvaluations = 1.000000e+03.


Solver stopped prematurely.

fmincon stopped because it exceeded the function evaluation limit,
options.MaxFunctionEvaluations = 1.000000e+03.

Iteration 65 completed. Current sample-mean minimum is 2329.234482. New variance estimate is 414.384877.

Feasible point with lower objective function value found, but optimality criteria not satisfied. See output.bestfeasible..


Feasible point with lower objective function value found, but optimality criteria not satisfied. See output.bestfeasible..


Feasible point with lower objective function value found, but optimality criteria not satisfied. See output.bestfeasible..


Feasible point with lower objective function value found, but optimality criteria not satisfied. See output.bestfeasible..


Solver stopped prematurely.

fmincon stopped because it exceeded the function evaluation limit,
options.MaxFunctionEvaluations = 1.000000e+03.


Solver stopped prematurely.

fmincon stopped because it exceeded the function evaluation limit,
options.MaxFunctionEvaluations = 1.000000e+03.

Iteration 66 completed. Current sample-mean minimum is 2329.234482. New variance estimate is 380.019861.

Feasible point with lower objective function value found, but optimality criteria not satisfied. See output.bestfeasible..


Feasible point with lower objective function value found, but optimality criteria not satisfied. See output.bestfeasible..


Feasible point with lower objective function value found, but optimality criteria not satisfied. See output.bestfeasible..


Feasible point with lower objective function value found, but optimality criteria not satisfied. See output.bestfeasible..


Solver stopped prematurely.

fmincon stopped because it exceeded the function evaluation limit,
options.MaxFunctionEvaluations = 1.000000e+03.


Solver stopped prematurely.

fmincon stopped because it exceeded the function evaluation limit,
options.MaxFunctionEvaluations = 1.000000e+03.

Iteration 67 completed. Current sample-mean minimum is 2329.234482. New variance estimate is 415.805849.

Feasible point with lower objective function value found, but optimality criteria not satisfied. See output.bestfeasible..


Feasible point with lower objective function value found, but optimality criteria not satisfied. See output.bestfeasible..


Feasible point with lower objective function value found, but optimality criteria not satisfied. See output.bestfeasible..


Solver stopped prematurely.

fmincon stopped because it exceeded the function evaluation limit,
options.MaxFunctionEvaluations = 1.000000e+03.


Solver stopped prematurely.

fmincon stopped because it exceeded the function evaluation limit,
options.MaxFunctionEvaluations = 1.000000e+03.

Iteration 68 completed. Current sample-mean minimum is 2329.234482. New variance estimate is 402.805653.

Feasible point with lower objective function value found, but optimality criteria not satisfied. See output.bestfeasible..


Feasible point with lower objective function value found, but optimality criteria not satisfied. See output.bestfeasible..


Feasible point with lower objective function value found, but optimality criteria not satisfied. See output.bestfeasible..


Solver stopped prematurely.

fmincon stopped because it exceeded the function evaluation limit,
options.MaxFunctionEvaluations = 1.000000e+03.


Solver stopped prematurely.

fmincon stopped because it exceeded the function evaluation limit,
options.MaxFunctionEvaluations = 1.000000e+03.

Iteration 69 completed. Current sample-mean minimum is 2329.234482. New variance estimate is 380.019988.

Feasible point with lower objective function value found, but optimality criteria not satisfied. See output.bestfeasible..


Feasible point with lower objective function value found, but optimality criteria not satisfied. See output.bestfeasible..


Feasible point with lower objective function value found, but optimality criteria not satisfied. See output.bestfeasible..


Feasible point with lower objective function value found, but optimality criteria not satisfied. See output.bestfeasible..


Solver stopped prematurely.

fmincon stopped because it exceeded the function evaluation limit,
options.MaxFunctionEvaluations = 1.000000e+03.


Solver stopped prematurely.

fmincon stopped because it exceeded the function evaluation limit,
options.MaxFunctionEvaluations = 1.000000e+03.

Iteration 70 completed. Current sample-mean minimum is 2329.234482. New variance estimate is 437.798676.

Feasible point with lower objective function value found, but optimality criteria not satisfied. See output.bestfeasible..


Feasible point with lower objective function value found, but optimality criteria not satisfied. See output.bestfeasible..


Feasible point with lower objective function value found, but optimality criteria not satisfied. See output.bestfeasible..


Feasible point with lower objective function value found, but optimality criteria not satisfied. See output.bestfeasible..


Feasible point with lower objective function value found, but optimality criteria not satisfied. See output.bestfeasible..


Feasible point with lower objective function value found, but optimality criteria not satisfied. See output.bestfeasible..


Solver stopped prematurely.

fmincon stopped because it exceeded the function evaluation limit,
options.MaxFunctionEvaluations = 1.000000e+03.

Iteration 71 completed. Current sample-mean minimum is 2329.234482. New variance estimate is 1217.879014.

Feasible point with lower objective function value found, but optimality criteria not satisfied. See output.bestfeasible..


Feasible point with lower objective function value found, but optimality criteria not satisfied. See output.bestfeasible..


Feasible point with lower objective function value found, but optimality criteria not satisfied. See output.bestfeasible..


Solver stopped prematurely.

fmincon stopped because it exceeded the function evaluation limit,
options.MaxFunctionEvaluations = 1.000000e+03.


Solver stopped prematurely.

fmincon stopped because it exceeded the function evaluation limit,
options.MaxFunctionEvaluations = 1.000000e+03.

Iteration 72 completed. Current sample-mean minimum is 2329.234482. New variance estimate is 440.590410.

Feasible point with lower objective function value found, but optimality criteria not satisfied. See output.bestfeasible..


Feasible point with lower objective function value found, but optimality criteria not satisfied. See output.bestfeasible..


Feasible point with lower objective function value found, but optimality criteria not satisfied. See output.bestfeasible..


Solver stopped prematurely.

fmincon stopped because it exceeded the function evaluation limit,
options.MaxFunctionEvaluations = 1.000000e+03.


Solver stopped prematurely.

fmincon stopped because it exceeded the function evaluation limit,
options.MaxFunctionEvaluations = 1.000000e+03.


Solver stopped prematurely.

fmincon stopped because it exceeded the function evaluation limit,
options.MaxFunctionEvaluations = 1.000000e+03.

Iteration 73 completed. Current sample-mean minimum is 2329.234482. New variance estimate is 437.920852.

Feasible point with lower objective function value found, but optimality criteria not satisfied. See output.bestfeasible..


Feasible point with lower objective function value found, but optimality criteria not satisfied. See output.bestfeasible..


Solver stopped prematurely.

fmincon stopped because it exceeded the function evaluation limit,
options.MaxFunctionEvaluations = 1.000000e+03.

Iteration 74 completed. Current sample-mean minimum is 2329.234482. New variance estimate is 431.459192.

Feasible point with lower objective function value found, but optimality criteria not satisfied. See output.bestfeasible..


Feasible point with lower objective function value found, but optimality criteria not satisfied. See output.bestfeasible..


Solver stopped prematurely.

fmincon stopped because it exceeded the function evaluation limit,
options.MaxFunctionEvaluations = 5.000000e+03.


Solver stopped prematurely.

fmincon stopped because it exceeded the function evaluation limit,
options.MaxFunctionEvaluations = 1.000000e+03.

Iteration 75 completed. Current sample-mean minimum is 2329.234482. New variance estimate is 431.493264.

Feasible point with lower objective function value found, but optimality criteria not satisfied. See output.bestfeasible..


Feasible point with lower objective function value found, but optimality criteria not satisfied. See output.bestfeasible..


Feasible point with lower objective function value found, but optimality criteria not satisfied. See output.bestfeasible..


Feasible point with lower objective function value found, but optimality criteria not satisfied. See output.bestfeasible..


Feasible point with lower objective function value found, but optimality criteria not satisfied. See output.bestfeasible..


Feasible point with lower objective function value found, but optimality criteria not satisfied. See output.bestfeasible..


Solver stopped prematurely.

fmincon stopped because it exceeded the function evaluation limit,
options.MaxFunctionEvaluations = 1.000000e+03.

Iteration 76 completed. Current sample-mean minimum is 2329.234482. New variance estimate is 428.568625.

Feasible point with lower objective function value found, but optimality criteria not satisfied. See output.bestfeasible..


Solver stopped prematurely.

fmincon stopped because it exceeded the function evaluation limit,
options.MaxFunctionEvaluations = 1.000000e+03.

Iteration 77 completed. Current sample-mean minimum is 2329.234482. New variance estimate is 429.238672.

Feasible point with lower objective function value found, but optimality criteria not satisfied. See output.bestfeasible..


Feasible point with lower objective function value found, but optimality criteria not satisfied. See output.bestfeasible..


Feasible point with lower objective function value found, but optimality criteria not satisfied. See output.bestfeasible..


Solver stopped prematurely.

fmincon stopped because it exceeded the function evaluation limit,
options.MaxFunctionEvaluations = 1.000000e+03.


Solver stopped prematurely.

fmincon stopped because it exceeded the function evaluation limit,
options.MaxFunctionEvaluations = 1.000000e+03.

Iteration 78 completed. Current sample-mean minimum is 2329.234482. New variance estimate is 461.831604.

Feasible point with lower objective function value found, but optimality criteria not satisfied. See output.bestfeasible..


Feasible point with lower objective function value found, but optimality criteria not satisfied. See output.bestfeasible..


Feasible point with lower objective function value found, but optimality criteria not satisfied. See output.bestfeasible..


Feasible point with lower objective function value found, but optimality criteria not satisfied. See output.bestfeasible..


Solver stopped prematurely.

fmincon stopped because it exceeded the function evaluation limit,
options.MaxFunctionEvaluations = 1.000000e+03.


Solver stopped prematurely.

fmincon stopped because it exceeded the function evaluation limit,
options.MaxFunctionEvaluations = 1.000000e+03.

Iteration 79 completed. Current sample-mean minimum is 2329.234482. New variance estimate is 431.018935.

Feasible point with lower objective function value found, but optimality criteria not satisfied. See output.bestfeasible..


Feasible point with lower objective function value found, but optimality criteria not satisfied. See output.bestfeasible..


Feasible point with lower objective function value found, but optimality criteria not satisfied. See output.bestfeasible..


Solver stopped prematurely.

fmincon stopped because it exceeded the function evaluation limit,
options.MaxFunctionEvaluations = 1.000000e+03.


Solver stopped prematurely.

fmincon stopped because it exceeded the function evaluation limit,
options.MaxFunctionEvaluations = 1.000000e+03.

Iteration 80 completed. Current sample-mean minimum is 2329.234482. New variance estimate is 417.748214.

Solver stopped prematurely.

fmincon stopped because it exceeded the function evaluation limit,
options.MaxFunctionEvaluations = 1.000000e+03.

Iteration 81 completed. Current sample-mean minimum is 2329.234482. New variance estimate is 423.430672.

Feasible point with lower objective function value found, but optimality criteria not satisfied. See output.bestfeasible..


Feasible point with lower objective function value found, but optimality criteria not satisfied. See output.bestfeasible..


Feasible point with lower objective function value found, but optimality criteria not satisfied. See output.bestfeasible..


Feasible point with lower objective function value found, but optimality criteria not satisfied. See output.bestfeasible..


Feasible point with lower objective function value found, but optimality criteria not satisfied. See output.bestfeasible..


Solver stopped prematurely.

fmincon stopped because it exceeded the function evaluation limit,
options.MaxFunctionEvaluations = 1.000000e+03.


Solver stopped prematurely.

fmincon stopped because it exceeded the function evaluation limit,
options.MaxFunctionEvaluations = 1.000000e+03.

Iteration 82 completed. Current sample-mean minimum is 2329.234482. New variance estimate is 421.172824.

Feasible point with lower objective function value found, but optimality criteria not satisfied. See output.bestfeasible..


Solver stopped prematurely.

fmincon stopped because it exceeded the function evaluation limit,
options.MaxFunctionEvaluations = 1.000000e+03.


Solver stopped prematurely.

fmincon stopped because it exceeded the function evaluation limit,
options.MaxFunctionEvaluations = 1.000000e+03.

Iteration 83 completed. Current sample-mean minimum is 2329.234482. New variance estimate is 420.906607.

Feasible point with lower objective function value found, but optimality criteria not satisfied. See output.bestfeasible..


Feasible point with lower objective function value found, but optimality criteria not satisfied. See output.bestfeasible..


Feasible point with lower objective function value found, but optimality criteria not satisfied. See output.bestfeasible..


Feasible point with lower objective function value found, but optimality criteria not satisfied. See output.bestfeasible..


Solver stopped prematurely.

fmincon stopped because it exceeded the function evaluation limit,
options.MaxFunctionEvaluations = 1.000000e+03.


Solver stopped prematurely.

fmincon stopped because it exceeded the function evaluation limit,
options.MaxFunctionEvaluations = 1.000000e+03.

Iteration 84 completed. Current sample-mean minimum is 2329.234482. New variance estimate is 421.848330.

Feasible point with lower objective function value found, but optimality criteria not satisfied. See output.bestfeasible..


Feasible point with lower objective function value found, but optimality criteria not satisfied. See output.bestfeasible..


Feasible point with lower objective function value found, but optimality criteria not satisfied. See output.bestfeasible..


Feasible point with lower objective function value found, but optimality criteria not satisfied. See output.bestfeasible..


Solver stopped prematurely.

fmincon stopped because it exceeded the function evaluation limit,
options.MaxFunctionEvaluations = 1.000000e+03.


Solver stopped prematurely.

fmincon stopped because it exceeded the function evaluation limit,
options.MaxFunctionEvaluations = 1.000000e+03.


Solver stopped prematurely.

fmincon stopped because it exceeded the function evaluation limit,
options.MaxFunctionEvaluations = 1.000000e+03.

Iteration 85 completed. Current sample-mean minimum is 2329.234482. New variance estimate is 547.228398.

Feasible point with lower objective function value found, but optimality criteria not satisfied. See output.bestfeasible..


Feasible point with lower objective function value found, but optimality criteria not satisfied. See output.bestfeasible..


Feasible point with lower objective function value found, but optimality criteria not satisfied. See output.bestfeasible..


Feasible point with lower objective function value found, but optimality criteria not satisfied. See output.bestfeasible..


Solver stopped prematurely.

fmincon stopped because it exceeded the function evaluation limit,
options.MaxFunctionEvaluations = 1.000000e+03.


Solver stopped prematurely.

fmincon stopped because it exceeded the function evaluation limit,
options.MaxFunctionEvaluations = 1.000000e+03.

Iteration 86 completed. Current sample-mean minimum is 2329.234482. New variance estimate is 415.303227.

Feasible point with lower objective function value found, but optimality criteria not satisfied. See output.bestfeasible..


Feasible point with lower objective function value found, but optimality criteria not satisfied. See output.bestfeasible..


Feasible point with lower objective function value found, but optimality criteria not satisfied. See output.bestfeasible..


Feasible point with lower objective function value found, but optimality criteria not satisfied. See output.bestfeasible..


Feasible point with lower objective function value found, but optimality criteria not satisfied. See output.bestfeasible..


Solver stopped prematurely.

fmincon stopped because it exceeded the function evaluation limit,
options.MaxFunctionEvaluations = 1.000000e+03.


Solver stopped prematurely.

fmincon stopped because it exceeded the function evaluation limit,
options.MaxFunctionEvaluations = 1.000000e+03.

Iteration 87 completed. Current sample-mean minimum is 2329.234482. New variance estimate is 471.431760.

Feasible point with lower objective function value found, but optimality criteria not satisfied. See output.bestfeasible..


Feasible point with lower objective function value found, but optimality criteria not satisfied. See output.bestfeasible..


Feasible point with lower objective function value found, but optimality criteria not satisfied. See output.bestfeasible..


Feasible point with lower objective function value found, but optimality criteria not satisfied. See output.bestfeasible..


Solver stopped prematurely.

fmincon stopped because it exceeded the function evaluation limit,
options.MaxFunctionEvaluations = 1.000000e+03.


Solver stopped prematurely.

fmincon stopped because it exceeded the function evaluation limit,
options.MaxFunctionEvaluations = 1.000000e+03.

Iteration 88 completed. Current sample-mean minimum is 2329.234482. New variance estimate is 416.851201.

Feasible point with lower objective function value found, but optimality criteria not satisfied. See output.bestfeasible..


Feasible point with lower objective function value found, but optimality criteria not satisfied. See output.bestfeasible..


Feasible point with lower objective function value found, but optimality criteria not satisfied. See output.bestfeasible..


Feasible point with lower objective function value found, but optimality criteria not satisfied. See output.bestfeasible..


Feasible point with lower objective function value found, but optimality criteria not satisfied. See output.bestfeasible..


Solver stopped prematurely.

fmincon stopped because it exceeded the function evaluation limit,
options.MaxFunctionEvaluations = 1.000000e+03.


Solver stopped prematurely.

fmincon stopped because it exceeded the function evaluation limit,
options.MaxFunctionEvaluations = 1.000000e+03.

Iteration 89 completed. Current sample-mean minimum is 2329.234482. New variance estimate is 420.859180.

Feasible point with lower objective function value found, but optimality criteria not satisfied. See output.bestfeasible..


Feasible point with lower objective function value found, but optimality criteria not satisfied. See output.bestfeasible..


Feasible point with lower objective function value found, but optimality criteria not satisfied. See output.bestfeasible..


Solver stopped prematurely.

fmincon stopped because it exceeded the function evaluation limit,
options.MaxFunctionEvaluations = 1.000000e+03.

Iteration 90 completed. Current sample-mean minimum is 2329.234482. New variance estimate is 417.669107.

Feasible point with lower objective function value found, but optimality criteria not satisfied. See output.bestfeasible..


Feasible point with lower objective function value found, but optimality criteria not satisfied. See output.bestfeasible..


Solver stopped prematurely.

fmincon stopped because it exceeded the function evaluation limit,
options.MaxFunctionEvaluations = 1.000000e+03.

Iteration 91 completed. Current sample-mean minimum is 2329.234482. New variance estimate is 417.943602.

Feasible point with lower objective function value found, but optimality criteria not satisfied. See output.bestfeasible..

Iteration 92 completed. Current sample-mean minimum is 2329.234482. New variance estimate is 547.228728.

Solver stopped prematurely.

fmincon stopped because it exceeded the function evaluation limit,
options.MaxFunctionEvaluations = 1.000000e+03.


Solver stopped prematurely.

fmincon stopped because it exceeded the function evaluation limit,
options.MaxFunctionEvaluations = 1.000000e+03.

Iteration 93 completed. Current sample-mean minimum is 2329.234482. New variance estimate is 414.673685.

Feasible point with lower objective function value found, but optimality criteria not satisfied. See output.bestfeasible..


Feasible point with lower objective function value found, but optimality criteria not satisfied. See output.bestfeasible..


Feasible point with lower objective function value found, but optimality criteria not satisfied. See output.bestfeasible..


Feasible point with lower objective function value found, but optimality criteria not satisfied. See output.bestfeasible..


Feasible point with lower objective function value found, but optimality criteria not satisfied. See output.bestfeasible..


Feasible point with lower objective function value found, but optimality criteria not satisfied. See output.bestfeasible..


Solver stopped prematurely.

fmincon stopped because it exceeded the function evaluation limit,
options.MaxFunctionEvaluations = 1.000000e+03.


Solver stopped prematurely.

fmincon stopped because it exceeded the function evaluation limit,
options.MaxFunctionEvaluations = 1.000000e+03.

Iteration 94 completed. Current sample-mean minimum is 2329.234482. New variance estimate is 419.533196.

Feasible point with lower objective function value found, but optimality criteria not satisfied. See output.bestfeasible..


Feasible point with lower objective function value found, but optimality criteria not satisfied. See output.bestfeasible..


Feasible point with lower objective function value found, but optimality criteria not satisfied. See output.bestfeasible..


Solver stopped prematurely.

fmincon stopped because it exceeded the function evaluation limit,
options.MaxFunctionEvaluations = 1.000000e+03.


Solver stopped prematurely.

fmincon stopped because it exceeded the function evaluation limit,
options.MaxFunctionEvaluations = 1.000000e+03.

Iteration 95 completed. Current sample-mean minimum is 2329.234482. New variance estimate is 409.028807.

Feasible point with lower objective function value found, but optimality criteria not satisfied. See output.bestfeasible..


Feasible point with lower objective function value found, but optimality criteria not satisfied. See output.bestfeasible..


Feasible point with lower objective function value found, but optimality criteria not satisfied. See output.bestfeasible..


Solver stopped prematurely.

fmincon stopped because it exceeded the function evaluation limit,
options.MaxFunctionEvaluations = 1.000000e+03.

Iteration 96 completed. Current sample-mean minimum is 2329.234482. New variance estimate is 417.153188.

Feasible point with lower objective function value found, but optimality criteria not satisfied. See output.bestfeasible..


Feasible point with lower objective function value found, but optimality criteria not satisfied. See output.bestfeasible..


Feasible point with lower objective function value found, but optimality criteria not satisfied. See output.bestfeasible..


Feasible point with lower objective function value found, but optimality criteria not satisfied. See output.bestfeasible..


Solver stopped prematurely.

fmincon stopped because it exceeded the function evaluation limit,
options.MaxFunctionEvaluations = 1.000000e+03.


Solver stopped prematurely.

fmincon stopped because it exceeded the function evaluation limit,
options.MaxFunctionEvaluations = 1.000000e+03.

Iteration 97 completed. Current sample-mean minimum is 2329.234482. New variance estimate is 411.714201.

Feasible point with lower objective function value found, but optimality criteria not satisfied. See output.bestfeasible..


Feasible point with lower objective function value found, but optimality criteria not satisfied. See output.bestfeasible..


Feasible point with lower objective function value found, but optimality criteria not satisfied. See output.bestfeasible..


Feasible point with lower objective function value found, but optimality criteria not satisfied. See output.bestfeasible..


Feasible point with lower objective function value found, but optimality criteria not satisfied. See output.bestfeasible..


Feasible point with lower objective function value found, but optimality criteria not satisfied. See output.bestfeasible..

Iteration 98 completed. Current sample-mean minimum is 2329.234482. New variance estimate is 416.672903.

Feasible point with lower objective function value found, but optimality criteria not satisfied. See output.bestfeasible..


Feasible point with lower objective function value found, but optimality criteria not satisfied. See output.bestfeasible..


Feasible point with lower objective function value found, but optimality criteria not satisfied. See output.bestfeasible..


Solver stopped prematurely.

fmincon stopped because it exceeded the function evaluation limit,
options.MaxFunctionEvaluations = 1.000000e+03.

Iteration 99 completed. Current sample-mean minimum is 2329.234482. New variance estimate is 406.876510.

Feasible point with lower objective function value found, but optimality criteria not satisfied. See output.bestfeasible..


Feasible point with lower objective function value found, but optimality criteria not satisfied. See output.bestfeasible..


Solver stopped prematurely.

fmincon stopped because it exceeded the function evaluation limit,
options.MaxFunctionEvaluations = 1.000000e+03.

Iteration 100 completed. Current sample-mean minimum is 2329.234482. New variance estimate is 415.171001.

Feasible point with lower objective function value found, but optimality criteria not satisfied. See output.bestfeasible..


Feasible point with lower objective function value found, but optimality criteria not satisfied. See output.bestfeasible..

Iteration 101 completed. Current sample-mean minimum is 2329.234482. New variance estimate is 459.357319.

Feasible point with lower objective function value found, but optimality criteria not satisfied. See output.bestfeasible..


Feasible point with lower objective function value found, but optimality criteria not satisfied. See output.bestfeasible..


Feasible point with lower objective function value found, but optimality criteria not satisfied. See output.bestfeasible..


Solver stopped prematurely.

fmincon stopped because it exceeded the function evaluation limit,
options.MaxFunctionEvaluations = 1.000000e+03.

Iteration 102 completed. Current sample-mean minimum is 2329.234482. New variance estimate is 421.873846.

Feasible point with lower objective function value found, but optimality criteria not satisfied. See output.bestfeasible..


Feasible point with lower objective function value found, but optimality criteria not satisfied. See output.bestfeasible..


Feasible point with lower objective function value found, but optimality criteria not satisfied. See output.bestfeasible..


Feasible point with lower objective function value found, but optimality criteria not satisfied. See output.bestfeasible..


Feasible point with lower objective function value found, but optimality criteria not satisfied. See output.bestfeasible..


Solver stopped prematurely.

fmincon stopped because it exceeded the function evaluation limit,
options.MaxFunctionEvaluations = 1.000000e+03.


Solver stopped prematurely.

fmincon stopped because it exceeded the function evaluation limit,
options.MaxFunctionEvaluations = 1.000000e+03.


Solver stopped prematurely.

fmincon stopped because it exceeded the function evaluation limit,
options.MaxFunctionEvaluations = 1.000000e+03.

Iteration 103 completed. Current sample-mean minimum is 2329.234482. New variance estimate is 420.625582.

Feasible point with lower objective function value found, but optimality criteria not satisfied. See output.bestfeasible..


Feasible point with lower objective function value found, but optimality criteria not satisfied. See output.bestfeasible..


Feasible point with lower objective function value found, but optimality criteria not satisfied. See output.bestfeasible..


Solver stopped prematurely.

fmincon stopped because it exceeded the function evaluation limit,
options.MaxFunctionEvaluations = 1.000000e+03.


Solver stopped prematurely.

fmincon stopped because it exceeded the function evaluation limit,
options.MaxFunctionEvaluations = 1.000000e+03.

Iteration 104 completed. Current sample-mean minimum is 2329.234482. New variance estimate is 418.237264.

Feasible point with lower objective function value found, but optimality criteria not satisfied. See output.bestfeasible..


Feasible point with lower objective function value found, but optimality criteria not satisfied. See output.bestfeasible..


Feasible point with lower objective function value found, but optimality criteria not satisfied. See output.bestfeasible..


Solver stopped prematurely.

fmincon stopped because it exceeded the function evaluation limit,
options.MaxFunctionEvaluations = 1.000000e+03.


Solver stopped prematurely.

fmincon stopped because it exceeded the function evaluation limit,
options.MaxFunctionEvaluations = 1.000000e+03.

Iteration 105 completed. Current sample-mean minimum is 2329.234482. New variance estimate is 420.762347.

Feasible point with lower objective function value found, but optimality criteria not satisfied. See output.bestfeasible..


Feasible point with lower objective function value found, but optimality criteria not satisfied. See output.bestfeasible..


Feasible point with lower objective function value found, but optimality criteria not satisfied. See output.bestfeasible..


Solver stopped prematurely.

fmincon stopped because it exceeded the function evaluation limit,
options.MaxFunctionEvaluations = 1.000000e+03.

Iteration 106 completed. Current sample-mean minimum is 2329.234482. New variance estimate is 417.476827.

Feasible point with lower objective function value found, but optimality criteria not satisfied. See output.bestfeasible..


Feasible point with lower objective function value found, but optimality criteria not satisfied. See output.bestfeasible..


Solver stopped prematurely.

fmincon stopped because it exceeded the function evaluation limit,
options.MaxFunctionEvaluations = 1.000000e+03.


Solver stopped prematurely.

fmincon stopped because it exceeded the function evaluation limit,
options.MaxFunctionEvaluations = 1.000000e+03.

Iteration 107 completed. Current sample-mean minimum is 2329.234482. New variance estimate is 413.643581.

Feasible point with lower objective function value found, but optimality criteria not satisfied. See output.bestfeasible..


Feasible point with lower objective function value found, but optimality criteria not satisfied. See output.bestfeasible..


Solver stopped prematurely.

fmincon stopped because it exceeded the function evaluation limit,
options.MaxFunctionEvaluations = 1.000000e+03.

Iteration 108 completed. Current sample-mean minimum is 2329.234482. New variance estimate is 418.481212.

Feasible point with lower objective function value found, but optimality criteria not satisfied. See output.bestfeasible..


Feasible point with lower objective function value found, but optimality criteria not satisfied. See output.bestfeasible..


Feasible point with lower objective function value found, but optimality criteria not satisfied. See output.bestfeasible..


Feasible point with lower objective function value found, but optimality criteria not satisfied. See output.bestfeasible..


Feasible point with lower objective function value found, but optimality criteria not satisfied. See output.bestfeasible..


Feasible point with lower objective function value found, but optimality criteria not satisfied. See output.bestfeasible..


Solver stopped prematurely.

fmincon stopped because it exceeded the function evaluation limit,
options.MaxFunctionEvaluations = 1.000000e+03.


Solver stopped prematurely.

fmincon stopped because it exceeded the function evaluation limit,
options.MaxFunctionEvaluations = 1.000000e+03.

Iteration 109 completed. Current sample-mean minimum is 2329.234482. New variance estimate is 416.653078.

Feasible point with lower objective function value found, but optimality criteria not satisfied. See output.bestfeasible..


Feasible point with lower objective function value found, but optimality criteria not satisfied. See output.bestfeasible..


Solver stopped prematurely.

fmincon stopped because it exceeded the function evaluation limit,
options.MaxFunctionEvaluations = 1.000000e+03.


Solver stopped prematurely.

fmincon stopped because it exceeded the function evaluation limit,
options.MaxFunctionEvaluations = 1.000000e+03.

Iteration 110 completed. Current sample-mean minimum is 2329.234482. New variance estimate is 427.531164.

Feasible point with lower objective function value found, but optimality criteria not satisfied. See output.bestfeasible..


Feasible point with lower objective function value found, but optimality criteria not satisfied. See output.bestfeasible..


Feasible point with lower objective function value found, but optimality criteria not satisfied. See output.bestfeasible..


Solver stopped prematurely.

fmincon stopped because it exceeded the function evaluation limit,
options.MaxFunctionEvaluations = 5.000000e+03.


Solver stopped prematurely.

fmincon stopped because it exceeded the function evaluation limit,
options.MaxFunctionEvaluations = 1.000000e+03.


Solver stopped prematurely.

fmincon stopped because it exceeded the function evaluation limit,
options.MaxFunctionEvaluations = 1.000000e+03.

Iteration 111 completed. Current sample-mean minimum is 2329.234482. New variance estimate is 414.759412.

Feasible point with lower objective function value found, but optimality criteria not satisfied. See output.bestfeasible..


Feasible point with lower objective function value found, but optimality criteria not satisfied. See output.bestfeasible..


Solver stopped prematurely.

fmincon stopped because it exceeded the function evaluation limit,
options.MaxFunctionEvaluations = 1.000000e+03.

Iteration 112 completed. Current sample-mean minimum is 2329.234482. New variance estimate is 411.994263.

Feasible point with lower objective function value found, but optimality criteria not satisfied. See output.bestfeasible..


Feasible point with lower objective function value found, but optimality criteria not satisfied. See output.bestfeasible..


Solver stopped prematurely.

fmincon stopped because it exceeded the function evaluation limit,
options.MaxFunctionEvaluations = 1.000000e+03.

Iteration 113 completed. Current sample-mean minimum is 2329.234482. New variance estimate is 414.784388.

Feasible point with lower objective function value found, but optimality criteria not satisfied. See output.bestfeasible..


Feasible point with lower objective function value found, but optimality criteria not satisfied. See output.bestfeasible..


Feasible point with lower objective function value found, but optimality criteria not satisfied. See output.bestfeasible..


Solver stopped prematurely.

fmincon stopped because it exceeded the function evaluation limit,
options.MaxFunctionEvaluations = 1.000000e+03.

Iteration 114 completed. Current sample-mean minimum is 2329.234482. New variance estimate is 412.170538.

Feasible point with lower objective function value found, but optimality criteria not satisfied. See output.bestfeasible..


Feasible point with lower objective function value found, but optimality criteria not satisfied. See output.bestfeasible..


Solver stopped prematurely.

fmincon stopped because it exceeded the function evaluation limit,
options.MaxFunctionEvaluations = 1.000000e+03.


Solver stopped prematurely.

fmincon stopped because it exceeded the function evaluation limit,
options.MaxFunctionEvaluations = 1.000000e+03.

Iteration 115 completed. Current sample-mean minimum is 2329.234482. New variance estimate is 412.401751.

Feasible point with lower objective function value found, but optimality criteria not satisfied. See output.bestfeasible..


Feasible point with lower objective function value found, but optimality criteria not satisfied. See output.bestfeasible..


Solver stopped prematurely.

fmincon stopped because it exceeded the function evaluation limit,
options.MaxFunctionEvaluations = 1.000000e+03.

Iteration 116 completed. Current sample-mean minimum is 2329.234482. New variance estimate is 410.109811.

Solver stopped prematurely.

fmincon stopped because it exceeded the function evaluation limit,
options.MaxFunctionEvaluations = 1.000000e+03.


Solver stopped prematurely.

fmincon stopped because it exceeded the function evaluation limit,
options.MaxFunctionEvaluations = 1.000000e+03.

Iteration 117 completed. Current sample-mean minimum is 2329.234482. New variance estimate is 407.439251.

Feasible point with lower objective function value found, but optimality criteria not satisfied. See output.bestfeasible..


Feasible point with lower objective function value found, but optimality criteria not satisfied. See output.bestfeasible..


Feasible point with lower objective function value found, but optimality criteria not satisfied. See output.bestfeasible..


Solver stopped prematurely.

fmincon stopped because it exceeded the function evaluation limit,
options.MaxFunctionEvaluations = 1.000000e+03.

Iteration 118 completed. Current sample-mean minimum is 2329.234482. New variance estimate is 412.172039.

Feasible point with lower objective function value found, but optimality criteria not satisfied. See output.bestfeasible..


Feasible point with lower objective function value found, but optimality criteria not satisfied. See output.bestfeasible..


Feasible point with lower objective function value found, but optimality criteria not satisfied. See output.bestfeasible..


Feasible point with lower objective function value found, but optimality criteria not satisfied. See output.bestfeasible..


Feasible point with lower objective function value found, but optimality criteria not satisfied. See output.bestfeasible..


Solver stopped prematurely.

fmincon stopped because it exceeded the function evaluation limit,
options.MaxFunctionEvaluations = 1.000000e+03.

Iteration 119 completed. Current sample-mean minimum is 2329.234482. New variance estimate is 411.008392.

Feasible point with lower objective function value found, but optimality criteria not satisfied. See output.bestfeasible..


Feasible point with lower objective function value found, but optimality criteria not satisfied. See output.bestfeasible..

Iteration 120 completed. Current sample-mean minimum is 2329.234482. New variance estimate is 432.309331.

Feasible point with lower objective function value found, but optimality criteria not satisfied. See output.bestfeasible..


Feasible point with lower objective function value found, but optimality criteria not satisfied. See output.bestfeasible..


Feasible point with lower objective function value found, but optimality criteria not satisfied. See output.bestfeasible..


Feasible point with lower objective function value found, but optimality criteria not satisfied. See output.bestfeasible..


Solver stopped prematurely.

fmincon stopped because it exceeded the function evaluation limit,
options.MaxFunctionEvaluations = 1.000000e+03.


Solver stopped prematurely.

fmincon stopped because it exceeded the function evaluation limit,
options.MaxFunctionEvaluations = 1.000000e+03.

Iteration 121 completed. Current sample-mean minimum is 2329.234482. New variance estimate is 410.605266.

Feasible point with lower objective function value found, but optimality criteria not satisfied. See output.bestfeasible..


Feasible point with lower objective function value found, but optimality criteria not satisfied. See output.bestfeasible..


Feasible point with lower objective function value found, but optimality criteria not satisfied. See output.bestfeasible..


Feasible point with lower objective function value found, but optimality criteria not satisfied. See output.bestfeasible..


Solver stopped prematurely.

fmincon stopped because it exceeded the function evaluation limit,
options.MaxFunctionEvaluations = 1.000000e+03.


Solver stopped prematurely.

fmincon stopped because it exceeded the function evaluation limit,
options.MaxFunctionEvaluations = 1.000000e+03.

Iteration 122 completed. Current sample-mean minimum is 2329.234482. New variance estimate is 412.203641.

Feasible point with lower objective function value found, but optimality criteria not satisfied. See output.bestfeasible..


Feasible point with lower objective function value found, but optimality criteria not satisfied. See output.bestfeasible..


Feasible point with lower objective function value found, but optimality criteria not satisfied. See output.bestfeasible..


Solver stopped prematurely.

fmincon stopped because it exceeded the function evaluation limit,
options.MaxFunctionEvaluations = 1.000000e+03.

Iteration 123 completed. Current sample-mean minimum is 2329.234482. New variance estimate is 426.586388.

Feasible point with lower objective function value found, but optimality criteria not satisfied. See output.bestfeasible..


Feasible point with lower objective function value found, but optimality criteria not satisfied. See output.bestfeasible..


Feasible point with lower objective function value found, but optimality criteria not satisfied. See output.bestfeasible..


Feasible point with lower objective function value found, but optimality criteria not satisfied. See output.bestfeasible..


Feasible point with lower objective function value found, but optimality criteria not satisfied. See output.bestfeasible..


Solver stopped prematurely.

fmincon stopped because it exceeded the function evaluation limit,
options.MaxFunctionEvaluations = 1.000000e+03.


Solver stopped prematurely.

fmincon stopped because it exceeded the function evaluation limit,
options.MaxFunctionEvaluations = 1.000000e+03.

Iteration 124 completed. Current sample-mean minimum is 2329.234482. New variance estimate is 407.332798.

Feasible point with lower objective function value found, but optimality criteria not satisfied. See output.bestfeasible..


Feasible point with lower objective function value found, but optimality criteria not satisfied. See output.bestfeasible..


Feasible point with lower objective function value found, but optimality criteria not satisfied. See output.bestfeasible..


Feasible point with lower objective function value found, but optimality criteria not satisfied. See output.bestfeasible..


Solver stopped prematurely.

fmincon stopped because it exceeded the function evaluation limit,
options.MaxFunctionEvaluations = 1.000000e+03.


Solver stopped prematurely.

fmincon stopped because it exceeded the function evaluation limit,
options.MaxFunctionEvaluations = 1.000000e+03.

Iteration 125 completed. Current sample-mean minimum is 2329.234482. New variance estimate is 407.433412.

Feasible point with lower objective function value found, but optimality criteria not satisfied. See output.bestfeasible..


Solver stopped prematurely.

fmincon stopped because it exceeded the function evaluation limit,
options.MaxFunctionEvaluations = 1.000000e+03.


Solver stopped prematurely.

fmincon stopped because it exceeded the function evaluation limit,
options.MaxFunctionEvaluations = 1.000000e+03.

Iteration 126 completed. Current sample-mean minimum is 2329.234482. New variance estimate is 409.974379.

Feasible point with lower objective function value found, but optimality criteria not satisfied. See output.bestfeasible..


Feasible point with lower objective function value found, but optimality criteria not satisfied. See output.bestfeasible..


Feasible point with lower objective function value found, but optimality criteria not satisfied. See output.bestfeasible..


Feasible point with lower objective function value found, but optimality criteria not satisfied. See output.bestfeasible..


Solver stopped prematurely.

fmincon stopped because it exceeded the function evaluation limit,
options.MaxFunctionEvaluations = 1.000000e+03.


Solver stopped prematurely.

fmincon stopped because it exceeded the function evaluation limit,
options.MaxFunctionEvaluations = 1.000000e+03.

Iteration 127 completed. Current sample-mean minimum is 2329.234482. New variance estimate is 410.553949.

Feasible point with lower objective function value found, but optimality criteria not satisfied. See output.bestfeasible..


Feasible point with lower objective function value found, but optimality criteria not satisfied. See output.bestfeasible..


Feasible point with lower objective function value found, but optimality criteria not satisfied. See output.bestfeasible..


Feasible point with lower objective function value found, but optimality criteria not satisfied. See output.bestfeasible..


Feasible point with lower objective function value found, but optimality criteria not satisfied. See output.bestfeasible..


Solver stopped prematurely.

fmincon stopped because it exceeded the function evaluation limit,
options.MaxFunctionEvaluations = 1.000000e+03.


Solver stopped prematurely.

fmincon stopped because it exceeded the function evaluation limit,
options.MaxFunctionEvaluations = 1.000000e+03.

Iteration 128 completed. Current sample-mean minimum is 2329.234482. New variance estimate is 407.191312.

Feasible point with lower objective function value found, but optimality criteria not satisfied. See output.bestfeasible..


Feasible point with lower objective function value found, but optimality criteria not satisfied. See output.bestfeasible..


Feasible point with lower objective function value found, but optimality criteria not satisfied. See output.bestfeasible..


Feasible point with lower objective function value found, but optimality criteria not satisfied. See output.bestfeasible..


Feasible point with lower objective function value found, but optimality criteria not satisfied. See output.bestfeasible..


Solver stopped prematurely.

fmincon stopped because it exceeded the function evaluation limit,
options.MaxFunctionEvaluations = 1.000000e+03.


Solver stopped prematurely.

fmincon stopped because it exceeded the function evaluation limit,
options.MaxFunctionEvaluations = 1.000000e+03.

Iteration 129 completed. Current sample-mean minimum is 2329.234482. New variance estimate is 412.381078.

Feasible point with lower objective function value found, but optimality criteria not satisfied. See output.bestfeasible..


Feasible point with lower objective function value found, but optimality criteria not satisfied. See output.bestfeasible..


Solver stopped prematurely.

fmincon stopped because it exceeded the function evaluation limit,
options.MaxFunctionEvaluations = 1.000000e+03.

Iteration 130 completed. Current sample-mean minimum is 2329.234482. New variance estimate is 405.389422.

Feasible point with lower objective function value found, but optimality criteria not satisfied. See output.bestfeasible..


Feasible point with lower objective function value found, but optimality criteria not satisfied. See output.bestfeasible..


Feasible point with lower objective function value found, but optimality criteria not satisfied. See output.bestfeasible..


Feasible point with lower objective function value found, but optimality criteria not satisfied. See output.bestfeasible..


Solver stopped prematurely.

fmincon stopped because it exceeded the function evaluation limit,
options.MaxFunctionEvaluations = 1.000000e+03.

Iteration 131 completed. Current sample-mean minimum is 2329.234482. New variance estimate is 412.550771.

Feasible point with lower objective function value found, but optimality criteria not satisfied. See output.bestfeasible..


Feasible point with lower objective function value found, but optimality criteria not satisfied. See output.bestfeasible..


Feasible point with lower objective function value found, but optimality criteria not satisfied. See output.bestfeasible..


Feasible point with lower objective function value found, but optimality criteria not satisfied. See output.bestfeasible..


Feasible point with lower objective function value found, but optimality criteria not satisfied. See output.bestfeasible..


Solver stopped prematurely.

fmincon stopped because it exceeded the function evaluation limit,
options.MaxFunctionEvaluations = 1.000000e+03.


Solver stopped prematurely.

fmincon stopped because it exceeded the function evaluation limit,
options.MaxFunctionEvaluations = 1.000000e+03.

Iteration 132 completed. Current sample-mean minimum is 2329.234482. New variance estimate is 407.681422.

Feasible point with lower objective function value found, but optimality criteria not satisfied. See output.bestfeasible..


Solver stopped prematurely.

fmincon stopped because it exceeded the function evaluation limit,
options.MaxFunctionEvaluations = 1.000000e+03.


Solver stopped prematurely.

fmincon stopped because it exceeded the function evaluation limit,
options.MaxFunctionEvaluations = 1.000000e+03.

Iteration 133 completed. Current sample-mean minimum is 2329.234482. New variance estimate is 416.693148.

Feasible point with lower objective function value found, but optimality criteria not satisfied. See output.bestfeasible..


Feasible point with lower objective function value found, but optimality criteria not satisfied. See output.bestfeasible..


Solver stopped prematurely.

fmincon stopped because it exceeded the function evaluation limit,
options.MaxFunctionEvaluations = 1.000000e+03.


Solver stopped prematurely.

fmincon stopped because it exceeded the function evaluation limit,
options.MaxFunctionEvaluations = 1.000000e+03.

Iteration 134 completed. Current sample-mean minimum is 2329.234482. New variance estimate is 410.268320.

Feasible point with lower objective function value found, but optimality criteria not satisfied. See output.bestfeasible..


Feasible point with lower objective function value found, but optimality criteria not satisfied. See output.bestfeasible..


Feasible point with lower objective function value found, but optimality criteria not satisfied. See output.bestfeasible..


Feasible point with lower objective function value found, but optimality criteria not satisfied. See output.bestfeasible..


Solver stopped prematurely.

fmincon stopped because it exceeded the function evaluation limit,
options.MaxFunctionEvaluations = 1.000000e+03.


Solver stopped prematurely.

fmincon stopped because it exceeded the function evaluation limit,
options.MaxFunctionEvaluations = 1.000000e+03.

Iteration 135 completed. Current sample-mean minimum is 2329.234482. New variance estimate is 413.699915.

Feasible point with lower objective function value found, but optimality criteria not satisfied. See output.bestfeasible..


Feasible point with lower objective function value found, but optimality criteria not satisfied. See output.bestfeasible..


Feasible point with lower objective function value found, but optimality criteria not satisfied. See output.bestfeasible..


Feasible point with lower objective function value found, but optimality criteria not satisfied. See output.bestfeasible..


Solver stopped prematurely.

fmincon stopped because it exceeded the function evaluation limit,
options.MaxFunctionEvaluations = 1.000000e+03.


Solver stopped prematurely.

fmincon stopped because it exceeded the function evaluation limit,
options.MaxFunctionEvaluations = 1.000000e+03.

Iteration 136 completed. Current sample-mean minimum is 2329.234482. New variance estimate is 409.157106.

Feasible point with lower objective function value found, but optimality criteria not satisfied. See output.bestfeasible..


Feasible point with lower objective function value found, but optimality criteria not satisfied. See output.bestfeasible..


Solver stopped prematurely.

fmincon stopped because it exceeded the function evaluation limit,
options.MaxFunctionEvaluations = 1.000000e+03.


Solver stopped prematurely.

fmincon stopped because it exceeded the function evaluation limit,
options.MaxFunctionEvaluations = 1.000000e+03.

Iteration 137 completed. Current sample-mean minimum is 2329.234482. New variance estimate is 406.326963.

Feasible point with lower objective function value found, but optimality criteria not satisfied. See output.bestfeasible..


Feasible point with lower objective function value found, but optimality criteria not satisfied. See output.bestfeasible..


Solver stopped prematurely.

fmincon stopped because it exceeded the function evaluation limit,
options.MaxFunctionEvaluations = 1.000000e+03.


Solver stopped prematurely.

fmincon stopped because it exceeded the function evaluation limit,
options.MaxFunctionEvaluations = 1.000000e+03.

Iteration 138 completed. Current sample-mean minimum is 2329.234482. New variance estimate is 406.824473.

Feasible point with lower objective function value found, but optimality criteria not satisfied. See output.bestfeasible..


Feasible point with lower objective function value found, but optimality criteria not satisfied. See output.bestfeasible..


Feasible point with lower objective function value found, but optimality criteria not satisfied. See output.bestfeasible..


Solver stopped prematurely.

fmincon stopped because it exceeded the function evaluation limit,
options.MaxFunctionEvaluations = 1.000000e+03.


Solver stopped prematurely.

fmincon stopped because it exceeded the function evaluation limit,
options.MaxFunctionEvaluations = 1.000000e+03.

Iteration 139 completed. Current sample-mean minimum is 2329.234482. New variance estimate is 924.446833.

Feasible point with lower objective function value found, but optimality criteria not satisfied. See output.bestfeasible..


Feasible point with lower objective function value found, but optimality criteria not satisfied. See output.bestfeasible..


Feasible point with lower objective function value found, but optimality criteria not satisfied. See output.bestfeasible..


Feasible point with lower objective function value found, but optimality criteria not satisfied. See output.bestfeasible..


Feasible point with lower objective function value found, but optimality criteria not satisfied. See output.bestfeasible..


Feasible point with lower objective function value found, but optimality criteria not satisfied. See output.bestfeasible..


Solver stopped prematurely.

fmincon stopped because it exceeded the function evaluation limit,
options.MaxFunctionEvaluations = 1.000000e+03.


Solver stopped prematurely.

fmincon stopped because it exceeded the function evaluation limit,
options.MaxFunctionEvaluations = 1.000000e+03.


Solver stopped prematurely.

fmincon stopped because it exceeded the function evaluation limit,
options.MaxFunctionEvaluations = 1.000000e+03.

Iteration 140 completed. Current sample-mean minimum is 2329.234482. New variance estimate is 422.242363.

Feasible point with lower objective function value found, but optimality criteria not satisfied. See output.bestfeasible..


Feasible point with lower objective function value found, but optimality criteria not satisfied. See output.bestfeasible..


Feasible point with lower objective function value found, but optimality criteria not satisfied. See output.bestfeasible..


Feasible point with lower objective function value found, but optimality criteria not satisfied. See output.bestfeasible..


Solver stopped prematurely.

fmincon stopped because it exceeded the function evaluation limit,
options.MaxFunctionEvaluations = 1.000000e+03.

Iteration 141 completed. Current sample-mean minimum is 2329.234482. New variance estimate is 424.217668.

Feasible point with lower objective function value found, but optimality criteria not satisfied. See output.bestfeasible..


Feasible point with lower objective function value found, but optimality criteria not satisfied. See output.bestfeasible..


Feasible point with lower objective function value found, but optimality criteria not satisfied. See output.bestfeasible..


Feasible point with lower objective function value found, but optimality criteria not satisfied. See output.bestfeasible..


Feasible point with lower objective function value found, but optimality criteria not satisfied. See output.bestfeasible..


Solver stopped prematurely.

fmincon stopped because it exceeded the function evaluation limit,
options.MaxFunctionEvaluations = 1.000000e+03.


Solver stopped prematurely.

fmincon stopped because it exceeded the function evaluation limit,
options.MaxFunctionEvaluations = 1.000000e+03.

Iteration 142 completed. Current sample-mean minimum is 2329.234482. New variance estimate is 438.677513.

Feasible point with lower objective function value found, but optimality criteria not satisfied. See output.bestfeasible..


Feasible point with lower objective function value found, but optimality criteria not satisfied. See output.bestfeasible..


Solver stopped prematurely.

fmincon stopped because it exceeded the function evaluation limit,
options.MaxFunctionEvaluations = 1.000000e+03.

Iteration 143 completed. Current sample-mean minimum is 2329.234482. New variance estimate is 430.683999.

Feasible point with lower objective function value found, but optimality criteria not satisfied. See output.bestfeasible..


Feasible point with lower objective function value found, but optimality criteria not satisfied. See output.bestfeasible..


Feasible point with lower objective function value found, but optimality criteria not satisfied. See output.bestfeasible..


Solver stopped prematurely.

fmincon stopped because it exceeded the function evaluation limit,
options.MaxFunctionEvaluations = 1.000000e+03.


Solver stopped prematurely.

fmincon stopped because it exceeded the function evaluation limit,
options.MaxFunctionEvaluations = 1.000000e+03.

Iteration 144 completed. Current sample-mean minimum is 2329.234482. New variance estimate is 423.045449.

Feasible point with lower objective function value found, but optimality criteria not satisfied. See output.bestfeasible..


Feasible point with lower objective function value found, but optimality criteria not satisfied. See output.bestfeasible..


Feasible point with lower objective function value found, but optimality criteria not satisfied. See output.bestfeasible..


Solver stopped prematurely.

fmincon stopped because it exceeded the function evaluation limit,
options.MaxFunctionEvaluations = 1.000000e+03.

Iteration 145 completed. Current sample-mean minimum is 2329.234482. New variance estimate is 420.850985.

Feasible point with lower objective function value found, but optimality criteria not satisfied. See output.bestfeasible..


Feasible point with lower objective function value found, but optimality criteria not satisfied. See output.bestfeasible..


Solver stopped prematurely.

fmincon stopped because it exceeded the function evaluation limit,
options.MaxFunctionEvaluations = 1.000000e+03.

Iteration 146 completed. Current sample-mean minimum is 2329.234482. New variance estimate is 395.031690.

Feasible point with lower objective function value found, but optimality criteria not satisfied. See output.bestfeasible..


Feasible point with lower objective function value found, but optimality criteria not satisfied. See output.bestfeasible..


Feasible point with lower objective function value found, but optimality criteria not satisfied. See output.bestfeasible..


Feasible point with lower objective function value found, but optimality criteria not satisfied. See output.bestfeasible..


Feasible point with lower objective function value found, but optimality criteria not satisfied. See output.bestfeasible..


Feasible point with lower objective function value found, but optimality criteria not satisfied. See output.bestfeasible..


Solver stopped prematurely.

fmincon stopped because it exceeded the function evaluation limit,
options.MaxFunctionEvaluations = 1.000000e+03.

Iteration 147 completed. Current sample-mean minimum is 2329.234482. New variance estimate is 406.253762.

Feasible point with lower objective function value found, but optimality criteria not satisfied. See output.bestfeasible..


Feasible point with lower objective function value found, but optimality criteria not satisfied. See output.bestfeasible..


Feasible point with lower objective function value found, but optimality criteria not satisfied. See output.bestfeasible..


Solver stopped prematurely.

fmincon stopped because it exceeded the function evaluation limit,
options.MaxFunctionEvaluations = 1.000000e+03.

Iteration 148 completed. Current sample-mean minimum is 2329.234482. New variance estimate is 380.019679.

Feasible point with lower objective function value found, but optimality criteria not satisfied. See output.bestfeasible..


Feasible point with lower objective function value found, but optimality criteria not satisfied. See output.bestfeasible..


Solver stopped prematurely.

fmincon stopped because it exceeded the function evaluation limit,
options.MaxFunctionEvaluations = 1.000000e+03.


Solver stopped prematurely.

fmincon stopped because it exceeded the function evaluation limit,
options.MaxFunctionEvaluations = 1.000000e+03.

Iteration 149 completed. Current sample-mean minimum is 2329.234482. New variance estimate is 402.837299.

Feasible point with lower objective function value found, but optimality criteria not satisfied. See output.bestfeasible..


Feasible point with lower objective function value found, but optimality criteria not satisfied. See output.bestfeasible..


Solver stopped prematurely.

fmincon stopped because it exceeded the function evaluation limit,
options.MaxFunctionEvaluations = 1.000000e+03.

Iteration 150 completed. Current sample-mean minimum is 2329.234482. New variance estimate is 394.516806.

Feasible point with lower objective function value found, but optimality criteria not satisfied. See output.bestfeasible..


Feasible point with lower objective function value found, but optimality criteria not satisfied. See output.bestfeasible..


Feasible point with lower objective function value found, but optimality criteria not satisfied. See output.bestfeasible..


Feasible point with lower objective function value found, but optimality criteria not satisfied. See output.bestfeasible..


Feasible point with lower objective function value found, but optimality criteria not satisfied. See output.bestfeasible..


Solver stopped prematurely.

fmincon stopped because it exceeded the function evaluation limit,
options.MaxFunctionEvaluations = 1.000000e+03.

Iteration 151 completed. Current sample-mean minimum is 2329.234482. New variance estimate is 401.196419.

Feasible point with lower objective function value found, but optimality criteria not satisfied. See output.bestfeasible..


Feasible point with lower objective function value found, but optimality criteria not satisfied. See output.bestfeasible..


Feasible point with lower objective function value found, but optimality criteria not satisfied. See output.bestfeasible..


Feasible point with lower objective function value found, but optimality criteria not satisfied. See output.bestfeasible..


Feasible point with lower objective function value found, but optimality criteria not satisfied. See output.bestfeasible..


Solver stopped prematurely.

fmincon stopped because it exceeded the function evaluation limit,
options.MaxFunctionEvaluations = 1.000000e+03.

Iteration 152 completed. Current sample-mean minimum is 2329.234482. New variance estimate is 401.126829.

Feasible point with lower objective function value found, but optimality criteria not satisfied. See output.bestfeasible..


Feasible point with lower objective function value found, but optimality criteria not satisfied. See output.bestfeasible..


Feasible point with lower objective function value found, but optimality criteria not satisfied. See output.bestfeasible..


Solver stopped prematurely.

fmincon stopped because it exceeded the function evaluation limit,
options.MaxFunctionEvaluations = 1.000000e+03.


Solver stopped prematurely.

fmincon stopped because it exceeded the function evaluation limit,
options.MaxFunctionEvaluations = 1.000000e+03.

Iteration 153 completed. Current sample-mean minimum is 2329.234482. New variance estimate is 466.093407.

Feasible point with lower objective function value found, but optimality criteria not satisfied. See output.bestfeasible..


Feasible point with lower objective function value found, but optimality criteria not satisfied. See output.bestfeasible..


Feasible point with lower objective function value found, but optimality criteria not satisfied. See output.bestfeasible..


Solver stopped prematurely.

fmincon stopped because it exceeded the function evaluation limit,
options.MaxFunctionEvaluations = 1.000000e+03.

Iteration 154 completed. Current sample-mean minimum is 2329.234482. New variance estimate is 400.273438.

Feasible point with lower objective function value found, but optimality criteria not satisfied. See output.bestfeasible..


Feasible point with lower objective function value found, but optimality criteria not satisfied. See output.bestfeasible..


Solver stopped prematurely.

fmincon stopped because it exceeded the function evaluation limit,
options.MaxFunctionEvaluations = 1.000000e+03.

Iteration 155 completed. Current sample-mean minimum is 2329.234482. New variance estimate is 400.264789.

Feasible point with lower objective function value found, but optimality criteria not satisfied. See output.bestfeasible..


Feasible point with lower objective function value found, but optimality criteria not satisfied. See output.bestfeasible..


Feasible point with lower objective function value found, but optimality criteria not satisfied. See output.bestfeasible..


Feasible point with lower objective function value found, but optimality criteria not satisfied. See output.bestfeasible..


Solver stopped prematurely.

fmincon stopped because it exceeded the function evaluation limit,
options.MaxFunctionEvaluations = 1.000000e+03.


Solver stopped prematurely.

fmincon stopped because it exceeded the function evaluation limit,
options.MaxFunctionEvaluations = 1.000000e+03.

Iteration 156 completed. Current sample-mean minimum is 2329.234482. New variance estimate is 399.845857.

Feasible point with lower objective function value found, but optimality criteria not satisfied. See output.bestfeasible..


Feasible point with lower objective function value found, but optimality criteria not satisfied. See output.bestfeasible..


Feasible point with lower objective function value found, but optimality criteria not satisfied. See output.bestfeasible..


Feasible point with lower objective function value found, but optimality criteria not satisfied. See output.bestfeasible..


Solver stopped prematurely.

fmincon stopped because it exceeded the function evaluation limit,
options.MaxFunctionEvaluations = 1.000000e+03.

Iteration 157 completed. Current sample-mean minimum is 2329.234482. New variance estimate is 398.915198.

Feasible point with lower objective function value found, but optimality criteria not satisfied. See output.bestfeasible..


Feasible point with lower objective function value found, but optimality criteria not satisfied. See output.bestfeasible..


Feasible point with lower objective function value found, but optimality criteria not satisfied. See output.bestfeasible..


Feasible point with lower objective function value found, but optimality criteria not satisfied. See output.bestfeasible..


Feasible point with lower objective function value found, but optimality criteria not satisfied. See output.bestfeasible..


Solver stopped prematurely.

fmincon stopped because it exceeded the function evaluation limit,
options.MaxFunctionEvaluations = 1.000000e+03.


Solver stopped prematurely.

fmincon stopped because it exceeded the function evaluation limit,
options.MaxFunctionEvaluations = 1.000000e+03.

Iteration 158 completed. Current sample-mean minimum is 2329.234482. New variance estimate is 397.945522.

Feasible point with lower objective function value found, but optimality criteria not satisfied. See output.bestfeasible..


Feasible point with lower objective function value found, but optimality criteria not satisfied. See output.bestfeasible..


Feasible point with lower objective function value found, but optimality criteria not satisfied. See output.bestfeasible..


Feasible point with lower objective function value found, but optimality criteria not satisfied. See output.bestfeasible..


Solver stopped prematurely.

fmincon stopped because it exceeded the function evaluation limit,
options.MaxFunctionEvaluations = 1.000000e+03.


Solver stopped prematurely.

fmincon stopped because it exceeded the function evaluation limit,
options.MaxFunctionEvaluations = 1.000000e+03.

Iteration 159 completed. Current sample-mean minimum is 2329.234482. New variance estimate is 401.193569.

Feasible point with lower objective function value found, but optimality criteria not satisfied. See output.bestfeasible..


Feasible point with lower objective function value found, but optimality criteria not satisfied. See output.bestfeasible..


Feasible point with lower objective function value found, but optimality criteria not satisfied. See output.bestfeasible..


Feasible point with lower objective function value found, but optimality criteria not satisfied. See output.bestfeasible..


Feasible point with lower objective function value found, but optimality criteria not satisfied. See output.bestfeasible..


Feasible point with lower objective function value found, but optimality criteria not satisfied. See output.bestfeasible..


Solver stopped prematurely.

fmincon stopped because it exceeded the function evaluation limit,
options.MaxFunctionEvaluations = 1.000000e+03.

Iteration 160 completed. Current sample-mean minimum is 2329.234482. New variance estimate is 400.772682.

Feasible point with lower objective function value found, but optimality criteria not satisfied. See output.bestfeasible..


Feasible point with lower objective function value found, but optimality criteria not satisfied. See output.bestfeasible..


Feasible point with lower objective function value found, but optimality criteria not satisfied. See output.bestfeasible..


Feasible point with lower objective function value found, but optimality criteria not satisfied. See output.bestfeasible..


Feasible point with lower objective function value found, but optimality criteria not satisfied. See output.bestfeasible..


Feasible point with lower objective function value found, but optimality criteria not satisfied. See output.bestfeasible..


Solver stopped prematurely.

fmincon stopped because it exceeded the function evaluation limit,
options.MaxFunctionEvaluations = 1.000000e+03.


Solver stopped prematurely.

fmincon stopped because it exceeded the function evaluation limit,
options.MaxFunctionEvaluations = 1.000000e+03.

Iteration 161 completed. Current sample-mean minimum is 2329.234482. New variance estimate is 400.362876.

Feasible point with lower objective function value found, but optimality criteria not satisfied. See output.bestfeasible..


Feasible point with lower objective function value found, but optimality criteria not satisfied. See output.bestfeasible..


Solver stopped prematurely.

fmincon stopped because it exceeded the function evaluation limit,
options.MaxFunctionEvaluations = 1.000000e+03.

Iteration 162 completed. Current sample-mean minimum is 2329.234482. New variance estimate is 400.405455.

Feasible point with lower objective function value found, but optimality criteria not satisfied. See output.bestfeasible..


Feasible point with lower objective function value found, but optimality criteria not satisfied. See output.bestfeasible..


Solver stopped prematurely.

fmincon stopped because it exceeded the function evaluation limit,
options.MaxFunctionEvaluations = 1.000000e+03.

Iteration 163 completed. Current sample-mean minimum is 2329.234482. New variance estimate is 399.926230.

Feasible point with lower objective function value found, but optimality criteria not satisfied. See output.bestfeasible..


Feasible point with lower objective function value found, but optimality criteria not satisfied. See output.bestfeasible..


Solver stopped prematurely.

fmincon stopped because it exceeded the function evaluation limit,
options.MaxFunctionEvaluations = 1.000000e+03.


Solver stopped prematurely.

fmincon stopped because it exceeded the function evaluation limit,
options.MaxFunctionEvaluations = 1.000000e+03.

Iteration 164 completed. Current sample-mean minimum is 2329.234482. New variance estimate is 400.386143.

Feasible point with lower objective function value found, but optimality criteria not satisfied. See output.bestfeasible..


Feasible point with lower objective function value found, but optimality criteria not satisfied. See output.bestfeasible..


Feasible point with lower objective function value found, but optimality criteria not satisfied. See output.bestfeasible..


Feasible point with lower objective function value found, but optimality criteria not satisfied. See output.bestfeasible..


Feasible point with lower objective function value found, but optimality criteria not satisfied. See output.bestfeasible..


Solver stopped prematurely.

fmincon stopped because it exceeded the function evaluation limit,
options.MaxFunctionEvaluations = 1.000000e+03.

Iteration 165 completed. Current sample-mean minimum is 2329.234482. New variance estimate is 397.248400.

Feasible point with lower objective function value found, but optimality criteria not satisfied. See output.bestfeasible..


Solver stopped prematurely.

fmincon stopped because it exceeded the function evaluation limit,
options.MaxFunctionEvaluations = 1.000000e+03.

Iteration 166 completed. Current sample-mean minimum is 2329.234482. New variance estimate is 400.778459.

Feasible point with lower objective function value found, but optimality criteria not satisfied. See output.bestfeasible..


Feasible point with lower objective function value found, but optimality criteria not satisfied. See output.bestfeasible..


Solver stopped prematurely.

fmincon stopped because it exceeded the function evaluation limit,
options.MaxFunctionEvaluations = 1.000000e+03.


Solver stopped prematurely.

fmincon stopped because it exceeded the function evaluation limit,
options.MaxFunctionEvaluations = 1.000000e+03.

Iteration 167 completed. Current sample-mean minimum is 2329.234482. New variance estimate is 411.107948.

Feasible point with lower objective function value found, but optimality criteria not satisfied. See output.bestfeasible..


Feasible point with lower objective function value found, but optimality criteria not satisfied. See output.bestfeasible..


Feasible point with lower objective function value found, but optimality criteria not satisfied. See output.bestfeasible..


Feasible point with lower objective function value found, but optimality criteria not satisfied. See output.bestfeasible..


Solver stopped prematurely.

fmincon stopped because it exceeded the function evaluation limit,
options.MaxFunctionEvaluations = 1.000000e+03.

Iteration 168 completed. Current sample-mean minimum is 2329.234482. New variance estimate is 407.958891.

Feasible point with lower objective function value found, but optimality criteria not satisfied. See output.bestfeasible..


Feasible point with lower objective function value found, but optimality criteria not satisfied. See output.bestfeasible..


Feasible point with lower objective function value found, but optimality criteria not satisfied. See output.bestfeasible..


Solver stopped prematurely.

fmincon stopped because it exceeded the function evaluation limit,
options.MaxFunctionEvaluations = 1.000000e+03.

Iteration 169 completed. Current sample-mean minimum is 2329.234482. New variance estimate is 401.271708.

Feasible point with lower objective function value found, but optimality criteria not satisfied. See output.bestfeasible..


Feasible point with lower objective function value found, but optimality criteria not satisfied. See output.bestfeasible..


Feasible point with lower objective function value found, but optimality criteria not satisfied. See output.bestfeasible..


Solver stopped prematurely.

fmincon stopped because it exceeded the function evaluation limit,
options.MaxFunctionEvaluations = 1.000000e+03.


Solver stopped prematurely.

fmincon stopped because it exceeded the function evaluation limit,
options.MaxFunctionEvaluations = 1.000000e+03.

Iteration 170 completed. Current sample-mean minimum is 2329.234482. New variance estimate is 419.270729.

Feasible point with lower objective function value found, but optimality criteria not satisfied. See output.bestfeasible..


Feasible point with lower objective function value found, but optimality criteria not satisfied. See output.bestfeasible..


Feasible point with lower objective function value found, but optimality criteria not satisfied. See output.bestfeasible..


Solver stopped prematurely.

fmincon stopped because it exceeded the function evaluation limit,
options.MaxFunctionEvaluations = 1.000000e+03.

Iteration 171 completed. Current sample-mean minimum is 2329.234482. New variance estimate is 401.143877.

Feasible point with lower objective function value found, but optimality criteria not satisfied. See output.bestfeasible..


Feasible point with lower objective function value found, but optimality criteria not satisfied. See output.bestfeasible..


Feasible point with lower objective function value found, but optimality criteria not satisfied. See output.bestfeasible..


Feasible point with lower objective function value found, but optimality criteria not satisfied. See output.bestfeasible..


Solver stopped prematurely.

fmincon stopped because it exceeded the function evaluation limit,
options.MaxFunctionEvaluations = 1.000000e+03.

Iteration 172 completed. Current sample-mean minimum is 2329.234482. New variance estimate is 402.004252.

Feasible point with lower objective function value found, but optimality criteria not satisfied. See output.bestfeasible..


Feasible point with lower objective function value found, but optimality criteria not satisfied. See output.bestfeasible..


Feasible point with lower objective function value found, but optimality criteria not satisfied. See output.bestfeasible..


Feasible point with lower objective function value found, but optimality criteria not satisfied. See output.bestfeasible..


Feasible point with lower objective function value found, but optimality criteria not satisfied. See output.bestfeasible..


Feasible point with lower objective function value found, but optimality criteria not satisfied. See output.bestfeasible..


Solver stopped prematurely.

fmincon stopped because it exceeded the function evaluation limit,
options.MaxFunctionEvaluations = 1.000000e+03.

Iteration 173 completed. Current sample-mean minimum is 2329.234482. New variance estimate is 401.980439.

Feasible point with lower objective function value found, but optimality criteria not satisfied. See output.bestfeasible..


Feasible point with lower objective function value found, but optimality criteria not satisfied. See output.bestfeasible..


Feasible point with lower objective function value found, but optimality criteria not satisfied. See output.bestfeasible..


Solver stopped prematurely.

fmincon stopped because it exceeded the function evaluation limit,
options.MaxFunctionEvaluations = 1.000000e+03.

Iteration 174 completed. Current sample-mean minimum is 2329.234482. New variance estimate is 401.842426.

Feasible point with lower objective function value found, but optimality criteria not satisfied. See output.bestfeasible..


Feasible point with lower objective function value found, but optimality criteria not satisfied. See output.bestfeasible..


Feasible point with lower objective function value found, but optimality criteria not satisfied. See output.bestfeasible..


Feasible point with lower objective function value found, but optimality criteria not satisfied. See output.bestfeasible..


Solver stopped prematurely.

fmincon stopped because it exceeded the function evaluation limit,
options.MaxFunctionEvaluations = 1.000000e+03.


Solver stopped prematurely.

fmincon stopped because it exceeded the function evaluation limit,
options.MaxFunctionEvaluations = 1.000000e+03.

Iteration 175 completed. Current sample-mean minimum is 2329.234482. New variance estimate is 408.015472.

Feasible point with lower objective function value found, but optimality criteria not satisfied. See output.bestfeasible..


Feasible point with lower objective function value found, but optimality criteria not satisfied. See output.bestfeasible..


Solver stopped prematurely.

fmincon stopped because it exceeded the function evaluation limit,
options.MaxFunctionEvaluations = 1.000000e+03.

Iteration 176 completed. Current sample-mean minimum is 2329.234482. New variance estimate is 406.590738.

Feasible point with lower objective function value found, but optimality criteria not satisfied. See output.bestfeasible..


Feasible point with lower objective function value found, but optimality criteria not satisfied. See output.bestfeasible..


Feasible point with lower objective function value found, but optimality criteria not satisfied. See output.bestfeasible..


Solver stopped prematurely.

fmincon stopped because it exceeded the function evaluation limit,
options.MaxFunctionEvaluations = 1.000000e+03.


Solver stopped prematurely.

fmincon stopped because it exceeded the function evaluation limit,
options.MaxFunctionEvaluations = 1.000000e+03.

Iteration 177 completed. Current sample-mean minimum is 2329.234482. New variance estimate is 418.138762.

Feasible point with lower objective function value found, but optimality criteria not satisfied. See output.bestfeasible..


Feasible point with lower objective function value found, but optimality criteria not satisfied. See output.bestfeasible..


Feasible point with lower objective function value found, but optimality criteria not satisfied. See output.bestfeasible..


Feasible point with lower objective function value found, but optimality criteria not satisfied. See output.bestfeasible..


Feasible point with lower objective function value found, but optimality criteria not satisfied. See output.bestfeasible..


Feasible point with lower objective function value found, but optimality criteria not satisfied. See output.bestfeasible..


Solver stopped prematurely.

fmincon stopped because it exceeded the function evaluation limit,
options.MaxFunctionEvaluations = 1.000000e+03.


Solver stopped prematurely.

fmincon stopped because it exceeded the function evaluation limit,
options.MaxFunctionEvaluations = 1.000000e+03.

Iteration 178 completed. Current sample-mean minimum is 2329.234482. New variance estimate is 402.457208.

Feasible point with lower objective function value found, but optimality criteria not satisfied. See output.bestfeasible..


Solver stopped prematurely.

fmincon stopped because it exceeded the function evaluation limit,
options.MaxFunctionEvaluations = 5.000000e+03.


Solver stopped prematurely.

fmincon stopped because it exceeded the function evaluation limit,
options.MaxFunctionEvaluations = 1.000000e+03.


Solver stopped prematurely.

fmincon stopped because it exceeded the function evaluation limit,
options.MaxFunctionEvaluations = 1.000000e+03.

Iteration 179 completed. Current sample-mean minimum is 2329.234482. New variance estimate is 401.831813.

Feasible point with lower objective function value found, but optimality criteria not satisfied. See output.bestfeasible..


Feasible point with lower objective function value found, but optimality criteria not satisfied. See output.bestfeasible..


Feasible point with lower objective function value found, but optimality criteria not satisfied. See output.bestfeasible..


Feasible point with lower objective function value found, but optimality criteria not satisfied. See output.bestfeasible..


Feasible point with lower objective function value found, but optimality criteria not satisfied. See output.bestfeasible..


Solver stopped prematurely.

fmincon stopped because it exceeded the function evaluation limit,
options.MaxFunctionEvaluations = 1.000000e+03.


Solver stopped prematurely.

fmincon stopped because it exceeded the function evaluation limit,
options.MaxFunctionEvaluations = 1.000000e+03.

Iteration 180 completed. Current sample-mean minimum is 2329.234482. New variance estimate is 410.808314.

Feasible point with lower objective function value found, but optimality criteria not satisfied. See output.bestfeasible..


Feasible point with lower objective function value found, but optimality criteria not satisfied. See output.bestfeasible..


Feasible point with lower objective function value found, but optimality criteria not satisfied. See output.bestfeasible..


Solver stopped prematurely.

fmincon stopped because it exceeded the function evaluation limit,
options.MaxFunctionEvaluations = 1.000000e+03.

Iteration 181 completed. Current sample-mean minimum is 2329.234482. New variance estimate is 436.234144.

Feasible point with lower objective function value found, but optimality criteria not satisfied. See output.bestfeasible..


Feasible point with lower objective function value found, but optimality criteria not satisfied. See output.bestfeasible..


Solver stopped prematurely.

fmincon stopped because it exceeded the function evaluation limit,
options.MaxFunctionEvaluations = 1.000000e+03.


Solver stopped prematurely.

fmincon stopped because it exceeded the function evaluation limit,
options.MaxFunctionEvaluations = 1.000000e+03.

Iteration 182 completed. Current sample-mean minimum is 2329.234482. New variance estimate is 402.127819.

Feasible point with lower objective function value found, but optimality criteria not satisfied. See output.bestfeasible..


Feasible point with lower objective function value found, but optimality criteria not satisfied. See output.bestfeasible..


Solver stopped prematurely.

fmincon stopped because it exceeded the function evaluation limit,
options.MaxFunctionEvaluations = 1.000000e+03.


Solver stopped prematurely.

fmincon stopped because it exceeded the function evaluation limit,
options.MaxFunctionEvaluations = 1.000000e+03.

Iteration 183 completed. Current sample-mean minimum is 2329.234482. New variance estimate is 402.178289.

Feasible point with lower objective function value found, but optimality criteria not satisfied. See output.bestfeasible..


Feasible point with lower objective function value found, but optimality criteria not satisfied. See output.bestfeasible..


Feasible point with lower objective function value found, but optimality criteria not satisfied. See output.bestfeasible..


Solver stopped prematurely.

fmincon stopped because it exceeded the function evaluation limit,
options.MaxFunctionEvaluations = 1.000000e+03.


Solver stopped prematurely.

fmincon stopped because it exceeded the function evaluation limit,
options.MaxFunctionEvaluations = 1.000000e+03.

Iteration 184 completed. Current sample-mean minimum is 2329.234482. New variance estimate is 429.899766.

Feasible point with lower objective function value found, but optimality criteria not satisfied. See output.bestfeasible..


Feasible point with lower objective function value found, but optimality criteria not satisfied. See output.bestfeasible..


Solver stopped prematurely.

fmincon stopped because it exceeded the function evaluation limit,
options.MaxFunctionEvaluations = 1.000000e+03.

Iteration 185 completed. Current sample-mean minimum is 2329.234482. New variance estimate is 401.692459.

Feasible point with lower objective function value found, but optimality criteria not satisfied. See output.bestfeasible..


Feasible point with lower objective function value found, but optimality criteria not satisfied. See output.bestfeasible..


Feasible point with lower objective function value found, but optimality criteria not satisfied. See output.bestfeasible..


Feasible point with lower objective function value found, but optimality criteria not satisfied. See output.bestfeasible..


Solver stopped prematurely.

fmincon stopped because it exceeded the function evaluation limit,
options.MaxFunctionEvaluations = 1.000000e+03.


Solver stopped prematurely.

fmincon stopped because it exceeded the function evaluation limit,
options.MaxFunctionEvaluations = 1.000000e+03.

Iteration 186 completed. Current sample-mean minimum is 2329.234482. New variance estimate is 549.365508.

Feasible point with lower objective function value found, but optimality criteria not satisfied. See output.bestfeasible..


Feasible point with lower objective function value found, but optimality criteria not satisfied. See output.bestfeasible..


Feasible point with lower objective function value found, but optimality criteria not satisfied. See output.bestfeasible..


Solver stopped prematurely.

fmincon stopped because it exceeded the function evaluation limit,
options.MaxFunctionEvaluations = 1.000000e+03.


Solver stopped prematurely.

fmincon stopped because it exceeded the function evaluation limit,
options.MaxFunctionEvaluations = 1.000000e+03.

Iteration 187 completed. Current sample-mean minimum is 2329.234482. New variance estimate is 398.392681.

Feasible point with lower objective function value found, but optimality criteria not satisfied. See output.bestfeasible..


Feasible point with lower objective function value found, but optimality criteria not satisfied. See output.bestfeasible..


Solver stopped prematurely.

fmincon stopped because it exceeded the function evaluation limit,
options.MaxFunctionEvaluations = 1.000000e+03.

Iteration 188 completed. Current sample-mean minimum is 2329.234482. New variance estimate is 400.875802.

Feasible point with lower objective function value found, but optimality criteria not satisfied. See output.bestfeasible..


Feasible point with lower objective function value found, but optimality criteria not satisfied. See output.bestfeasible..


Solver stopped prematurely.

fmincon stopped because it exceeded the function evaluation limit,
options.MaxFunctionEvaluations = 1.000000e+03.


Solver stopped prematurely.

fmincon stopped because it exceeded the function evaluation limit,
options.MaxFunctionEvaluations = 1.000000e+03.

Iteration 189 completed. Current sample-mean minimum is 2329.234482. New variance estimate is 393.141568.

Feasible point with lower objective function value found, but optimality criteria not satisfied. See output.bestfeasible..


Solver stopped prematurely.

fmincon stopped because it exceeded the function evaluation limit,
options.MaxFunctionEvaluations = 5.000000e+03.


Feasible point with lower objective function value found, but optimality criteria not satisfied. See output.bestfeasible..


Solver stopped prematurely.

fmincon stopped because it exceeded the function evaluation limit,
options.MaxFunctionEvaluations = 1.000000e+03.


Solver stopped prematurely.

fmincon stopped because it exceeded the function evaluation limit,
options.MaxFunctionEvaluations = 1.000000e+03.

Iteration 190 completed. Current sample-mean minimum is 2329.234482. New variance estimate is 399.693455.

Feasible point with lower objective function value found, but optimality criteria not satisfied. See output.bestfeasible..


Feasible point with lower objective function value found, but optimality criteria not satisfied. See output.bestfeasible..


Feasible point with lower objective function value found, but optimality criteria not satisfied. See output.bestfeasible..


Solver stopped prematurely.

fmincon stopped because it exceeded the function evaluation limit,
options.MaxFunctionEvaluations = 5.000000e+03.


Feasible point with lower objective function value found, but optimality criteria not satisfied. See output.bestfeasible..


Solver stopped prematurely.

fmincon stopped because it exceeded the function evaluation limit,
options.MaxFunctionEvaluations = 1.000000e+03.


Solver stopped prematurely.

fmincon stopped because it exceeded the function evaluation limit,
options.MaxFunctionEvaluations = 1.000000e+03.

Iteration 191 completed. Current sample-mean minimum is 2329.234482. New variance estimate is 396.854388.

Feasible point with lower objective function value found, but optimality criteria not satisfied. See output.bestfeasible..


Feasible point with lower objective function value found, but optimality criteria not satisfied. See output.bestfeasible..


Feasible point with lower objective function value found, but optimality criteria not satisfied. See output.bestfeasible..


Feasible point with lower objective function value found, but optimality criteria not satisfied. See output.bestfeasible..


Solver stopped prematurely.

fmincon stopped because it exceeded the function evaluation limit,
options.MaxFunctionEvaluations = 1.000000e+03.

Iteration 192 completed. Current sample-mean minimum is 2329.234482. New variance estimate is 405.529404.

Feasible point with lower objective function value found, but optimality criteria not satisfied. See output.bestfeasible..


Feasible point with lower objective function value found, but optimality criteria not satisfied. See output.bestfeasible..


Feasible point with lower objective function value found, but optimality criteria not satisfied. See output.bestfeasible..


Feasible point with lower objective function value found, but optimality criteria not satisfied. See output.bestfeasible..


Feasible point with lower objective function value found, but optimality criteria not satisfied. See output.bestfeasible..


Solver stopped prematurely.

fmincon stopped because it exceeded the function evaluation limit,
options.MaxFunctionEvaluations = 1.000000e+03.


Solver stopped prematurely.

fmincon stopped because it exceeded the function evaluation limit,
options.MaxFunctionEvaluations = 1.000000e+03.

Iteration 193 completed. Current sample-mean minimum is 2329.234482. New variance estimate is 394.185886.

Feasible point with lower objective function value found, but optimality criteria not satisfied. See output.bestfeasible..


Feasible point with lower objective function value found, but optimality criteria not satisfied. See output.bestfeasible..


Feasible point with lower objective function value found, but optimality criteria not satisfied. See output.bestfeasible..


Feasible point with lower objective function value found, but optimality criteria not satisfied. See output.bestfeasible..


Feasible point with lower objective function value found, but optimality criteria not satisfied. See output.bestfeasible..


Feasible point with lower objective function value found, but optimality criteria not satisfied. See output.bestfeasible..


Solver stopped prematurely.

fmincon stopped because it exceeded the function evaluation limit,
options.MaxFunctionEvaluations = 1.000000e+03.

Iteration 194 completed. Current sample-mean minimum is 2329.234482. New variance estimate is 408.686284.

Feasible point with lower objective function value found, but optimality criteria not satisfied. See output.bestfeasible..


Feasible point with lower objective function value found, but optimality criteria not satisfied. See output.bestfeasible..


Feasible point with lower objective function value found, but optimality criteria not satisfied. See output.bestfeasible..


Solver stopped prematurely.

fmincon stopped because it exceeded the function evaluation limit,
options.MaxFunctionEvaluations = 1.000000e+03.


Solver stopped prematurely.

fmincon stopped because it exceeded the function evaluation limit,
options.MaxFunctionEvaluations = 1.000000e+03.

Iteration 195 completed. Current sample-mean minimum is 2329.234482. New variance estimate is 409.210106.

Feasible point with lower objective function value found, but optimality criteria not satisfied. See output.bestfeasible..


Feasible point with lower objective function value found, but optimality criteria not satisfied. See output.bestfeasible..


Feasible point with lower objective function value found, but optimality criteria not satisfied. See output.bestfeasible..


Feasible point with lower objective function value found, but optimality criteria not satisfied. See output.bestfeasible..


Solver stopped prematurely.

fmincon stopped because it exceeded the function evaluation limit,
options.MaxFunctionEvaluations = 1.000000e+03.


Solver stopped prematurely.

fmincon stopped because it exceeded the function evaluation limit,
options.MaxFunctionEvaluations = 1.000000e+03.

Iteration 196 completed. Current sample-mean minimum is 2329.234482. New variance estimate is 411.288949.

Feasible point with lower objective function value found, but optimality criteria not satisfied. See output.bestfeasible..


Feasible point with lower objective function value found, but optimality criteria not satisfied. See output.bestfeasible..


Feasible point with lower objective function value found, but optimality criteria not satisfied. See output.bestfeasible..


Feasible point with lower objective function value found, but optimality criteria not satisfied. See output.bestfeasible..


Solver stopped prematurely.

fmincon stopped because it exceeded the function evaluation limit,
options.MaxFunctionEvaluations = 1.000000e+03.


Solver stopped prematurely.

fmincon stopped because it exceeded the function evaluation limit,
options.MaxFunctionEvaluations = 1.000000e+03.

Iteration 197 completed. Current sample-mean minimum is 2329.234482. New variance estimate is 412.767957.

Feasible point with lower objective function value found, but optimality criteria not satisfied. See output.bestfeasible..


Feasible point with lower objective function value found, but optimality criteria not satisfied. See output.bestfeasible..


Feasible point with lower objective function value found, but optimality criteria not satisfied. See output.bestfeasible..


Feasible point with lower objective function value found, but optimality criteria not satisfied. See output.bestfeasible..


Solver stopped prematurely.

fmincon stopped because it exceeded the function evaluation limit,
options.MaxFunctionEvaluations = 1.000000e+03.


Solver stopped prematurely.

fmincon stopped because it exceeded the function evaluation limit,
options.MaxFunctionEvaluations = 1.000000e+03.

Iteration 198 completed. Current sample-mean minimum is 2329.234482. New variance estimate is 413.843607.

Feasible point with lower objective function value found, but optimality criteria not satisfied. See output.bestfeasible..


Solver stopped prematurely.

fmincon stopped because it exceeded the function evaluation limit,
options.MaxFunctionEvaluations = 1.000000e+03.


Solver stopped prematurely.

fmincon stopped because it exceeded the function evaluation limit,
options.MaxFunctionEvaluations = 1.000000e+03.

Iteration 199 completed. Current sample-mean minimum is 2329.234482. New variance estimate is 396.290727.

Feasible point with lower objective function value found, but optimality criteria not satisfied. See output.bestfeasible..


Feasible point with lower objective function value found, but optimality criteria not satisfied. See output.bestfeasible..


Feasible point with lower objective function value found, but optimality criteria not satisfied. See output.bestfeasible..


Solver stopped prematurely.

fmincon stopped because it exceeded the function evaluation limit,
options.MaxFunctionEvaluations = 5.000000e+03.


Feasible point with lower objective function value found, but optimality criteria not satisfied. See output.bestfeasible..

Iteration 200 completed. Current sample-mean minimum is 2329.234482. New variance estimate is 396.930165.
DONE golinski heter_LVGP acf=anpei param=0.8 n_rep=3 seed=2 final=2329.23 23273.2s
