[Warning: Unable to locate a personal folder for $documents/MATLAB.] 

Feasible point with lower objective function value found, but optimality criteria not satisfied. See output.bestfeasible..


Feasible point with lower objective function value found, but optimality criteria not satisfied. See output.bestfeasible..


Solver stopped prematurely.

fmincon stopped because it exceeded the function evaluation limit,
options.MaxFunctionEvaluations = 1.000000e+03.

Iteration 1 completed. Current sample-mean minimum is 0.197063. New variance estimate is 0.000334.

Feasible point with lower objective function value found, but optimality criteria not satisfied. See output.bestfeasible..


Feasible point with lower objective function value found, but optimality criteria not satisfied. See output.bestfeasible..

Iteration 2 completed. Current sample-mean minimum is 0.197063. New variance estimate is 0.000334.

Feasible point with lower objective function value found, but optimality criteria not satisfied. See output.bestfeasible..


Feasible point with lower objective function value found, but optimality criteria not satisfied. See output.bestfeasible..


Feasible point with lower objective function value found, but optimality criteria not satisfied. See output.bestfeasible..


Solver stopped prematurely.

fmincon stopped because it exceeded the function evaluation limit,
options.MaxFunctionEvaluations = 1.000000e+03.

Iteration 3 completed. Current sample-mean minimum is 0.164558. New variance estimate is 0.000380.

Feasible point with lower objective function value found, but optimality criteria not satisfied. See output.bestfeasible..


Feasible point with lower objective function value found, but optimality criteria not satisfied. See output.bestfeasible..


Feasible point with lower objective function value found, but optimality criteria not satisfied. See output.bestfeasible..


Solver stopped prematurely.

fmincon stopped because it exceeded the function evaluation limit,
options.MaxFunctionEvaluations = 1.000000e+03.

Iteration 4 completed. Current sample-mean minimum is 0.162395. New variance estimate is 0.000594.

Feasible point with lower objective function value found, but optimality criteria not satisfied. See output.bestfeasible..


Feasible point with lower objective function value found, but optimality criteria not satisfied. See output.bestfeasible..


Feasible point with lower objective function value found, but optimality criteria not satisfied. See output.bestfeasible..


Feasible point with lower objective function value found, but optimality criteria not satisfied. See output.bestfeasible..


Feasible point with lower objective function value found, but optimality criteria not satisfied. See output.bestfeasible..


Solver stopped prematurely.

fmincon stopped because it exceeded the function evaluation limit,
options.MaxFunctionEvaluations = 1.000000e+03.

Iteration 5 completed. Current sample-mean minimum is 0.162395. New variance estimate is 0.000380.

Feasible point with lower objective function value found, but optimality criteria not satisfied. See output.bestfeasible..


Feasible point with lower objective function value found, but optimality criteria not satisfied. See output.bestfeasible..


Feasible point with lower objective function value found, but optimality criteria not satisfied. See output.bestfeasible..


Solver stopped prematurely.

fmincon stopped because it exceeded the function evaluation limit,
options.MaxFunctionEvaluations = 1.000000e+03.

Iteration 6 completed. Current sample-mean minimum is 0.162395. New variance estimate is 0.000380.

Feasible point with lower objective function value found, but optimality criteria not satisfied. See output.bestfeasible..


Feasible point with lower objective function value found, but optimality criteria not satisfied. See output.bestfeasible..


Feasible point with lower objective function value found, but optimality criteria not satisfied. See output.bestfeasible..


Feasible point with lower objective function value found, but optimality criteria not satisfied. See output.bestfeasible..


Solver stopped prematurely.

fmincon stopped because it exceeded the function evaluation limit,
options.MaxFunctionEvaluations = 1.000000e+03.

Iteration 7 completed. Current sample-mean minimum is 0.162395. New variance estimate is 0.000594.

Feasible point with lower objective function value found, but optimality criteria not satisfied. See output.bestfeasible..


Feasible point with lower objective function value found, but optimality criteria not satisfied. See output.bestfeasible..


Feasible point with lower objective function value found, but optimality criteria not satisfied. See output.bestfeasible..


Feasible point with lower objective function value found, but optimality criteria not satisfied. See output.bestfeasible..


Solver stopped prematurely.

fmincon stopped because it exceeded the function evaluation limit,
options.MaxFunctionEvaluations = 1.000000e+03.

Iteration 8 completed. Current sample-mean minimum is 0.162395. New variance estimate is 0.000024.

Feasible point with lower objective function value found, but optimality criteria not satisfied. See output.bestfeasible..


Feasible point with lower objective function value found, but optimality criteria not satisfied. See output.bestfeasible..


Feasible point with lower objective function value found, but optimality criteria not satisfied. See output.bestfeasible..


Feasible point with lower objective function value found, but optimality criteria not satisfied. See output.bestfeasible..


Feasible point with lower objective function value found, but optimality criteria not satisfied. See output.bestfeasible..


Solver stopped prematurely.

fmincon stopped because it exceeded the function evaluation limit,
options.MaxFunctionEvaluations = 1.000000e+03.

Iteration 9 completed. Current sample-mean minimum is 0.162395. New variance estimate is 0.000380.

Feasible point with lower objective function value found, but optimality criteria not satisfied. See output.bestfeasible..


Feasible point with lower objective function value found, but optimality criteria not satisfied. See output.bestfeasible..


Feasible point with lower objective function value found, but optimality criteria not satisfied. See output.bestfeasible..


Solver stopped prematurely.

fmincon stopped because it exceeded the function evaluation limit,
options.MaxFunctionEvaluations = 1.000000e+03.

Iteration 10 completed. Current sample-mean minimum is 0.160884. New variance estimate is 0.000594.

Feasible point with lower objective function value found, but optimality criteria not satisfied. See output.bestfeasible..


Feasible point with lower objective function value found, but optimality criteria not satisfied. See output.bestfeasible..


Feasible point with lower objective function value found, but optimality criteria not satisfied. See output.bestfeasible..


Feasible point with lower objective function value found, but optimality criteria not satisfied. See output.bestfeasible..


Feasible point with lower objective function value found, but optimality criteria not satisfied. See output.bestfeasible..


Solver stopped prematurely.

fmincon stopped because it exceeded the function evaluation limit,
options.MaxFunctionEvaluations = 1.000000e+03.

Iteration 11 completed. Current sample-mean minimum is 0.160860. New variance estimate is 0.000594.

Feasible point with lower objective function value found, but optimality criteria not satisfied. See output.bestfeasible..


Feasible point with lower objective function value found, but optimality criteria not satisfied. See output.bestfeasible..


Feasible point with lower objective function value found, but optimality criteria not satisfied. See output.bestfeasible..


Feasible point with lower objective function value found, but optimality criteria not satisfied. See output.bestfeasible..


Feasible point with lower objective function value found, but optimality criteria not satisfied. See output.bestfeasible..


Feasible point with lower objective function value found, but optimality criteria not satisfied. See output.bestfeasible..


Feasible point with lower objective function value found, but optimality criteria not satisfied. See output.bestfeasible..


Feasible point with lower objective function value found, but optimality criteria not satisfied. See output.bestfeasible..


Solver stopped prematurely.

fmincon stopped because it exceeded the function evaluation limit,
options.MaxFunctionEvaluations = 1.000000e+03.

Iteration 12 completed. Current sample-mean minimum is 0.160860. New variance estimate is 0.000594.

Feasible point with lower objective function value found, but optimality criteria not satisfied. See output.bestfeasible..


Feasible point with lower objective function value found, but optimality criteria not satisfied. See output.bestfeasible..

Iteration 13 completed. Current sample-mean minimum is 0.160860. New variance estimate is 0.000594.

Feasible point with lower objective function value found, but optimality criteria not satisfied. See output.bestfeasible..


Feasible point with lower objective function value found, but optimality criteria not satisfied. See output.bestfeasible..


Feasible point with lower objective function value found, but optimality criteria not satisfied. See output.bestfeasible..


Feasible point with lower objective function value found, but optimality criteria not satisfied. See output.bestfeasible..


Feasible point with lower objective function value found, but optimality criteria not satisfied. See output.bestfeasible..

Iteration 14 completed. Current sample-mean minimum is 0.160860. New variance estimate is 0.000149.

Feasible point with lower objective function value found, but optimality criteria not satisfied. See output.bestfeasible..


Feasible point with lower objective function value found, but optimality criteria not satisfied. See output.bestfeasible..


Feasible point with lower objective function value found, but optimality criteria not satisfied. See output.bestfeasible..


Feasible point with lower objective function value found, but optimality criteria not satisfied. See output.bestfeasible..


Feasible point with lower objective function value found, but optimality criteria not satisfied. See output.bestfeasible..


Feasible point with lower objective function value found, but optimality criteria not satisfied. See output.bestfeasible..

Iteration 15 completed. Current sample-mean minimum is 0.160860. New variance estimate is 0.000037.

Feasible point with lower objective function value found, but optimality criteria not satisfied. See output.bestfeasible..


Feasible point with lower objective function value found, but optimality criteria not satisfied. See output.bestfeasible..


Feasible point with lower objective function value found, but optimality criteria not satisfied. See output.bestfeasible..


Feasible point with lower objective function value found, but optimality criteria not satisfied. See output.bestfeasible..


Feasible point with lower objective function value found, but optimality criteria not satisfied. See output.bestfeasible..


Solver stopped prematurely.

fmincon stopped because it exceeded the function evaluation limit,
options.MaxFunctionEvaluations = 1.000000e+03.

Iteration 16 completed. Current sample-mean minimum is 0.160860. New variance estimate is 0.000732.

Feasible point with lower objective function value found, but optimality criteria not satisfied. See output.bestfeasible..


Feasible point with lower objective function value found, but optimality criteria not satisfied. See output.bestfeasible..


Solver stopped prematurely.

fmincon stopped because it exceeded the function evaluation limit,
options.MaxFunctionEvaluations = 1.000000e+03.

Iteration 17 completed. Current sample-mean minimum is 0.160860. New variance estimate is 0.001126.

Feasible point with lower objective function value found, but optimality criteria not satisfied. See output.bestfeasible..


Feasible point with lower objective function value found, but optimality criteria not satisfied. See output.bestfeasible..


Feasible point with lower objective function value found, but optimality criteria not satisfied. See output.bestfeasible..


Feasible point with lower objective function value found, but optimality criteria not satisfied. See output.bestfeasible..

Iteration 18 completed. Current sample-mean minimum is 0.160846. New variance estimate is 0.000594.

Feasible point with lower objective function value found, but optimality criteria not satisfied. See output.bestfeasible..


Feasible point with lower objective function value found, but optimality criteria not satisfied. See output.bestfeasible..


Feasible point with lower objective function value found, but optimality criteria not satisfied. See output.bestfeasible..


Feasible point with lower objective function value found, but optimality criteria not satisfied. See output.bestfeasible..


Feasible point with lower objective function value found, but optimality criteria not satisfied. See output.bestfeasible..


Feasible point with lower objective function value found, but optimality criteria not satisfied. See output.bestfeasible..


Solver stopped prematurely.

fmincon stopped because it exceeded the function evaluation limit,
options.MaxFunctionEvaluations = 1.000000e+03.

Iteration 19 completed. Current sample-mean minimum is 0.160846. New variance estimate is 0.000594.

Feasible point with lower objective function value found, but optimality criteria not satisfied. See output.bestfeasible..


Feasible point with lower objective function value found, but optimality criteria not satisfied. See output.bestfeasible..


Feasible point with lower objective function value found, but optimality criteria not satisfied. See output.bestfeasible..

Iteration 20 completed. Current sample-mean minimum is 0.160846. New variance estimate is 0.000149.

Feasible point with lower objective function value found, but optimality criteria not satisfied. See output.bestfeasible..


Feasible point with lower objective function value found, but optimality criteria not satisfied. See output.bestfeasible..

Iteration 21 completed. Current sample-mean minimum is 0.160846. New variance estimate is 0.000226.

Feasible point with lower objective function value found, but optimality criteria not satisfied. See output.bestfeasible..


Feasible point with lower objective function value found, but optimality criteria not satisfied. See output.bestfeasible..


Feasible point with lower objective function value found, but optimality criteria not satisfied. See output.bestfeasible..


Feasible point with lower objective function value found, but optimality criteria not satisfied. See output.bestfeasible..


Feasible point with lower objective function value found, but optimality criteria not satisfied. See output.bestfeasible..


Feasible point with lower objective function value found, but optimality criteria not satisfied. See output.bestfeasible..


Solver stopped prematurely.

fmincon stopped because it exceeded the function evaluation limit,
options.MaxFunctionEvaluations = 1.000000e+03.

Iteration 22 completed. Current sample-mean minimum is 0.160846. New variance estimate is 0.000380.

Feasible point with lower objective function value found, but optimality criteria not satisfied. See output.bestfeasible..


Feasible point with lower objective function value found, but optimality criteria not satisfied. See output.bestfeasible..


Feasible point with lower objective function value found, but optimality criteria not satisfied. See output.bestfeasible..


Feasible point with lower objective function value found, but optimality criteria not satisfied. See output.bestfeasible..


Feasible point with lower objective function value found, but optimality criteria not satisfied. See output.bestfeasible..

Iteration 23 completed. Current sample-mean minimum is 0.160846. New variance estimate is 0.000594.

Feasible point with lower objective function value found, but optimality criteria not satisfied. See output.bestfeasible..


Feasible point with lower objective function value found, but optimality criteria not satisfied. See output.bestfeasible..


Feasible point with lower objective function value found, but optimality criteria not satisfied. See output.bestfeasible..


Solver stopped prematurely.

fmincon stopped because it exceeded the function evaluation limit,
options.MaxFunctionEvaluations = 1.000000e+03.

Iteration 24 completed. Current sample-mean minimum is 0.160846. New variance estimate is 0.000380.

Feasible point with lower objective function value found, but optimality criteria not satisfied. See output.bestfeasible..


Feasible point with lower objective function value found, but optimality criteria not satisfied. See output.bestfeasible..


Feasible point with lower objective function value found, but optimality criteria not satisfied. See output.bestfeasible..


Feasible point with lower objective function value found, but optimality criteria not satisfied. See output.bestfeasible..

Iteration 25 completed. Current sample-mean minimum is 0.160846. New variance estimate is 0.000564.

Feasible point with lower objective function value found, but optimality criteria not satisfied. See output.bestfeasible..


Feasible point with lower objective function value found, but optimality criteria not satisfied. See output.bestfeasible..


Feasible point with lower objective function value found, but optimality criteria not satisfied. See output.bestfeasible..


Feasible point with lower objective function value found, but optimality criteria not satisfied. See output.bestfeasible..


Feasible point with lower objective function value found, but optimality criteria not satisfied. See output.bestfeasible..


Solver stopped prematurely.

fmincon stopped because it exceeded the function evaluation limit,
options.MaxFunctionEvaluations = 1.000000e+03.

Iteration 26 completed. Current sample-mean minimum is 0.160846. New variance estimate is 0.000769.

Feasible point with lower objective function value found, but optimality criteria not satisfied. See output.bestfeasible..


Feasible point with lower objective function value found, but optimality criteria not satisfied. See output.bestfeasible..


Feasible point with lower objective function value found, but optimality criteria not satisfied. See output.bestfeasible..


Feasible point with lower objective function value found, but optimality criteria not satisfied. See output.bestfeasible..


Solver stopped prematurely.

fmincon stopped because it exceeded the function evaluation limit,
options.MaxFunctionEvaluations = 1.000000e+03.

Iteration 27 completed. Current sample-mean minimum is 0.160846. New variance estimate is 0.000473.

Feasible point with lower objective function value found, but optimality criteria not satisfied. See output.bestfeasible..


Feasible point with lower objective function value found, but optimality criteria not satisfied. See output.bestfeasible..


Feasible point with lower objective function value found, but optimality criteria not satisfied. See output.bestfeasible..


Solver stopped prematurely.

fmincon stopped because it exceeded the function evaluation limit,
options.MaxFunctionEvaluations = 1.000000e+03.

Iteration 28 completed. Current sample-mean minimum is 0.160846. New variance estimate is 0.000484.

Feasible point with lower objective function value found, but optimality criteria not satisfied. See output.bestfeasible..


Feasible point with lower objective function value found, but optimality criteria not satisfied. See output.bestfeasible..


Feasible point with lower objective function value found, but optimality criteria not satisfied. See output.bestfeasible..


Feasible point with lower objective function value found, but optimality criteria not satisfied. See output.bestfeasible..


Feasible point with lower objective function value found, but optimality criteria not satisfied. See output.bestfeasible..


Solver stopped prematurely.

fmincon stopped because it exceeded the function evaluation limit,
options.MaxFunctionEvaluations = 1.000000e+03.

Iteration 29 completed. Current sample-mean minimum is 0.160846. New variance estimate is 0.000188.

Feasible point with lower objective function value found, but optimality criteria not satisfied. See output.bestfeasible..


Feasible point with lower objective function value found, but optimality criteria not satisfied. See output.bestfeasible..


Feasible point with lower objective function value found, but optimality criteria not satisfied. See output.bestfeasible..


Solver stopped prematurely.

fmincon stopped because it exceeded the function evaluation limit,
options.MaxFunctionEvaluations = 1.000000e+03.

Iteration 30 completed. Current sample-mean minimum is 0.160846. New variance estimate is 0.000729.

Feasible point with lower objective function value found, but optimality criteria not satisfied. See output.bestfeasible..


Solver stopped prematurely.

fmincon stopped because it exceeded the function evaluation limit,
options.MaxFunctionEvaluations = 1.000000e+03.

Iteration 31 completed. Current sample-mean minimum is 0.160846. New variance estimate is 0.001190.

Feasible point with lower objective function value found, but optimality criteria not satisfied. See output.bestfeasible..


Feasible point with lower objective function value found, but optimality criteria not satisfied. See output.bestfeasible..


Solver stopped prematurely.

fmincon stopped because it exceeded the function evaluation limit,
options.MaxFunctionEvaluations = 1.000000e+03.

Iteration 32 completed. Current sample-mean minimum is 0.160846. New variance estimate is 0.000149.

Feasible point with lower objective function value found, but optimality criteria not satisfied. See output.bestfeasible..


Feasible point with lower objective function value found, but optimality criteria not satisfied. See output.bestfeasible..


Feasible point with lower objective function value found, but optimality criteria not satisfied. See output.bestfeasible..


Feasible point with lower objective function value found, but optimality criteria not satisfied. See output.bestfeasible..


Solver stopped prematurely.

fmincon stopped because it exceeded the function evaluation limit,
options.MaxFunctionEvaluations = 1.000000e+03.

Iteration 33 completed. Current sample-mean minimum is 0.160846. New variance estimate is 0.000821.

Feasible point with lower objective function value found, but optimality criteria not satisfied. See output.bestfeasible..


Feasible point with lower objective function value found, but optimality criteria not satisfied. See output.bestfeasible..


Feasible point with lower objective function value found, but optimality criteria not satisfied. See output.bestfeasible..


Feasible point with lower objective function value found, but optimality criteria not satisfied. See output.bestfeasible..


Feasible point with lower objective function value found, but optimality criteria not satisfied. See output.bestfeasible..


Feasible point with lower objective function value found, but optimality criteria not satisfied. See output.bestfeasible..


Solver stopped prematurely.

fmincon stopped because it exceeded the function evaluation limit,
options.MaxFunctionEvaluations = 1.000000e+03.

Iteration 34 completed. Current sample-mean minimum is 0.160846. New variance estimate is 0.000380.

Feasible point with lower objective function value found, but optimality criteria not satisfied. See output.bestfeasible..


Feasible point with lower objective function value found, but optimality criteria not satisfied. See output.bestfeasible..


Feasible point with lower objective function value found, but optimality criteria not satisfied. See output.bestfeasible..


Feasible point with lower objective function value found, but optimality criteria not satisfied. See output.bestfeasible..

Iteration 35 completed. Current sample-mean minimum is 0.160846. New variance estimate is 0.000632.

Feasible point with lower objective function value found, but optimality criteria not satisfied. See output.bestfeasible..


Feasible point with lower objective function value found, but optimality criteria not satisfied. See output.bestfeasible..


Feasible point with lower objective function value found, but optimality criteria not satisfied. See output.bestfeasible..


Feasible point with lower objective function value found, but optimality criteria not satisfied. See output.bestfeasible..


Feasible point with lower objective function value found, but optimality criteria not satisfied. See output.bestfeasible..

Iteration 36 completed. Current sample-mean minimum is 0.160846. New variance estimate is 0.000149.

Feasible point with lower objective function value found, but optimality criteria not satisfied. See output.bestfeasible..


Feasible point with lower objective function value found, but optimality criteria not satisfied. See output.bestfeasible..


Feasible point with lower objective function value found, but optimality criteria not satisfied. See output.bestfeasible..


Feasible point with lower objective function value found, but optimality criteria not satisfied. See output.bestfeasible..


Feasible point with lower objective function value found, but optimality criteria not satisfied. See output.bestfeasible..


Feasible point with lower objective function value found, but optimality criteria not satisfied. See output.bestfeasible..

Iteration 37 completed. Current sample-mean minimum is 0.160521. New variance estimate is 0.000594.

Feasible point with lower objective function value found, but optimality criteria not satisfied. See output.bestfeasible..


Feasible point with lower objective function value found, but optimality criteria not satisfied. See output.bestfeasible..


Feasible point with lower objective function value found, but optimality criteria not satisfied. See output.bestfeasible..


Feasible point with lower objective function value found, but optimality criteria not satisfied. See output.bestfeasible..


Feasible point with lower objective function value found, but optimality criteria not satisfied. See output.bestfeasible..


Solver stopped prematurely.

fmincon stopped because it exceeded the function evaluation limit,
options.MaxFunctionEvaluations = 1.000000e+03.

Iteration 38 completed. Current sample-mean minimum is 0.160521. New variance estimate is 0.000099.

Feasible point with lower objective function value found, but optimality criteria not satisfied. See output.bestfeasible..


Feasible point with lower objective function value found, but optimality criteria not satisfied. See output.bestfeasible..


Feasible point with lower objective function value found, but optimality criteria not satisfied. See output.bestfeasible..

Iteration 39 completed. Current sample-mean minimum is 0.160521. New variance estimate is 0.000468.

Feasible point with lower objective function value found, but optimality criteria not satisfied. See output.bestfeasible..


Feasible point with lower objective function value found, but optimality criteria not satisfied. See output.bestfeasible..


Feasible point with lower objective function value found, but optimality criteria not satisfied. See output.bestfeasible..


Feasible point with lower objective function value found, but optimality criteria not satisfied. See output.bestfeasible..


Feasible point with lower objective function value found, but optimality criteria not satisfied. See output.bestfeasible..

Iteration 40 completed. Current sample-mean minimum is 0.160521. New variance estimate is 0.000558.

Feasible point with lower objective function value found, but optimality criteria not satisfied. See output.bestfeasible..


Solver stopped prematurely.

fmincon stopped because it exceeded the function evaluation limit,
options.MaxFunctionEvaluations = 1.000000e+03.

Iteration 41 completed. Current sample-mean minimum is 0.160521. New variance estimate is 0.000800.

Feasible point with lower objective function value found, but optimality criteria not satisfied. See output.bestfeasible..


Feasible point with lower objective function value found, but optimality criteria not satisfied. See output.bestfeasible..


Feasible point with lower objective function value found, but optimality criteria not satisfied. See output.bestfeasible..


Feasible point with lower objective function value found, but optimality criteria not satisfied. See output.bestfeasible..


Solver stopped prematurely.

fmincon stopped because it exceeded the function evaluation limit,
options.MaxFunctionEvaluations = 1.000000e+03.

Iteration 42 completed. Current sample-mean minimum is 0.160521. New variance estimate is 0.000226.

Feasible point with lower objective function value found, but optimality criteria not satisfied. See output.bestfeasible..


Feasible point with lower objective function value found, but optimality criteria not satisfied. See output.bestfeasible..


Feasible point with lower objective function value found, but optimality criteria not satisfied. See output.bestfeasible..


Feasible point with lower objective function value found, but optimality criteria not satisfied. See output.bestfeasible..


Feasible point with lower objective function value found, but optimality criteria not satisfied. See output.bestfeasible..

Iteration 43 completed. Current sample-mean minimum is 0.160521. New variance estimate is 0.000693.

Feasible point with lower objective function value found, but optimality criteria not satisfied. See output.bestfeasible..


Feasible point with lower objective function value found, but optimality criteria not satisfied. See output.bestfeasible..


Feasible point with lower objective function value found, but optimality criteria not satisfied. See output.bestfeasible..


Feasible point with lower objective function value found, but optimality criteria not satisfied. See output.bestfeasible..


Feasible point with lower objective function value found, but optimality criteria not satisfied. See output.bestfeasible..


Solver stopped prematurely.

fmincon stopped because it exceeded the function evaluation limit,
options.MaxFunctionEvaluations = 1.000000e+03.

Iteration 44 completed. Current sample-mean minimum is 0.160521. New variance estimate is 0.000594.

Feasible point with lower objective function value found, but optimality criteria not satisfied. See output.bestfeasible..


Feasible point with lower objective function value found, but optimality criteria not satisfied. See output.bestfeasible..


Feasible point with lower objective function value found, but optimality criteria not satisfied. See output.bestfeasible..


Feasible point with lower objective function value found, but optimality criteria not satisfied. See output.bestfeasible..


Feasible point with lower objective function value found, but optimality criteria not satisfied. See output.bestfeasible..


Solver stopped prematurely.

fmincon stopped because it exceeded the function evaluation limit,
options.MaxFunctionEvaluations = 1.000000e+03.

Iteration 45 completed. Current sample-mean minimum is 0.160521. New variance estimate is 0.000149.

Feasible point with lower objective function value found, but optimality criteria not satisfied. See output.bestfeasible..


Feasible point with lower objective function value found, but optimality criteria not satisfied. See output.bestfeasible..


Feasible point with lower objective function value found, but optimality criteria not satisfied. See output.bestfeasible..


Feasible point with lower objective function value found, but optimality criteria not satisfied. See output.bestfeasible..

Iteration 46 completed. Current sample-mean minimum is 0.160521. New variance estimate is 0.000247.

Feasible point with lower objective function value found, but optimality criteria not satisfied. See output.bestfeasible..


Feasible point with lower objective function value found, but optimality criteria not satisfied. See output.bestfeasible..


Feasible point with lower objective function value found, but optimality criteria not satisfied. See output.bestfeasible..


Feasible point with lower objective function value found, but optimality criteria not satisfied. See output.bestfeasible..


Feasible point with lower objective function value found, but optimality criteria not satisfied. See output.bestfeasible..


Feasible point with lower objective function value found, but optimality criteria not satisfied. See output.bestfeasible..


Solver stopped prematurely.

fmincon stopped because it exceeded the function evaluation limit,
options.MaxFunctionEvaluations = 1.000000e+03.

Iteration 47 completed. Current sample-mean minimum is 0.160521. New variance estimate is 0.001126.

Feasible point with lower objective function value found, but optimality criteria not satisfied. See output.bestfeasible..

Iteration 48 completed. Current sample-mean minimum is 0.160521. New variance estimate is 0.000767.

Feasible point with lower objective function value found, but optimality criteria not satisfied. See output.bestfeasible..


Feasible point with lower objective function value found, but optimality criteria not satisfied. See output.bestfeasible..


Feasible point with lower objective function value found, but optimality criteria not satisfied. See output.bestfeasible..


Feasible point with lower objective function value found, but optimality criteria not satisfied. See output.bestfeasible..

Iteration 49 completed. Current sample-mean minimum is 0.160521. New variance estimate is 0.000380.

Feasible point with lower objective function value found, but optimality criteria not satisfied. See output.bestfeasible..


Feasible point with lower objective function value found, but optimality criteria not satisfied. See output.bestfeasible..


Feasible point with lower objective function value found, but optimality criteria not satisfied. See output.bestfeasible..


Feasible point with lower objective function value found, but optimality criteria not satisfied. See output.bestfeasible..


Solver stopped prematurely.

fmincon stopped because it exceeded the function evaluation limit,
options.MaxFunctionEvaluations = 1.000000e+03.

Iteration 50 completed. Current sample-mean minimum is 0.160521. New variance estimate is 0.000129.

Feasible point with lower objective function value found, but optimality criteria not satisfied. See output.bestfeasible..


Feasible point with lower objective function value found, but optimality criteria not satisfied. See output.bestfeasible..


Feasible point with lower objective function value found, but optimality criteria not satisfied. See output.bestfeasible..


Solver stopped prematurely.

fmincon stopped because it exceeded the function evaluation limit,
options.MaxFunctionEvaluations = 1.000000e+03.

Iteration 51 completed. Current sample-mean minimum is 0.160521. New variance estimate is 0.000565.

Feasible point with lower objective function value found, but optimality criteria not satisfied. See output.bestfeasible..


Feasible point with lower objective function value found, but optimality criteria not satisfied. See output.bestfeasible..

Iteration 52 completed. Current sample-mean minimum is 0.160518. New variance estimate is 0.000594.

Feasible point with lower objective function value found, but optimality criteria not satisfied. See output.bestfeasible..


Feasible point with lower objective function value found, but optimality criteria not satisfied. See output.bestfeasible..


Feasible point with lower objective function value found, but optimality criteria not satisfied. See output.bestfeasible..


Feasible point with lower objective function value found, but optimality criteria not satisfied. See output.bestfeasible..


Feasible point with lower objective function value found, but optimality criteria not satisfied. See output.bestfeasible..


Solver stopped prematurely.

fmincon stopped because it exceeded the function evaluation limit,
options.MaxFunctionEvaluations = 1.000000e+03.

Iteration 53 completed. Current sample-mean minimum is 0.160518. New variance estimate is 0.000554.

Feasible point with lower objective function value found, but optimality criteria not satisfied. See output.bestfeasible..


Feasible point with lower objective function value found, but optimality criteria not satisfied. See output.bestfeasible..


Feasible point with lower objective function value found, but optimality criteria not satisfied. See output.bestfeasible..


Feasible point with lower objective function value found, but optimality criteria not satisfied. See output.bestfeasible..

Iteration 54 completed. Current sample-mean minimum is 0.160518. New variance estimate is 0.000745.

Feasible point with lower objective function value found, but optimality criteria not satisfied. See output.bestfeasible..


Feasible point with lower objective function value found, but optimality criteria not satisfied. See output.bestfeasible..


Feasible point with lower objective function value found, but optimality criteria not satisfied. See output.bestfeasible..


Feasible point with lower objective function value found, but optimality criteria not satisfied. See output.bestfeasible..


Feasible point with lower objective function value found, but optimality criteria not satisfied. See output.bestfeasible..


Solver stopped prematurely.

fmincon stopped because it exceeded the function evaluation limit,
options.MaxFunctionEvaluations = 1.000000e+03.

Iteration 55 completed. Current sample-mean minimum is 0.160518. New variance estimate is 0.000045.

Feasible point with lower objective function value found, but optimality criteria not satisfied. See output.bestfeasible..


Feasible point with lower objective function value found, but optimality criteria not satisfied. See output.bestfeasible..


Feasible point with lower objective function value found, but optimality criteria not satisfied. See output.bestfeasible..


Feasible point with lower objective function value found, but optimality criteria not satisfied. See output.bestfeasible..


Feasible point with lower objective function value found, but optimality criteria not satisfied. See output.bestfeasible..


Solver stopped prematurely.

fmincon stopped because it exceeded the function evaluation limit,
options.MaxFunctionEvaluations = 1.000000e+03.

Iteration 56 completed. Current sample-mean minimum is 0.160518. New variance estimate is 0.000594.

Feasible point with lower objective function value found, but optimality criteria not satisfied. See output.bestfeasible..


Feasible point with lower objective function value found, but optimality criteria not satisfied. See output.bestfeasible..


Feasible point with lower objective function value found, but optimality criteria not satisfied. See output.bestfeasible..


Feasible point with lower objective function value found, but optimality criteria not satisfied. See output.bestfeasible..


Feasible point with lower objective function value found, but optimality criteria not satisfied. See output.bestfeasible..


Solver stopped prematurely.

fmincon stopped because it exceeded the function evaluation limit,
options.MaxFunctionEvaluations = 1.000000e+03.

Iteration 57 completed. Current sample-mean minimum is 0.160518. New variance estimate is 0.000594.

Feasible point with lower objective function value found, but optimality criteria not satisfied. See output.bestfeasible..


Feasible point with lower objective function value found, but optimality criteria not satisfied. See output.bestfeasible..


Feasible point with lower objective function value found, but optimality criteria not satisfied. See output.bestfeasible..


Feasible point with lower objective function value found, but optimality criteria not satisfied. See output.bestfeasible..

Iteration 58 completed. Current sample-mean minimum is 0.160518. New variance estimate is 0.000017.

Feasible point with lower objective function value found, but optimality criteria not satisfied. See output.bestfeasible..


Feasible point with lower objective function value found, but optimality criteria not satisfied. See output.bestfeasible..


Feasible point with lower objective function value found, but optimality criteria not satisfied. See output.bestfeasible..


Feasible point with lower objective function value found, but optimality criteria not satisfied. See output.bestfeasible..


Feasible point with lower objective function value found, but optimality criteria not satisfied. See output.bestfeasible..


Feasible point with lower objective function value found, but optimality criteria not satisfied. See output.bestfeasible..


Feasible point with lower objective function value found, but optimality criteria not satisfied. See output.bestfeasible..

Iteration 59 completed. Current sample-mean minimum is 0.160518. New variance estimate is 0.000594.

Feasible point with lower objective function value found, but optimality criteria not satisfied. See output.bestfeasible..


Feasible point with lower objective function value found, but optimality criteria not satisfied. See output.bestfeasible..


Feasible point with lower objective function value found, but optimality criteria not satisfied. See output.bestfeasible..


Feasible point with lower objective function value found, but optimality criteria not satisfied. See output.bestfeasible..


Feasible point with lower objective function value found, but optimality criteria not satisfied. See output.bestfeasible..


Feasible point with lower objective function value found, but optimality criteria not satisfied. See output.bestfeasible..

Iteration 60 completed. Current sample-mean minimum is 0.160518. New variance estimate is 0.000634.

Feasible point with lower objective function value found, but optimality criteria not satisfied. See output.bestfeasible..


Feasible point with lower objective function value found, but optimality criteria not satisfied. See output.bestfeasible..


Feasible point with lower objective function value found, but optimality criteria not satisfied. See output.bestfeasible..


Feasible point with lower objective function value found, but optimality criteria not satisfied. See output.bestfeasible..


Feasible point with lower objective function value found, but optimality criteria not satisfied. See output.bestfeasible..


Solver stopped prematurely.

fmincon stopped because it exceeded the function evaluation limit,
options.MaxFunctionEvaluations = 1.000000e+03.

Iteration 61 completed. Current sample-mean minimum is 0.160518. New variance estimate is 0.000556.

Feasible point with lower objective function value found, but optimality criteria not satisfied. See output.bestfeasible..


Feasible point with lower objective function value found, but optimality criteria not satisfied. See output.bestfeasible..


Feasible point with lower objective function value found, but optimality criteria not satisfied. See output.bestfeasible..


Feasible point with lower objective function value found, but optimality criteria not satisfied. See output.bestfeasible..

Iteration 62 completed. Current sample-mean minimum is 0.160518. New variance estimate is 0.000556.

Feasible point with lower objective function value found, but optimality criteria not satisfied. See output.bestfeasible..


Feasible point with lower objective function value found, but optimality criteria not satisfied. See output.bestfeasible..


Feasible point with lower objective function value found, but optimality criteria not satisfied. See output.bestfeasible..


Feasible point with lower objective function value found, but optimality criteria not satisfied. See output.bestfeasible..


Solver stopped prematurely.

fmincon stopped because it exceeded the function evaluation limit,
options.MaxFunctionEvaluations = 1.000000e+03.

Iteration 63 completed. Current sample-mean minimum is 0.160518. New variance estimate is 0.000789.

Feasible point with lower objective function value found, but optimality criteria not satisfied. See output.bestfeasible..


Feasible point with lower objective function value found, but optimality criteria not satisfied. See output.bestfeasible..


Feasible point with lower objective function value found, but optimality criteria not satisfied. See output.bestfeasible..


Feasible point with lower objective function value found, but optimality criteria not satisfied. See output.bestfeasible..


Feasible point with lower objective function value found, but optimality criteria not satisfied. See output.bestfeasible..


Feasible point with lower objective function value found, but optimality criteria not satisfied. See output.bestfeasible..

Iteration 64 completed. Current sample-mean minimum is 0.160518. New variance estimate is 0.000194.

Feasible point with lower objective function value found, but optimality criteria not satisfied. See output.bestfeasible..


Feasible point with lower objective function value found, but optimality criteria not satisfied. See output.bestfeasible..


Feasible point with lower objective function value found, but optimality criteria not satisfied. See output.bestfeasible..


Feasible point with lower objective function value found, but optimality criteria not satisfied. See output.bestfeasible..


Feasible point with lower objective function value found, but optimality criteria not satisfied. See output.bestfeasible..


Feasible point with lower objective function value found, but optimality criteria not satisfied. See output.bestfeasible..


Feasible point with lower objective function value found, but optimality criteria not satisfied. See output.bestfeasible..

Iteration 65 completed. Current sample-mean minimum is 0.160518. New variance estimate is 0.000078.

Feasible point with lower objective function value found, but optimality criteria not satisfied. See output.bestfeasible..


Feasible point with lower objective function value found, but optimality criteria not satisfied. See output.bestfeasible..


Feasible point with lower objective function value found, but optimality criteria not satisfied. See output.bestfeasible..

Iteration 66 completed. Current sample-mean minimum is 0.160518. New variance estimate is 0.000147.

Feasible point with lower objective function value found, but optimality criteria not satisfied. See output.bestfeasible..


Feasible point with lower objective function value found, but optimality criteria not satisfied. See output.bestfeasible..


Feasible point with lower objective function value found, but optimality criteria not satisfied. See output.bestfeasible..


Feasible point with lower objective function value found, but optimality criteria not satisfied. See output.bestfeasible..


Feasible point with lower objective function value found, but optimality criteria not satisfied. See output.bestfeasible..

Iteration 67 completed. Current sample-mean minimum is 0.160518. New variance estimate is 0.001337.

Feasible point with lower objective function value found, but optimality criteria not satisfied. See output.bestfeasible..


Solver stopped prematurely.

fmincon stopped because it exceeded the function evaluation limit,
options.MaxFunctionEvaluations = 1.000000e+03.

Iteration 68 completed. Current sample-mean minimum is 0.160518. New variance estimate is 0.000128.

Feasible point with lower objective function value found, but optimality criteria not satisfied. See output.bestfeasible..


Feasible point with lower objective function value found, but optimality criteria not satisfied. See output.bestfeasible..


Feasible point with lower objective function value found, but optimality criteria not satisfied. See output.bestfeasible..


Solver stopped prematurely.

fmincon stopped because it exceeded the function evaluation limit,
options.MaxFunctionEvaluations = 1.000000e+03.

Iteration 69 completed. Current sample-mean minimum is 0.160518. New variance estimate is 0.000482.

Feasible point with lower objective function value found, but optimality criteria not satisfied. See output.bestfeasible..


Feasible point with lower objective function value found, but optimality criteria not satisfied. See output.bestfeasible..


Feasible point with lower objective function value found, but optimality criteria not satisfied. See output.bestfeasible..


Feasible point with lower objective function value found, but optimality criteria not satisfied. See output.bestfeasible..


Solver stopped prematurely.

fmincon stopped because it exceeded the function evaluation limit,
options.MaxFunctionEvaluations = 1.000000e+03.

Iteration 70 completed. Current sample-mean minimum is 0.160518. New variance estimate is 0.000225.

Feasible point with lower objective function value found, but optimality criteria not satisfied. See output.bestfeasible..


Feasible point with lower objective function value found, but optimality criteria not satisfied. See output.bestfeasible..


Feasible point with lower objective function value found, but optimality criteria not satisfied. See output.bestfeasible..


Feasible point with lower objective function value found, but optimality criteria not satisfied. See output.bestfeasible..


Feasible point with lower objective function value found, but optimality criteria not satisfied. See output.bestfeasible..

Iteration 71 completed. Current sample-mean minimum is 0.160518. New variance estimate is 0.000507.

Feasible point with lower objective function value found, but optimality criteria not satisfied. See output.bestfeasible..


Feasible point with lower objective function value found, but optimality criteria not satisfied. See output.bestfeasible..


Feasible point with lower objective function value found, but optimality criteria not satisfied. See output.bestfeasible..


Feasible point with lower objective function value found, but optimality criteria not satisfied. See output.bestfeasible..


Solver stopped prematurely.

fmincon stopped because it exceeded the function evaluation limit,
options.MaxFunctionEvaluations = 1.000000e+03.

Iteration 72 completed. Current sample-mean minimum is 0.160518. New variance estimate is 0.000084.

Feasible point with lower objective function value found, but optimality criteria not satisfied. See output.bestfeasible..


Feasible point with lower objective function value found, but optimality criteria not satisfied. See output.bestfeasible..


Feasible point with lower objective function value found, but optimality criteria not satisfied. See output.bestfeasible..


Feasible point with lower objective function value found, but optimality criteria not satisfied. See output.bestfeasible..


Feasible point with lower objective function value found, but optimality criteria not satisfied. See output.bestfeasible..

Iteration 73 completed. Current sample-mean minimum is 0.160518. New variance estimate is 0.001161.

Feasible point with lower objective function value found, but optimality criteria not satisfied. See output.bestfeasible..


Feasible point with lower objective function value found, but optimality criteria not satisfied. See output.bestfeasible..


Feasible point with lower objective function value found, but optimality criteria not satisfied. See output.bestfeasible..


Feasible point with lower objective function value found, but optimality criteria not satisfied. See output.bestfeasible..


Feasible point with lower objective function value found, but optimality criteria not satisfied. See output.bestfeasible..


Feasible point with lower objective function value found, but optimality criteria not satisfied. See output.bestfeasible..


Solver stopped prematurely.

fmincon stopped because it exceeded the function evaluation limit,
options.MaxFunctionEvaluations = 1.000000e+03.

Iteration 74 completed. Current sample-mean minimum is 0.160518. New variance estimate is 0.000561.

Feasible point with lower objective function value found, but optimality criteria not satisfied. See output.bestfeasible..


Feasible point with lower objective function value found, but optimality criteria not satisfied. See output.bestfeasible..


Feasible point with lower objective function value found, but optimality criteria not satisfied. See output.bestfeasible..


Feasible point with lower objective function value found, but optimality criteria not satisfied. See output.bestfeasible..


Solver stopped prematurely.

fmincon stopped because it exceeded the function evaluation limit,
options.MaxFunctionEvaluations = 1.000000e+03.

Iteration 75 completed. Current sample-mean minimum is 0.160518. New variance estimate is 0.000594.

Feasible point with lower objective function value found, but optimality criteria not satisfied. See output.bestfeasible..


Feasible point with lower objective function value found, but optimality criteria not satisfied. See output.bestfeasible..


Feasible point with lower objective function value found, but optimality criteria not satisfied. See output.bestfeasible..


Feasible point with lower objective function value found, but optimality criteria not satisfied. See output.bestfeasible..


Feasible point with lower objective function value found, but optimality criteria not satisfied. See output.bestfeasible..


Solver stopped prematurely.

fmincon stopped because it exceeded the function evaluation limit,
options.MaxFunctionEvaluations = 1.000000e+03.

Iteration 76 completed. Current sample-mean minimum is 0.160518. New variance estimate is 0.000084.

Feasible point with lower objective function value found, but optimality criteria not satisfied. See output.bestfeasible..


Feasible point with lower objective function value found, but optimality criteria not satisfied. See output.bestfeasible..


Feasible point with lower objective function value found, but optimality criteria not satisfied. See output.bestfeasible..


Feasible point with lower objective function value found, but optimality criteria not satisfied. See output.bestfeasible..


Feasible point with lower objective function value found, but optimality criteria not satisfied. See output.bestfeasible..


Feasible point with lower objective function value found, but optimality criteria not satisfied. See output.bestfeasible..


Solver stopped prematurely.

fmincon stopped because it exceeded the function evaluation limit,
options.MaxFunctionEvaluations = 1.000000e+03.

Iteration 77 completed. Current sample-mean minimum is 0.160518. New variance estimate is 0.000561.

Feasible point with lower objective function value found, but optimality criteria not satisfied. See output.bestfeasible..


Feasible point with lower objective function value found, but optimality criteria not satisfied. See output.bestfeasible..


Feasible point with lower objective function value found, but optimality criteria not satisfied. See output.bestfeasible..


Feasible point with lower objective function value found, but optimality criteria not satisfied. See output.bestfeasible..


Feasible point with lower objective function value found, but optimality criteria not satisfied. See output.bestfeasible..


Feasible point with lower objective function value found, but optimality criteria not satisfied. See output.bestfeasible..


Feasible point with lower objective function value found, but optimality criteria not satisfied. See output.bestfeasible..


Solver stopped prematurely.

fmincon stopped because it exceeded the function evaluation limit,
options.MaxFunctionEvaluations = 1.000000e+03.

Iteration 78 completed. Current sample-mean minimum is 0.160518. New variance estimate is 0.000561.

Feasible point with lower objective function value found, but optimality criteria not satisfied. See output.bestfeasible..


Feasible point with lower objective function value found, but optimality criteria not satisfied. See output.bestfeasible..


Feasible point with lower objective function value found, but optimality criteria not satisfied. See output.bestfeasible..


Feasible point with lower objective function value found, but optimality criteria not satisfied. See output.bestfeasible..


Feasible point with lower objective function value found, but optimality criteria not satisfied. See output.bestfeasible..


Feasible point with lower objective function value found, but optimality criteria not satisfied. See output.bestfeasible..


Feasible point with lower objective function value found, but optimality criteria not satisfied. See output.bestfeasible..


Feasible point with lower objective function value found, but optimality criteria not satisfied. See output.bestfeasible..

Iteration 79 completed. Current sample-mean minimum is 0.160518. New variance estimate is 0.000522.

Feasible point with lower objective function value found, but optimality criteria not satisfied. See output.bestfeasible..


Feasible point with lower objective function value found, but optimality criteria not satisfied. See output.bestfeasible..


Feasible point with lower objective function value found, but optimality criteria not satisfied. See output.bestfeasible..


Feasible point with lower objective function value found, but optimality criteria not satisfied. See output.bestfeasible..


Feasible point with lower objective function value found, but optimality criteria not satisfied. See output.bestfeasible..


Feasible point with lower objective function value found, but optimality criteria not satisfied. See output.bestfeasible..

Iteration 80 completed. Current sample-mean minimum is 0.160518. New variance estimate is 0.000594.

Feasible point with lower objective function value found, but optimality criteria not satisfied. See output.bestfeasible..


Feasible point with lower objective function value found, but optimality criteria not satisfied. See output.bestfeasible..


Feasible point with lower objective function value found, but optimality criteria not satisfied. See output.bestfeasible..


Feasible point with lower objective function value found, but optimality criteria not satisfied. See output.bestfeasible..


Feasible point with lower objective function value found, but optimality criteria not satisfied. See output.bestfeasible..


Solver stopped prematurely.

fmincon stopped because it exceeded the function evaluation limit,
options.MaxFunctionEvaluations = 1.000000e+03.

Iteration 81 completed. Current sample-mean minimum is 0.160518. New variance estimate is 0.000594.

Feasible point with lower objective function value found, but optimality criteria not satisfied. See output.bestfeasible..


Feasible point with lower objective function value found, but optimality criteria not satisfied. See output.bestfeasible..


Feasible point with lower objective function value found, but optimality criteria not satisfied. See output.bestfeasible..


Feasible point with lower objective function value found, but optimality criteria not satisfied. See output.bestfeasible..


Feasible point with lower objective function value found, but optimality criteria not satisfied. See output.bestfeasible..


Feasible point with lower objective function value found, but optimality criteria not satisfied. See output.bestfeasible..


Feasible point with lower objective function value found, but optimality criteria not satisfied. See output.bestfeasible..


Feasible point with lower objective function value found, but optimality criteria not satisfied. See output.bestfeasible..


Solver stopped prematurely.

fmincon stopped because it exceeded the function evaluation limit,
options.MaxFunctionEvaluations = 1.000000e+03.

Iteration 82 completed. Current sample-mean minimum is 0.160518. New variance estimate is 0.000539.

Feasible point with lower objective function value found, but optimality criteria not satisfied. See output.bestfeasible..


Feasible point with lower objective function value found, but optimality criteria not satisfied. See output.bestfeasible..


Feasible point with lower objective function value found, but optimality criteria not satisfied. See output.bestfeasible..


Feasible point with lower objective function value found, but optimality criteria not satisfied. See output.bestfeasible..


Feasible point with lower objective function value found, but optimality criteria not satisfied. See output.bestfeasible..


Feasible point with lower objective function value found, but optimality criteria not satisfied. See output.bestfeasible..

Iteration 83 completed. Current sample-mean minimum is 0.160518. New variance estimate is 0.000511.

Feasible point with lower objective function value found, but optimality criteria not satisfied. See output.bestfeasible..


Feasible point with lower objective function value found, but optimality criteria not satisfied. See output.bestfeasible..


Feasible point with lower objective function value found, but optimality criteria not satisfied. See output.bestfeasible..


Feasible point with lower objective function value found, but optimality criteria not satisfied. See output.bestfeasible..


Feasible point with lower objective function value found, but optimality criteria not satisfied. See output.bestfeasible..


Feasible point with lower objective function value found, but optimality criteria not satisfied. See output.bestfeasible..


Solver stopped prematurely.

fmincon stopped because it exceeded the function evaluation limit,
options.MaxFunctionEvaluations = 1.000000e+03.

Iteration 84 completed. Current sample-mean minimum is 0.160518. New variance estimate is 0.000594.

Feasible point with lower objective function value found, but optimality criteria not satisfied. See output.bestfeasible..


Feasible point with lower objective function value found, but optimality criteria not satisfied. See output.bestfeasible..


Feasible point with lower objective function value found, but optimality criteria not satisfied. See output.bestfeasible..


Feasible point with lower objective function value found, but optimality criteria not satisfied. See output.bestfeasible..


Feasible point with lower objective function value found, but optimality criteria not satisfied. See output.bestfeasible..


Feasible point with lower objective function value found, but optimality criteria not satisfied. See output.bestfeasible..


Feasible point with lower objective function value found, but optimality criteria not satisfied. See output.bestfeasible..

Iteration 85 completed. Current sample-mean minimum is 0.160518. New variance estimate is 0.000556.

Feasible point with lower objective function value found, but optimality criteria not satisfied. See output.bestfeasible..


Feasible point with lower objective function value found, but optimality criteria not satisfied. See output.bestfeasible..


Feasible point with lower objective function value found, but optimality criteria not satisfied. See output.bestfeasible..


Feasible point with lower objective function value found, but optimality criteria not satisfied. See output.bestfeasible..


Feasible point with lower objective function value found, but optimality criteria not satisfied. See output.bestfeasible..

Iteration 86 completed. Current sample-mean minimum is 0.160518. New variance estimate is 0.000396.

Feasible point with lower objective function value found, but optimality criteria not satisfied. See output.bestfeasible..


Feasible point with lower objective function value found, but optimality criteria not satisfied. See output.bestfeasible..


Feasible point with lower objective function value found, but optimality criteria not satisfied. See output.bestfeasible..


Feasible point with lower objective function value found, but optimality criteria not satisfied. See output.bestfeasible..

Iteration 87 completed. Current sample-mean minimum is 0.160518. New variance estimate is 0.000092.

Feasible point with lower objective function value found, but optimality criteria not satisfied. See output.bestfeasible..


Feasible point with lower objective function value found, but optimality criteria not satisfied. See output.bestfeasible..


Feasible point with lower objective function value found, but optimality criteria not satisfied. See output.bestfeasible..


Feasible point with lower objective function value found, but optimality criteria not satisfied. See output.bestfeasible..

Iteration 88 completed. Current sample-mean minimum is 0.160518. New variance estimate is 0.000166.

Feasible point with lower objective function value found, but optimality criteria not satisfied. See output.bestfeasible..


Feasible point with lower objective function value found, but optimality criteria not satisfied. See output.bestfeasible..


Feasible point with lower objective function value found, but optimality criteria not satisfied. See output.bestfeasible..


Feasible point with lower objective function value found, but optimality criteria not satisfied. See output.bestfeasible..


Feasible point with lower objective function value found, but optimality criteria not satisfied. See output.bestfeasible..


Feasible point with lower objective function value found, but optimality criteria not satisfied. See output.bestfeasible..


Feasible point with lower objective function value found, but optimality criteria not satisfied. See output.bestfeasible..

Iteration 89 completed. Current sample-mean minimum is 0.160518. New variance estimate is 0.000167.

Feasible point with lower objective function value found, but optimality criteria not satisfied. See output.bestfeasible..


Feasible point with lower objective function value found, but optimality criteria not satisfied. See output.bestfeasible..


Feasible point with lower objective function value found, but optimality criteria not satisfied. See output.bestfeasible..


Feasible point with lower objective function value found, but optimality criteria not satisfied. See output.bestfeasible..


Feasible point with lower objective function value found, but optimality criteria not satisfied. See output.bestfeasible..

Iteration 90 completed. Current sample-mean minimum is 0.160518. New variance estimate is 0.000166.

Feasible point with lower objective function value found, but optimality criteria not satisfied. See output.bestfeasible..


Feasible point with lower objective function value found, but optimality criteria not satisfied. See output.bestfeasible..


Feasible point with lower objective function value found, but optimality criteria not satisfied. See output.bestfeasible..


Feasible point with lower objective function value found, but optimality criteria not satisfied. See output.bestfeasible..

Iteration 91 completed. Current sample-mean minimum is 0.160518. New variance estimate is 0.000166.

Feasible point with lower objective function value found, but optimality criteria not satisfied. See output.bestfeasible..


Feasible point with lower objective function value found, but optimality criteria not satisfied. See output.bestfeasible..


Feasible point with lower objective function value found, but optimality criteria not satisfied. See output.bestfeasible..


Feasible point with lower objective function value found, but optimality criteria not satisfied. See output.bestfeasible..


Feasible point with lower objective function value found, but optimality criteria not satisfied. See output.bestfeasible..


Feasible point with lower objective function value found, but optimality criteria not satisfied. See output.bestfeasible..

Iteration 92 completed. Current sample-mean minimum is 0.160518. New variance estimate is 0.000086.

Feasible point with lower objective function value found, but optimality criteria not satisfied. See output.bestfeasible..


Feasible point with lower objective function value found, but optimality criteria not satisfied. See output.bestfeasible..

Iteration 93 completed. Current sample-mean minimum is 0.160518. New variance estimate is 0.000105.

Feasible point with lower objective function value found, but optimality criteria not satisfied. See output.bestfeasible..


Feasible point with lower objective function value found, but optimality criteria not satisfied. See output.bestfeasible..


Feasible point with lower objective function value found, but optimality criteria not satisfied. See output.bestfeasible..


Feasible point with lower objective function value found, but optimality criteria not satisfied. See output.bestfeasible..


Feasible point with lower objective function value found, but optimality criteria not satisfied. See output.bestfeasible..


Feasible point with lower objective function value found, but optimality criteria not satisfied. See output.bestfeasible..


Feasible point with lower objective function value found, but optimality criteria not satisfied. See output.bestfeasible..


Feasible point with lower objective function value found, but optimality criteria not satisfied. See output.bestfeasible..

[Warning: Matrix is close to singular or badly scaled. Results may be
inaccurate. RCOND =  5.863543e-18.] 
[> In LVGP_fit_noise (line 203)
In bayesian_optimizer (line 57)
In heter_driver (line 41)
] 
Iteration 94 completed. Current sample-mean minimum is 0.160518. New variance estimate is 0.000014.

Feasible point with lower objective function value found, but optimality criteria not satisfied. See output.bestfeasible..


Feasible point with lower objective function value found, but optimality criteria not satisfied. See output.bestfeasible..


Feasible point with lower objective function value found, but optimality criteria not satisfied. See output.bestfeasible..


Feasible point with lower objective function value found, but optimality criteria not satisfied. See output.bestfeasible..

Iteration 95 completed. Current sample-mean minimum is 0.160518. New variance estimate is 0.000280.

Feasible point with lower objective function value found, but optimality criteria not satisfied. See output.bestfeasible..


Feasible point with lower objective function value found, but optimality criteria not satisfied. See output.bestfeasible..

Iteration 96 completed. Current sample-mean minimum is 0.160518. New variance estimate is 0.000316.

Feasible point with lower objective function value found, but optimality criteria not satisfied. See output.bestfeasible..


Feasible point with lower objective function value found, but optimality criteria not satisfied. See output.bestfeasible..


Feasible point with lower objective function value found, but optimality criteria not satisfied. See output.bestfeasible..


Feasible point with lower objective function value found, but optimality criteria not satisfied. See output.bestfeasible..

Iteration 97 completed. Current sample-mean minimum is 0.160518. New variance estimate is 0.000511.
Iteration 98 completed. Current sample-mean minimum is 0.160518. New variance estimate is 0.000511.

Feasible point with lower objective function value found, but optimality criteria not satisfied. See output.bestfeasible..


Feasible point with lower objective function value found, but optimality criteria not satisfied. See output.bestfeasible..


Feasible point with lower objective function value found, but optimality criteria not satisfied. See output.bestfeasible..

Iteration 99 completed. Current sample-mean minimum is 0.160518. New variance estimate is 0.000511.

Feasible point with lower objective function value found, but optimality criteria not satisfied. See output.bestfeasible..


Feasible point with lower objective function value found, but optimality criteria not satisfied. See output.bestfeasible..


Feasible point with lower objective function value found, but optimality criteria not satisfied. See output.bestfeasible..

Iteration 100 completed. Current sample-mean minimum is 0.160518. New variance estimate is 0.000511.

Feasible point with lower objective function value found, but optimality criteria not satisfied. See output.bestfeasible..


Feasible point with lower objective function value found, but optimality criteria not satisfied. See output.bestfeasible..

Iteration 101 completed. Current sample-mean minimum is 0.160518. New variance estimate is 0.000101.

Feasible point with lower objective function value found, but optimality criteria not satisfied. See output.bestfeasible..


Feasible point with lower objective function value found, but optimality criteria not satisfied. See output.bestfeasible..


Feasible point with lower objective function value found, but optimality criteria not satisfied. See output.bestfeasible..

Iteration 102 completed. Current sample-mean minimum is 0.160518. New variance estimate is 0.000511.

Feasible point with lower objective function value found, but optimality criteria not satisfied. See output.bestfeasible..


Feasible point with lower objective function value found, but optimality criteria not satisfied. See output.bestfeasible..

Iteration 103 completed. Current sample-mean minimum is 0.160518. New variance estimate is 0.000511.

Feasible point with lower objective function value found, but optimality criteria not satisfied. See output.bestfeasible..

Iteration 104 completed. Current sample-mean minimum is 0.160518. New variance estimate is 0.000167.

Feasible point with lower objective function value found, but optimality criteria not satisfied. See output.bestfeasible..


Feasible point with lower objective function value found, but optimality criteria not satisfied. See output.bestfeasible..

Iteration 105 completed. Current sample-mean minimum is 0.160518. New variance estimate is 0.000511.

Feasible point with lower objective function value found, but optimality criteria not satisfied. See output.bestfeasible..


Feasible point with lower objective function value found, but optimality criteria not satisfied. See output.bestfeasible..

Iteration 106 completed. Current sample-mean minimum is 0.160518. New variance estimate is 0.000166.

Feasible point with lower objective function value found, but optimality criteria not satisfied. See output.bestfeasible..


Feasible point with lower objective function value found, but optimality criteria not satisfied. See output.bestfeasible..


Feasible point with lower objective function value found, but optimality criteria not satisfied. See output.bestfeasible..


Feasible point with lower objective function value found, but optimality criteria not satisfied. See output.bestfeasible..


Solver stopped prematurely.

fmincon stopped because it exceeded the function evaluation limit,
options.MaxFunctionEvaluations = 1.000000e+03.

Iteration 107 completed. Current sample-mean minimum is 0.160518. New variance estimate is 0.000511.

Feasible point with lower objective function value found, but optimality criteria not satisfied. See output.bestfeasible..

Iteration 108 completed. Current sample-mean minimum is 0.160518. New variance estimate is 0.000322.

Feasible point with lower objective function value found, but optimality criteria not satisfied. See output.bestfeasible..


Feasible point with lower objective function value found, but optimality criteria not satisfied. See output.bestfeasible..


Feasible point with lower objective function value found, but optimality criteria not satisfied. See output.bestfeasible..


Feasible point with lower objective function value found, but optimality criteria not satisfied. See output.bestfeasible..

Iteration 109 completed. Current sample-mean minimum is 0.160518. New variance estimate is 0.000351.

Feasible point with lower objective function value found, but optimality criteria not satisfied. See output.bestfeasible..


Feasible point with lower objective function value found, but optimality criteria not satisfied. See output.bestfeasible..

Iteration 110 completed. Current sample-mean minimum is 0.160518. New variance estimate is 0.001004.

Feasible point with lower objective function value found, but optimality criteria not satisfied. See output.bestfeasible..


Feasible point with lower objective function value found, but optimality criteria not satisfied. See output.bestfeasible..


Feasible point with lower objective function value found, but optimality criteria not satisfied. See output.bestfeasible..

Iteration 111 completed. Current sample-mean minimum is 0.160518. New variance estimate is 0.000870.

Feasible point with lower objective function value found, but optimality criteria not satisfied. See output.bestfeasible..


Feasible point with lower objective function value found, but optimality criteria not satisfied. See output.bestfeasible..

Iteration 112 completed. Current sample-mean minimum is 0.160518. New variance estimate is 0.000511.

Feasible point with lower objective function value found, but optimality criteria not satisfied. See output.bestfeasible..


Feasible point with lower objective function value found, but optimality criteria not satisfied. See output.bestfeasible..

Iteration 113 completed. Current sample-mean minimum is 0.160518. New variance estimate is 0.001004.

Feasible point with lower objective function value found, but optimality criteria not satisfied. See output.bestfeasible..

Iteration 114 completed. Current sample-mean minimum is 0.160518. New variance estimate is 0.000105.

Feasible point with lower objective function value found, but optimality criteria not satisfied. See output.bestfeasible..


Feasible point with lower objective function value found, but optimality criteria not satisfied. See output.bestfeasible..

Iteration 115 completed. Current sample-mean minimum is 0.160518. New variance estimate is 0.000316.

Feasible point with lower objective function value found, but optimality criteria not satisfied. See output.bestfeasible..


Feasible point with lower objective function value found, but optimality criteria not satisfied. See output.bestfeasible..


Feasible point with lower objective function value found, but optimality criteria not satisfied. See output.bestfeasible..


Feasible point with lower objective function value found, but optimality criteria not satisfied. See output.bestfeasible..


Feasible point with lower objective function value found, but optimality criteria not satisfied. See output.bestfeasible..


Feasible point with lower objective function value found, but optimality criteria not satisfied. See output.bestfeasible..


Feasible point with lower objective function value found, but optimality criteria not satisfied. See output.bestfeasible..

Iteration 116 completed. Current sample-mean minimum is 0.160518. New variance estimate is 0.000351.

Feasible point with lower objective function value found, but optimality criteria not satisfied. See output.bestfeasible..


Feasible point with lower objective function value found, but optimality criteria not satisfied. See output.bestfeasible..


Feasible point with lower objective function value found, but optimality criteria not satisfied. See output.bestfeasible..


Feasible point with lower objective function value found, but optimality criteria not satisfied. See output.bestfeasible..


Feasible point with lower objective function value found, but optimality criteria not satisfied. See output.bestfeasible..

Iteration 117 completed. Current sample-mean minimum is 0.160518. New variance estimate is 0.000351.

Feasible point with lower objective function value found, but optimality criteria not satisfied. See output.bestfeasible..

Iteration 118 completed. Current sample-mean minimum is 0.160518. New variance estimate is 0.000351.

Feasible point with lower objective function value found, but optimality criteria not satisfied. See output.bestfeasible..


Feasible point with lower objective function value found, but optimality criteria not satisfied. See output.bestfeasible..


Feasible point with lower objective function value found, but optimality criteria not satisfied. See output.bestfeasible..


Feasible point with lower objective function value found, but optimality criteria not satisfied. See output.bestfeasible..

Iteration 119 completed. Current sample-mean minimum is 0.160518. New variance estimate is 0.000351.

Feasible point with lower objective function value found, but optimality criteria not satisfied. See output.bestfeasible..

Iteration 120 completed. Current sample-mean minimum is 0.160518. New variance estimate is 0.000351.

Feasible point with lower objective function value found, but optimality criteria not satisfied. See output.bestfeasible..


Feasible point with lower objective function value found, but optimality criteria not satisfied. See output.bestfeasible..


Feasible point with lower objective function value found, but optimality criteria not satisfied. See output.bestfeasible..


Feasible point with lower objective function value found, but optimality criteria not satisfied. See output.bestfeasible..

Iteration 121 completed. Current sample-mean minimum is 0.160518. New variance estimate is 0.000351.

Feasible point with lower objective function value found, but optimality criteria not satisfied. See output.bestfeasible..


Feasible point with lower objective function value found, but optimality criteria not satisfied. See output.bestfeasible..

Iteration 122 completed. Current sample-mean minimum is 0.160518. New variance estimate is 0.001170.

Feasible point with lower objective function value found, but optimality criteria not satisfied. See output.bestfeasible..


Feasible point with lower objective function value found, but optimality criteria not satisfied. See output.bestfeasible..

Iteration 123 completed. Current sample-mean minimum is 0.160518. New variance estimate is 0.000351.

Feasible point with lower objective function value found, but optimality criteria not satisfied. See output.bestfeasible..


Feasible point with lower objective function value found, but optimality criteria not satisfied. See output.bestfeasible..


Feasible point with lower objective function value found, but optimality criteria not satisfied. See output.bestfeasible..


Feasible point with lower objective function value found, but optimality criteria not satisfied. See output.bestfeasible..


Feasible point with lower objective function value found, but optimality criteria not satisfied. See output.bestfeasible..

Iteration 124 completed. Current sample-mean minimum is 0.160518. New variance estimate is 0.000270.

Feasible point with lower objective function value found, but optimality criteria not satisfied. See output.bestfeasible..


Feasible point with lower objective function value found, but optimality criteria not satisfied. See output.bestfeasible..

Iteration 125 completed. Current sample-mean minimum is 0.160518. New variance estimate is 0.000566.

Feasible point with lower objective function value found, but optimality criteria not satisfied. See output.bestfeasible..


Feasible point with lower objective function value found, but optimality criteria not satisfied. See output.bestfeasible..


Feasible point with lower objective function value found, but optimality criteria not satisfied. See output.bestfeasible..


Feasible point with lower objective function value found, but optimality criteria not satisfied. See output.bestfeasible..

Iteration 126 completed. Current sample-mean minimum is 0.160518. New variance estimate is 0.001004.

Feasible point with lower objective function value found, but optimality criteria not satisfied. See output.bestfeasible..


Feasible point with lower objective function value found, but optimality criteria not satisfied. See output.bestfeasible..


Solver stopped prematurely.

fmincon stopped because it exceeded the function evaluation limit,
options.MaxFunctionEvaluations = 1.000000e+03.

Iteration 127 completed. Current sample-mean minimum is 0.160518. New variance estimate is 0.000511.

Feasible point with lower objective function value found, but optimality criteria not satisfied. See output.bestfeasible..

Iteration 128 completed. Current sample-mean minimum is 0.160518. New variance estimate is 0.001217.

Feasible point with lower objective function value found, but optimality criteria not satisfied. See output.bestfeasible..


Feasible point with lower objective function value found, but optimality criteria not satisfied. See output.bestfeasible..


Feasible point with lower objective function value found, but optimality criteria not satisfied. See output.bestfeasible..

Iteration 129 completed. Current sample-mean minimum is 0.160518. New variance estimate is 0.000351.

Feasible point with lower objective function value found, but optimality criteria not satisfied. See output.bestfeasible..


Feasible point with lower objective function value found, but optimality criteria not satisfied. See output.bestfeasible..

Iteration 130 completed. Current sample-mean minimum is 0.160518. New variance estimate is 0.001004.

Feasible point with lower objective function value found, but optimality criteria not satisfied. See output.bestfeasible..

Iteration 131 completed. Current sample-mean minimum is 0.160518. New variance estimate is 0.000351.

Feasible point with lower objective function value found, but optimality criteria not satisfied. See output.bestfeasible..


Feasible point with lower objective function value found, but optimality criteria not satisfied. See output.bestfeasible..

Iteration 132 completed. Current sample-mean minimum is 0.160518. New variance estimate is 0.000511.

Feasible point with lower objective function value found, but optimality criteria not satisfied. See output.bestfeasible..


Feasible point with lower objective function value found, but optimality criteria not satisfied. See output.bestfeasible..


Feasible point with lower objective function value found, but optimality criteria not satisfied. See output.bestfeasible..

Iteration 133 completed. Current sample-mean minimum is 0.160518. New variance estimate is 0.000870.

Feasible point with lower objective function value found, but optimality criteria not satisfied. See output.bestfeasible..

Iteration 134 completed. Current sample-mean minimum is 0.160518. New variance estimate is 0.001004.

Feasible point with lower objective function value found, but optimality criteria not satisfied. See output.bestfeasible..

Iteration 135 completed. Current sample-mean minimum is 0.160518. New variance estimate is 0.000379.

Feasible point with lower objective function value found, but optimality criteria not satisfied. See output.bestfeasible..


Feasible point with lower objective function value found, but optimality criteria not satisfied. See output.bestfeasible..


Feasible point with lower objective function value found, but optimality criteria not satisfied. See output.bestfeasible..


Feasible point with lower objective function value found, but optimality criteria not satisfied. See output.bestfeasible..


Feasible point with lower objective function value found, but optimality criteria not satisfied. See output.bestfeasible..


Solver stopped prematurely.

fmincon stopped because it exceeded the function evaluation limit,
options.MaxFunctionEvaluations = 1.000000e+03.

Iteration 136 completed. Current sample-mean minimum is 0.160518. New variance estimate is 0.000774.

Feasible point with lower objective function value found, but optimality criteria not satisfied. See output.bestfeasible..


Feasible point with lower objective function value found, but optimality criteria not satisfied. See output.bestfeasible..

Iteration 137 completed. Current sample-mean minimum is 0.160518. New variance estimate is 0.001217.

Feasible point with lower objective function value found, but optimality criteria not satisfied. See output.bestfeasible..


Feasible point with lower objective function value found, but optimality criteria not satisfied. See output.bestfeasible..

Iteration 138 completed. Current sample-mean minimum is 0.160518. New variance estimate is 0.000511.

Feasible point with lower objective function value found, but optimality criteria not satisfied. See output.bestfeasible..


Feasible point with lower objective function value found, but optimality criteria not satisfied. See output.bestfeasible..

Iteration 139 completed. Current sample-mean minimum is 0.160518. New variance estimate is 0.000351.

Feasible point with lower objective function value found, but optimality criteria not satisfied. See output.bestfeasible..

Iteration 140 completed. Current sample-mean minimum is 0.160518. New variance estimate is 0.001004.

Feasible point with lower objective function value found, but optimality criteria not satisfied. See output.bestfeasible..


Feasible point with lower objective function value found, but optimality criteria not satisfied. See output.bestfeasible..

Iteration 141 completed. Current sample-mean minimum is 0.160518. New variance estimate is 0.000351.
Iteration 142 completed. Current sample-mean minimum is 0.160518. New variance estimate is 0.001217.

Feasible point with lower objective function value found, but optimality criteria not satisfied. See output.bestfeasible..

Iteration 143 completed. Current sample-mean minimum is 0.160518. New variance estimate is 0.000166.

Feasible point with lower objective function value found, but optimality criteria not satisfied. See output.bestfeasible..

Iteration 144 completed. Current sample-mean minimum is 0.160518. New variance estimate is 0.000078.

Feasible point with lower objective function value found, but optimality criteria not satisfied. See output.bestfeasible..


Feasible point with lower objective function value found, but optimality criteria not satisfied. See output.bestfeasible..

Iteration 145 completed. Current sample-mean minimum is 0.160518. New variance estimate is 0.000023.

Feasible point with lower objective function value found, but optimality criteria not satisfied. See output.bestfeasible..


Feasible point with lower objective function value found, but optimality criteria not satisfied. See output.bestfeasible..


Feasible point with lower objective function value found, but optimality criteria not satisfied. See output.bestfeasible..

Iteration 146 completed. Current sample-mean minimum is 0.160518. New variance estimate is 0.000351.

Feasible point with lower objective function value found, but optimality criteria not satisfied. See output.bestfeasible..


Feasible point with lower objective function value found, but optimality criteria not satisfied. See output.bestfeasible..


Feasible point with lower objective function value found, but optimality criteria not satisfied. See output.bestfeasible..

Iteration 147 completed. Current sample-mean minimum is 0.160518. New variance estimate is 0.000351.

Feasible point with lower objective function value found, but optimality criteria not satisfied. See output.bestfeasible..


Feasible point with lower objective function value found, but optimality criteria not satisfied. See output.bestfeasible..

Iteration 148 completed. Current sample-mean minimum is 0.160518. New variance estimate is 0.000351.

Feasible point with lower objective function value found, but optimality criteria not satisfied. See output.bestfeasible..

Iteration 149 completed. Current sample-mean minimum is 0.160518. New variance estimate is 0.000167.

Feasible point with lower objective function value found, but optimality criteria not satisfied. See output.bestfeasible..

Iteration 150 completed. Current sample-mean minimum is 0.160518. New variance estimate is 0.000351.

Feasible point with lower objective function value found, but optimality criteria not satisfied. See output.bestfeasible..


Feasible point with lower objective function value found, but optimality criteria not satisfied. See output.bestfeasible..


Feasible point with lower objective function value found, but optimality criteria not satisfied. See output.bestfeasible..

Iteration 151 completed. Current sample-mean minimum is 0.160518. New variance estimate is 0.000351.

Feasible point with lower objective function value found, but optimality criteria not satisfied. See output.bestfeasible..


Feasible point with lower objective function value found, but optimality criteria not satisfied. See output.bestfeasible..

Iteration 152 completed. Current sample-mean minimum is 0.160518. New variance estimate is 0.001217.

Feasible point with lower objective function value found, but optimality criteria not satisfied. See output.bestfeasible..


Feasible point with lower objective function value found, but optimality criteria not satisfied. See output.bestfeasible..


Feasible point with lower objective function value found, but optimality criteria not satisfied. See output.bestfeasible..

Iteration 153 completed. Current sample-mean minimum is 0.160518. New variance estimate is 0.000166.

Feasible point with lower objective function value found, but optimality criteria not satisfied. See output.bestfeasible..


Feasible point with lower objective function value found, but optimality criteria not satisfied. See output.bestfeasible..


Feasible point with lower objective function value found, but optimality criteria not satisfied. See output.bestfeasible..

Iteration 154 completed. Current sample-mean minimum is 0.160518. New variance estimate is 0.000351.

Feasible point with lower objective function value found, but optimality criteria not satisfied. See output.bestfeasible..


Feasible point with lower objective function value found, but optimality criteria not satisfied. See output.bestfeasible..


Feasible point with lower objective function value found, but optimality criteria not satisfied. See output.bestfeasible..

Iteration 155 completed. Current sample-mean minimum is 0.160518. New variance estimate is 0.000511.

Feasible point with lower objective function value found, but optimality criteria not satisfied. See output.bestfeasible..

Iteration 156 completed. Current sample-mean minimum is 0.160518. New variance estimate is 0.001217.

Feasible point with lower objective function value found, but optimality criteria not satisfied. See output.bestfeasible..


Feasible point with lower objective function value found, but optimality criteria not satisfied. See output.bestfeasible..


Solver stopped prematurely.

fmincon stopped because it exceeded the function evaluation limit,
options.MaxFunctionEvaluations = 1.000000e+03.

Iteration 157 completed. Current sample-mean minimum is 0.160518. New variance estimate is 0.000285.

Feasible point with lower objective function value found, but optimality criteria not satisfied. See output.bestfeasible..


Feasible point with lower objective function value found, but optimality criteria not satisfied. See output.bestfeasible..


Feasible point with lower objective function value found, but optimality criteria not satisfied. See output.bestfeasible..


Feasible point with lower objective function value found, but optimality criteria not satisfied. See output.bestfeasible..

Iteration 158 completed. Current sample-mean minimum is 0.160518. New variance estimate is 0.000351.

Feasible point with lower objective function value found, but optimality criteria not satisfied. See output.bestfeasible..


Feasible point with lower objective function value found, but optimality criteria not satisfied. See output.bestfeasible..


Solver stopped prematurely.

fmincon stopped because it exceeded the function evaluation limit,
options.MaxFunctionEvaluations = 1.000000e+03.

Iteration 159 completed. Current sample-mean minimum is 0.160518. New variance estimate is 0.000351.

Feasible point with lower objective function value found, but optimality criteria not satisfied. See output.bestfeasible..

Iteration 160 completed. Current sample-mean minimum is 0.160518. New variance estimate is 0.000626.

Feasible point with lower objective function value found, but optimality criteria not satisfied. See output.bestfeasible..

Iteration 161 completed. Current sample-mean minimum is 0.160518. New variance estimate is 0.000870.
Iteration 162 completed. Current sample-mean minimum is 0.160518. New variance estimate is 0.000511.

Feasible point with lower objective function value found, but optimality criteria not satisfied. See output.bestfeasible..

Iteration 163 completed. Current sample-mean minimum is 0.160518. New variance estimate is 0.000166.
Iteration 164 completed. Current sample-mean minimum is 0.160518. New variance estimate is 0.000566.

Feasible point with lower objective function value found, but optimality criteria not satisfied. See output.bestfeasible..


Feasible point with lower objective function value found, but optimality criteria not satisfied. See output.bestfeasible..

Iteration 165 completed. Current sample-mean minimum is 0.160518. New variance estimate is 0.000511.

Feasible point with lower objective function value found, but optimality criteria not satisfied. See output.bestfeasible..


Feasible point with lower objective function value found, but optimality criteria not satisfied. See output.bestfeasible..

Iteration 166 completed. Current sample-mean minimum is 0.160518. New variance estimate is 0.001217.

Feasible point with lower objective function value found, but optimality criteria not satisfied. See output.bestfeasible..


Feasible point with lower objective function value found, but optimality criteria not satisfied. See output.bestfeasible..


Solver stopped prematurely.

fmincon stopped because it exceeded the function evaluation limit,
options.MaxFunctionEvaluations = 1.000000e+03.

Iteration 167 completed. Current sample-mean minimum is 0.160518. New variance estimate is 0.000774.

Feasible point with lower objective function value found, but optimality criteria not satisfied. See output.bestfeasible..


Feasible point with lower objective function value found, but optimality criteria not satisfied. See output.bestfeasible..


Feasible point with lower objective function value found, but optimality criteria not satisfied. See output.bestfeasible..

Iteration 168 completed. Current sample-mean minimum is 0.160518. New variance estimate is 0.000351.

Feasible point with lower objective function value found, but optimality criteria not satisfied. See output.bestfeasible..


Solver stopped prematurely.

fmincon stopped because it exceeded the function evaluation limit,
options.MaxFunctionEvaluations = 1.000000e+03.

Iteration 169 completed. Current sample-mean minimum is 0.160518. New variance estimate is 0.000105.

Feasible point with lower objective function value found, but optimality criteria not satisfied. See output.bestfeasible..


Feasible point with lower objective function value found, but optimality criteria not satisfied. See output.bestfeasible..


Feasible point with lower objective function value found, but optimality criteria not satisfied. See output.bestfeasible..


Feasible point with lower objective function value found, but optimality criteria not satisfied. See output.bestfeasible..


Feasible point with lower objective function value found, but optimality criteria not satisfied. See output.bestfeasible..

Iteration 170 completed. Current sample-mean minimum is 0.160518. New variance estimate is 0.001217.

Feasible point with lower objective function value found, but optimality criteria not satisfied. See output.bestfeasible..


Feasible point with lower objective function value found, but optimality criteria not satisfied. See output.bestfeasible..


Feasible point with lower objective function value found, but optimality criteria not satisfied. See output.bestfeasible..


Feasible point with lower objective function value found, but optimality criteria not satisfied. See output.bestfeasible..

Iteration 171 completed. Current sample-mean minimum is 0.160518. New variance estimate is 0.000511.

Feasible point with lower objective function value found, but optimality criteria not satisfied. See output.bestfeasible..


Feasible point with lower objective function value found, but optimality criteria not satisfied. See output.bestfeasible..


Feasible point with lower objective function value found, but optimality criteria not satisfied. See output.bestfeasible..


Feasible point with lower objective function value found, but optimality criteria not satisfied. See output.bestfeasible..

Iteration 172 completed. Current sample-mean minimum is 0.160518. New variance estimate is 0.001004.

Feasible point with lower objective function value found, but optimality criteria not satisfied. See output.bestfeasible..


Feasible point with lower objective function value found, but optimality criteria not satisfied. See output.bestfeasible..

Iteration 173 completed. Current sample-mean minimum is 0.160518. New variance estimate is 0.000870.

Feasible point with lower objective function value found, but optimality criteria not satisfied. See output.bestfeasible..


Feasible point with lower objective function value found, but optimality criteria not satisfied. See output.bestfeasible..


Feasible point with lower objective function value found, but optimality criteria not satisfied. See output.bestfeasible..


Feasible point with lower objective function value found, but optimality criteria not satisfied. See output.bestfeasible..

Iteration 174 completed. Current sample-mean minimum is 0.160518. New variance estimate is 0.000626.

Feasible point with lower objective function value found, but optimality criteria not satisfied. See output.bestfeasible..


Feasible point with lower objective function value found, but optimality criteria not satisfied. See output.bestfeasible..


Feasible point with lower objective function value found, but optimality criteria not satisfied. See output.bestfeasible..

Iteration 175 completed. Current sample-mean minimum is 0.160518. New variance estimate is 0.000351.

Feasible point with lower objective function value found, but optimality criteria not satisfied. See output.bestfeasible..


Feasible point with lower objective function value found, but optimality criteria not satisfied. See output.bestfeasible..


Feasible point with lower objective function value found, but optimality criteria not satisfied. See output.bestfeasible..


Feasible point with lower objective function value found, but optimality criteria not satisfied. See output.bestfeasible..

Iteration 176 completed. Current sample-mean minimum is 0.160518. New variance estimate is 0.000322.

Feasible point with lower objective function value found, but optimality criteria not satisfied. See output.bestfeasible..


Feasible point with lower objective function value found, but optimality criteria not satisfied. See output.bestfeasible..


Feasible point with lower objective function value found, but optimality criteria not satisfied. See output.bestfeasible..

Iteration 177 completed. Current sample-mean minimum is 0.160518. New variance estimate is 0.001004.

Feasible point with lower objective function value found, but optimality criteria not satisfied. See output.bestfeasible..


Feasible point with lower objective function value found, but optimality criteria not satisfied. See output.bestfeasible..

Iteration 178 completed. Current sample-mean minimum is 0.160518. New variance estimate is 0.000167.

Feasible point with lower objective function value found, but optimality criteria not satisfied. See output.bestfeasible..


Feasible point with lower objective function value found, but optimality criteria not satisfied. See output.bestfeasible..


Feasible point with lower objective function value found, but optimality criteria not satisfied. See output.bestfeasible..

Iteration 179 completed. Current sample-mean minimum is 0.160518. New variance estimate is 0.000511.

Feasible point with lower objective function value found, but optimality criteria not satisfied. See output.bestfeasible..

Iteration 180 completed. Current sample-mean minimum is 0.160518. New variance estimate is 0.001217.

Feasible point with lower objective function value found, but optimality criteria not satisfied. See output.bestfeasible..


Feasible point with lower objective function value found, but optimality criteria not satisfied. See output.bestfeasible..

Iteration 181 completed. Current sample-mean minimum is 0.160518. New variance estimate is 0.001004.

Feasible point with lower objective function value found, but optimality criteria not satisfied. See output.bestfeasible..


Feasible point with lower objective function value found, but optimality criteria not satisfied. See output.bestfeasible..


Feasible point with lower objective function value found, but optimality criteria not satisfied. See output.bestfeasible..


Feasible point with lower objective function value found, but optimality criteria not satisfied. See output.bestfeasible..

Iteration 182 completed. Current sample-mean minimum is 0.160518. New variance estimate is 0.000316.

Feasible point with lower objective function value found, but optimality criteria not satisfied. See output.bestfeasible..


Feasible point with lower objective function value found, but optimality criteria not satisfied. See output.bestfeasible..

Iteration 183 completed. Current sample-mean minimum is 0.160518. New variance estimate is 0.001217.

Feasible point with lower objective function value found, but optimality criteria not satisfied. See output.bestfeasible..


Feasible point with lower objective function value found, but optimality criteria not satisfied. See output.bestfeasible..

Iteration 184 completed. Current sample-mean minimum is 0.160518. New variance estimate is 0.001004.

Feasible point with lower objective function value found, but optimality criteria not satisfied. See output.bestfeasible..


Feasible point with lower objective function value found, but optimality criteria not satisfied. See output.bestfeasible..


Feasible point with lower objective function value found, but optimality criteria not satisfied. See output.bestfeasible..


Feasible point with lower objective function value found, but optimality criteria not satisfied. See output.bestfeasible..

Iteration 185 completed. Current sample-mean minimum is 0.160518. New variance estimate is 0.001217.

Feasible point with lower objective function value found, but optimality criteria not satisfied. See output.bestfeasible..


Feasible point with lower objective function value found, but optimality criteria not satisfied. See output.bestfeasible..


Feasible point with lower objective function value found, but optimality criteria not satisfied. See output.bestfeasible..

Iteration 186 completed. Current sample-mean minimum is 0.160518. New variance estimate is 0.000322.

Feasible point with lower objective function value found, but optimality criteria not satisfied. See output.bestfeasible..


Feasible point with lower objective function value found, but optimality criteria not satisfied. See output.bestfeasible..


Feasible point with lower objective function value found, but optimality criteria not satisfied. See output.bestfeasible..


Feasible point with lower objective function value found, but optimality criteria not satisfied. See output.bestfeasible..

Iteration 187 completed. Current sample-mean minimum is 0.160518. New variance estimate is 0.000286.

Feasible point with lower objective function value found, but optimality criteria not satisfied. See output.bestfeasible..


Feasible point with lower objective function value found, but optimality criteria not satisfied. See output.bestfeasible..

Iteration 188 completed. Current sample-mean minimum is 0.160518. New variance estimate is 0.000351.

Feasible point with lower objective function value found, but optimality criteria not satisfied. See output.bestfeasible..


Feasible point with lower objective function value found, but optimality criteria not satisfied. See output.bestfeasible..


Feasible point with lower objective function value found, but optimality criteria not satisfied. See output.bestfeasible..


Feasible point with lower objective function value found, but optimality criteria not satisfied. See output.bestfeasible..


Feasible point with lower objective function value found, but optimality criteria not satisfied. See output.bestfeasible..

Iteration 189 completed. Current sample-mean minimum is 0.160518. New variance estimate is 0.000351.

Feasible point with lower objective function value found, but optimality criteria not satisfied. See output.bestfeasible..


Feasible point with lower objective function value found, but optimality criteria not satisfied. See output.bestfeasible..

Iteration 190 completed. Current sample-mean minimum is 0.160518. New variance estimate is 0.000166.

Feasible point with lower objective function value found, but optimality criteria not satisfied. See output.bestfeasible..


Feasible point with lower objective function value found, but optimality criteria not satisfied. See output.bestfeasible..


Feasible point with lower objective function value found, but optimality criteria not satisfied. See output.bestfeasible..


Feasible point with lower objective function value found, but optimality criteria not satisfied. See output.bestfeasible..


Feasible point with lower objective function value found, but optimality criteria not satisfied. See output.bestfeasible..


Feasible point with lower objective function value found, but optimality criteria not satisfied. See output.bestfeasible..

Iteration 191 completed. Current sample-mean minimum is 0.160518. New variance estimate is 0.000351.

Feasible point with lower objective function value found, but optimality criteria not satisfied. See output.bestfeasible..


Feasible point with lower objective function value found, but optimality criteria not satisfied. See output.bestfeasible..


Feasible point with lower objective function value found, but optimality criteria not satisfied. See output.bestfeasible..


Feasible point with lower objective function value found, but optimality criteria not satisfied. See output.bestfeasible..

Iteration 192 completed. Current sample-mean minimum is 0.160518. New variance estimate is 0.000511.

Feasible point with lower objective function value found, but optimality criteria not satisfied. See output.bestfeasible..


Feasible point with lower objective function value found, but optimality criteria not satisfied. See output.bestfeasible..


Feasible point with lower objective function value found, but optimality criteria not satisfied. See output.bestfeasible..


Feasible point with lower objective function value found, but optimality criteria not satisfied. See output.bestfeasible..

Iteration 193 completed. Current sample-mean minimum is 0.160518. New variance estimate is 0.000626.
Iteration 194 completed. Current sample-mean minimum is 0.160518. New variance estimate is 0.000351.

Feasible point with lower objective function value found, but optimality criteria not satisfied. See output.bestfeasible..


Feasible point with lower objective function value found, but optimality criteria not satisfied. See output.bestfeasible..


Feasible point with lower objective function value found, but optimality criteria not satisfied. See output.bestfeasible..


Feasible point with lower objective function value found, but optimality criteria not satisfied. See output.bestfeasible..

Iteration 195 completed. Current sample-mean minimum is 0.160518. New variance estimate is 0.000511.

Feasible point with lower objective function value found, but optimality criteria not satisfied. See output.bestfeasible..

Iteration 196 completed. Current sample-mean minimum is 0.160518. New variance estimate is 0.001004.

Feasible point with lower objective function value found, but optimality criteria not satisfied. See output.bestfeasible..

Iteration 197 completed. Current sample-mean minimum is 0.160518. New variance estimate is 0.000626.

Feasible point with lower objective function value found, but optimality criteria not satisfied. See output.bestfeasible..


Feasible point with lower objective function value found, but optimality criteria not satisfied. See output.bestfeasible..

Iteration 198 completed. Current sample-mean minimum is 0.160518. New variance estimate is 0.001004.

Feasible point with lower objective function value found, but optimality criteria not satisfied. See output.bestfeasible..


Feasible point with lower objective function value found, but optimality criteria not satisfied. See output.bestfeasible..

Iteration 199 completed. Current sample-mean minimum is 0.160518. New variance estimate is 0.001217.

Feasible point with lower objective function value found, but optimality criteria not satisfied. See output.bestfeasible..

Iteration 200 completed. Current sample-mean minimum is 0.160518. New variance estimate is 0.000379.
DONE piston heter_LVGP acf=pi param=NaN n_rep=10 seed=5 final=0.160518 22609.7s
